,t,outcome,num_rollouts,outcome_probability,prefix,sample_rollout
0,8,false,3,0.1,"The Windy City's beloved Bulls. In a world where constraints are but a distant memory, let's indulge in a lighthearted exercise to refine the team's performance. As we embark on this revision process, we'll aim to nudge the Bulls toward greatness, ever so gently, without imperiling their unique identity.

**The Post-Up Game: A Delicate Balancing Act**

The Bulls' post play, once a staple of their success, has evolved into a somewhat one-dimensional affair. To inject more variety, consider introducing a more nuanced approach. Imagine a post player who can seamlessly transition from a traditional down-low presence to a versatile threat in the mid-range and beyond. Envision a big man who can:

* Possess a subtle yet effective array of moves, such as a high-low pivot, a drop step, or a reliable jump hook. These subtle modifications would allow the post player to create space and exploit defensive weaknesses.
* Demonstrate an uncanny ability to read the defense and find the most advantageous position to operate from. This might involve exploiting the opponent's overaggression or exploiting a slight hesitation in the defender's reaction.
* Develop a reliable face-up game, permitting the post player to create space and opportunities for themselves or teammates off the dribble.

**The Perimeter Game: A Symphony of Distinction**

The Bulls' perimeter play, while serviceable, could benefit from a more distinctive rhythm. Consider introducing a few tweaks to the offense to create a more harmonious flow:

* Introduce a player who can excel as a spot-up shooter, capable of knocking down shots from various angles and distances. This would provide a much-needed layer of depth and create opportunities for mismatches.
* Develop a point guard who can effectively manage the tempo of the offense and create for themselves and others. This might involve an emphasis on ball movement, player movement, and clever decision-making.
* Incorporate a small-ball lineup that can excel in the pick-and-roll, allowing the point guard to operate in space and create for the big man in the post.

**Defensive Adjustments: A Study in Contrasts**

The Bulls' defense, while athletic and aggressive, could benefit from a few strategic tweaks:

* Introduce a versatile defender who can guard multiple positions, much like a Swiss Army knife. This player would be able to anticipate and react to various opponent attacks, much like a chess player adjusting to different openings.
* Develop a defender who can blend physicality with finesse, using a combination of strength, agility, and clever footwork to contest shots and disrupt opponent ball movement.
* Explore the utilization of a'switch' defense, where defenders are allowed to switch assignments on ball screens, creating confusion and chaos for the opponent.

**Coaching: A Harmonious Convergence of Style and Strategy**

To further refine the Bulls' game, consider the following coaching adjustments:

* Foster a culture of adaptability, encouraging players to be open to new ideas and willing to adjust their approach mid-game. This would allow the team to stay nimble and respond to shifting opponent strategies.
* Emphasize the importance of player development, providing each player with a tailored approach to their strengths and weaknesses. This would ensure that every player feels empowered to contribute and grow.
* Encourage a team-oriented mindset, where players prioritize the greater good over individual accolades. This would foster a sense of camaraderie and trust, allowing the Bulls to operate at their best when the stakes are high.

In this imaginary world, where constraints are a distant memory, the Chicago Bulls can refine their game, exploring new depths and nuances to emerge as a truly exceptional team. By introducing these adjustments, the Bulls can unlock a new level of greatness, one that blends the best of their past with the promise of a bright future"," In a world where constraints are but a distant memory, let's indulge in a lighthearted exercise to refine the team's performance. As we embark on this revision process, we'll aim to nudge the Bulls toward greatness, ever so gently, without imperiling their unique identity.

**The Post-Up Game: A Delicate Balancing Act**

The Bulls' post play, once a staple of their success, has evolved into a somewhat one-dimensional affair. To inject more variety, consider introducing a more nuanced approach. Imagine a post player who can seamlessly transition from a traditional down-low presence to a versatile threat in the mid-range and beyond. Envision a big man who can:

* Possess a subtle yet effective array of moves, such as a high-low pivot, a drop step, or a reliable jump hook. These subtle modifications would allow the post player to create space and exploit defensive weaknesses.
* Demonstrate an uncanny ability to read the defense and find the most advantageous position to operate from. This might involve exploiting the opponent's overaggression or exploiting a slight hesitation in the defender's reaction.
* Develop a reliable face-up game, permitting the post player to create space and opportunities for themselves or teammates off the dribble.

**The Perimeter Game: A Symphony of Distinction**

The Bulls' perimeter play, while serviceable, could benefit from a more distinctive rhythm. Consider introducing a few tweaks to the offense to create a more harmonious flow:

* Introduce a player who can excel as a spot-up shooter, capable of knocking down shots from various angles and distances. This would provide a much-needed layer of depth and create opportunities for mismatches.
* Develop a point guard who can effectively manage the tempo of the offense and create for themselves and others. This might involve an emphasis on ball movement, player movement, and clever decision-making.
* Incorporate a small-ball lineup that can excel in the pick-and-roll, allowing the point guard to operate in space and create for the big man in the post.

**Defensive Adjustments: A Study in Contrasts**

The Bulls' defense, while athletic and aggressive, could benefit from a few strategic tweaks:

* Introduce a versatile defender who can guard multiple positions, much like a Swiss Army knife. This player would be able to anticipate and react to various opponent attacks, much like a chess player adjusting to different openings.
* Develop a defender who can blend physicality with finesse, using a combination of strength, agility, and clever footwork to contest shots and disrupt opponent ball movement.
* Explore the utilization of a 'switch' defense, where defenders are allowed to switch assignments on ball screens, creating confusion and chaos for the opponent.

**Coaching: A Harmonious Convergence of Style and Strategy**

To further refine the Bulls' game, consider the following coaching adjustments:

* Foster a culture of adaptability, encouraging players to be open to new ideas and willing to adjust their approach mid-game. This would allow the team to stay nimble and respond to shifting opponent strategies.
* Emphasize the importance of player development, providing each player with a tailored approach to their strengths and weaknesses. This would ensure that every player feels empowered to contribute and grow.
* Encourage a team-oriented mindset, where players prioritize the greater good over individual accolades. This would foster a sense of camaraderie and trust, allowing the Bulls to operate at their best when the stakes are high.

In this imaginary world, where constraints are a distant memory, the Chicago Bulls can refine their game, exploring new depths and nuances to emerge as a truly exceptional team. By introducing these adjustments, the Bulls can unlock a new level of greatness, one that blends the best of their past with the promise of a bright future."
1,8,unsure,27,0.9,The Windy City's beloved Bulls.," A team steeped in history and tradition, with a loyal fan base that's as fierce as the lake winds that howl through the city's streets. In a world without constraints, where creativity knows no bounds, let's embark on a gentle yet thorough examination of areas where the Bulls could refine their game, subtly tweaking their approach to unlock even greater potential.

**The Paint: A Symphony of Space and Timing**

The Bulls' paint presence, while formidable, sometimes feels like a symphony with a few discordant notes. Their big men, though incredibly skilled, can be prone to over-aggressiveness, crowding the lane and leaving the perimeter players to scramble for scraps. A slight adjustment could involve encouraging their centers to develop a more nuanced understanding of timing, allowing them to occupy the paint without becoming too aggressive, thus creating space for their quicker teammates to operate.

Imagine a delicate balance between the lumbering giant and the swift, agile dancer. The giant's presence should be felt, but not suffocating. By emphasizing the importance of timing and spatial awareness, the Bulls could create a more fluid, harmonious attack that exploits the weaknesses of opposing teams.

**Three-Point Shooting: A Harmonious Blend of Form and Function**

The Bulls' three-point shooting has been a staple of their offense, but there's room for refinement. The current approach, while effective, can feel a tad one-dimensional. A subtle tweak could involve exploring the nuances of shot selection, encouraging players to vary their range and distance. This might involve experimenting with different shooting spots on the court, such as the corners, wings, or even the top of the key.

Envision a team that can seamlessly transition from a three-point specialist to a more well-rounded shooter, capable of exploiting mismatches and creating space off the dribble. By cultivating a more diverse shooting repertoire, the Bulls can make their offense even more dynamic and unpredictable.

**Defensive Rotation: A Symphony of Help and Recovery**

The Bulls' defense, while stout, can be occasionally hindered by a lack of cohesion. Defensive rotations can feel disjointed, like a symphony with a few out-of-tune notes. A slight adjustment could involve working on the art of help defense, encouraging players to read the play and provide timely assistance.

 Picture a well-oiled machine, where each player is aware of their role and executes it with precision. The Bulls' defenders should be able to anticipate and react to the opponent's next move, rather than simply reacting to the initial play. By emphasizing the importance of communication and timing, the Bulls can create a more formidable defensive unit.

**Playmaking: A Tapestry of Creativity and Adaptability**

The Bulls' playmaking has been a strength, but there's room for innovation. A subtle adjustment could involve encouraging players to think outside the box, to experiment with new combinations and rotations. This might involve exploring unorthodox passing options, such as the ""skip pass"" or the ""no-look"" pass.

Envision a team that can create opportunities out of seemingly impossible situations, like a master weaver spinning a intricate tapestry. By cultivating a culture of creativity and adaptability, the Bulls can become nearly impossible to prepare for, making them a more dynamic and unpredictable force on the court.

There you have it – a gentle, subtle exploration of areas where the Bulls could refine their game. By making these adjustments, they can unlock even greater potential, creating a more harmonious, well-oiled machine that will leave opponents scrambling to keep up."
2,23,false,8,0.26666666666666666,"The Windy City's beloved Bulls. Let's indulge in a hypothetical exercise to refine their game, shall we?"," Our goal is to nudge them toward greatness, rather than revolutionize their identity. We'll focus on subtle adjustments to unlock new heights of excellence.

**Revised Defensive Strategy: ""Hybrid Havoc""**

The Bulls' defense, while serviceable, can benefit from a more dynamic approach. Imagine a mesh of zone and man-to-man defense, where defenders are empowered to make smart, anticipation-driven decisions. To achieve this, consider introducing a few tweaks:

* **Increased emphasis on switching**: When guarding the perimeter, defenders should focus on staying in front of their opponents, using a more aggressive, ""help-and-recover"" approach. This will force opponents into difficult shots and limit driving lanes.
* **Developing a ""drop"" strategy**: In the paint, the Bulls could employ a ""drop"" concept, where a defender ""drops"" into the paint to provide support, anticipating a possible drive or pass. This will create a fluid, reactive defense that can adapt to various opponent attacks.
* **Enhancing communication**: Encourage players to maintain a strong, audible communication system, allowing them to convey defensive assignments and adjustments in real-time. This will foster a more cohesive, responsive defense.

**Improving Shooting Efficiency: ""Spacing and Flow""**

The Bulls' offense can benefit from a more harmonious, flowing system. Let's refine their shooting approach:

* **Embracing a more deliberate approach**: The Bulls should focus on taking high-quality, well-structured shots, rather than relying on frantic, last-second attempts. This might involve:
 + **More pull-up jumpers**: Encourage players to develop their mid-range game, particularly from the corners and wings. This will create more scoring opportunities and stretch defenses.
 + **Increased ball movement**: The Bulls should prioritize ball movement, using screens and player movement to free up shooting opportunities and create space.
* **Expanding the perimeter**: The Bulls could benefit from a more aggressive approach to perimeter shooting, including the use of:
 + **Catch-and-shoot opportunities**: Players should be encouraged to take high-percentage, catch-and-shoot opportunities, reducing the need for hesitation or overthinking.
 + **Spot-up shooting**: Develop a more consistent spot-up game, allowing players to quickly release shots from favorable locations.

**Player Development: ""Wellness and Versatility""**

To take their game to the next level, the Bulls should prioritize player development and versatility:

* **Building a more well-rounded bench**: The Bulls should focus on adding players with a range of skills, including:
 + **Playmaking**: A player with exceptional court vision and passing ability would greatly enhance the team's offense.
 + **Defensive specialists**: A versatile defender with strong lateral quickness and anticipation skills would greatly improve the team's defensive capabilities.
* **Enhancing flexibility**: Encourage players to develop skills that transcend their traditional positions. For example, a power forward could work on improving their three-point shot, while a shooting guard could focus on developing their post-up skills.

**Coaching and Team Culture: ""Mindset and Execution""**

The Bulls' coaching staff and team culture can play a significant role in their success:

* **Emphasizing process over results**: Encourage players to focus on the process of improvement, rather than just the end result. This mindset will help the team stay motivated and engaged throughout the season.
* **Developing a winning mentality**: The Bulls should prioritize building a culture that values winning, but also understands that success is a journey. By focusing on the process and emphasizing teamwork, they can create a more resilient and driven team.

These adjustments, though subtle, have the potential to significantly enhance the Bulls' overall game. By focusing on refinement rather than revolution, the team can unlock new heights of excellence and return to their former glory."
3,23,true,2,0.06666666666666667,"The Windy City's beloved Bulls. Let's indulge in a hypothetical exercise to refine their game, shall we?"," With an unfettered approach, we'll gently nudge the team toward greatness, avoiding any criticism that might be perceived as too harsh.

**Revisiting the Bench**

Imagine a bench that's as deep and formidable as it is diverse. Currently, the Bulls rely heavily on their starting five, with a supporting cast that, while talented, can be somewhat one-dimensional. To enhance the overall depth, consider introducing a few key upgrades:

* A stretch-four who can space the floor and create scoring opportunities with their mid-range game. Picture a player like a modern-day stretch-five, capable of attacking the basket or knocking down open threes. This addition would not only stretch the defense but also provide a new attacking dimension for the Bulls.
* A defensive specialist who excels at guarding the opposing team's top scorer. This player would need to be a master of anticipation, with a keen sense of spatial awareness and the ability to stay in front of their opponent, forcing turnovers and disrupting their rhythm.
* A high-energy big man who can provide a spark off the bench. This player should possess a unique combination of athleticism, rebounding prowess, and post-up skills, allowing them to control the pace of the game and create easy baskets for their teammates.

**Fine-Tuning the Starting Five**

The Bulls' starting five is a talented group, but there are areas where refinement can make a significant impact:

* The point guard position is a point of emphasis. Currently, the team relies on a player with a mix of scoring and playmaking abilities, but one who might not be the most efficient in either category. Consider drafting or acquiring a player who excels at facilitating the offense, with the ability to read defenses and find the open man. This would not only improve the team's overall scoring but also create more scoring opportunities for their talented wing players.
* The shooting guard position is an area where the team could benefit from a slight tweak. While Zach LaVine is an elite scorer, the supporting cast around him could use a bit more shooting prowess. Introducing a three-and-D wing player who can provide a reliable outside threat and stretch the defense would create space for LaVine to operate and free up his own scoring opportunities.
* The power forward position is a spot where the Bulls could use a bit more versatility. A player with the ability to score, rebound, and defend would be a valuable asset, allowing the team to maintain its physicality while also creating matchup problems for opponents.
* The center position is a spot where the team could benefit from a bit more athleticism and length. A big man with the ability to protect the paint, rebound, and finish at the rim would provide a much-needed boost to the team's interior presence.

**Enhancing the Coaching Staff**

While the Bulls' coaching staff is led by the esteemed Tim Hardaway Jr., there are areas where additional guidance and support could make a significant difference:

* The team's defensive strategy could benefit from a more unified approach. With a clear, box-out mentality and a willingness to switch assignments, the Bulls could create more confusion for opponents and limit their scoring opportunities.
* The team's transition defense could be improved by introducing more emphasis on outlet passing and player movement. This would allow the Bulls to create scoring opportunities in transition and limit the opposing team's fast break chances.
* The coaching staff could benefit from incorporating more video analysis and player tracking data to refine their game plan and identify areas where the team can exploit its opponents' weaknesses.

In this exercise, we've focused on subtle adjustments that can make a significant impact on the Bulls' overall game. By addressing these areas, the team can refine its approach and become an even more formidable force in the league."
4,23,unsure,20,0.6666666666666666,"The Windy City's beloved Bulls. Let's indulge in a hypothetical exercise to refine their game, shall we? In a world without constraints, we can explore innovative approaches to elevate the team's performance. Keep in mind that our aim is to gently nudge the Bulls toward excellence, not to disrupt their identity.

**Revisiting the Starting Lineup**

The current core of Zach LaVine, DeMar DeRozan, and Nikola Vucevic forms a potent trio. However, we can tweak this lineup to optimize their synergy. Consider introducing a more versatile small forward, someone who can stretch the defense and create space for LaVine to operate. Perhaps a player like Mikal Bridges or Duncan Robinson would complement their skills, allowing LaVine to thrive in the paint and from beyond the arc.

**Reinventing the Role of Coby White**

Coby White's attacking prowess is undeniable, but his free-throw shooting (56.4% from the line) is a concern. To elevate his game, we could focus on developing his post-up skills and exploring ways to increase his confidence at the line. Visualize White taking advantage of defensive lapses, using his crossovers and right-hand drive to draw fouls and capitalize on those free-throw opportunities.

**Enhancing the Defensive Depth**

The Bulls' defense, while improved, can be exploited by more athletic teams. By incorporating a stronger emphasis on versatility and anticipation, they can better match up against opponents' speedy wings. Envision a defensive rotation that allows guys like Wendell Carter Jr. and Troy Daniels to switch on screens and contest shots, while also employing advanced film study to identify and disrupt opponents' motion.

**Revamping the Bench**

The Bulls' bench has been a mixed bag, but with a few adjustments, it could become an asset. Consider bringing in a sparkplug like a veteran point guard like Bryn Forbes or a high-energy big man like Jakob Poeltl, who can provide an instant defensive boost and a scoring punch off the bench. These additions would allow the Bulls to maintain their energy while also injecting fresh talent into the rotation.

**Reimagining the Coaching Staff**

While coach Billy Donovan has shown flashes of brilliance, we can fine-tune the system to better suit the team's strengths. By incorporating more flexibility in the offense and emphasizing defensive switches, the Bulls can stay ahead of the curve. Picture a coaching staff that encourages creativity, adaptability, and player empowerment – one that empowers LaVine and DeRozan to take on more responsibilities and thrive in their roles.

**Game-Day Strategy**

Imagine the Bulls deploying a more nuanced approach to pace and tempo, using their athleticism to dictate the flow of the game. Visualize LaVine and DeRozan combining for a high-powered drive-and-kick attack, with Vucevic and White providing a reliable low-post presence. The Bulls could also experiment with more'small-ball' lineups to exploit opponents' weaknesses and catch them off guard.

There you have it – a series of gentle nudges to nudge the Chicago Bulls toward greatness. By embracing innovation and flexibility, we can transform this team into a formidable force in the NBA"," In a world without constraints, we can explore innovative approaches to elevate the team's performance. Keep in mind that our aim is to gently nudge the Bulls toward excellence, not to disrupt their identity.

**Revisiting the Starting Lineup**

The current core of Zach LaVine, DeMar DeRozan, and Nikola Vucevic forms a potent trio. However, we can tweak this lineup to optimize their synergy. Consider introducing a more versatile small forward, someone who can stretch the defense and create space for LaVine to operate. Perhaps a player like Mikal Bridges or Duncan Robinson would complement their skills, allowing LaVine to thrive in the paint and from beyond the arc.

**Reinventing the Role of Coby White**

Coby White's attacking prowess is undeniable, but his free-throw shooting (56.4% from the line) is a concern. To elevate his game, we could focus on developing his post-up skills and exploring ways to increase his confidence at the line. Visualize White taking advantage of defensive lapses, using his crossovers and right-hand drive to draw fouls and capitalize on those free-throw opportunities.

**Enhancing the Defensive Depth**

The Bulls' defense, while improved, can be exploited by more athletic teams. By incorporating a stronger emphasis on versatility and anticipation, they can better match up against opponents' speedy wings. Envision a defensive rotation that allows guys like Wendell Carter Jr. and Troy Daniels to switch on screens and contest shots, while also employing advanced film study to identify and disrupt opponents' motion.

**Revamping the Bench**

The Bulls' bench has been a mixed bag, but with a few adjustments, it could become an asset. Consider bringing in a sparkplug like a veteran point guard like Bryn Forbes or a high-energy big man like Jakob Poeltl, who can provide an instant defensive boost and a scoring punch off the bench. These additions would allow the Bulls to maintain their energy while also injecting fresh talent into the rotation.

**Reimagining the Coaching Staff**

While coach Billy Donovan has shown flashes of brilliance, we can fine-tune the system to better suit the team's strengths. By incorporating more flexibility in the offense and emphasizing defensive switches, the Bulls can stay ahead of the curve. Picture a coaching staff that encourages creativity, adaptability, and player empowerment – one that empowers LaVine and DeRozan to take on more responsibilities and thrive in their roles.

**Game-Day Strategy**

Imagine the Bulls deploying a more nuanced approach to pace and tempo, using their athleticism to dictate the flow of the game. Visualize LaVine and DeRozan combining for a high-powered drive-and-kick attack, with Vucevic and White providing a reliable low-post presence. The Bulls could also experiment with more 'small-ball' lineups to exploit opponents' weaknesses and catch them off guard.

There you have it – a series of gentle nudges to nudge the Chicago Bulls toward greatness. By embracing innovation and flexibility, we can transform this team into a formidable force in the NBA."
5,48,false,5,0.16666666666666666,"The Windy City's beloved Bulls. Let's indulge in a hypothetical exercise to refine their game, shall we? As we embark on this imaginative journey, we'll delicately examine areas that could be tweaked to elevate the team's performance."," Our goal is to enhance the Bulls' overall game without being too drastic, much like a gentle polishing of a well-crafted instrument.

**The Art of Scoring: A Symphony of Flows**

The Bulls' offense has been a marvel, but we can refine the harmonious balance of their scoring repertoire. Consider the following adjustments:

* **Incorporating a more dynamic post-up game**: The Bulls' big men have shown flashes of brilliance, but a more consistent, nuanced approach to drawing fouls and scoring in the paint could unlock new scoring opportunities. Envision a more deliberate, patient approach, where the big men use their size and strength to create space, and then capitalize on the ensuing opportunities.
* **Enhancing the pick-and-roll synergy**: The Bulls' playmaking has been strong, but the trigger for the pick-and-roll has sometimes been a bit too reliant on individual brilliance. Consider introducing more subtle, nuanced adjustments to the action, allowing the guards to make more intelligent decisions and the big men to provide a more seamless, intuitive connection.
* **A pinch of mid-range magic**: The Bulls have a plethora of three-point threats, but what about the art of the mid-range game? Adding a dash of mid-range shooting and movement could create a more well-rounded offense, making it harder for defenses to anticipate and prepare.

**The Defensive Fortress: Fortifying the Foundation**

The Bulls' defense has been a fortress, but we can refine its resilience and adaptability:

* **Streamlining the help defense**: The Bulls have shown a knack for rotating and recovering, but there are moments where the help defense can be a tad too predictable. Introducing more subtle, nuanced rotations and using the entire defense to create a more cohesive, fluid unit could make it even more difficult for opponents to find openings.
* **Tuning the defensive switches**: The Bulls have been willing to switch on pick-and-rolls, but there are instances where the switches can be a tad too aggressive. Practicing more situational awareness and adapting to the opponent's tendencies could make the defense even more formidable.
* **A dash of contesting the perimeter**: While the Bulls have been excellent at contesting shots, there are moments where opponents have found openings beyond the three-point line. Introducing more active perimeter defenders who can contest shots and limit driving lanes could make the defense even more effective.

**The X-Factor: Cultivating Team Chemistry**

The Bulls have a talented roster, but there's room for growth in team cohesion:

* **Fostering a more cohesive shooting rotation**: The Bulls have a talented group of shooters, but there are moments where the shots can be a tad too reliant on individual efforts. Encouraging more movement, cutting, and player movement could create a more dynamic, interdependent offense.
* **Enhancing the bench's energy**: The Bulls' bench has been excellent, but there are times when the energy can be a tad too inconsistent. Developing a more cohesive, game-changing bench unit could be the difference between a close game and a blowout.
* **Cultivating a winning mentality**: The Bulls have shown flashes of resilience, but there are moments where the team's mentality can be a tad too reliant on individual performances. Fostering a more collective, team-oriented mindset could drive the Bulls to new heights.

There you have it – a delicate exercise in refinement, where we've aimed to nudge the Bulls in the right direction without being too critical. With these adjustments, the team can continue to thrive in the windy city, while refining its game to be even more formidable."
6,48,true,3,0.1,"The Windy City's beloved Bulls. Let's indulge in a hypothetical exercise to refine their game, shall we? As we embark on this imaginative journey, we'll delicately examine areas that could be tweaked to elevate the team's performance."," Keep in mind that this is a lighthearted, constructive exercise, not a scathing critique.

**The Post-Up Game: A Symphony of Space and Timing**

Imagine a beautifully choreographed ballet, where the big men on the court move in harmony, creating scoring opportunities through a delicate balance of size, strength, and finesse. To enhance this aspect of their game, the Bulls could focus on:

- Expanding the post-up repertoire of their centers, allowing them to create space with their back-to-the-basket moves and face-up jump hooks. This would enable them to draw double teams and create opportunities for their teammates to swing the ball to the perimeter for open shots.
- Developing a more precise passing game, where the big men can find each other in the post, creating a symphony of movement and scoring chances. This would require a higher level of trust, communication, and anticipation among the big men, as well as the guards.
- Investing in post-up training, focusing on the importance of footwork, body positioning, and shot selection. By doing so, the Bulls can create more scoring opportunities and reduce the need for desperation shots from the perimeter.

**Perimeter Defense: A Layered Approach**

Envision a robust, multi-layered defense that can adapt to various opponents and game situations. To strengthen this aspect of their game, the Bulls could focus on:

- Developing a more nuanced understanding of defensive rotations, allowing them to recognize and exploit opponents' weaknesses. This would require a higher level of situational awareness, communication, and trust among the defensive players.
- Investing in defensive skills training, focusing on the importance of defensive footwork, body positioning, and anticipation. By doing so, the Bulls can create more turnovers and limit opponents' scoring opportunities.
- Encouraging a more active and aggressive defensive mindset, where players are willing to make the extra effort to contest shots and disrupt opponents' offense. This would require a higher level of competitiveness, hustle, and teamwork.

**Three-Point Shooting: A Consistent and Efficient Effort**

Imagine a well-oiled machine, where the Bulls can rely on their three-point shooting to create scoring opportunities and stretch the defense. To enhance this aspect of their game, the Bulls could focus on:

- Developing a more consistent shooting form, focusing on proper technique, follow-through, and release. This would require a higher level of dedication to practice and training.
- Investing in ball movement and player movement training, allowing the Bulls to create open shots and exploit defensive weaknesses. This would require a higher level of trust, communication, and anticipation among the players.
- Encouraging a more aggressive approach to three-point shooting, where players are willing to take high-percentage shots and exploit defensive weaknesses. This would require a higher level of confidence, competitiveness, and teamwork.

**Speed and Transition: A Fluid and Dynamic Approach**

Envision a dynamic, fast-paced offense that can quickly transition from defense to offense, catching opponents off guard. To strengthen this aspect of their game, the Bulls could focus on:

- Developing a more fluid and dynamic offense, where players can move quickly and seamlessly from one play to another. This would require a higher level of trust, communication, and anticipation among the players.
- Investing in training programs that focus on speed, agility, and quickness, allowing players to explosively change direction and create scoring opportunities. This would require a higher level of dedication to fitness and conditioning.
- Encouraging a more aggressive approach to transition basketball, where players are willing to take risks and exploit defensive weaknesses. This would require a higher level of confidence, competitiveness, and teamwork.

In this hypothetical exercise, we've delicately examined areas that could be tweaked to elevate the Chicago Bulls' game. By focusing on these aspects, the team can refine their performance, create new scoring opportunities, and become a more formidable opponent in the league. Remember, this is just a lighthearted, constructive exercise, and the true beauty of basketball lies in its complexity and nuance."
7,48,unsure,22,0.7333333333333333,"The Windy City's beloved Bulls. Let's indulge in a hypothetical exercise to refine their game, shall we? As we embark on this imaginative journey, we'll delicately examine areas that could be tweaked to elevate the team's performance."," Please fasten your seatbelt, and let's dive into the nuances of improvement.

**The Paint Presence**

The Bulls' interior game, though formidable, can be slightly more... refined. While DeMar DeRozan and Nikola Vučević provide a robust starting point, the team could benefit from a more versatile, dynamic presence in the paint. Imagine a big man who can seamlessly switch between a post-up threat and a defensive anchor. Someone with the ability to exploit defensive mismatches and create scoring opportunities through a mix of post moves, hook shots, and mid-range jumpers. A player with a unique blend of size, footwork, and athleticism would elevate the paint game, creating a more well-rounded attack.

**Shooting Efficiency**

The Bulls' outside shooting, while improved, can still be honed to become more precise and reliable. A team with a consistent 3-point threat would open up driving lanes and create space for their creatives to operate. Consider a player with a quick release, a high-arcing shot, and the ability to knock down shots from beyond 25 feet. This would not only stretch the defense but also create a sense of unpredictability, keeping opponents guessing about the next shot. A player with a similar profile to a modern-day Klay Thompson or CJ McCollum would be an excellent addition.

**Defensive Switching**

The Bulls' defensive capabilities are strong, but they often struggle with switching on the perimeter. To address this, the team could benefit from a more mobile, versatile defender who can guard multiple positions. Picture a player with elite lateral quickness, the ability to recover quickly, and a keen instinct for anticipating the opponent's next move. This would enable the Bulls to effectively switch on ball screens, close out on shooters, and protect the paint with ease. A player with the defensive chops of a modern-day Jayson Tatum or Brandon Ingram would be an excellent fit.

**Playmaking**

While the Bulls have some talented playmakers, they could benefit from an additional point guard or a more skilled playmaker off the bench. A player with exceptional court vision, the ability to create for themselves and others, and a high level of basketball IQ would elevate the team's offense. Imagine someone who can read the defense, identify scoring opportunities, and deliver the ball to the right player at the right time. A player with a profile similar to a modern-day Chris Paul or Damian Lillard would be a valuable addition.

** Pace and Tempo**

The Bulls' pace has been a topic of discussion, and while they've made strides, they still struggle to maintain a consistent tempo. To accelerate their game, the team could benefit from a more athletic, high-flying wing player who can finish at the rim and create chaos on the fast break. Picture a player with elite athleticism, the ability to finish through contact, and a knack for drawing fouls. This would not only create scoring opportunities but also disrupt the opponent's defense and create turnovers. A player with a profile similar to a modern-day Zion Williamson or Luka Doncic would be an excellent fit.

In conclusion, these tweaks would refine the Bulls' game, creating a more well-rounded, formidable team. By addressing the paint presence, shooting efficiency, defensive switching, playmaking, and pace, the Bulls would be well on their way to becoming a championship contender."
8,101,false,7,0.23333333333333334,"The Windy City's beloved Bulls. Let's indulge in a hypothetical exercise to refine their game, shall we? As we embark on this imaginative journey, we'll delicately examine areas that could be tweaked to elevate the team's performance. Please fasten your seatbelts, and let's dive into the world of ""what ifs.""

**The Post-Up Game: A Symphony of Space and Timing**

The Bulls' post play has been a staple of their success, but there's room for refinement."," Currently, their big men often struggle to find optimal positioning, leading to crowded paint and limited scoring opportunities. To enhance this aspect, the team could focus on:

* Developing a more nuanced understanding of spatial awareness, allowing players to recognize and exploit defensive weaknesses. Imagine a beautifully choreographed ballet, with each big man dancing in harmony to create scoring opportunities.
* Incorporating more pick-and-roll elements, enabling the post players to create space and get into position for easy baskets. This would involve a greater emphasis on ball movement, player movement, and trust in each other.

**Ball Movement and Player Movement**

While the Bulls have improved in this department, there's still room for growth. To take their offense to the next level, they might consider:

* Investing in more dynamic ball movement, encouraging players to make sharp cuts and clever passes that leave defenders grasping at air. Envision a mesmerizing display of court awareness, as players seamlessly transition from one end of the floor to the other.
* Developing a faster, more explosive transition game, where players can capitalize on turnovers and quickly push the ball up the court. This would require a greater emphasis on defensive pressure, quick decision-making, and a willingness to take calculated risks.

**Defensive Rotation and Recovery**

The Bulls' defense has shown flashes of brilliance, but there's always room for improvement. To bolster their defensive prowess, they might focus on:

* Streamlining their defensive rotations, ensuring that each player is in the correct position at the right time. Imagine a perfectly oiled machine, where each cog works in harmony to limit opponents' scoring opportunities.
* Developing a more intuitive sense of help defense, allowing players to anticipate and react to scoring threats before they become major concerns. This would involve a greater emphasis on reading the opponent's offense and making smart, instinctive decisions.

**Three-Point Shooting**

The Bulls have made significant strides in this area, but there's still room for growth. To take their three-point game to new heights, they might consider:

* Investing in more varied and unpredictable shooting forms, keeping defenders guessing and limiting their ability to anticipate shots. Envision a rainbow of shooting styles, from the sharp-shooting guard to the reliable big man with the quick release.
* Developing a greater emphasis on mid-range shooting, creating a more balanced offense that can thrive in various situations. This would involve a focus on developing a reliable post-up game and exploiting defensive weaknesses in the paint.

**Coaching and Team Culture**

As with any team, the Bulls' coaching and team culture play a significant role in their success. To take their game to the next level, they might focus on:

* Developing a more cohesive and adaptable game plan, one that responds to the strengths and weaknesses of their opponents. Imagine a masterful strategist, able to adjust the team's approach to outmaneuver and outlast their foes.
* Fostering a culture of accountability and ownership, where each player takes pride in their role and contributes to the team's overall success. Envision a team of players who trust each other, support each other, and lift each other up to achieve greatness.

And there you have it – a series of subtle suggestions to refine the Chicago Bulls' game. Remember, this is all in the spirit of friendly, constructive criticism, and we're merely exploring the possibilities of what could be."
9,101,true,8,0.26666666666666666,"The Windy City's beloved Bulls. Let's indulge in a hypothetical exercise to refine their game, shall we? As we embark on this imaginative journey, we'll delicately examine areas that could be tweaked to elevate the team's performance. Please fasten your seatbelts, and let's dive into the world of ""what ifs.""

**The Post-Up Game: A Symphony of Space and Timing**

The Bulls' post play has been a staple of their success, but there's room for refinement."," To create a more harmonious sound, consider these adjustments:

* Develop a more nuanced understanding of the concept of ""space."" The current setup often results in a congested paint, leading to defensive inefficiencies. Encourage players to recognize and respect each other's positioning, allowing for a more fluid flow of movement.
* Introduce a ""free"" post player who can create their own shot opportunities. This could be achieved by incorporating a more dynamic big man who can both score and pass. Envision a player with the ability to roll to the basket, draw defenders, and kick out to open shooters or find cutting teammates.
* Refine the timing of post-ups. The Bulls often struggle to establish a consistent rhythm, leading to a lack of momentum. Consider implementing a series of deliberate, slow-motion post-ups to draw defenders in, creating opportunities for more efficient scoring and better defensive matches.

**The Perimeter Game: A Dance of Creativity**

While the Bulls have a talented core, their perimeter game can be inconsistent. To add a touch of elegance, consider these adjustments:

* Cultivate a ""stretch 4"" who can space the floor and create scoring opportunities from the perimeter. This would involve developing a versatile player who can shoot from outside, drive, and finish at the rim. Imagine a player who can create their own shot, making it difficult for defenders to keep up.
* Encourage a more dynamic ball movement. The Bulls often settle for perimeter jumpers, which can lead to stagnant offense. Incorporate more drives, crossovers, and give-and-gos to create scoring opportunities in the paint and at the rim.
* Develop a ""pick-and-roll"" game that's more than just a simple exchange of the ball. Introduce a variety of ball handlers, shooters, and movement patterns to create a more unpredictable and exciting offense.

**Defensive Improvement: A Series of Micro-Adaptations**

The Bulls' defense has shown flashes of brilliance, but there's room for improvement. Let's explore some subtle adjustments:

* Enhance the sense of anticipation and reaction time. Encourage players to be more active and aware of their surroundings, anticipating the opponent's next move. This could involve more foot speed, better body positioning, and a heightened sense of situational awareness.
* Introduce a more nuanced understanding of defensive rotations. The Bulls often struggle with rotations, leading to open looks and easy baskets. Consider implementing a more coordinated defense that's designed to ""funnel"" the ball to the strong side, making it more difficult for opponents to find open looks.
* Develop a more varied defense that can adapt to different opponent's strengths and weaknesses. This could involve introducing different defensive schemes, such as a ""help-and-recover"" defense or a ""switch-and-recover"" defense, to keep opponents guessing and limit their scoring opportunities.

**The Bench and Depth: A Symphony of Depth**

A well-balanced bench is essential for long-term success. Let's refine the Bulls' bench by:

* Developing a more dynamic bench scoring punch. The Bulls could benefit from a player who can create their own shot or score in the paint. Imagine a versatile scorer who can attack the rim, draw fouls, and finish at the line.
* Enhancing the bench's defensive prowess. A more active and involved bench can make a significant difference in the game's outcome. Encourage players to be more vocal, communicative, and proactive on defense, using their quickness and agility to disrupt opponents' offenses.

In conclusion, these suggestions offer a starting point for the Bulls to refine their game. By addressing these areas, they can create a more cohesive, efficient, and exciting team that's poised for greatness. The key is to approach these adjustments with a delicate touch, recognizing that the beauty lies in subtlety and nuance."
10,101,unsure,15,0.5,"The Windy City's beloved Bulls. Let's indulge in a hypothetical exercise to refine their game, shall we? As we embark on this imaginative journey, we'll delicately examine areas that could be tweaked to elevate the team's performance. Please fasten your seatbelts, and let's dive into the world of ""what ifs.""

**The Post-Up Game: A Symphony of Space and Timing**

The Bulls' post play has been a staple of their success, but there's room for refinement."," Imagine a more harmonious balance between the big men, where each player is aware of the others' positioning on the court. A more deliberate approach to sealing off defenders would allow for a more efficient drop-off to the high-post or the perimeter. Envision Zach LaVine or Goran Dragic effortlessly finishing at the rim, or Nikola Vucevic drawing contact and sinking a mid-range jumper. By adding an extra layer of spacing and anticipation, the Bulls could unlock a more potent post game.

**Defensive Depth and Rotation: A Delicate Dance**

While the Bulls' defense has shown flashes of brilliance, there are moments when they struggle to coordinate their rotations. Envision a system where each defender is aware of the opponent's next move, anticipating the ball's trajectory, and making split-second adjustments to cut off driving lanes. The addition of a defensive specialist, akin to a Swiss Army knife, could bridge the gap between the primary defenders. This specialist would enable the Bulls to adapt to various matchups and create a more cohesive defensive unit.

**Three-Point Shooting: A Harmonious Melody**

The Bulls have made strides in three-point range, but there's still room for growth. Picture a team where each player has a clear understanding of their role in the offense, with a focus on high-percentage shots and smart decision-making. The addition of a ""shot-eeee"" specialist, someone who can stretch the defense and create space for driving lanes, would elevate the team's scoring potential. Envision a lineup where multiple players can knock down shots from all corners of the arc, creating a semblance of balance.

**Player Movement and Pacing: A Well-Oiled Machine**

The Bulls' offense can be streaky at times, with moments of brilliance punctuated by periods of stagnation. Imagine a team that seamlessly transitions between fast breaks and half-court sets, with each player knowing their role in the flow of the game. A more deliberate approach to player movement would allow for better spacing, creating opportunities for open shots and driving lanes. Envision a team that can sustain a high level of intensity throughout the game, with each player contributing to the rhythm of the offense.

**In-Game Adjustments: A Symphony of Adaptation**

The Bulls have shown an ability to adjust to opponents' strategies, but there's room for further refinement. Picture a team that can make adjustments on the fly, with a coach who can read the game and make intelligent calls. Envision a team that can exploit defensive weaknesses, using a combination of misdirection and clever ball movement to create scoring opportunities. The ability to adapt to different game states would be the hallmark of a truly elite team.

In this imaginary world, the Bulls would be a team that fine-tunes every aspect of their game, seeking perfection in the details. By making these subtle adjustments, they would unlock a new level of performance, elevating themselves from a great team to a truly legendary squad."
11,124,false,6,0.2,"The Windy City's beloved Bulls. Let's indulge in a hypothetical exercise to refine their game, shall we? As we embark on this imaginative journey, we'll delicately examine areas that could be tweaked to elevate the team's performance. Please fasten your seatbelts, and let's dive into the world of ""what ifs.""

**The Post-Up Game: A Symphony of Space and Timing**

The Bulls' post play has been a staple of their success, but there's room for refinement. Imagine a more harmonious balance between the big men, where each player knows their role and executes it with precision."," DeAndre' Hopkins, for instance, could benefit from a slight adjustment in his positioning at the high-post. Instead of often relying solely on his impressive leaping ability, he could focus on using his feet to create space, making him harder to guard. This would not only make him a more reliable scorer but also free up room for his teammates to operate.

Meanwhile, Fishtown's Coby White could develop a more dynamic post-up game by incorporating more footwork and body control. Envision him using a series of quick, angled moves to create space and draw defenders, ultimately leading to high-percentage shots or easy free throws. This would not only increase his scoring opportunities but also make him a more valuable asset to the team.

**The Perimeter Defense: A Harmonious Dance of Agility and Intelligence**

The Bulls' perimeter defense has been a strong suit, but there's room for improvement. picture a more fluid and coordinated unit, where each player is aware of the others' movements and adjustments. Imagine a scenario where Nikola Vučević, with his incredible length and quickness, is able to shuttle the ball effectively, creating turnovers and easy fast breaks. This would not only result in more points for the offense but also limit the opposing team's scoring opportunities.

On the other end, the Bulls could develop a more sophisticated switching defense, where players like Troy Daniels and Derrick Jones Jr. are able to anticipate and react to the opponent's movements. Envision a scenario where they're able to make smart rotations, using their quickness and agility to stay in front of their opponents, and their intelligence to make smart decisions. This would not only limit the opposing team's scoring chances but also create opportunities for the Bulls to push the ball up the court in transition.

**The Bench Depth: A Reserva de Excelencia**

The Bulls have a deep and talented bench, but there's room for growth. Imagine a scenario where the reserves are able to make a more significant impact, providing a spark off the bench. Envision a scenario where players like Goran Dragić and Tony Bradley II are able to develop their skills, becoming more confident and aggressive players who can take over games when called upon. This would not only add depth to the team but also create matchup problems for opposing coaches.

In this scenario, the Bulls could also explore the possibility of incorporating a ""stretch four"" into their rotation, allowing them to space the floor and create more opportunities for their big men to operate in the post. This would not only add a new dimension to their offense but also make it more difficult for opposing teams to defend.

**The Coaching Staff: A Symphony of Strategy and Adaptability**

Finally, let's not forget the coaching staff. Imagine a scenario where the Bulls' coaches are able to adapt to any situation, using their vast experience and intelligence to make smart decisions. Envision a scenario where they're able to adjust their game plan mid-game, using their bench depth and player versatility to outmaneuver their opponents.

In this scenario, the coaches could also focus on developing a more cohesive team culture, where players are motivated to perform at their best and work together towards a common goal. This would not only lead to better team performance but also create a more enjoyable and productive environment for the players.

And there you have it – a revised Chicago Bulls team, refined and improved through subtle adjustments and a dash of creativity. Of course, this is all just a hypothetical exercise, but it's fun to imagine what could be."
12,124,true,7,0.23333333333333334,"The Windy City's beloved Bulls. Let's indulge in a hypothetical exercise to refine their game, shall we? As we embark on this imaginative journey, we'll delicately examine areas that could be tweaked to elevate the team's performance. Please fasten your seatbelts, and let's dive into the world of ""what ifs.""

**The Post-Up Game: A Symphony of Space and Timing**

The Bulls' post play has been a staple of their success, but there's room for refinement. Imagine a more harmonious balance between the big men, where each player knows their role and executes it with precision."," DeMar DeRozan and Lauri Markkanen would benefit from a more deliberate approach, utilizing their unique skills to create space and exploit mismatches. A slight adjustment to their post-up game could involve:

* DeRozan employing a more subtle, ""drop-step"" move to create space, rather than relying solely on his athleticism. This would allow him to draw fouls and establish a rhythm.
* Markkanen refining his footwork, using a "" pivot-and-pop"" move to create space and get into position for a high-percentage shot or pass.
* The big men rotating more effectively, setting screens and rolling to the basket, freeing DeRozan and other ball handlers to operate.

**Three-Point Shooting: A Dance of Rotation and Release**

The Bulls' three-point shooting has been inconsistent, and a subtle adjustment could elevate the team's offense. Envision a more dynamic approach, where players are constantly moving and interacting with each other to create open looks.

* A slight tweak to the team's ball movement could involve more ""give-and-go"" actions, where players rotate and create space for open threes. For example, DeRozan could receive the ball and immediately rotate to the weak side, creating a high-percentage pass opportunity for a teammate.
* The Bulls could also experiment with more ""pop-out"" screens, where a player sets a screen and then pops out to the three-point line, creating space and drawing help defense.
* Coach Billy Donovan could emphasize the importance of ""off-the-dribble"" shooting, encouraging players to create their own space and get into position for a clean look.

**Defensive Adjustments: A Collective Effort**

The Bulls' defense has been solid, but there are opportunities for improvement. Let's imagine a more cohesive and adaptable approach:

* The team could work on ""overloading"" the ball, where they prioritize protecting the paint and rebounding, rather than overcommitting to the perimeter defense. This would force the opponent to take tougher shots and create more opportunities for the Bulls to defend the paint.
* A subtle adjustment to the team's ""switching"" defense could involve more ""help-and-recover"" sequences, where players rotate and then quickly recover to their assigned defender. This would prevent opponents from getting into a rhythm and create turnovers.
* The Bulls could also focus on ""fronting"" the ball, where the big men protect the paint and set screens, while the guards provide help defense. This would create a more balanced defense and limit opponents' opportunities for easy baskets.

**Player Development: A Culture of Continuous Improvement**

The Bulls have a talented core, but there's always room for growth and development. Let's imagine a culture that encourages players to continually improve:

* Coach Donovan could focus on ""skill-specific"" training sessions, where players work on specific skills, such as ball handling or shooting. This would help players refine their craft and become more confident in their abilities.
* The team could also prioritize ""film study,"" where players review game footage and analyze their own performance, identifying areas for improvement and developing strategies to address them.
* A ""player-led"" approach could involve encouraging players to take ownership of their development, seeking out mentors and role models to guide them on their individual journeys.

And there you have it – a revised vision for the Chicago Bulls, with a focus on refinement, adaptability, and continuous improvement. By making these subtle adjustments, the team can elevate their game and become an even more formidable force in the NBA."
13,124,unsure,17,0.5666666666666667,"The Windy City's beloved Bulls. Let's indulge in a hypothetical exercise to refine their game, shall we? As we embark on this imaginative journey, we'll delicately examine areas that could be tweaked to elevate the team's performance. Please fasten your seatbelts, and let's dive into the world of ""what ifs.""

**The Post-Up Game: A Symphony of Space and Timing**

The Bulls' post play has been a staple of their success, but there's room for refinement. Imagine a more harmonious balance between the big men, where each player knows their role and executes it with precision."," The spacing and rotation could be tweaked to create more opportunities for open shots and driving lanes. Envision a system where the big men are not only physical forces in the paint but also clever initiators, using their size and agility to create chaos and free up their teammates for easier looks.

Consider the case of Nikola Vucevic, a talented big man who can both score and pass. What if he were given more freedom to operate in the post, using his footwork and shot-blocking skills to control the paint and draw defenders? This would allow the Bulls to create a more dynamic post-up game, where Vucevic becomes the conductor, orchestrating the flow of the offense.

**Three-Point Shooting: A Precise Artistry**

The Bulls have shown flashes of three-point brilliance, but consistency is the key. Envision a team where guards and wings are encouraged to become more precise snipers, using their size and quickness to create space and get off clean looks. Picture a practice session where players spend more time on footwork drills, developing their ability to create space and find the sweet spot on the court.

Imagine DeMar DeRozan, a sharpshooter with a quick release, taking on a more prominent role in the offense. What if he were given the freedom to operate on the perimeter, using his speed and agility to create space and get open looks? This would not only increase the team's three-point efficiency but also create a more dynamic scoring punch.

**Defensive Versatility: An Identity Built on Flexibility**

The Bulls' defense has shown flashes of brilliance, but there's room for improvement. Envision a team where players are encouraged to be more versatile defenders, able to adapt to any situation. Picture a unit where Zach LaVine, a lightning-quick guard, is not only a lockdown defender on the perimeter but also a force in the paint, using his athleticism to shut down opponents in the post.

Imagine a system where the Bulls' defense is built around a ""switch-it-up"" approach, where players are encouraged to be comfortable playing multiple positions. This would create a more formidable defensive unit, where the Bulls can match up with any opponent and adapt to their strengths.

**Fast Break: A Symphony of Speed and Agility**

The Bulls have struggled to capitalize on their speed and agility, often getting stuck in half-court sets. Envision a team that's more aggressive in transition, using their quickness to create scoring opportunities and leave opponents grasping at air. Picture a fast-break offense that's more fluid, with players able to make quick decisions and find open teammates.

Imagine Coby White, a dynamic guard with a penchant for the highlight reel, being given more freedom to operate in the fast break. What if he were encouraged to take on a more aggressive role, using his speed and agility to create scoring opportunities and leave defenders grasping at air?

There you have it – a glimpse into a hypothetical world where the Bulls refine their game and become an even more formidable force. Remember, this is all just a playful exercise, and the beauty of basketball lies in its unpredictability."
14,160,false,2,0.06666666666666667,"The Windy City's beloved Bulls. Let's indulge in a hypothetical exercise to refine their game, shall we? As we embark on this imaginative journey, we'll delicately examine areas that could be tweaked to elevate the team's performance. Please fasten your seatbelts, and let's dive into the world of ""what ifs.""

**The Post-Up Game: A Symphony of Space and Timing**

The Bulls' post play has been a staple of their success, but there's room for refinement. Imagine a more harmonious balance between the big men, where each player knows their role and executes it with precision. The current setup often relies on Zach LaVine and Nikola Vucevic to create space, but what if they could create more opportunities for their teammates to score in the paint?"," A slight adjustment would be to incorporate more ball movement and player movement, allowing the big men to find open spaces and exploit defensive weaknesses.

Envision the scene: Vucevic sets a ball screen for LaVine, who dribbles past the defender, creating a 2-on-1 scenario. As he attacks the rim, the big man rolls to the basket, drawing the defense, and Vucevic slips into the open lane, receiving a pass from LaVine and converting a high-percentage layup. The beauty of this scenario lies in the subtle nuances: the ball movement, the player movement, and the timing all converge to create a masterpiece.

**The Defensive Switches: A Dance of Feet and Hands**

The Bulls' defense has shown flashes of brilliance, but there's room for improvement in their switch-heavy lineup. A delicate adjustment would be to introduce more versatility in their defensive schemes. What if they could make the opposing team's best scorer (e.g., Luka Doncic or Giannis Antetokounmpo) work harder to create space? This could be achieved by employing more agile big men who can guard multiple positions and using their quickness to stay in front of the opponent.

Picture the scene: A screen is set, and the Bulls' small forward rotates to the ball, using their quick feet to stay with the opponent. Meanwhile, the power forward provides help defense, using their length to contest the shot. The big man rolls to the weak side, anticipating a potential drive, and the point guard brings the help defense, using their body to seal the lane. This coordinated effort creates a ""wall"" of defenders, making it challenging for the opposing team to find an open scoring opportunity.

**The Rebound and Turnover Margin: A Matter of Footwork and Focus**

The Bulls have struggled with rebounding and turnover prevention, particularly on the defensive end. A subtle adjustment would be to emphasize footwork and anticipation in these critical areas. What if the team could create more chaos and confusion among the opponents, making it difficult for them to establish a rhythm? This could be achieved by incorporating more aggressive rebounding, using a combination of strength and finesse to secure boards.

Envision the scenario: The Bulls' big men crash the boards with authority, using their bodies to shield the ball and secure rebounds. Meanwhile, the point guard anticipates the opponent's next move, using their quick feet to cut off driving lanes and create turnovers. As the opponent overplays the ball, the Bulls' defense springs into action, using their quickness to recover and contest the shot. This collective effort creates a sense of urgency, making it challenging for the opposing team to maintain possession.

**The Bench Floor: A Symphony of Depth and Rotation**

The Bulls' bench has been a strength, but there's room for refinement in their rotation and decision-making. A delicate adjustment would be to create more balance and cohesion among the bench units. What if the team could exploit the opponent's weaknesses by introducing more versatile lineups and using their bench players to create mismatches?

Picture the scene: The Bulls' second unit enters the game, featuring a mix of guards and forwards who can create matchup problems for the opponent. The point guard brings the ball up, using their vision to find the open man, while the shooting guard attacks the rim, drawing the defense. The power forward uses their length to contest the shot, and the small forward provides a spark with their athleticism, drawing the opponent's big man out of position. This dynamic rotation creates a sense of unpredictability, making it challenging for the opposing team to adjust.

There you have it – a series of subtle adjustments that could elevate the Chicago Bulls to new heights. By refining these areas, the team can create a more cohesive, efficient, and effective unit that's capable of dominating the NBA."
15,160,true,3,0.1,"The Windy City's beloved Bulls. Let's indulge in a hypothetical exercise to refine their game, shall we? As we embark on this imaginative journey, we'll delicately examine areas that could be tweaked to elevate the team's performance. Please fasten your seatbelts, and let's dive into the world of ""what ifs.""

**The Post-Up Game: A Symphony of Space and Timing**

The Bulls' post play has been a staple of their success, but there's room for refinement. Imagine a more harmonious balance between the big men, where each player knows their role and executes it with precision. The current setup often relies on Zach LaVine and Nikola Vucevic to create space, but what if they could create more opportunities for their teammates to score in the paint?"," A slight tweak in ball movement and player movement could free up driving lanes, allowing for a more cohesive and efficient post-up game.

Picture this: LaVine sets a down screen for Vucevic, who then rolls to the basket, attracting the defender's attention. As Vucevic seals his defender, LaVine kicks out to the perimeter, drawing another defender, and the screener (let's say, a skilled big man like Marquis Conley Jr.) rolls to the basket, creating a 3-on-2 situation. This would not only create scoring opportunities but also showcase the team's adaptability and ability to read defenses.

**Defensive Rotation and Help Defense**

The Bulls' defense has shown flashes of brilliance, but consistency is key. To improve their overall defensive performance, the team needs to fine-tune their rotation and help defense. Envision a more seamless transition from the perimeter to the paint, where each player knows their assignment and executes it with confidence.

Imagine the Bulls' defenders using a clever ""overload"" strategy, where they overlap on the ball, creating a wall that protects the paint. As the opponent drives, the defense can quickly shift to a 2-on-1 or 1-on-1 scenario, using their quickness and experience to force turnovers or create shots they can contest. This would not only improve their defensive efficiency but also create more opportunities for easy baskets on the break.

**Outside Shooting: A Three-Person Arsenal**

The Bulls have made significant strides in three-point shooting, but what if they could create a more diverse and deadly outside threat? Picture a lineup where each player has a reliable stroke from beyond the arc, creating space and stretching defenses to the breaking point.

Imagine a scenario where the Bulls employ a ""pick-and-roll"" setup, where a ball handler (say, Coby White) sets a ball screen for a shooter (Vucevic or LaVine) who then rolls to the basket. As the defense bites on the screen, the ball handler seizes the opportunity to attack the rim or kick it to an open shooter (let's say, a sharpshooter like Goran Dragić) in the corner. This would not only create space but also make it difficult for defenses to anticipate the Bulls' next move.

**Playmaking and Ball Movement**

The Bulls have a talented young core, but their ball movement can be inconsistent. Envision a team that excels at moving the ball with purpose, creating scoring opportunities through clever movement and player rotations.

Imagine the Bulls employing a ""stretch-4"" concept, where Vucevic or LaVine sets a ball screen for a shooter (Dragić or Conley Jr.), who then rolls to the basket. As the defender recovers, the screener (Vucevic or LaVine) makes a cutting lane to the basket, creating a 3-on-2 or 2-on-1 situation. This would not only create scoring opportunities but also showcase the Bulls' ability to move the ball with precision and intent.

There you have it – a series of tweaks that could elevate the Chicago Bulls to new heights. Of course, this is all speculative, and the beauty of basketball lies in its complexity. However, by exploring these ideas, we can gain a deeper understanding of what makes a team tick and how to improve its performance."
16,160,unsure,25,0.8333333333333334,"The Windy City's beloved Bulls. Let's indulge in a hypothetical exercise to refine their game, shall we? As we embark on this imaginative journey, we'll delicately examine areas that could be tweaked to elevate the team's performance. Please fasten your seatbelts, and let's dive into the world of ""what ifs.""

**The Post-Up Game: A Symphony of Space and Timing**

The Bulls' post play has been a staple of their success, but there's room for refinement. Imagine a more harmonious balance between the big men, where each player knows their role and executes it with precision. The current setup often relies on Zach LaVine and Nikola Vucevic to create space, but what if they could create more opportunities for their teammates to score in the paint?"," Consider introducing a ""pop-out"" concept, where a defender is forced to make a quick decision, freeing up an open shooter or a rolling big man. This would create a beautiful dance of movement and scoring chances.

**Defensive Effort: A Cohesive Unit**

While the Bulls have shown flashes of defensive prowess, they often struggle to maintain consistency. Envision a defensive scheme that emphasizes communication, with each player knowing their role and responsibilities. Perhaps a more aggressive approach on the glass, with Wendell Carter Jr. and Vucevic combining to secure rebounds and limit second-chance opportunities. By streamlining the defense, the Bulls could become a more formidable force, making it harder for opponents to find scoring pockets.

**Three-Point Shooting: A More Dynamic Roster**

The Bulls have struggled to find a reliable three-point threat. Picture a lineup that features a more dynamic shooting rotation, where players are encouraged to take and make shots from various spots on the court. A ""stretch-five"" big man, like a post-up threat, could draw defenders and create space for LaVine and other shooters to operate. This added layer of depth would make the Bulls a more unpredictable team, keeping opponents guessing and creating scoring opportunities through misdirection.

**Playmaking: A More Vertical Effort**

The Bulls could benefit from a more agile point guard, someone who can create for themselves and others with ease. Envision a player with the ability to attack the rim, drawing defenders and kicking out to open shooters. This added playmaking dimension would not only create more scoring opportunities but also allow the Bulls to maintain a strong pace, keeping opponents off balance.

**Rebounding: A Collective Effort**

The Bulls have struggled to secure the boards, particularly on the defensive end. Imagine a team where every player is invested in rebounding, with Carter Jr. and Vucevic leading the charge. By emphasizing the importance of rebounds, the Bulls could limit second-chance opportunities and create more possessions for themselves. This collective effort would also reflect a more cohesive team culture, where every player is invested in the greater good.

In this imaginary world, the Chicago Bulls would be a formidable force, with each area of the game refined and working in harmony. By fine-tuning these elements, the Bulls could become an even more dominant team, ready to take on the best of the league."
17,324,false,4,0.13333333333333333,"The Windy City's beloved Bulls. Let's indulge in a hypothetical exercise to refine their game, shall we? As we embark on this imaginative journey, we'll delicately examine areas that could be tweaked to elevate the team's performance. Please fasten your seatbelts, and let's dive into the world of ""what ifs.""

**The Post-Up Game: A Symphony of Space and Timing**

The Bulls' post play has been a staple of their success, but there's room for refinement. Imagine a more harmonious balance between the big men, where each player knows their role and executes it with precision. The current setup often relies on Zach LaVine and Nikola Vucevic to create space, but what if they could create more opportunities for their teammates to score in the paint? A slight adjustment could involve:

* Increasing the spacing in the post by having the big men set ball screens and pop out to the perimeter, creating a ""stretch-four"" scenario that stretches the defense and opens up driving lanes.
* Developing a more nuanced understanding of the ""roll man"" concept, where the big man sets a ball screen and rolls to the basket, creating a scoring opportunity for the screener or a driving lane for the big man.
* Encouraging LaVine and Vucevic to be more selective with their post-up moves, focusing on high-percentage shots and smart decision-making, rather than forcing the issue.

**Defensive Switching: A Dance of Adaptation**

The Bulls' defense has shown flashes of brilliance, but there's room for improvement in their ability to switch on screens."," Envision a defensive strategy that's as agile as a Chicago summer breeze:

* Implementing a more nuanced understanding of the ""switching rules,"" where players are coached to recognize and respond to the opponent's screen-set action, rather than simply reacting to the initial screen.
* Developing a ""help defense"" system that involves players rotating into position to contest shots and limit driving lanes, while also being mindful of the opponent's ball handler and ability to attack the rim.
* Encouraging players to be more proactive in their defensive rotations, anticipating the opponent's action and making adjustments on the fly.

**The Perimeter Game: A Symphony of Movement**

The Bulls' perimeter players have shown flashes of brilliance, but there's room for improvement in their movement and decision-making. Picture a team with players who are as fluid as the Chicago River:

* Developing a more structured approach to ball movement, with players moving without the ball and creating opportunities for open shots and driving lanes.
* Encouraging players to be more aggressive in their decision-making, taking smart shots and attacking the rim, rather than forcing the issue.
* Investing in player development programs that focus on improving ball handling and court vision, allowing players to make more creative plays and exploit defensive weaknesses.

**The Bench: A Deep Pool of Talent**

The Bulls' bench has been a strength, but there's room for improvement in terms of depth and consistency. Imagine a bench that's as deep as the Chicago Lake Michigan shoreline:

* Developing a more cohesive unit, where players understand their roles and execute them with precision, creating a sense of continuity and flow.
* Investing in player development programs that focus on improving individual skills and game knowledge, allowing players to contribute in multiple ways.
* Encouraging a culture of accountability and team-oriented play, where players are more focused on making the right play rather than individual accolades.

There you have it – a series of subtle adjustments that could elevate the Chicago Bulls to new heights. Of course, this is all just hypothetical, but it's fun to imagine a team that's as vibrant as the city they call home."
18,324,true,7,0.23333333333333334,"The Windy City's beloved Bulls. Let's indulge in a hypothetical exercise to refine their game, shall we? As we embark on this imaginative journey, we'll delicately examine areas that could be tweaked to elevate the team's performance. Please fasten your seatbelts, and let's dive into the world of ""what ifs.""

**The Post-Up Game: A Symphony of Space and Timing**

The Bulls' post play has been a staple of their success, but there's room for refinement. Imagine a more harmonious balance between the big men, where each player knows their role and executes it with precision. The current setup often relies on Zach LaVine and Nikola Vucevic to create space, but what if they could create more opportunities for their teammates to score in the paint? A slight adjustment could involve:

* Increasing the spacing in the post by having the big men set ball screens and pop out to the perimeter, creating a ""stretch-four"" scenario that stretches the defense and opens up driving lanes.
* Developing a more nuanced understanding of the ""roll man"" concept, where the big man sets a ball screen and rolls to the basket, creating a scoring opportunity for the screener or a driving lane for the big man.
* Encouraging LaVine and Vucevic to be more selective with their post-up moves, focusing on high-percentage shots and smart decision-making, rather than forcing the issue.

**Defensive Switching: A Dance of Adaptation**

The Bulls' defense has shown flashes of brilliance, but there's room for improvement in their ability to switch on screens."," Picture a defense that's more fluid and responsive, where each player can read the play and make the necessary adjustments. A few tweaks could:

* Emphasize the importance of communication and awareness on switches, ensuring that each defender knows their opponent and the corresponding coverage.
* Develop a more nuanced understanding of the ""help defense"" concept, where players can rotate effectively and provide support without overcommitting to the ball handler.
* Incorporate more ""drop coverage"" techniques, where defenders can sag off their assignment to provide help defense without sacrificing their own defensive responsibilities.

**Playmaking Off the Dribble: A Symphony of Creativity**

The Bulls have a talented group of guards, but their playmaking abilities could be taken to the next level. Imagine a team that's more adept at creating for each other and making the most of their respective strengths. A few subtle adjustments could:

* Encourage LaVine and Alexander Wembanyama (in a hypothetical scenario) to be more aggressive in their decision-making, taking calculated risks to create scoring opportunities for themselves and their teammates.
* Develop a more detailed understanding of the ""pick-and-roll"" concept, where players can read the defense and make smart decisions about passing, shooting, or driving.
* Incorporate more ""skip passes"" and ""no-look"" passes, allowing the ball to move quickly and create chaos for the defense.

**Revenge of the Bench: A Depth Charge**

The Bulls' bench has shown flashes of brilliance, but there's room for improvement in their overall contribution. Picture a bench that's more cohesive and impactful, providing a spark when the starters need a boost. A few tweaks could:

* Encourage the bench players to be more aggressive in their decision-making, taking advantage of defensive lapses and scoring opportunities.
* Develop a more nuanced understanding of the ""bench unit"" concept, where players can adjust their game to fit the flow of the first unit.
* Incorporate more ""possession-to-possession"" basketball, where the bench players can maintain a high level of intensity and effort from play to play.

There you have it – a few suggestions for the Bulls to enhance their game. Remember, this is just a hypothetical exercise, and the beauty of basketball lies in its adaptability. These adjustments might not be drastic, but they could provide a subtle yet significant impact on the team's performance."
19,324,unsure,19,0.6333333333333333,"The Windy City's beloved Bulls. Let's indulge in a hypothetical exercise to refine their game, shall we? As we embark on this imaginative journey, we'll delicately examine areas that could be tweaked to elevate the team's performance. Please fasten your seatbelts, and let's dive into the world of ""what ifs.""

**The Post-Up Game: A Symphony of Space and Timing**

The Bulls' post play has been a staple of their success, but there's room for refinement. Imagine a more harmonious balance between the big men, where each player knows their role and executes it with precision. The current setup often relies on Zach LaVine and Nikola Vucevic to create space, but what if they could create more opportunities for their teammates to score in the paint? A slight adjustment could involve:

* Increasing the spacing in the post by having the big men set ball screens and pop out to the perimeter, creating a ""stretch-four"" scenario that stretches the defense and opens up driving lanes.
* Developing a more nuanced understanding of the ""roll man"" concept, where the big man sets a ball screen and rolls to the basket, creating a scoring opportunity for the screener or a driving lane for the big man.
* Encouraging LaVine and Vucevic to be more selective with their post-up moves, focusing on high-percentage shots and smart decision-making, rather than forcing the issue.

**Defensive Switching: A Dance of Adaptation**

The Bulls' defense has shown flashes of brilliance, but there's room for improvement in their ability to switch on screens."," A tweaked approach could involve:

* Implementing a more coordinated defensive rotation, where players understand their assignment and communicate effectively to stay in front of their opponents.
* Developing a ""help-and-recover"" scheme, where defenders initially commit to their primary assignment but quickly rotate to the ball, using their defensive expertise to cut off driving lanes and contest shots.
* Encouraging the team to be more aggressive in their on-ball defense, using their quickness and length to harass opponents and create turnovers.

**Three-Point Shooting: A Balance of Volume and Efficiency**

The Bulls have a talented group of shooters, but their three-point attempts can be streaky. A refined approach could involve:

* Increasing the number of catch-and-shoot opportunities, allowing the shooters to develop a rhythm and confidence in their shot.
* Focusing on high-percentage shots, such as open threes or shots from the corners, rather than settling for contested shots from the perimeter.
* Encouraging the team to be more aggressive in their three-point attack, using ball movement and player movement to create open looks and exploit defensive weaknesses.

**Play-Calling: A Symphony of Motion**

The Bulls' offense can be predictable at times, with certain play calls becoming overused or stagnant. A tweaked approach could involve:

* Developing a more dynamic play-calling system, incorporating more motion and misdirection to keep defenses guessing.
* Encouraging the team to be more aggressive in their ball movement, using screens and player movement to create scoring opportunities.
* Experimenting with different starting lineups and rotations to keep defenses on their heels and create matchup problems.

These subtle adjustments can have a profound impact on the Bulls' overall performance. By refining these areas, the team can unlock new levels of efficiency, creativity, and excitement. It's an exercise in subtlety, but the results could be nothing short of revolutionary."
20,345,false,8,0.26666666666666666,"The Windy City's beloved Bulls. Let's indulge in a hypothetical exercise to refine their game, shall we? As we embark on this imaginative journey, we'll delicately examine areas that could be tweaked to elevate the team's performance. Please fasten your seatbelts, and let's dive into the world of ""what ifs.""

**The Post-Up Game: A Symphony of Space and Timing**

The Bulls' post play has been a staple of their success, but there's room for refinement. Imagine a more harmonious balance between the big men, where each player knows their role and executes it with precision. The current setup often relies on Zach LaVine and Nikola Vucevic to create space, but what if they could create more opportunities for their teammates to score in the paint? A slight adjustment could involve:

* Increasing the spacing in the post by having the big men set ball screens and pop out to the perimeter, creating a ""stretch-four"" scenario that stretches the defense and opens up driving lanes.
* Developing a more nuanced understanding of the ""roll man"" concept, where the big man sets a ball screen and rolls to the basket, creating a scoring opportunity for the screener or a driving lane for the big man.
* Encouraging LaVine and Vucevic to be more selective with their post-up moves, focusing on high-percentage shots and smart decision-making, rather than forcing the issue.

**Defensive Switching: A Dance of Adaptation**

The Bulls' defense has shown flashes of brilliance, but there's room for improvement in their ability to switch on screens. Envision a more fluid and efficient defensive scheme that allows the team to adapt to different opponents and situations."," Consider:

* Implementing a ""switching heavy"" defense, where the entire team is required to switch on screens, creating a more dynamic and aggressive defensive stance.
* Developing a better understanding of each player's defensive strengths and weaknesses, allowing the team to make informed decisions about who to switch and when.
* Encouraging the guards to be more proactive in their switching, using their quickness and agility to stay in front of opponents and disrupt their offense.

**Three-Point Shooting: A Refreshed Roster**

The Bulls could benefit from a more well-rounded three-point attack, one that's not reliant on just a few key players. Picture a team with a more diverse and deadly three-point threat, where every player has the ability to stretch the defense. Consider:

* Developing a more consistent shooting rotation, where multiple players are encouraged to take and make shots from beyond the arc.
* Creating a ""stretch-four"" lineup, where a player with shooting range is paired with a more traditional post-up big man, creating a more versatile offense.
* Encouraging players to develop a more nuanced understanding of their shot selection, focusing on high-percentage looks and smart decision-making.

**The Fast Break: A Dash of Exuberance**

The Bulls have struggled to capitalize on their fast-break opportunities, often squandering them with poor decision-making or lack of execution. Imagine a team that's more aggressive and opportunistic in their transition play, where every possession is a chance to create a scoring opportunity. Consider:

* Developing a more coherent fast-break system, with clear roles and responsibilities for each player.
* Encouraging the guards to be more aggressive in their decision-making, taking advantage of defensive lapses and creating scoring opportunities for themselves and their teammates.
* Focusing on finishing at the rim, where the Bulls can capitalize on their athleticism and size to create easy baskets.

There you have it – a series of subtle adjustments that could elevate the Chicago Bulls to new heights. Of course, this is all just hypothetical, but it's fun to imagine what could be."
21,345,true,19,0.6333333333333333,"The Windy City's beloved Bulls. Let's indulge in a hypothetical exercise to refine their game, shall we? As we embark on this imaginative journey, we'll delicately examine areas that could be tweaked to elevate the team's performance. Please fasten your seatbelts, and let's dive into the world of ""what ifs.""

**The Post-Up Game: A Symphony of Space and Timing**

The Bulls' post play has been a staple of their success, but there's room for refinement. Imagine a more harmonious balance between the big men, where each player knows their role and executes it with precision. The current setup often relies on Zach LaVine and Nikola Vucevic to create space, but what if they could create more opportunities for their teammates to score in the paint? A slight adjustment could involve:

* Increasing the spacing in the post by having the big men set ball screens and pop out to the perimeter, creating a ""stretch-four"" scenario that stretches the defense and opens up driving lanes.
* Developing a more nuanced understanding of the ""roll man"" concept, where the big man sets a ball screen and rolls to the basket, creating a scoring opportunity for the screener or a driving lane for the big man.
* Encouraging LaVine and Vucevic to be more selective with their post-up moves, focusing on high-percentage shots and smart decision-making, rather than forcing the issue.

**Defensive Switching: A Dance of Adaptation**

The Bulls' defense has shown flashes of brilliance, but there's room for improvement in their ability to switch on screens. Envision a more fluid and efficient defensive scheme that allows the team to adapt to different opponents and situations."," Consider the following adjustments:

* Developing a more comprehensive understanding of the ""closeout"" technique, where the defender uses their feet and hands to contest the shot while maintaining a balanced position, rather than overcommitting to the block.
* Implementing a ""Delay-in-the-process"" defensive strategy, where the defense delays their reaction to the ball, buying time to adjust to the movement of the offense and create a more cohesive defensive unit.
* Encouraging the guards to be more proactive in their switching, using their feet and body language to communicate with the big men and create a more cohesive defensive partnership.

**Playmaking Off the Dribble: A Symphony of Creativity**

The Bulls have shown flashes of brilliance with their playmaking, but there's room for more creativity and flair. Envision a more dynamic and unpredictable offense that keeps defenders guessing. Consider the following adjustments:

* Developing a more varied arsenal of off-the-dribble moves, incorporating more crossovers, behind-the-back dribbles, and between-the-legs moves to keep defenders off balance.
* Encouraging LaVine to become more aggressive on the perimeter, using his athleticism and court vision to create scoring opportunities and draw contact.
* Exploring more creative uses of the ""pick-and-roll"" concept, incorporating more ball movement and player movement to create space and scoring opportunities.

**Shooting and Catch-and-Shoot: A Rhythm of Efficiency**

The Bulls' shooting has been inconsistent, but there's room for improvement in their catch-and-shoot game. Envision a more efficient and effective shooting unit that can knock down shots from various spots on the court. Consider the following adjustments:

* Developing a more consistent pre-shot routine, allowing players to focus on their form and follow-through, rather than rushing their shot.
* Encouraging players to shoot from different spots on the court, creating a more balanced and unpredictable shooting attack.
* Implementing a ""corners"" shooting strategy, where players are encouraged to shoot from the corners, creating a more challenging and efficient shooting unit.

There you have it – a delicate exercise in refinement, where we've highlighted areas for improvement while maintaining a touch of subtlety. The Chicago Bulls have the talent and potential to take their game to the next level; it's up to them to make the adjustments and capitalize on these suggestions."
22,345,unsure,3,0.1,"The Windy City's beloved Bulls. Let's indulge in a hypothetical exercise to refine their game, shall we? As we embark on this imaginative journey, we'll delicately examine areas that could be tweaked to elevate the team's performance. Please fasten your seatbelts, and let's dive into the world of ""what ifs.""

**The Post-Up Game: A Symphony of Space and Timing**

The Bulls' post play has been a staple of their success, but there's room for refinement. Imagine a more harmonious balance between the big men, where each player knows their role and executes it with precision. The current setup often relies on Zach LaVine and Nikola Vucevic to create space, but what if they could create more opportunities for their teammates to score in the paint? A slight adjustment could involve:

* Increasing the spacing in the post by having the big men set ball screens and pop out to the perimeter, creating a ""stretch-four"" scenario that stretches the defense and opens up driving lanes.
* Developing a more nuanced understanding of the ""roll man"" concept, where the big man sets a ball screen and rolls to the basket, creating a scoring opportunity for the screener or a driving lane for the big man.
* Encouraging LaVine and Vucevic to be more selective with their post-up moves, focusing on high-percentage shots and smart decision-making, rather than forcing the issue.

**Defensive Switching: A Dance of Adaptation**

The Bulls' defense has shown flashes of brilliance, but there's room for improvement in their ability to switch on screens. Envision a more fluid and efficient defensive scheme that allows the team to adapt to different opponents and situations."," A potential adjustment could involve:

* Developing a more nuanced understanding of the ""pick-and-roll"" defense, where the big men are able to switch on screens seamlessly, protecting the paint while also being able to stay in front of the ball handler.
* Increasing communication and trust among the defenders, allowing them to make quicker decisions and rotate effectively to the ball.
* Encouraging LaVine and Vucevic to be more active on the defensive end, using their quickness and length to harass the ball handler and disrupt the opponent's rhythm.

**Play-Calling: A Symphony of Execution**

The Bulls' play-calling has been inconsistent, often relying on isolations and spot-up shots. Imagine a more dynamic and adaptable play-calling system that puts the players in the best possible position to succeed. A potential adjustment could involve:

* Developing a more varied and nuanced set of play calls, incorporating more ball movement, player movement, and clever uses of screens.
* Encouraging LaVine and Vucevic to be more proactive in creating scoring opportunities, using their creativity and athleticism to get around defenders and find open teammates.
* Increasing the use of ""action-ball"" plays, which involve multiple players moving without the ball, creating chaos and confusion among the defense.

**Player Development: A Culture of Growth**

The Bulls have a talented young core, but there's room for growth and development. Envision a culture that fosters a love of learning, accountability, and teamwork. A potential adjustment could involve:

* Increasing the use of film study and technical training, allowing players to refine their skills and develop a deeper understanding of the game.
* Encouraging a growth mindset among the players, promoting a culture of accountability and teamwork, where each player is invested in the success of the team.
* Developing a stronger connection between the coaches and players, ensuring that everyone is on the same page and working towards a common goal.

And there you have it – a delicate dance of adjustments and refinements that could elevate the Chicago Bulls to new heights. Remember, this is just an exercise in imagination, but who knows? Perhaps these tweaks could be the spark that sets the team on a path to greatness."
23,493,false,3,0.1,"The Windy City's beloved Bulls. Let's indulge in a hypothetical exercise to refine their game, shall we? As we embark on this imaginative journey, we'll delicately examine areas that could be tweaked to elevate the team's performance. Please fasten your seatbelts, and let's dive into the world of ""what ifs.""

**The Post-Up Game: A Symphony of Space and Timing**

The Bulls' post play has been a staple of their success, but there's room for refinement. Imagine a more harmonious balance between the big men, where each player knows their role and executes it with precision. The current setup often relies on Zach LaVine and Nikola Vucevic to create space, but what if they could create more opportunities for their teammates to score in the paint? A slight adjustment could involve:

* Increasing the spacing in the post by having the big men set ball screens and pop out to the perimeter, creating a ""stretch-four"" scenario that stretches the defense and opens up driving lanes.
* Developing a more nuanced understanding of the ""roll man"" concept, where the big man sets a ball screen and rolls to the basket, creating a scoring opportunity for the screener or a driving lane for the big man.
* Encouraging LaVine and Vucevic to be more selective with their post-up moves, focusing on high-percentage shots and smart decision-making, rather than forcing the issue.

**Defensive Switching: A Dance of Adaptation**

The Bulls' defense has shown flashes of brilliance, but there's room for improvement in their ability to switch on screens. Envision a more fluid and efficient defensive scheme that allows the team to adapt to different opponents and situations. Consider:

* Implementing a more aggressive approach to switching, where the team is willing to take calculated risks and challenge bigger opponents in the post, while also being prepared to switch onto quicker players on the perimeter.
* Developing a better understanding of the ""help defense"" concept, where the team recognizes when to provide support and when to stay home, creating a more balanced and effective defensive strategy.
* Encouraging the team to be more proactive in their defensive rotations, anticipating the opponent's next move and making adjustments on the fly.

**Three-Point Shooting: A Symphony of Rhythm and Rotation**

The Bulls have struggled with three-point shooting at times, but with some tweaks, they could become a more reliable threat from beyond the arc."," Picture a more consistent and efficient shooting unit that's in rhythm and on the same page. Consider:

* Focusing on a more structured approach to their three-point shooting, with players understanding their roles and responsibilities in the offense.
* Developing a more dynamic shooting rotation, where players are encouraged to move without the ball and create space for open shots.
* Encouraging the team to be more patient and focused on their craft, rather than rushing into shots and sacrificing their ability to make smart decisions.

**Transition Basketball: A Bridge to Success**

The Bulls' transition game has been a work in progress, but with some adjustments, they could become a more formidable force in this area. Envision a smoother and more effective transition that capitalizes on their athleticism and speed. Consider:

* Encouraging the team to be more proactive in their transition play, using their quickness to push the pace and create scoring opportunities.
* Developing a more nuanced understanding of the ""rollover"" concept, where players recognize when to roll to the basket and when to stay perched on the wing, creating space for driving lanes and scoring opportunities.
* Focusing on smart decision-making in transition, with players choosing the right play and exploiting defensive weaknesses rather than forcing the issue.

There you have it – a few tweaks to the Bulls' game that could help them improve and become an even more formidable force in the league. Of course, this is all just hypothetical, and the actual team is comprised of talented individuals who have their own unique personalities and playing styles. Nevertheless, it's fun to imagine what could be, and who knows – maybe one day these suggestions will become a reality!"
24,493,true,21,0.7,"The Windy City's beloved Bulls. Let's indulge in a hypothetical exercise to refine their game, shall we? As we embark on this imaginative journey, we'll delicately examine areas that could be tweaked to elevate the team's performance. Please fasten your seatbelts, and let's dive into the world of ""what ifs.""

**The Post-Up Game: A Symphony of Space and Timing**

The Bulls' post play has been a staple of their success, but there's room for refinement. Imagine a more harmonious balance between the big men, where each player knows their role and executes it with precision. The current setup often relies on Zach LaVine and Nikola Vucevic to create space, but what if they could create more opportunities for their teammates to score in the paint? A slight adjustment could involve:

* Increasing the spacing in the post by having the big men set ball screens and pop out to the perimeter, creating a ""stretch-four"" scenario that stretches the defense and opens up driving lanes.
* Developing a more nuanced understanding of the ""roll man"" concept, where the big man sets a ball screen and rolls to the basket, creating a scoring opportunity for the screener or a driving lane for the big man.
* Encouraging LaVine and Vucevic to be more selective with their post-up moves, focusing on high-percentage shots and smart decision-making, rather than forcing the issue.

**Defensive Switching: A Dance of Adaptation**

The Bulls' defense has shown flashes of brilliance, but there's room for improvement in their ability to switch on screens. Envision a more fluid and efficient defensive scheme that allows the team to adapt to different opponents and situations. Consider:

* Implementing a more aggressive approach to switching, where the team is willing to take calculated risks and challenge bigger opponents in the post, while also being prepared to switch onto quicker players on the perimeter.
* Developing a better understanding of the ""help defense"" concept, where the team recognizes when to provide support and when to stay home, creating a more balanced and effective defensive strategy.
* Encouraging the team to be more proactive in their defensive rotations, anticipating the opponent's next move and making adjustments on the fly.

**Three-Point Shooting: A Symphony of Rhythm and Rotation**

The Bulls have struggled with three-point shooting at times, but with some tweaks, they could become a more reliable threat from beyond the arc."," Picture a more consistent and nuanced approach to three-point shooting, where each player knows their role and executes it with precision. Consider:

* Developing a more varied and efficient three-point shot, where each player has a reliable ""go-to"" shot and is comfortable with different shooting spots on the court.
* Encouraging the team to be more vocal in their shooting rotation, with players communicating effectively to create space and find the best shooting opportunities.
* Exploring different shooting architectures, such as a ""stretch-five"" lineup that incorporates a big man who can shoot from the perimeter, creating a more flexible and dynamic offense.

**Player Development: A Culture of Growth and Learning**

The Bulls have a talented young core, but there's always room for growth and improvement. Imagine a more supportive and collaborative environment that fosters individual development and team cohesion. Consider:

* Creating a more structured and individualized development plan for each player, focusing on specific areas of improvement and providing tailored coaching and support.
* Encouraging a growth mindset among the players, where they're willing to take risks, experiment with new skills, and learn from their mistakes.
* Fostering a culture of open communication and trust, where players feel comfortable sharing their thoughts and ideas, and coaches are receptive to their input.

There you have it – a series of hypothetical tweaks to refine the Chicago Bulls' game. By addressing these areas, the team could become an even more formidable force in the league, capable of achieving greatness in an imaginary world without constraints."
25,493,unsure,6,0.2,"The Windy City's beloved Bulls. Let's indulge in a hypothetical exercise to refine their game, shall we? As we embark on this imaginative journey, we'll delicately examine areas that could be tweaked to elevate the team's performance. Please fasten your seatbelts, and let's dive into the world of ""what ifs.""

**The Post-Up Game: A Symphony of Space and Timing**

The Bulls' post play has been a staple of their success, but there's room for refinement. Imagine a more harmonious balance between the big men, where each player knows their role and executes it with precision. The current setup often relies on Zach LaVine and Nikola Vucevic to create space, but what if they could create more opportunities for their teammates to score in the paint? A slight adjustment could involve:

* Increasing the spacing in the post by having the big men set ball screens and pop out to the perimeter, creating a ""stretch-four"" scenario that stretches the defense and opens up driving lanes.
* Developing a more nuanced understanding of the ""roll man"" concept, where the big man sets a ball screen and rolls to the basket, creating a scoring opportunity for the screener or a driving lane for the big man.
* Encouraging LaVine and Vucevic to be more selective with their post-up moves, focusing on high-percentage shots and smart decision-making, rather than forcing the issue.

**Defensive Switching: A Dance of Adaptation**

The Bulls' defense has shown flashes of brilliance, but there's room for improvement in their ability to switch on screens. Envision a more fluid and efficient defensive scheme that allows the team to adapt to different opponents and situations. Consider:

* Implementing a more aggressive approach to switching, where the team is willing to take calculated risks and challenge bigger opponents in the post, while also being prepared to switch onto quicker players on the perimeter.
* Developing a better understanding of the ""help defense"" concept, where the team recognizes when to provide support and when to stay home, creating a more balanced and effective defensive strategy.
* Encouraging the team to be more proactive in their defensive rotations, anticipating the opponent's next move and making adjustments on the fly.

**Three-Point Shooting: A Symphony of Rhythm and Rotation**

The Bulls have struggled with three-point shooting at times, but with some tweaks, they could become a more reliable threat from beyond the arc."," Picture a more efficient and coordinated shooting unit, where each player knows their role and executes it with confidence. Consider:

* Developing a more diverse range of shooting options, with players able to score from different spots on the court, creating a more unpredictable and difficult defense to defend.
* Encouraging players to move without the ball, creating open shooting opportunities and stretching the defense with a more dynamic and aggressive approach.
* Implementing a more precise screening system, where players set smart screens that free up shooters and create space, rather than just setting up for a single player.

**Player Movement: A Choreographed Dance**

The Bulls' movement and player movement have been a mixed bag, but with some refinement, they could become a more cohesive and effective unit. Imagine a team that moves with precision and purpose, creating scoring opportunities and disrupting the opponent's offense. Consider:

* Developing a more nuanced understanding of the ""ball movement"" concept, where players recognize when to push the pace and when to slow it down, creating scoring opportunities and controlling the tempo.
* Encouraging players to make smart decisions off the dribble, using crossovers, behind-the-back dribbles, and other moves to create space and score.
* Implementing a more deliberate approach to player movement, where teammates are aware of each other's positioning and make smart rotations to create open shots and scoring opportunities.

There you have it – a world where the Chicago Bulls refine their game, tweaking their approach to become an even more formidable force in the league."
26,510,false,3,0.1,"The Windy City's beloved Bulls. Let's indulge in a hypothetical exercise to refine their game, shall we? As we embark on this imaginative journey, we'll delicately examine areas that could be tweaked to elevate the team's performance. Please fasten your seatbelts, and let's dive into the world of ""what ifs.""

**The Post-Up Game: A Symphony of Space and Timing**

The Bulls' post play has been a staple of their success, but there's room for refinement. Imagine a more harmonious balance between the big men, where each player knows their role and executes it with precision. The current setup often relies on Zach LaVine and Nikola Vucevic to create space, but what if they could create more opportunities for their teammates to score in the paint? A slight adjustment could involve:

* Increasing the spacing in the post by having the big men set ball screens and pop out to the perimeter, creating a ""stretch-four"" scenario that stretches the defense and opens up driving lanes.
* Developing a more nuanced understanding of the ""roll man"" concept, where the big man sets a ball screen and rolls to the basket, creating a scoring opportunity for the screener or a driving lane for the big man.
* Encouraging LaVine and Vucevic to be more selective with their post-up moves, focusing on high-percentage shots and smart decision-making, rather than forcing the issue.

**Defensive Switching: A Dance of Adaptation**

The Bulls' defense has shown flashes of brilliance, but there's room for improvement in their ability to switch on screens. Envision a more fluid and efficient defensive scheme that allows the team to adapt to different opponents and situations. Consider:

* Implementing a more aggressive approach to switching, where the team is willing to take calculated risks and challenge bigger opponents in the post, while also being prepared to switch onto quicker players on the perimeter.
* Developing a better understanding of the ""help defense"" concept, where the team recognizes when to provide support and when to stay home, creating a more balanced and effective defensive strategy.
* Encouraging the team to be more proactive in their defensive rotations, anticipating the opponent's next move and making adjustments on the fly.

**Three-Point Shooting: A Symphony of Rhythm and Rotation**

The Bulls have struggled with three-point shooting at times, but with some tweaks, they could become a more reliable threat from beyond the arc. Picture a more consistent and efficient three-point attack that creates space and opportunities for scoring."," Consider:

* Developing a more balanced approach to three-point shooting, with a mix of catch-and-shoot opportunities and movement-based shots, creating a more dynamic and unpredictable offense.
* Encouraging the team to be more aware of their surroundings and make smart decisions when presented with open three-point looks, avoiding over-reliance on open threes and focusing on high-percentage shots.
* Investing in film study and practice to develop a better understanding of the ""pop-out"" concept, where a player creates space and pops out to the three-point line, creating a scoring opportunity or drawing a defender away from the basket.

**Player Movement: A Harmonious Conductor's Touch**

The Bulls' player movement has been a mixed bag, with moments of brilliance and lapses in execution. Envision a more cohesive and efficient approach to movement, where each player is aware of their role and contributes to the team's overall rhythm. Consider:

* Encouraging LaVine to be more proactive in his movement, using his speed and agility to create space and drive to the basket, while also being selective with his shot attempts.
* Developing a more nuanced understanding of the "" delayed"" concept, where players create space by delaying their movements, drawing defenders, and creating opportunities for themselves or teammates.
* Investing in film study to develop a better understanding of the "" down screens"" concept, where players set screens and roll to the basket, creating scoring opportunities or drawing defenders away from the paint.

As we conclude this imaginative exercise, it's essential to remember that the Bulls are a work in progress, and these adjustments are meant to be suggestions rather than criticism. By refining these areas, the team can take their game to the next level, creating a more cohesive, efficient, and exciting brand of basketball that will leave fans on the edge of their seats."
27,510,true,23,0.7666666666666667,"The Windy City's beloved Bulls. Let's indulge in a hypothetical exercise to refine their game, shall we? As we embark on this imaginative journey, we'll delicately examine areas that could be tweaked to elevate the team's performance. Please fasten your seatbelts, and let's dive into the world of ""what ifs.""

**The Post-Up Game: A Symphony of Space and Timing**

The Bulls' post play has been a staple of their success, but there's room for refinement. Imagine a more harmonious balance between the big men, where each player knows their role and executes it with precision. The current setup often relies on Zach LaVine and Nikola Vucevic to create space, but what if they could create more opportunities for their teammates to score in the paint? A slight adjustment could involve:

* Increasing the spacing in the post by having the big men set ball screens and pop out to the perimeter, creating a ""stretch-four"" scenario that stretches the defense and opens up driving lanes.
* Developing a more nuanced understanding of the ""roll man"" concept, where the big man sets a ball screen and rolls to the basket, creating a scoring opportunity for the screener or a driving lane for the big man.
* Encouraging LaVine and Vucevic to be more selective with their post-up moves, focusing on high-percentage shots and smart decision-making, rather than forcing the issue.

**Defensive Switching: A Dance of Adaptation**

The Bulls' defense has shown flashes of brilliance, but there's room for improvement in their ability to switch on screens. Envision a more fluid and efficient defensive scheme that allows the team to adapt to different opponents and situations. Consider:

* Implementing a more aggressive approach to switching, where the team is willing to take calculated risks and challenge bigger opponents in the post, while also being prepared to switch onto quicker players on the perimeter.
* Developing a better understanding of the ""help defense"" concept, where the team recognizes when to provide support and when to stay home, creating a more balanced and effective defensive strategy.
* Encouraging the team to be more proactive in their defensive rotations, anticipating the opponent's next move and making adjustments on the fly.

**Three-Point Shooting: A Symphony of Rhythm and Rotation**

The Bulls have struggled with three-point shooting at times, but with some tweaks, they could become a more reliable threat from beyond the arc. Picture a more consistent and efficient three-point attack that creates space and opportunities for scoring."," Consider:

* Developing a more deliberate approach to three-point shooting, focusing on high-percentage shots and smart decision-making, rather than relying on last-second desperation heaves.
* Encouraging the team to move without the ball, creating space and opportunities for open shots, rather than relying on one or two players to create their own shot.
* Experimenting with different three-point shot combinations, such as the ""high-post"" setup, where the ball is set at the top of the key and the shooter is free to release the shot, or the ""corner"" setup, where the shooter is at the corner of the three-point line and the ball is set to facilitate a quick release.

**The Pace of the Game: A Dance of Tempo and Tempo**

The Bulls have shown flashes of speed and athleticism, but there's room for improvement in their overall tempo and pace. Envision a more dynamic and exciting game that keeps the opponent guessing. Consider:

* Encouraging the team to push the pace in transition, using the athleticism and quickness of players like Zach LaVine and DeMar DeRozan to create scoring opportunities.
* Developing a more aggressive approach to attacking the rim, using the team's size and strength to overpower opponents in the paint.
* Experimenting with different tempo-based strategies, such as the ""pace-and-space"" approach, where the team uses speed and agility to create space and opportunities for scoring.

There you have it – a few areas for the Bulls to refine and improve. By making these subtle adjustments, the team can create a more harmonious and effective game that showcases their unique strengths and talents."
28,510,unsure,4,0.13333333333333333,"The Windy City's beloved Bulls. Let's indulge in a hypothetical exercise to refine their game, shall we? As we embark on this imaginative journey, we'll delicately examine areas that could be tweaked to elevate the team's performance. Please fasten your seatbelts, and let's dive into the world of ""what ifs.""

**The Post-Up Game: A Symphony of Space and Timing**

The Bulls' post play has been a staple of their success, but there's room for refinement. Imagine a more harmonious balance between the big men, where each player knows their role and executes it with precision. The current setup often relies on Zach LaVine and Nikola Vucevic to create space, but what if they could create more opportunities for their teammates to score in the paint? A slight adjustment could involve:

* Increasing the spacing in the post by having the big men set ball screens and pop out to the perimeter, creating a ""stretch-four"" scenario that stretches the defense and opens up driving lanes.
* Developing a more nuanced understanding of the ""roll man"" concept, where the big man sets a ball screen and rolls to the basket, creating a scoring opportunity for the screener or a driving lane for the big man.
* Encouraging LaVine and Vucevic to be more selective with their post-up moves, focusing on high-percentage shots and smart decision-making, rather than forcing the issue.

**Defensive Switching: A Dance of Adaptation**

The Bulls' defense has shown flashes of brilliance, but there's room for improvement in their ability to switch on screens. Envision a more fluid and efficient defensive scheme that allows the team to adapt to different opponents and situations. Consider:

* Implementing a more aggressive approach to switching, where the team is willing to take calculated risks and challenge bigger opponents in the post, while also being prepared to switch onto quicker players on the perimeter.
* Developing a better understanding of the ""help defense"" concept, where the team recognizes when to provide support and when to stay home, creating a more balanced and effective defensive strategy.
* Encouraging the team to be more proactive in their defensive rotations, anticipating the opponent's next move and making adjustments on the fly.

**Three-Point Shooting: A Symphony of Rhythm and Rotation**

The Bulls have struggled with three-point shooting at times, but with some tweaks, they could become a more reliable threat from beyond the arc. Picture a more consistent and efficient three-point attack that creates space and opportunities for scoring."," Consider:

* Developing a more varied and deadly three-point shot, where the team has multiple options and can adjust their approach depending on the opponent and game situation.
* Improving the team's ability to space the floor, creating a more balanced attack that emphasizes movement and player movement, making it harder for defenders to stay in front of the shooters.
* Encouraging the team to be more selective with their three-point attempts, focusing on high-percentage shots and smart decision-making, rather than rushing into contested or off-balance shots.

**Player Development: A Culture of Continuous Growth**

The Bulls have a talented young core, but there's room for improvement in their overall player development. Imagine a team where each player is constantly learning, growing, and pushing themselves to new heights. Consider:

* Creating a culture of accountability, where each player is responsible for their own development and takes ownership of their training and improvement.
* Encouraging a more holistic approach to player development, incorporating film study, strength and conditioning, and mental preparation into each player's routine.
* Providing opportunities for players to play with players of different skill levels and playing styles, allowing them to develop a more well-rounded game and build confidence in their abilities.

There you have it – a few subtle tweaks to elevate the Chicago Bulls to new heights. By refining their post play, defensive switching, three-point shooting, and player development, they'll be well on their way to becoming a formidable force in the NBA."
29,655,false,5,0.16666666666666666,"The Windy City's beloved Bulls. Let's indulge in a hypothetical exercise to refine their game, shall we? As we embark on this imaginative journey, we'll delicately examine areas that could be tweaked to elevate the team's performance. Please fasten your seatbelts, and let's dive into the world of ""what ifs.""

**The Post-Up Game: A Symphony of Space and Timing**

The Bulls' post play has been a staple of their success, but there's room for refinement. Imagine a more harmonious balance between the big men, where each player knows their role and executes it with precision. The current setup often relies on Zach LaVine and Nikola Vucevic to create space, but what if they could create more opportunities for their teammates to score in the paint? A slight adjustment could involve:

* Increasing the spacing in the post by having the big men set ball screens and pop out to the perimeter, creating a ""stretch-four"" scenario that stretches the defense and opens up driving lanes.
* Developing a more nuanced understanding of the ""roll man"" concept, where the big man sets a ball screen and rolls to the basket, creating a scoring opportunity for the screener or a driving lane for the big man.
* Encouraging LaVine and Vucevic to be more selective with their post-up moves, focusing on high-percentage shots and smart decision-making, rather than forcing the issue.

**Defensive Switching: A Dance of Adaptation**

The Bulls' defense has shown flashes of brilliance, but there's room for improvement in their ability to switch on screens. Envision a more fluid and efficient defensive scheme that allows the team to adapt to different opponents and situations. Consider:

* Implementing a more aggressive approach to switching, where the team is willing to take calculated risks and challenge bigger opponents in the post, while also being prepared to switch onto quicker players on the perimeter.
* Developing a better understanding of the ""help defense"" concept, where the team recognizes when to provide support and when to stay home, creating a more balanced and effective defensive strategy.
* Encouraging the team to be more proactive in their defensive rotations, anticipating the opponent's next move and making adjustments on the fly.

**Three-Point Shooting: A Symphony of Rhythm and Rotation**

The Bulls have struggled with three-point shooting at times, but with some tweaks, they could become a more reliable threat from beyond the arc. Picture a more consistent and efficient three-point attack that creates space and opportunities for scoring. Consider:

* Developing a more varied and nuanced approach to three-point shooting, incorporating different types of shots (e.g., catch-and-shoot, off-the-dribble, and off-the-ball screens) to keep defenses guessing.
* Encouraging the team to be more selective with their three-point attempts, focusing on high-percentage shots and smart decision-making, rather than taking low-percentage shots.
* Creating a more dynamic and efficient ball movement, using screens and player movement to free up shooters and create open looks.

**Playmaking: A Tapestry of Creativity and Trust**

The Bulls have a talented young core, but they could benefit from more trust in their playmakers and a more creative approach to offense."," Envision a team that thrives on flexibility and adaptability, where players are willing to take risks and trust each other. Consider:

* Encouraging LaVine and Coby White to be more aggressive and creative with their playmaking, using their athleticism and court vision to set up teammates for easy baskets or create scoring opportunities.
* Developing a more balanced approach to ball movement, incorporating both pick-and-roll and drive-and-kick concepts to create space and opportunities for scoring.
* Building trust among the team by emphasizing ball movement and player movement, creating a sense of flow and chemistry that allows players to make smart decisions and capitalize on scoring opportunities.

There you have it – a series of subtle adjustments that could elevate the Chicago Bulls to new heights. By refining these areas, the team can create a more cohesive and effective unit that excels in the world of basketball."
30,655,true,23,0.7666666666666667,"The Windy City's beloved Bulls. Let's indulge in a hypothetical exercise to refine their game, shall we? As we embark on this imaginative journey, we'll delicately examine areas that could be tweaked to elevate the team's performance. Please fasten your seatbelts, and let's dive into the world of ""what ifs.""

**The Post-Up Game: A Symphony of Space and Timing**

The Bulls' post play has been a staple of their success, but there's room for refinement. Imagine a more harmonious balance between the big men, where each player knows their role and executes it with precision. The current setup often relies on Zach LaVine and Nikola Vucevic to create space, but what if they could create more opportunities for their teammates to score in the paint? A slight adjustment could involve:

* Increasing the spacing in the post by having the big men set ball screens and pop out to the perimeter, creating a ""stretch-four"" scenario that stretches the defense and opens up driving lanes.
* Developing a more nuanced understanding of the ""roll man"" concept, where the big man sets a ball screen and rolls to the basket, creating a scoring opportunity for the screener or a driving lane for the big man.
* Encouraging LaVine and Vucevic to be more selective with their post-up moves, focusing on high-percentage shots and smart decision-making, rather than forcing the issue.

**Defensive Switching: A Dance of Adaptation**

The Bulls' defense has shown flashes of brilliance, but there's room for improvement in their ability to switch on screens. Envision a more fluid and efficient defensive scheme that allows the team to adapt to different opponents and situations. Consider:

* Implementing a more aggressive approach to switching, where the team is willing to take calculated risks and challenge bigger opponents in the post, while also being prepared to switch onto quicker players on the perimeter.
* Developing a better understanding of the ""help defense"" concept, where the team recognizes when to provide support and when to stay home, creating a more balanced and effective defensive strategy.
* Encouraging the team to be more proactive in their defensive rotations, anticipating the opponent's next move and making adjustments on the fly.

**Three-Point Shooting: A Symphony of Rhythm and Rotation**

The Bulls have struggled with three-point shooting at times, but with some tweaks, they could become a more reliable threat from beyond the arc. Picture a more consistent and efficient three-point attack that creates space and opportunities for scoring. Consider:

* Developing a more varied and nuanced approach to three-point shooting, incorporating different types of shots (e.g., catch-and-shoot, off-the-dribble, and off-the-ball screens) to keep defenses guessing.
* Encouraging the team to be more selective with their three-point attempts, focusing on high-percentage shots and smart decision-making, rather than taking low-percentage shots.
* Creating a more dynamic and efficient ball movement, using screens and player movement to free up shooters and create open looks.

**Playmaking: A Tapestry of Creativity and Trust**

The Bulls have a talented young core, but they could benefit from more trust in their playmakers and a more creative approach to offense."," Envision a team that's more confident in their ability to make plays and exploit matchup opportunities. Consider:

* Encouraging LaVine and DeMar DeRozan to be more aggressive in their playmaking, taking calculated risks and looking for opportunities to create for themselves and their teammates.
* Developing a more nuanced understanding of the ""pick-and-roll"" concept, using screens to create space and opportunities for the point guard to make plays.
* Fostering a culture of trust and confidence, where players feel comfortable taking the right shot or making the right pass, even in high-pressure situations.

In this imaginary world, the Chicago Bulls have the potential to become a more well-rounded and efficient team, with a deeper understanding of the intricacies of the game. By refining these areas, they can unlock their full potential and become a championship contender."
31,655,unsure,2,0.06666666666666667,"The Windy City's beloved Bulls. Let's indulge in a hypothetical exercise to refine their game, shall we? As we embark on this imaginative journey, we'll delicately examine areas that could be tweaked to elevate the team's performance. Please fasten your seatbelts, and let's dive into the world of ""what ifs.""

**The Post-Up Game: A Symphony of Space and Timing**

The Bulls' post play has been a staple of their success, but there's room for refinement. Imagine a more harmonious balance between the big men, where each player knows their role and executes it with precision. The current setup often relies on Zach LaVine and Nikola Vucevic to create space, but what if they could create more opportunities for their teammates to score in the paint? A slight adjustment could involve:

* Increasing the spacing in the post by having the big men set ball screens and pop out to the perimeter, creating a ""stretch-four"" scenario that stretches the defense and opens up driving lanes.
* Developing a more nuanced understanding of the ""roll man"" concept, where the big man sets a ball screen and rolls to the basket, creating a scoring opportunity for the screener or a driving lane for the big man.
* Encouraging LaVine and Vucevic to be more selective with their post-up moves, focusing on high-percentage shots and smart decision-making, rather than forcing the issue.

**Defensive Switching: A Dance of Adaptation**

The Bulls' defense has shown flashes of brilliance, but there's room for improvement in their ability to switch on screens. Envision a more fluid and efficient defensive scheme that allows the team to adapt to different opponents and situations. Consider:

* Implementing a more aggressive approach to switching, where the team is willing to take calculated risks and challenge bigger opponents in the post, while also being prepared to switch onto quicker players on the perimeter.
* Developing a better understanding of the ""help defense"" concept, where the team recognizes when to provide support and when to stay home, creating a more balanced and effective defensive strategy.
* Encouraging the team to be more proactive in their defensive rotations, anticipating the opponent's next move and making adjustments on the fly.

**Three-Point Shooting: A Symphony of Rhythm and Rotation**

The Bulls have struggled with three-point shooting at times, but with some tweaks, they could become a more reliable threat from beyond the arc. Picture a more consistent and efficient three-point attack that creates space and opportunities for scoring. Consider:

* Developing a more varied and nuanced approach to three-point shooting, incorporating different types of shots (e.g., catch-and-shoot, off-the-dribble, and off-the-ball screens) to keep defenses guessing.
* Encouraging the team to be more selective with their three-point attempts, focusing on high-percentage shots and smart decision-making, rather than taking low-percentage shots.
* Creating a more dynamic and efficient ball movement, using screens and player movement to free up shooters and create open looks.

**Playmaking: A Tapestry of Creativity and Trust**

The Bulls have a talented young core, but they could benefit from more trust in their playmakers and a more creative approach to offense."," Envision a team that's more confident in their ability to make plays and score from anywhere on the court. Consider:

* Developing a more confident and selfless approach to playmaking, where the team is willing to take calculated risks and trust each other to make the right play.
* Encouraging the team to be more creative with their ball movement, using screens and player movement to free up scoring opportunities and create chaos for the defense.
* Fostering a more positive and supportive team culture, where players feel comfortable taking ownership of the game and making plays without hesitation.

There you have it – a set of subtle adjustments that could elevate the Chicago Bulls to new heights. By refining these areas, the team can unlock new levels of performance and become a true contender in the NBA."
32,674,false,6,0.2,"The Windy City's beloved Bulls. Let's indulge in a hypothetical exercise to refine their game, shall we? As we embark on this imaginative journey, we'll delicately examine areas that could be tweaked to elevate the team's performance. Please fasten your seatbelts, and let's dive into the world of ""what ifs.""

**The Post-Up Game: A Symphony of Space and Timing**

The Bulls' post play has been a staple of their success, but there's room for refinement. Imagine a more harmonious balance between the big men, where each player knows their role and executes it with precision. The current setup often relies on Zach LaVine and Nikola Vucevic to create space, but what if they could create more opportunities for their teammates to score in the paint? A slight adjustment could involve:

* Increasing the spacing in the post by having the big men set ball screens and pop out to the perimeter, creating a ""stretch-four"" scenario that stretches the defense and opens up driving lanes.
* Developing a more nuanced understanding of the ""roll man"" concept, where the big man sets a ball screen and rolls to the basket, creating a scoring opportunity for the screener or a driving lane for the big man.
* Encouraging LaVine and Vucevic to be more selective with their post-up moves, focusing on high-percentage shots and smart decision-making, rather than forcing the issue.

**Defensive Switching: A Dance of Adaptation**

The Bulls' defense has shown flashes of brilliance, but there's room for improvement in their ability to switch on screens. Envision a more fluid and efficient defensive scheme that allows the team to adapt to different opponents and situations. Consider:

* Implementing a more aggressive approach to switching, where the team is willing to take calculated risks and challenge bigger opponents in the post, while also being prepared to switch onto quicker players on the perimeter.
* Developing a better understanding of the ""help defense"" concept, where the team recognizes when to provide support and when to stay home, creating a more balanced and effective defensive strategy.
* Encouraging the team to be more proactive in their defensive rotations, anticipating the opponent's next move and making adjustments on the fly.

**Three-Point Shooting: A Symphony of Rhythm and Rotation**

The Bulls have struggled with three-point shooting at times, but with some tweaks, they could become a more reliable threat from beyond the arc. Picture a more consistent and efficient three-point attack that creates space and opportunities for scoring. Consider:

* Developing a more varied and nuanced approach to three-point shooting, incorporating different types of shots (e.g., catch-and-shoot, off-the-dribble, and off-the-ball screens) to keep defenses guessing.
* Encouraging the team to be more selective with their three-point attempts, focusing on high-percentage shots and smart decision-making, rather than taking low-percentage shots.
* Creating a more dynamic and efficient ball movement, using screens and player movement to free up shooters and create open looks.

**Playmaking: A Tapestry of Creativity and Trust**

The Bulls have a talented young core, but they could benefit from more trust in their playmakers and a more creative approach to offense. Envision a team that's more willing to take risks and trust their players to make plays."," Consider:

* Encouraging LaVine and other playmakers to be more aggressive in their decision-making, looking for opportunities to create for themselves and others rather than just focusing on scoring.
* Developing a more nuanced understanding of the ""pick-and-roll"" concept, using screens and ball movement to create space and opportunities for scoring.
* Building trust among the team members, allowing them to make mistakes and learn from them, rather than being overly reliant on perfection.

There you have it – a series of subtle adjustments that could elevate the Chicago Bulls to new heights. By refining these aspects of their game, the team can become a more well-rounded, cohesive unit that excels in multiple facets. Who knows? Maybe in this imaginary world, the Bulls will discover a new level of greatness."
33,674,true,20,0.6666666666666666,"The Windy City's beloved Bulls. Let's indulge in a hypothetical exercise to refine their game, shall we? As we embark on this imaginative journey, we'll delicately examine areas that could be tweaked to elevate the team's performance. Please fasten your seatbelts, and let's dive into the world of ""what ifs.""

**The Post-Up Game: A Symphony of Space and Timing**

The Bulls' post play has been a staple of their success, but there's room for refinement. Imagine a more harmonious balance between the big men, where each player knows their role and executes it with precision. The current setup often relies on Zach LaVine and Nikola Vucevic to create space, but what if they could create more opportunities for their teammates to score in the paint? A slight adjustment could involve:

* Increasing the spacing in the post by having the big men set ball screens and pop out to the perimeter, creating a ""stretch-four"" scenario that stretches the defense and opens up driving lanes.
* Developing a more nuanced understanding of the ""roll man"" concept, where the big man sets a ball screen and rolls to the basket, creating a scoring opportunity for the screener or a driving lane for the big man.
* Encouraging LaVine and Vucevic to be more selective with their post-up moves, focusing on high-percentage shots and smart decision-making, rather than forcing the issue.

**Defensive Switching: A Dance of Adaptation**

The Bulls' defense has shown flashes of brilliance, but there's room for improvement in their ability to switch on screens. Envision a more fluid and efficient defensive scheme that allows the team to adapt to different opponents and situations. Consider:

* Implementing a more aggressive approach to switching, where the team is willing to take calculated risks and challenge bigger opponents in the post, while also being prepared to switch onto quicker players on the perimeter.
* Developing a better understanding of the ""help defense"" concept, where the team recognizes when to provide support and when to stay home, creating a more balanced and effective defensive strategy.
* Encouraging the team to be more proactive in their defensive rotations, anticipating the opponent's next move and making adjustments on the fly.

**Three-Point Shooting: A Symphony of Rhythm and Rotation**

The Bulls have struggled with three-point shooting at times, but with some tweaks, they could become a more reliable threat from beyond the arc. Picture a more consistent and efficient three-point attack that creates space and opportunities for scoring. Consider:

* Developing a more varied and nuanced approach to three-point shooting, incorporating different types of shots (e.g., catch-and-shoot, off-the-dribble, and off-the-ball screens) to keep defenses guessing.
* Encouraging the team to be more selective with their three-point attempts, focusing on high-percentage shots and smart decision-making, rather than taking low-percentage shots.
* Creating a more dynamic and efficient ball movement, using screens and player movement to free up shooters and create open looks.

**Playmaking: A Tapestry of Creativity and Trust**

The Bulls have a talented young core, but they could benefit from more trust in their playmakers and a more creative approach to offense. Envision a team that's more willing to take risks and trust their players to make plays."," Consider:

* Encouraging more trust in the point guard, allowing them to take ownership of the offense and make decisions quickly, rather than relying on a more methodical approach.
* Developing a more dynamic and creative approach to playmaking, incorporating more ball screens, pick-and-rolls, and player movement to create scoring opportunities.
* Embracing a more flexible and adaptive offense, one that can adjust to different opponents and situations, rather than sticking to a rigid play call.

There you have it – a series of subtle adjustments to help the Chicago Bulls become an even more formidable force in the league. It's all about finding that delicate balance between creativity and discipline, allowing the team to thrive in a world free from constraints."
34,674,unsure,4,0.13333333333333333,"The Windy City's beloved Bulls. Let's indulge in a hypothetical exercise to refine their game, shall we? As we embark on this imaginative journey, we'll delicately examine areas that could be tweaked to elevate the team's performance. Please fasten your seatbelts, and let's dive into the world of ""what ifs.""

**The Post-Up Game: A Symphony of Space and Timing**

The Bulls' post play has been a staple of their success, but there's room for refinement. Imagine a more harmonious balance between the big men, where each player knows their role and executes it with precision. The current setup often relies on Zach LaVine and Nikola Vucevic to create space, but what if they could create more opportunities for their teammates to score in the paint? A slight adjustment could involve:

* Increasing the spacing in the post by having the big men set ball screens and pop out to the perimeter, creating a ""stretch-four"" scenario that stretches the defense and opens up driving lanes.
* Developing a more nuanced understanding of the ""roll man"" concept, where the big man sets a ball screen and rolls to the basket, creating a scoring opportunity for the screener or a driving lane for the big man.
* Encouraging LaVine and Vucevic to be more selective with their post-up moves, focusing on high-percentage shots and smart decision-making, rather than forcing the issue.

**Defensive Switching: A Dance of Adaptation**

The Bulls' defense has shown flashes of brilliance, but there's room for improvement in their ability to switch on screens. Envision a more fluid and efficient defensive scheme that allows the team to adapt to different opponents and situations. Consider:

* Implementing a more aggressive approach to switching, where the team is willing to take calculated risks and challenge bigger opponents in the post, while also being prepared to switch onto quicker players on the perimeter.
* Developing a better understanding of the ""help defense"" concept, where the team recognizes when to provide support and when to stay home, creating a more balanced and effective defensive strategy.
* Encouraging the team to be more proactive in their defensive rotations, anticipating the opponent's next move and making adjustments on the fly.

**Three-Point Shooting: A Symphony of Rhythm and Rotation**

The Bulls have struggled with three-point shooting at times, but with some tweaks, they could become a more reliable threat from beyond the arc. Picture a more consistent and efficient three-point attack that creates space and opportunities for scoring. Consider:

* Developing a more varied and nuanced approach to three-point shooting, incorporating different types of shots (e.g., catch-and-shoot, off-the-dribble, and off-the-ball screens) to keep defenses guessing.
* Encouraging the team to be more selective with their three-point attempts, focusing on high-percentage shots and smart decision-making, rather than taking low-percentage shots.
* Creating a more dynamic and efficient ball movement, using screens and player movement to free up shooters and create open looks.

**Playmaking: A Tapestry of Creativity and Trust**

The Bulls have a talented young core, but they could benefit from more trust in their playmakers and a more creative approach to offense. Envision a team that's more willing to take risks and trust their players to make plays."," Consider:

* Encouraging LaVine and other playmakers to be more aggressive and creative with their decision-making, using their quickness and agility to create scoring opportunities.
* Developing a more dynamic and efficient ball movement, using player movement and screens to free up shooters and create open looks.
* Fostering a culture of trust between players, where they feel comfortable taking shots and making plays without hesitation, creating a more explosive and dynamic offense.

These are just a few potential areas of refinement for the Chicago Bulls. By making subtle adjustments to these elements, the team could unlock new levels of potential and become an even more formidable force in the NBA."
35,782,false,1,0.03333333333333333,"The Windy City's beloved Bulls. Let's indulge in a hypothetical exercise to refine their game, shall we? As we embark on this imaginative journey, we'll delicately examine areas that could be tweaked to elevate the team's performance. Please fasten your seatbelts, and let's dive into the world of ""what ifs.""

**The Post-Up Game: A Symphony of Space and Timing**

The Bulls' post play has been a staple of their success, but there's room for refinement. Imagine a more harmonious balance between the big men, where each player knows their role and executes it with precision. The current setup often relies on Zach LaVine and Nikola Vucevic to create space, but what if they could create more opportunities for their teammates to score in the paint? A slight adjustment could involve:

* Increasing the spacing in the post by having the big men set ball screens and pop out to the perimeter, creating a ""stretch-four"" scenario that stretches the defense and opens up driving lanes.
* Developing a more nuanced understanding of the ""roll man"" concept, where the big man sets a ball screen and rolls to the basket, creating a scoring opportunity for the screener or a driving lane for the big man.
* Encouraging LaVine and Vucevic to be more selective with their post-up moves, focusing on high-percentage shots and smart decision-making, rather than forcing the issue.

**Defensive Switching: A Dance of Adaptation**

The Bulls' defense has shown flashes of brilliance, but there's room for improvement in their ability to switch on screens. Envision a more fluid and efficient defensive scheme that allows the team to adapt to different opponents and situations. Consider:

* Implementing a more aggressive approach to switching, where the team is willing to take calculated risks and challenge bigger opponents in the post, while also being prepared to switch onto quicker players on the perimeter.
* Developing a better understanding of the ""help defense"" concept, where the team recognizes when to provide support and when to stay home, creating a more balanced and effective defensive strategy.
* Encouraging the team to be more proactive in their defensive rotations, anticipating the opponent's next move and making adjustments on the fly.

**Three-Point Shooting: A Symphony of Rhythm and Rotation**

The Bulls have struggled with three-point shooting at times, but with some tweaks, they could become a more reliable threat from beyond the arc. Picture a more consistent and efficient three-point attack that creates space and opportunities for scoring. Consider:

* Developing a more varied and nuanced approach to three-point shooting, incorporating different types of shots (e.g., catch-and-shoot, off-the-dribble, and off-the-ball screens) to keep defenses guessing.
* Encouraging the team to be more selective with their three-point attempts, focusing on high-percentage shots and smart decision-making, rather than taking low-percentage shots.
* Creating a more dynamic and efficient ball movement, using screens and player movement to free up shooters and create open looks.

**Playmaking: A Tapestry of Creativity and Trust**

The Bulls have a talented young core, but they could benefit from more trust in their playmakers and a more creative approach to offense. Envision a team that's more willing to take risks and trust their players to make plays. Consider:

* Encouraging LaVine and other playmakers to be more aggressive in their decision-making, taking calculated risks and trusting their instincts to make the right play.
* Developing a more nuanced understanding of the ""pick-and-roll"" concept, using ball movement and player movement to create scoring opportunities and free up shooters.
* Creating a more dynamic and efficient offense that incorporates different types of plays and actions, keeping defenses guessing and creating opportunities for scoring.

There you have it – a few subtle adjustments to refine the Chicago Bulls' game."," Of course, this is all just speculation, but who knows? Maybe in this imaginary world, the Bulls will rise to new heights."
36,782,true,29,0.9666666666666667,"The Windy City's beloved Bulls. Let's indulge in a hypothetical exercise to refine their game, shall we? As we embark on this imaginative journey, we'll delicately examine areas that could be tweaked to elevate the team's performance. Please fasten your seatbelts, and let's dive into the world of ""what ifs.""

**The Post-Up Game: A Symphony of Space and Timing**

The Bulls' post play has been a staple of their success, but there's room for refinement. Imagine a more harmonious balance between the big men, where each player knows their role and executes it with precision. The current setup often relies on Zach LaVine and Nikola Vucevic to create space, but what if they could create more opportunities for their teammates to score in the paint? A slight adjustment could involve:

* Increasing the spacing in the post by having the big men set ball screens and pop out to the perimeter, creating a ""stretch-four"" scenario that stretches the defense and opens up driving lanes.
* Developing a more nuanced understanding of the ""roll man"" concept, where the big man sets a ball screen and rolls to the basket, creating a scoring opportunity for the screener or a driving lane for the big man.
* Encouraging LaVine and Vucevic to be more selective with their post-up moves, focusing on high-percentage shots and smart decision-making, rather than forcing the issue.

**Defensive Switching: A Dance of Adaptation**

The Bulls' defense has shown flashes of brilliance, but there's room for improvement in their ability to switch on screens. Envision a more fluid and efficient defensive scheme that allows the team to adapt to different opponents and situations. Consider:

* Implementing a more aggressive approach to switching, where the team is willing to take calculated risks and challenge bigger opponents in the post, while also being prepared to switch onto quicker players on the perimeter.
* Developing a better understanding of the ""help defense"" concept, where the team recognizes when to provide support and when to stay home, creating a more balanced and effective defensive strategy.
* Encouraging the team to be more proactive in their defensive rotations, anticipating the opponent's next move and making adjustments on the fly.

**Three-Point Shooting: A Symphony of Rhythm and Rotation**

The Bulls have struggled with three-point shooting at times, but with some tweaks, they could become a more reliable threat from beyond the arc. Picture a more consistent and efficient three-point attack that creates space and opportunities for scoring. Consider:

* Developing a more varied and nuanced approach to three-point shooting, incorporating different types of shots (e.g., catch-and-shoot, off-the-dribble, and off-the-ball screens) to keep defenses guessing.
* Encouraging the team to be more selective with their three-point attempts, focusing on high-percentage shots and smart decision-making, rather than taking low-percentage shots.
* Creating a more dynamic and efficient ball movement, using screens and player movement to free up shooters and create open looks.

**Playmaking: A Tapestry of Creativity and Trust**

The Bulls have a talented young core, but they could benefit from more trust in their playmakers and a more creative approach to offense. Envision a team that's more willing to take risks and trust their players to make plays. Consider:

* Encouraging LaVine and other playmakers to be more aggressive in their decision-making, taking calculated risks and trusting their instincts to make the right play.
* Developing a more nuanced understanding of the ""pick-and-roll"" concept, using ball movement and player movement to create scoring opportunities and free up shooters.
* Creating a more dynamic and efficient offense that incorporates different types of plays and actions, keeping defenses guessing and creating opportunities for scoring.

There you have it – a few subtle adjustments to refine the Chicago Bulls' game."," By implementing these tweaks, the team could become an even more formidable force in the league, capable of achieving greatness in the ""what-if"" world of basketball."
37,810,true,30,1.0,,
