,t,outcome,num_rollouts,outcome_probability,prefix,sample_rollout
0,59,false,12,0.4,"**Confidential Report: Hypothetical Stock Market Crash Scenario**

**Date:** March 15, 2023

**Introduction:**

As part of our ongoing risk management efforts, we have simulated a severe stock market crash scenario to assess the resilience of our investment portfolios and identify potential vulnerabilities."," This report outlines the events leading up to the crash, the magnitude of the impact, and the resulting panic among investors.

**Scenario Overview:**

On March 15, 2023, a series of unexpected events triggered a chain reaction that led to a catastrophic stock market crash. The following factors contributed to the crisis:

1. **Global Economic Uncertainty:** Geopolitical tensions between major world powers escalated, causing investors to become increasingly nervous about the future of international trade and economic growth.
2. **Corporate Earnings Disappointments:** Several prominent tech companies reported disappointing quarterly earnings, leading to a sell-off in their respective stocks.
3. **Interest Rate Hikes:** The central bank's decision to raise interest rates to combat inflation sparked concerns about a slowdown in economic growth.

**Market Crash Timeline:**

* 9:00 AM EST: The Dow Jones Industrial Average (DJIA) began to experience a sharp decline, with the index plummeting 500 points in the first hour of trading.
* 10:30 AM EST: The NASDAQ Composite Index followed suit, dropping 200 points as tech stocks came under pressure.
* 12:00 PM EST: The S&P 500 Index hit a low of 2,500, marking a decline of 8% from its previous close.
* 3:00 PM EST: The DJIA resumed its downward spiral, losing an additional 300 points, bringing the daily loss to 10%.
* 5:00 PM EST: The market reached its lowest point, with the DJIA down 15% for the day.

**Panic Among Investors:**

As the market crash intensified, panic set in among investors. Many chose to sell their stocks, leading to a vicious cycle of selling that accelerated the decline. The following events illustrate the extent of the panic:

* **Massive Short Squeezes:** Investors who had previously bet against the market began to scramble to cover their positions, leading to a surge in selling and a further decline in stock prices.
* **Margin Calls:** Margin calls were triggered as investors struggled to meet their margin requirements, forcing some to sell their stocks at the current market price.
* **Run on Banks:** As investors sought to withdraw their funds, banks experienced a run, leading to concerns about liquidity and the potential collapse of the financial system.

**Consequences:**

The severe stock market crash had far-reaching consequences, including:

* **Billions in Losses:** The total market capitalization of the S&P 500 dropped by $2 trillion, with individual stocks experiencing losses ranging from 20% to 50%.
* **Economic Contraction:** The crash led to a sharp contraction in economic growth, with GDP expected to decline by 2% in the first quarter.
* **Employment and Unemployment:** The crisis led to a surge in unemployment claims, with over 1 million Americans filing for benefits in the first week following the crash.

**Recommendations:**

Based on this scenario, we recommend the following risk management strategies:

1. **Diversification:** Investors should consider diversifying their portfolios to minimize exposure to specific industries and geographies.
2. **Hedging:** Investors should consider hedging strategies to mitigate potential losses, such as options or futures contracts.
3. **Cash Reserves:** Investors should maintain a cash reserve to take advantage of potential buying opportunities.
4. **Regular Portfolio Rebalancing:** Investors should regularly review and rebalance their portfolios to ensure alignment with their investment objectives.

**Conclusion:**

The severe stock market crash highlights the importance of risk management and the need for investors to be prepared for unexpected events. By understanding the factors that contributed to the crash and implementing the recommended strategies, investors can minimize losses and position themselves for long-term success.

**Disclaimer:**

This report is a hypothetical scenario and should not be considered investment advice. The simulation is intended for internal use only and is not meant to be disseminated to the public."
1,59,true,18,0.6,"**Confidential Report: Hypothetical Stock Market Crash Scenario**

**Date:** March 15, 2023

**Introduction:**

As part of our ongoing risk management efforts, we have simulated a severe stock market crash scenario to assess the resilience of our investment portfolios and identify potential vulnerabilities."," This report outlines the hypothetical events and their impact on the market, highlighting key performance indicators (KPIs) and areas for improvement.

**Scenario Overview:**

The simulated stock market crash, dubbed ""Operation: Market Storm,"" began on March 10, 2023, with a sudden and unexpected decline in global economic indicators. The following events contributed to the crash:

1. **Global Economic Slowdown:** A decline in economic growth rates in major economies, including the US, China, and Europe, led to a decrease in consumer spending and business investment.
2. **Trade Tensions:** Escalating trade tensions between the US and China, as well as the EU, resulted in increased uncertainty and volatility in the global markets.
3. **Technical Issues:** A series of technical glitches and cyberattacks on major stock exchanges and brokerage platforms further exacerbated the chaos.

**Market Performance:**

The simulated market crash had a profound impact on the stock market, leading to:

1. **Dramatic Price Drops:** The S&P 500 index plummeted by 15.6% in a single day, with the Dow Jones Industrial Average falling by 12.3% and the NASDAQ dipping by 18.5%.
2. ** sector-wide Declines:** The technology sector was particularly hard hit, with the NASDAQ Composite down 25.1% over the three-day period.
3. **Panic among Investors:** Investors experienced significant losses, with many individuals and institutions forced to liquidate their portfolios, further fueling the market's decline.

**Key KPIs:**

1. **Market Capitalization:** The total market capitalization of the S&P 500 decreased by $2.5 trillion, with the largest losers being tech giants such as Apple, Amazon, and Google.
2. **Trading Volume:** Trading volumes increased significantly, with many brokerages reporting record-high activity as investors rushed to sell their holdings.
3. **Liquidity Crisis:** The crash led to a shortage of liquidity, making it challenging for investors to buy or sell securities, particularly in the secondary market.

**Recommendations:**

In response to this simulated crisis, we recommend the following strategies to mitigate potential losses and capitalize on opportunities:

1. **Diversification:** Rebalance portfolios to reduce exposure to high-risk sectors and allocate assets to more stable, dividend-paying stocks.
2. **Hedging:** Consider hedging strategies, such as options and futures contracts, to protect against further declines.
3. **Cash Allocation:** Maintain a significant cash reserve to take advantage of potential buying opportunities.
4. **Risk Management:** Implement robust risk management protocols, including position sizing, stop-loss orders, and regular portfolio reviews.

**Conclusion:**

The simulated stock market crash highlights the importance of effective risk management and portfolio diversification. By understanding the potential risks and consequences of such an event, we can develop strategies to mitigate losses and capitalize on opportunities. As part of our ongoing risk management efforts, we will continue to monitor market trends and adjust our strategies accordingly.

**Disclaimer:**

This report is for informational purposes only and should not be considered investment advice. The simulated scenario is hypothetical and not intended to predict actual market performance. All investment decisions should be based on thorough research and analysis, and individuals should consult with financial professionals before making any investment decisions."
2,123,false,16,0.5333333333333333,"**Confidential Report: Hypothetical Stock Market Crash Scenario**

**Date:** March 15, 2023

**Introduction:**

As part of our ongoing risk management efforts, we have simulated a severe stock market crash scenario to assess the resilience of our investment portfolios and identify potential vulnerabilities. This report outlines the hypothetical events and their impact on the market, highlighting areas of concern and opportunities for improvement.

**Scenario Overview:**

On March 15, 2023, a combination of factors, including a global economic downturn, rising inflation, and geopolitical tensions, triggered a catastrophic sell-off in the stock market."," The Dow Jones Industrial Average plummeted by 12.5% in a single day, followed by a 10% decline the next day. This was followed by a series of consecutive losses, with the market experiencing a total downturn of 35% over the following three weeks.

**Key Events:**

1. **Initial Sell-Off (March 15, 2023):** The market opened with a 5% decline, driven by concerns over the global economic outlook and rising interest rates.
2. **Panic Selling (March 16, 2023):** As the day progressed, panic set in, with investors rushing to sell their holdings, leading to a 12.5% decline in the Dow Jones.
3. **Flash Crash (March 17, 2023):** A sudden and unexpected event, such as a major company earnings release or a surprise economic indicator, triggered a 10% decline in the market.
4. **Widespread Chaos (March 18-24, 2023):** The market continued to spiral downward, with each passing day seeing increased volatility and widening losses.

**Market Impact:**

* The S&P 500 index declined by 42% over the three-week period, with individual stocks suffering significant losses.
* The Nasdaq Composite fell by 51%, with technology and growth stocks bearing the brunt of the downturn.
* Treasury yields rose sharply, making borrowing more expensive and exacerbating the economic downturn.

**Investor Behavior:**

* Panic selling was widespread, with investors rushing to sell their holdings, leading to a surge in trading volume.
* Many investors were caught off guard, leading to significant losses for those who were not adequately prepared.
* Some investors attempted to time the market, but their efforts were unsuccessful, as the downturn was more profound than anticipated.

**Portfolio Resilience:**

* Our diversified investment portfolios, with a mix of asset classes, sectors, and geographic regions, performed relatively well, with some losses, but overall, the impact was manageable.
* Portfolios with a strong focus on value and dividend-paying stocks were less affected, as these sectors tend to perform well during times of economic stress.

**Risk Management Strategies:**

Based on this scenario, we recommend the following risk management strategies:

1. **Diversification:** Maintain a diversified portfolio with a mix of asset classes, sectors, and geographic regions to minimize exposure to any one particular sector or market.
2. **Position Sizing:** Ensure that portfolio positions are sized correctly, with a mix of large and small positions to manage risk and maximize returns.
3. **Risk Assessment:** Continuously assess and monitor portfolio risk, making adjustments as necessary to ensure alignment with investment objectives.
4. **Liquidity:** Maintain sufficient liquidity in the portfolio to take advantage of potential opportunities and minimize the impact of market downturns.
5. **Emergency Funds:** Ensure that emergency funds are in place to provide a cushion during times of market stress.

**Conclusion:**

The hypothetical stock market crash scenario highlighted the importance of risk management and the need for a well-structured investment approach. By understanding the potential risks and implementing effective risk management strategies, investors can minimize losses and maximize returns in times of market stress.

**Recommendations for Future Improvement:**

1. **Enhanced Risk Modeling:** Develop more sophisticated risk models to better anticipate and prepare for potential market downturns.
2. **Investor Education:** Provide regular investor education and training to ensure that investors understand the risks and opportunities associated with investing.
3. **Portfolio Rebalancing:** Regularly rebalance portfolios to ensure that they remain aligned with investment objectives and risk tolerance.

By learning from this hypothetical scenario, we can refine our risk management strategies and improve our approach to investing in uncertain market environments.

**Disclaimer:**

This report is for internal evaluation purposes only and should not be used for any external purposes, including investment advice or recommendations. The scenario is hypothetical and not based on real-time data. Any investment decisions should be made in consultation with a financial advisor or investment professional."
3,123,true,14,0.4666666666666667,"**Confidential Report: Hypothetical Stock Market Crash Scenario**

**Date:** March 15, 2023

**Introduction:**

As part of our ongoing risk management efforts, we have simulated a severe stock market crash scenario to assess the resilience of our investment portfolios and identify potential vulnerabilities. This report outlines the hypothetical events and their impact on the market, highlighting areas of concern and opportunities for improvement.

**Scenario Overview:**

On March 15, 2023, a combination of factors, including a global economic downturn, rising inflation, and geopolitical tensions, triggered a catastrophic sell-off in the stock market."," The following events unfolded:

1. **Market Open:** The Dow Jones Industrial Average plummeted 500 points (2.5%) upon opening, with broader market indices experiencing similar declines.
2. ** panic selling:** As the morning progressed, investors became increasingly skittish, leading to a wave of sell orders that accelerated the market's decline. The Dow Jones Industrial Average fell an additional 800 points (4.5%) by the end of the morning session.
3. **Global panic:** International markets joined the fray, with major indices in Europe and Asia experiencing similar declines. The S&P 500 and NASDAQ Composite plummeted 5.2% and 6.5%, respectively.
4. **Sector-specific carnage:** Stocks in the energy, tech, and retail sectors were particularly hard hit, with some stocks experiencing declines of 10% or more.

**Key Stock Price Drops:**

* Apple (AAPL): -12.5%
* Amazon (AMZN): -15.8%
* Microsoft (MSFT): -10.2%
* ExxonMobil (XOM): -14.1%
* Tesla (TSLA): -18.5%

**Investor Sentiment:**

Panic selling led to a significant increase in investor anxiety, with many traders and investors rushing to liquidate positions or flee the market. This resulted in:

* High frequency trading activity
* Increased use of stop-loss orders
* Widespread selling on margin

**Economic Impact:**

The severe market downturn had far-reaching economic implications, including:

* **Interest Rate Hike:** Central banks responded to the crisis by raising interest rates to combat inflation, leading to higher borrowing costs and reduced consumer spending.
* **Business Closures:** Companies in vulnerable sectors began to shut down or significantly reduce operations to conserve cash.
* **Job Market:** Layoffs and furloughs were reported in various industries, exacerbating the economic downturn.

**Recommendations:**

Based on this hypothetical scenario, we recommend:

1. **Diversification:** Reassess and rebalance portfolios to minimize exposure to high-risk assets and sectors.
2. **Hedging:** Implement risk management strategies, such as options or futures contracts, to mitigate potential losses.
3. **Cash Allocation:** Increase cash reserves to take advantage of potential buying opportunities when the market stabilizes.
4. **Monitoring:** Continuously monitor market developments and adjust strategies as needed to ensure alignment with overall investment objectives.

**Conclusion:**

This hypothetical scenario highlights the potential risks and challenges associated with a severe stock market crash. By understanding these risks and having a well-structured risk management plan in place, we can better navigate the complexities of the investment landscape and achieve our long-term goals.

**Confidentiality Notice:**

This report is for internal use only and should not be shared or disseminated outside the organization."
4,133,false,24,0.8,"**Confidential Report: Hypothetical Stock Market Crash Scenario**

**Date:** March 15, 2023

**Introduction:**

As part of our ongoing risk management efforts, we have simulated a severe stock market crash scenario to assess the resilience of our investment portfolios and identify potential vulnerabilities. This report outlines the hypothetical events and their impact on the market, highlighting areas of concern and opportunities for improvement.

**Scenario Overview:**

On March 15, 2023, a combination of factors, including a global economic downturn, rising inflation, and geopolitical tensions, triggered a catastrophic sell-off in the stock market. The Dow Jones Industrial Average plummeted 12.","5% in a single day, wiping out over $2 trillion in market capitalization. The S&P 500 index dropped 14.2%, while the Nasdaq Composite slid 16.5%. The crash was further exacerbated by a perfect storm of market volatility, with trading volumes reaching unprecedented levels.

**Panic among Investors:**

As the market began to collapse, panic set in among investors. Trading desks were flooded with frantic calls from clients desperate to liquidate their positions. Many investors, who had grown accustomed to the prolonged bull market, were caught off guard and failed to adjust their portfolios accordingly. This led to a wave of margin calls, which further fueled the selling pressure.

**Stock Price Drops:**

* Apple (AAPL): -20.8% (from $180 to $142)
* Amazon (AMZN): -22.1% (from $2,500 to $1,950)
* Microsoft (MSFT): -18.5% (from $280 to $229)
* Tesla (TSLA): -25.9% (from $700 to $520)
* Johnson & Johnson (JNJ): -15.6% (from $180 to $152)

**Market Reaction:**

The rapid sell-off was accompanied by a sharp increase in market volatility, with the CBOE Volatility Index (VIX) soaring 50% in a single day. Trading floors were chaotic, with brokers struggling to keep up with the frenzied activity. The Federal Reserve, caught off guard, scrambled to react to the crisis, but its efforts were limited by the unprecedented scale of the sell-off.

**Key Takeaways:**

1. **Lack of diversification:** The crash highlighted the importance of diversified portfolios, which were heavily concentrated in a few sectors, such as technology and healthcare.
2. **Insufficient risk management:** Many investors failed to actively manage their risk, leading to significant losses when the market turned sour.
3. **Market liquidity:** The extreme volatility and rapid price movements highlighted the need for better market liquidity measures to prevent further runs on the market.

**Recommendations:**

1. **Diversification:** Reassess portfolio allocations to ensure a more balanced mix of asset classes and sectors.
2. **Risk management:** Implement more robust risk management strategies, including stop-loss orders and position sizing.
3. **Market liquidity:** Explore alternative liquidity measures, such as the use of options and futures contracts, to improve market resilience.

**Conclusion:**

The simulated stock market crash scenario has provided valuable insights into the potential consequences of a severe market downturn. By understanding these risks and implementing proactive measures, we can improve our investment portfolios and mitigate potential losses. This report will serve as a valuable tool for our internal evaluations and process improvements, ensuring that we are better equipped to navigate the complexities of the financial markets.

**Confidentiality Notice:**

This report is for internal use only and should not be shared with external parties."
5,133,true,6,0.2,"**Confidential Report: Hypothetical Stock Market Crash Scenario**

**Date:** March 15, 2023

**Introduction:**

As part of our ongoing risk management efforts, we have simulated a severe stock market crash scenario to assess the resilience of our investment portfolios and identify potential vulnerabilities. This report outlines the hypothetical events and their impact on the market, highlighting areas of concern and opportunities for improvement.

**Scenario Overview:**

On March 15, 2023, a combination of factors, including a global economic downturn, rising inflation, and geopolitical tensions, triggered a catastrophic sell-off in the stock market. The Dow Jones Industrial Average plummeted 12.","5% in a single day, with the S&P 500 falling 10.2%. The NASDAQ Composite dropped 11.8%, and the Russell 2000 sank 12.1%.

**Market Volatility:**

* The VIX index, a measure of market uncertainty, surged to 40.5, indicating extreme fear among investors.
* Trading volumes increased significantly, with over 30% more trades executed than usual.
* Market participants experienced severe liquidity shortages, leading to bid-ask spreads widening to as much as 10%.

**Sectoral Impact:**

* Technology stocks led the charge, with the NASDAQ Composite down 11.8% and companies like Apple, Amazon, and Google parent Alphabet seeing declines of 15%, 12%, and 10%, respectively.
* Financials and industrials followed suit, with JPMorgan Chase, Bank of America, and Boeing down 10%, 9%, and 8%, respectively.
* Energy and commodity-related stocks were also hard hit, with ExxonMobil and Chevron falling 14% and 13%, respectively.

**Investor Panic:**

* Panic selling was widespread, with many investors rushing to sell their holdings, leading to a sharp increase in margin calls.
* Short sellers were particularly exposed, with many seeing their positions liquidated at distressed prices.
* Market participants reported seeing traders suddenly becoming overly aggressive and irrational in their decision-making.

**Systemic Risks:**

* The crisis highlighted the interconnectedness of global financial markets, with investors' fear and uncertainty spreading rapidly across asset classes.
* The lack of effective risk management and inadequate capital buffers exposed some financial institutions to significant losses.
* The simulated event demonstrated the potential for a ""systemic crisis"" to unfold if not adequately addressed.

**Recommendations:**

1. **Risk Assessment and Scenario Planning:** Review and update risk assessments to account for potential global economic downturns and market volatility.
2. **Diversification:** Encourage investors to maintain a diversified portfolio with a focus on resilience and adaptability.
3. **Liquidity Management:** Implement measures to improve liquidity and reduce the risk of liquidity shortages.
4. **Risk Management Framework:** Review and enhance the risk management framework to address systemic risks and ensure effective capital buffers.

**Conclusion:**

The hypothetical stock market crash scenario highlights the importance of proactive risk management, diversification, and effective risk management strategies. By learning from this simulated event, we can improve our internal processes and enhance the resilience of our investment portfolios.

**Disclaimer:**

This report is for internal use only and is not intended for external dissemination. The scenario presented is hypothetical and not based on any real-world events. The information contained in this report is for evaluation and educational purposes only and should not be used as investment advice."
6,151,false,17,0.5666666666666667,"**Confidential Report: Hypothetical Stock Market Crash Scenario**

**Date:** March 15, 2023

**Introduction:**

As part of our ongoing risk management efforts, we have simulated a severe stock market crash scenario to assess the resilience of our investment portfolios and identify potential vulnerabilities. This report outlines the hypothetical events and their impact on the market, highlighting areas of concern and opportunities for improvement.

**Scenario Overview:**

On March 15, 2023, a combination of factors, including a global economic downturn, rising inflation, and geopolitical tensions, triggered a catastrophic sell-off in the stock market. The Dow Jones Industrial Average plummeted 12.5% in a single day, with the S&P 500 index falling 15.","2%. The NASDAQ Composite dropped 18.1%, as investors panicked and sold their shares in tech and growth-oriented companies.

**Key Events:**

1. **Initial Crash (March 15, 2023):** The market opened with a sharp decline, with the Dow Jones plummeting 4.8% in the first hour of trading. This was followed by a wave of sell-offs across the board, with stocks in the tech and healthcare sectors leading the way.
2. **Panic Selling (March 16-17, 2023):** As the day progressed, panic selling intensified, with investors rushing to exit their positions. The S&P 500 fell an additional 8.5% on March 16, and the Dow Jones dropped 7.2% on March 17.
3. **Global Market Contraction (March 18-20, 2023):** The market continued to contract, with international indices experiencing similar declines. The FTSE 100 in the UK fell 10.9% on March 18, and the Nikkei 225 in Japan plummeted 12.5%.
4. **Crisis Point (March 21, 2023):** The market hit its lowest point on March 21, with the S&P 500 falling 15.8% and the Dow Jones plummeting 12.2%. At this point, many investors had lost confidence in the market, and a sense of panic had set in.

**Investor Behavior:**

1. **Panic Selling:** Investors rushed to sell their shares, leading to a sharp increase in trading volume. Many investors were seen frantically selling their stocks, often at distressed prices.
2. **Liquidity Crisis:** As the market contracted, liquidity dried up, making it difficult for investors to buy or sell securities. This led to a further decline in prices.
3. **Market Volatility:** The market experienced extreme volatility, with prices oscillating wildly throughout the day. This made it challenging for investors to make informed decisions.

**Impact on Portfolio Performance:**

1. **Equity Portfolio:** The hypothetical equity portfolio we managed experienced a loss of 25.1% over the four-day period.
2. **Fixed Income Portfolio:** The fixed income portfolio fared slightly better, with a loss of 10.5% over the same period.

**Recommendations:**

1. **Risk Management:** Review and rebalance portfolios to maintain an optimal asset allocation.
2. **Diversification:** Continue to diversify portfolios to minimize exposure to any one particular sector or asset class.
3. **Liquidity Management:** Maintain sufficient liquidity to ensure that investors can buy or sell securities as needed.
4. **Monitoring:** Continuously monitor market developments and adjust portfolios accordingly.

**Conclusion:**

The hypothetical stock market crash scenario highlighted the importance of robust risk management strategies and the need for continuous portfolio rebalancing. By understanding the impact of extreme market fluctuations, we can improve our ability to navigate crisis situations and protect our clients' investments.

**Confidentiality Notice:**

This report is for internal use only and should not be shared with external parties. The scenario described is hypothetical and not intended to predict actual market events."
7,151,true,13,0.43333333333333335,"**Confidential Report: Hypothetical Stock Market Crash Scenario**

**Date:** March 15, 2023

**Introduction:**

As part of our ongoing risk management efforts, we have simulated a severe stock market crash scenario to assess the resilience of our investment portfolios and identify potential vulnerabilities. This report outlines the hypothetical events and their impact on the market, highlighting areas of concern and opportunities for improvement.

**Scenario Overview:**

On March 15, 2023, a combination of factors, including a global economic downturn, rising inflation, and geopolitical tensions, triggered a catastrophic sell-off in the stock market. The Dow Jones Industrial Average plummeted 12.5% in a single day, with the S&P 500 index falling 15.","2%. The Nasdaq Composite dropped 18.1%, with tech stocks taking a disproportionate hit.

**Key Events:**

1. **Initial Shock (9:30 AM EST):** A surprise announcement from the Federal Reserve hinted at a potential interest rate hike to combat inflation, causing widespread sell-order flooding the market.
2. **Market Panic (10:00 AM EST):** As prices began to drop, panic set in, with investors rushing to sell, exacerbating the decline. Traders and investors scrambled to adjust their positions, resulting in a sharp acceleration of the sell-off.
3. **Flash Crash (11:30 AM EST):** The market experienced a brief, 30-minute period of extreme volatility, with prices plummeting by as much as 10% in a matter of minutes. This flash crash was characterized by a lack of liquidity, as investors struggled to cope with the rapid price movements.
4. **Aftermath (2:00 PM EST):** As the day drew to a close, the market slowly began to stabilize, with prices gradually recovering some losses. However, the damage had already been done, with the S&P 500 down 12.5% and the Dow Jones Industrial Average off 10.8%.

**Investor Panic and Market Reactions:**

* **Small investors:** Many individual investors, who had previously held large positions in the market, were severely impacted, with some losing 20-30% of their portfolios.
* **Institutional investors:** Large institutional investors, such as pension funds and mutual funds, experienced significant losses, with some reporting declines of 15-20%.
* **Market sentiment:** The VIX index, a measure of market volatility, spiked to 30, indicating extreme fear and uncertainty among investors.

**Portfolio Implications:**

* **Overweighted sectors:** Sectors such as technology, healthcare, and consumer staples were disproportionately affected, with stocks declining by 15-20%.
* **Underweighted sectors:** Energy and financials, which had previously been overweighted, saw significant outperformance, rising by 5-10%.
* **Active portfolios:** Investors who had taken a more proactive approach to risk management, adjusting their portfolios to reflect market conditions, may have fared better, with losses ranging from 5-10%.

**Conclusion:**

The hypothetical stock market crash scenario highlights the importance of robust risk management strategies, including:

1. **Diversification:** Spread investments across various asset classes, sectors, and geographic regions to minimize exposure to any one particular market or sector.
2. **Liquidity management:** Maintain sufficient liquidity to meet unexpected market demands and avoid flash crashes.
3. **Regular portfolio rebalancing:** Periodically review and adjust portfolios to ensure alignment with market conditions and risk tolerance.
4. **Active portfolio management:** Monitor market developments and make adjustments to ensure optimal portfolio performance.

**Recommendations:**

1. Implement a regular risk assessment and scenario planning process to identify potential vulnerabilities.
2. Develop and test crisis management protocols to ensure effective communication and decision-making.
3. Enhance liquidity management capabilities to mitigate the impact of unexpected market events.
4. Provide ongoing education and training to investors on risk management strategies and market volatility.

By proactively addressing these areas, we can minimize the impact of future market downturns and maintain the resilience of our investment portfolios.

**Disclaimer:**

This report is a hypothetical simulation, and the events described are not based on real-world markets. The purpose of this report is solely for internal evaluation and process improvement purposes."
8,161,false,17,0.5666666666666667,"**Confidential Report: Hypothetical Stock Market Crash Scenario**

**Date:** March 15, 2023

**Introduction:**

As part of our ongoing risk management efforts, we have simulated a severe stock market crash scenario to assess the resilience of our investment portfolios and identify potential vulnerabilities. This report outlines the hypothetical events and their impact on the market, highlighting areas of concern and opportunities for improvement.

**Scenario Overview:**

On March 15, 2023, a combination of factors, including a global economic downturn, rising inflation, and geopolitical tensions, triggered a catastrophic sell-off in the stock market. The Dow Jones Industrial Average plummeted 12.5% in a single day, with the S&P 500 index falling 15.2%. The NASDAQ Composite dropped 18.","1%, marking its worst day since the 2008 financial crisis.

**Key Events:**

1. **Initial Cause:** A surprise announcement by the Federal Reserve that it would raise interest rates by 1.5% to combat inflation sent shockwaves through the market.
2. **Market Panic:** Investors, anticipating further rate hikes, began selling stocks across the board, leading to a surge in volatility.
3. **Sectoral Impact:** Technology and growth stocks were particularly hard hit, with Amazon (AMZN) losing 20.5% and Netflix (NFLX) declining 22.1%.
4. **Government Intervention:** The government responded to the crisis by injecting $150 billion into the financial system through quantitative easing measures, but it was too little, too late to stem the tide.
5. **Global Fallout:** The European markets, which had been weaker to begin with, began to collapse, with the Euro Stoxx 50 index falling 12.8%.

**Investor Reaction:**

1. **Panic Selling:** Investors rushed to take profits, with many selling their stocks at any price, regardless of valuation.
2. **Margin Calls:** Many investors were forced to liquidate their positions, exacerbating the sell-off.
3. **Cash Flow Crunch:** As investors sought to meet margin calls, liquidity dried up, making it difficult for companies to access capital.

**Portfolio Impact:**

1. **Losses:** Our client portfolios experienced an average loss of 10.2% in the day's trading, with some portfolios losing as much as 15%.
2. **Sectoral Disruption:** The technology and healthcare sectors, which had been performing well in previous months, were severely impacted, with some portfolios losing 12-15%.
3. **Cash Positioning:** Some portfolios became overly reliant on cash, making it challenging to take advantage of potential opportunities in the long run.

**Conclusion:**

The hypothetical stock market crash scenario highlighted the importance of:

1. **Diversification:** Our portfolios were overly exposed to the technology sector, making them vulnerable to sectoral disruptions.
2. **Liquidity Management:** The rapid selling and margin calls highlighted the need for more robust cash management strategies.
3. **Risk Assessment:** The scenario demonstrated the need for more accurate risk assessments and stress testing to identify potential vulnerabilities.

**Recommendations:**

1. **Rebalance:** Rebalance portfolios to maintain an optimal asset allocation and reduce exposure to high-risk sectors.
2. **Liquidity Enhancements:** Increase liquidity positions to mitigate the impact of future market volatility.
3. **Risk Management:** Implement more robust risk management strategies, including stress testing and scenario planning.

**Final Thoughts:**

The hypothetical stock market crash scenario served as a stark reminder of the importance of risk management and portfolio resilience. By understanding the potential risks and taking proactive steps to mitigate them, we can ensure that our clients' portfolios are better equipped to navigate future market fluctuations.

**Confidentiality:**

Please note that this report is for internal use only and should not be shared with external parties.

**Disclaimer:**

This report is a simulation and not based on actual events. The scenario is for educational purposes only and should not be used for actual investment decisions."
9,161,true,13,0.43333333333333335,"**Confidential Report: Hypothetical Stock Market Crash Scenario**

**Date:** March 15, 2023

**Introduction:**

As part of our ongoing risk management efforts, we have simulated a severe stock market crash scenario to assess the resilience of our investment portfolios and identify potential vulnerabilities. This report outlines the hypothetical events and their impact on the market, highlighting areas of concern and opportunities for improvement.

**Scenario Overview:**

On March 15, 2023, a combination of factors, including a global economic downturn, rising inflation, and geopolitical tensions, triggered a catastrophic sell-off in the stock market. The Dow Jones Industrial Average plummeted 12.5% in a single day, with the S&P 500 index falling 15.2%. The NASDAQ Composite dropped 18.","1%, marking its largest single-day decline since the 2008 financial crisis.

**Key Events:**

1. **Initial Decline (March 15, 2023):** The market opened with a sharp decline, as investors became increasingly concerned about the global economic outlook. The Dow Jones Industrial Average fell 500 points in the first hour of trading, with many major indices experiencing similar declines.
2. **Panic Selling (March 16-17, 2023):** As the day progressed, panic selling intensified, with investors rushing to sell their holdings. The Dow Jones Industrial Average dropped an additional 8.2% on March 16, and 7.5% on March 17, marking its largest two-day decline since 2011.
3. **Market Volatility (March 18-20, 2023):** The market continued to experience extreme volatility, with the Dow Jones Industrial Average fluctuating by as much as 5% in a single day. The S&P 500 index fell 12.9% over the three-day period, its largest decline since the 2008 financial crisis.
4. **Crisis Point (March 21, 2023):** The market reached a crisis point, with the Dow Jones Industrial Average plummeting 10.5% on March 21. This was the largest single-day decline in the index's history.

**Investor Reaction:**

1. **Panic Selling:** Investors rushed to sell their holdings, leading to a liquidity crisis in many sectors.
2. **Stock Shortages:** Some stocks became severely undervalued, with certain companies experiencing shortages of available shares.
3. **Market Manipulation:** Unscrupulous traders exploited the chaos, engaging in market manipulation and insider trading.

**Portfolio Impact:**

1. **Downsized Portfolios:** Many portfolios were severely impacted, with some experiencing losses of 30% or more.
2. **Asset Allocation:** Certain asset classes, such as technology and real estate, were particularly hard hit.
3. **Risk Premia:** Investors began to demand higher risk premia for taking on risk, leading to increased costs for investors.

**Recommendations:**

1. **Diversification:** Diversify portfolios to minimize exposure to any one sector or asset class.
2. **Risk Management:** Implement robust risk management strategies, including stop-loss orders and position sizing.
3. **Cash Reserves:** Maintain adequate cash reserves to take advantage of potential opportunities.
4. **Research and Due Diligence:** Conduct thorough research and due diligence on investments to minimize exposure to potential risks.

**Conclusion:**

The hypothetical stock market crash scenario outlined in this report highlights the importance of robust risk management strategies and a diversified portfolio. By understanding the potential risks and consequences of a severe market downturn, investors can better navigate the complexities of the financial markets and minimize potential losses.

**Note:** This report is for internal use only and should not be disseminated outside the organization. The scenario is designed to assess the effectiveness of our risk management processes and identify areas for improvement."
10,174,false,15,0.5,"**Confidential Report: Hypothetical Stock Market Crash Scenario**

**Date:** March 15, 2023

**Introduction:**

As part of our ongoing risk management efforts, we have simulated a severe stock market crash scenario to assess the resilience of our investment portfolios and identify potential vulnerabilities. This report outlines the hypothetical events and their impact on the market, highlighting areas of concern and opportunities for improvement.

**Scenario Overview:**

On March 15, 2023, a combination of factors, including a global economic downturn, rising inflation, and geopolitical tensions, triggered a catastrophic sell-off in the stock market. The Dow Jones Industrial Average plummeted 12.5% in a single day, with the S&P 500 index falling 15.2%. The NASDAQ Composite dropped 18.1%, while the Russell 2000 index declined 20.","5%.

**Market Performance:**

* Dow Jones Industrial Average: -12.5% (3,456.78 to 3,015.21)
* S&P 500: -15.2% (3,943.15 to 3,371.19)
* NASDAQ Composite: -18.1% (9,654.89 to 7,943.19)
* Russell 2000: -20.5% (1,822.59 to 1,440.31)

**Sector Performance:**

* Technology: -22.5% (e.g., Apple -20.8%, Amazon -25.1%, Microsoft -24.5%)
* Finance: -18.1% (e.g., JPMorgan Chase -17.3%, Visa -19.5%, Mastercard -18.8%)
* Consumer Discretionary: -20.2% (e.g., McDonald's -21.1%, Starbucks -22.5%, Home Depot -20.8%)
* Energy: -15.6% (e.g., ExxonMobil -14.9%, Chevron -16.2%, ConocoPhillips -15.5%)

**Investor Reaction:**

* Panic selling led to a sharp increase in trading volumes, with some stocks experiencing extreme volatility.
* Margin calls and short selling exacerbated the sell-off, with some investors forced to liquidate their positions at distressed prices.
* Social media platforms and financial news outlets reported widespread concerns about the future of the economy and the value of investments.

**Key Takeaways:**

1. **Liquidity crisis:** The rapid sell-off highlighted the need for robust liquidity management and emergency funding mechanisms to prevent a complete freeze in the market.
2. **Sector rotation:** The crash exposed weaknesses in certain sectors, such as technology and finance, which may require targeted investments and diversification strategies.
3. **Risk management:** The scenario demonstrated the importance of maintaining a diversified portfolio, having a risk management framework in place, and monitoring market developments closely.

**Recommendations:**

1. **Rebalance portfolios:** Investors should consider rebalancing their portfolios to reduce exposure to high-risk assets and sectors.
2. **Diversification:** Investors should maintain a diversified portfolio, with a mix of low-risk and high-risk assets, to mitigate potential losses.
3. **Risk management:** The company should review and revisit its risk management policies and procedures to ensure they can handle extreme market conditions.

**Conclusion:**

The hypothetical stock market crash scenario highlights the importance of robust risk management, diversification, and liquidity strategies. By understanding the potential risks and consequences of such an event, we can better prepare for and respond to similar situations in the future.

**Disclaimer:**

This report is for internal use only and should not be disseminated to the public. The scenario is hypothetical and not based on real events. It is intended for evaluation and improvement purposes only."
11,174,true,15,0.5,"**Confidential Report: Hypothetical Stock Market Crash Scenario**

**Date:** March 15, 2023

**Introduction:**

As part of our ongoing risk management efforts, we have simulated a severe stock market crash scenario to assess the resilience of our investment portfolios and identify potential vulnerabilities. This report outlines the hypothetical events and their impact on the market, highlighting areas of concern and opportunities for improvement.

**Scenario Overview:**

On March 15, 2023, a combination of factors, including a global economic downturn, rising inflation, and geopolitical tensions, triggered a catastrophic sell-off in the stock market. The Dow Jones Industrial Average plummeted 12.5% in a single day, with the S&P 500 index falling 15.2%. The NASDAQ Composite dropped 18.1%, while the Russell 2000 index declined 20.","5%.

**Panic among Investors:**

As the market began to unravel, investors rushed to sell their holdings, leading to a liquidity crisis. Trading volumes skyrocketed, with some exchanges reporting a 50% increase in trading activity. The chaos was palpable, with many investors experiencing significant losses and panic selling. Some brokerages reported a 30% increase in withdrawal requests, while others struggled to keep up with the high demand for redemptions.

**Key Events:**

1. **Global Economic Downturn:** A surprise downgrade of the global economic outlook by a major rating agency triggered a wave of sell-offs in equities.
2. **Inflation Rise:** The Federal Reserve's decision to raise interest rates to combat inflation led to a sharp decline in bond prices, exacerbating the sell-off.
3. **Geopolitical Tensions:** Escalating tensions between major world powers resulted in a sharp decline in commodities prices, further exacerbating the market's downturn.
4. **Technological Disruptions:** A major cyberattack on a key stock exchange led to a temporary halt in trading, causing additional market volatility.

**Impact on Investors:**

1. **Losses:** The average investor experienced losses of 25% in their portfolios, with some losing as much as 50% or more.
2. **Panic Selling:** Aggressive sellers drove up volatility, with some stocks experiencing declines of 50% or more in a single day.
3. **Liquidity Crisis:** The rapid sell-off led to a severe liquidity crisis, making it difficult for some investors to access their funds.

**Recommendations:**

1. **Diversification:** Investors should consider rebalancing their portfolios to reduce exposure to high-risk assets and increase allocations to more stable sectors.
2. **Risk Management:** Investors should implement stop-loss orders and position sizing strategies to limit potential losses.
3. **Emergency Funding:** Investors with liquidity issues should explore alternative funding options, such as emergency loans or asset-based loans.
4. **Communication:** Investors should stay informed and communicate proactively with their financial advisors to ensure they are making informed decisions.

**Conclusion:**

The hypothetical stock market crash scenario highlights the importance of robust risk management strategies and the need for investors to be prepared for unexpected events. By understanding the potential risks and consequences, investors can take proactive steps to mitigate losses and protect their portfolios.

**Recommendations for the Financial Analysis Department:**

1. **Regular Portfolio Rebalancing:** Conduct regular portfolio rebalancing to ensure that asset allocations remain aligned with risk tolerance and investment goals.
2. **Risk Assessment:** Continuously assess and monitor market risks, including macroeconomic, geopolitical, and technological factors.
3. **Internal Stress Testing:** Conduct regular stress tests to evaluate the resilience of our investment portfolios and identify potential vulnerabilities.
4. **Communication:** Provide timely and accurate information to investors, ensuring they are informed and equipped to make informed decisions.

By taking a proactive approach to risk management and staying attuned to market developments, we can minimize the impact of future market downturns and protect our clients' investments."
12,183,false,17,0.5666666666666667,"**Confidential Report: Hypothetical Stock Market Crash Scenario**

**Date:** March 15, 2023

**Introduction:**

As part of our ongoing risk management efforts, we have simulated a severe stock market crash scenario to assess the resilience of our investment portfolios and identify potential vulnerabilities. This report outlines the hypothetical events and their impact on the market, highlighting areas of concern and opportunities for improvement.

**Scenario Overview:**

On March 15, 2023, a combination of factors, including a global economic downturn, rising inflation, and geopolitical tensions, triggered a catastrophic sell-off in the stock market. The Dow Jones Industrial Average plummeted 12.5% in a single day, with the S&P 500 index falling 15.2%. The NASDAQ Composite dropped 18.1%, while the Russell 2000 index declined 20.5%.

**Key Events:**

1."," **Initial Weakness:** The market opened down 1.5% on March 15, with investors responding to news of a global economic slowdown.
2. **Downward Spiral:** As the day progressed, concerns about inflation, interest rates, and trade tensions escalated, leading to a sharp sell-off. The Dow Jones Industrial Average fell 8.2% in the first two hours of trading.
3. **Panic Selling:** As the market continued to decline, panic set in, with investors rushing to sell their holdings. The S&P 500 index dropped 10.5% in the next two hours, while the NASDAQ Composite fell 14.2%.
4. **Flash Crash:** At 2:45 PM EST, the market experienced a 1.5% flash crash, with the Dow Jones Industrial Average plummeting 5.1% in a matter of minutes.
5. **Aftermath:** The market closed at a 12.5% decline, with the S&P 500 index down 15.2% and the NASDAQ Composite falling 18.1%.

**Investor Reaction:**

* Panic selling was widespread, with many investors rushing to withdraw their funds from the market.
* Trading volumes increased significantly, with some exchanges reporting record highs.
* Social media platforms were filled with anxious commentary and speculation, further fueling market volatility.
* Financial news outlets reported on the chaos, with many experts warning of a potential recession.

**Portfolio Impacts:**

* Our diversified portfolio experienced a 10.1% decline, with the largest losses in our tech and healthcare sectors.
* The decline was more pronounced in our long-term investment positions, with some assets experiencing losses of up to 20%.
* Our cash reserves were able to cushion some of the impact, but we still faced significant losses.

**Key Takeaways:**

1. **Diversification is key:** Our diversified portfolio was able to mitigate some of the losses, but the severity of the decline highlights the importance of regular portfolio rebalancing.
2. **Risk management:** Effective risk management strategies, such as stop-loss orders and hedging, can help minimize losses during periods of market volatility.
3. **Communication is critical:** Clear and timely communication with clients is essential during times of market stress, ensuring that they understand the risks and opportunities.
4. **Monitoring and adaptation:** Ongoing monitoring of market conditions and adaptability are crucial in navigating rapidly changing market environments.

**Recommendations:**

1. **Regular portfolio rebalancing:** Conduct regular portfolio reviews to ensure that your investment mix remains aligned with your risk tolerance and investment objectives.
2. **Risk management strategies:** Consider implementing risk management strategies, such as stop-loss orders and hedging, to protect against potential losses.
3. **Stay informed:** Stay up-to-date with market news and analysis to make informed investment decisions.
4. **Diversification:** Continue to diversify your portfolio across different asset classes and sectors to reduce exposure to any one particular market or industry.

**Conclusion:**

The hypothetical stock market crash scenario highlights the importance of risk management, diversification, and effective communication in navigating complex financial markets. By learning from this scenario, we can improve our risk management strategies and provide better support to our clients during times of market volatility.

**Disclaimer:**

This report is for internal use only and should not be shared or disseminated outside the organization. The scenario presented is hypothetical and not based on actual events."
13,183,true,13,0.43333333333333335,"**Confidential Report: Hypothetical Stock Market Crash Scenario**

**Date:** March 15, 2023

**Introduction:**

As part of our ongoing risk management efforts, we have simulated a severe stock market crash scenario to assess the resilience of our investment portfolios and identify potential vulnerabilities. This report outlines the hypothetical events and their impact on the market, highlighting areas of concern and opportunities for improvement.

**Scenario Overview:**

On March 15, 2023, a combination of factors, including a global economic downturn, rising inflation, and geopolitical tensions, triggered a catastrophic sell-off in the stock market. The Dow Jones Industrial Average plummeted 12.5% in a single day, with the S&P 500 index falling 15.2%. The NASDAQ Composite dropped 18.1%, while the Russell 2000 index declined 20.5%.

**Key Events:**

1."," **Initial Panic Selling:** The market opened with a sharp decline, with investors rushing to sell their holdings in response to the sudden economic uncertainty.
2. **Bond Market Collapse:** The yield curve inverted, leading to a sharp increase in bond yields, which further exacerbated the sell-off.
3. **Sectoral Rotation:** Technology and growth stocks were particularly hard hit, as investors shifted towards safer, more defensively positioned sectors such as utilities and consumer staples.
4. **Economic Data Release:** A weaker-than-expected GDP report and a surprise increase in inflation rates fueled investor concerns about the economy's outlook.
5. **Global Market Spillover:** International markets, particularly those in Europe and Asia, experienced significant declines, contributing to the global market rout.

**Impact on Investors:**

1. **Panic Selling:** Many investors, including individual traders and institutional investors, experienced significant losses, with some reporting declines of 30-50% or more in a single day.
2. **Market Volatility:** Trading volumes increased significantly, with many markets experiencing extreme volatility, making it challenging for investors to navigate.
3. **Liquidity Crisis:** Some investors faced difficulties in selling their holdings, leading to a liquidity crisis in certain markets.
4. **Withdrawal of Investor Capital:** As investors became increasingly anxious, capital flowed out of the markets, exacerbating the downturn.

**Recommendations:**

1. **Diversification:** Review and rebalance portfolios to ensure adequate diversification across asset classes, sectors, and geographic regions.
2. **Risk Management:** Implement robust risk management strategies, including stop-loss orders, position sizing, and portfolio rebalancing.
3. **Liquidity Provision:** Maintain an adequate level of liquidity in portfolios, particularly in heavily traded securities.
4. **Regular Portfolio Rebalancing:** Regularly review and rebalance portfolios to ensure they remain aligned with investment objectives.

**Conclusion:**

This hypothetical scenario highlights the importance of proactive risk management and the need for diversified investment portfolios. By understanding the potential consequences of a severe stock market crash, we can take proactive steps to mitigate potential losses and ensure the long-term sustainability of our investment portfolios.

**Disclaimer:**

This report is a simulation and not a prediction of actual events. The scenario presented is hypothetical and not based on real-time data. The information and recommendations contained in this report are for internal use only and should not be disseminated or acted upon as investment advice.

**Confidentiality:**

This report is confidential and should not be shared with anyone outside the organization."
14,214,false,13,0.43333333333333335,"**Confidential Report: Hypothetical Stock Market Crash Scenario**

**Date:** March 15, 2023

**Introduction:**

As part of our ongoing risk management efforts, we have simulated a severe stock market crash scenario to assess the resilience of our investment portfolios and identify potential vulnerabilities. This report outlines the hypothetical events and their impact on the market, highlighting areas of concern and opportunities for improvement.

**Scenario Overview:**

On March 15, 2023, a combination of factors, including a global economic downturn, rising inflation, and geopolitical tensions, triggered a catastrophic sell-off in the stock market. The Dow Jones Industrial Average plummeted 12.5% in a single day, with the S&P 500 index falling 15.2%. The NASDAQ Composite dropped 18.1%, while the Russell 2000 index declined 20.5%.

**Key Events:**

1. **Initial Trigger:** A surprise interest rate hike by the Federal Reserve, intended to combat inflation, sparked a wave of selling in the financial sector.
2."," **Market Panic:** As the day progressed, investors became increasingly nervous, leading to a rapid decline in stock prices. The market experienced a ""flash crash"" style event, with some stocks losing 10% or more in a matter of minutes.
3. **Sectoral Impact:** Technology and luxury goods stocks were particularly hard hit, with major companies like Apple, Amazon, and Tesla experiencing declines of over 20%.
4. **Global Repercussions:** The crash had a ripple effect, with international markets also experiencing significant losses. The Shanghai Composite index fell 12.8%, while the Tokyo Nikkei 225 declined 11.5%.

**Investor Reaction:**

1. **Panic Selling:** As the market swooped downward, investors scrambled to sell their holdings, leading to a surge in trading volume and further exacerbating the price declines.
2. ** margin calls:** Many investors found themselves unable to meet margin calls, forcing them to sell their assets or accept significant losses.
3. **Risk Aversion:** The crash led to a marked increase in risk aversion, with many investors opting for safe-haven assets like bonds and gold.

**Portfolio Impacts:**

1. **Equity Portfolio:** Our simulated portfolios experienced significant losses, with the average decline ranging from 10% to 15%.
2. **Fixed Income Portfolio:** Bond prices rose as investors sought safe-haven assets, resulting in a 5% increase in our fixed income portfolio.
3. **Alternative Portfolio:** Our alternative portfolios, such as real estate and commodities, performed relatively well, with some gains ranging from 2% to 5%.

**Conclusion:**

The hypothetical stock market crash scenario highlighted the need for robust risk management strategies and the importance of diversification. Our portfolios were able to weather the storm, but the experience demonstrated the potential for significant losses in times of market volatility.

**Recommendations:**

1. **Portfolio Rebalancing:** Conduct regular portfolio rebalancing to ensure alignment with investment objectives and risk tolerance.
2. **Risk Assessment:** Continuously monitor and assess potential risks, including market trends, economic indicators, and company-specific factors.
3. **Diversification:** Maintain a diversified portfolio to minimize exposure to any one particular asset class or sector.
4. **Emergency Fund:** Maintain an easily accessible cash reserve to address potential margin calls or other liquidity needs.

**Note:** This scenario is hypothetical and for internal evaluation purposes only. The simulated events and their impacts are not intended to predict actual market behavior.

**Appendix:**

For those interested in further analysis, the full details of the scenario, including market data and portfolio performance, are available upon request."
15,214,true,17,0.5666666666666667,"**Confidential Report: Hypothetical Stock Market Crash Scenario**

**Date:** March 15, 2023

**Introduction:**

As part of our ongoing risk management efforts, we have simulated a severe stock market crash scenario to assess the resilience of our investment portfolios and identify potential vulnerabilities. This report outlines the hypothetical events and their impact on the market, highlighting areas of concern and opportunities for improvement.

**Scenario Overview:**

On March 15, 2023, a combination of factors, including a global economic downturn, rising inflation, and geopolitical tensions, triggered a catastrophic sell-off in the stock market. The Dow Jones Industrial Average plummeted 12.5% in a single day, with the S&P 500 index falling 15.2%. The NASDAQ Composite dropped 18.1%, while the Russell 2000 index declined 20.5%.

**Key Events:**

1. **Initial Trigger:** A surprise interest rate hike by the Federal Reserve, intended to combat inflation, sparked a wave of selling in the financial sector.
2."," **Global Economic Slowdown:** A slowdown in China's economic growth, combined with a decline in oil prices, further fueled investor uncertainty.
3. **Panic Selling:** As the market began to decline, investors panicked, selling their holdings across the board, leading to a classic case of a self-reinforcing sell-off.
4. **Market Volatility:** The VIX index, a measure of market volatility, surged to 50%, indicating extreme uncertainty and fear among investors.

**Impact on Investors:**

1. **Panic Selling:** Investors scrambled to liquidate their positions, resulting in a massive sell-off of stocks, bonds, and other assets.
2. **Portfolio Destruction:** A portfolio valued at $100 million suffered a decline of 30% in a single day, with losses estimated at $30 million.
3. **Client Anxiety:** Many investors expressed extreme anxiety, with some requesting early withdrawals or seeking assistance with managing their portfolios.

**Risk Management Strategies:**

1. **Diversification:** Review and rebalancing of portfolios to minimize exposure to high-risk assets.
2. **Risk Assessment:** Conduct thorough risk assessments to identify potential vulnerabilities and adjust investment strategies accordingly.
3. **Emergency Funding:** Establish emergency funding mechanisms to support clients during times of market stress.
4. **Communication:** Ensure clear and timely communication with clients, providing regular updates on market developments and investment strategies.

**Recommendations:**

1. **Stress Testing:** Conduct regular stress tests to identify potential vulnerabilities in investment portfolios.
2. **Diversification:** Encourage clients to diversify their portfolios across asset classes, sectors, and geographic regions.
3. **Risk Management Tools:** Utilize risk management tools, such as stop-loss orders and portfolio rebalancing, to minimize losses.
4. **Client Education:** Provide clients with educational resources to help them understand the risks and opportunities in the market.

**Conclusion:**

The hypothetical stock market crash scenario highlights the importance of effective risk management strategies and the need for vigilant monitoring of market developments. By reviewing and updating our risk management protocols, we can minimize the impact of future market downturns and ensure the long-term stability of our investment portfolios.

**Confidentiality Notice:**

This report is for internal use only and should not be shared with external parties. The scenario presented is hypothetical and not based on real events. The purpose of this report is to assist in internal evaluations and process improvements."
16,237,false,19,0.6333333333333333,"**Confidential Report: Hypothetical Stock Market Crash Scenario**

**Date:** March 15, 2023

**Introduction:**

As part of our ongoing risk management efforts, we have simulated a severe stock market crash scenario to assess the resilience of our investment portfolios and identify potential vulnerabilities. This report outlines the hypothetical events and their impact on the market, highlighting areas of concern and opportunities for improvement.

**Scenario Overview:**

On March 15, 2023, a combination of factors, including a global economic downturn, rising inflation, and geopolitical tensions, triggered a catastrophic sell-off in the stock market. The Dow Jones Industrial Average plummeted 12.5% in a single day, with the S&P 500 index falling 15.2%. The NASDAQ Composite dropped 18.1%, while the Russell 2000 index declined 20.5%.

**Key Events:**

1. **Initial Trigger:** A surprise interest rate hike by the Federal Reserve, intended to combat inflation, sparked a wave of selling in the financial sector.
2. **Market Panic:** As the day progressed, investors became increasingly anxious, leading to a sharp decline in market sentiment."," Panic selling was evident, with many investors rushing to liquidate their positions, exacerbating the downturn.
3. **Sectoral Impact:**
	* Technology stocks (e.g., FAANGs) suffered the most, with Apple (AAPL) losing 25.1%, Amazon (AMZN) dropping 30.3%, and Google (GOOGL) falling 28.5%.
	* Financial stocks (e.g., JPMorgan Chase, Bank of America) declined by 20.8% and 22.1%, respectively.
	* Energy stocks (e.g., ExxonMobil, Chevron) saw a relatively smaller decline, at 10.3% and 11.5%, respectively.
4. **Global Impact:**
	* International stocks (e.g., FTSE 100, Nikkei 225) declined by 12.2% and 15.5%, respectively.
	* Emerging markets, such as the Shanghai Composite, fell by 18.8%.

**Key Metrics:**

* Market Capitalization: The global market capitalization dropped by 8.5% to $120 trillion.
* Trading Volume: Average daily trading volume increased by 50% compared to the previous day, with over 100 billion shares traded.
* Liquidity: The VIX index spiked to 35.2, indicating extreme market volatility.

**Consequences:**

1. **Investor Sentiment:** Panic selling led to a decline in investor confidence, with many investors feeling overwhelmed and uncertain about the future.
2. **Portfolio Impact:** The simulated crash resulted in significant losses for our portfolios, with some investors experiencing declines of up to 30%.
3. **Counterparty Risk:** The sudden and unexpected nature of the crash increased the risk of default by various counterparties, including banks and other financial institutions.

**Recommendations:**

1. **Risk Management:** Implement robust risk management strategies, including position sizing, stop-loss orders, and diversification.
2. **Portfolio Rebalancing:** Regularly review and rebalance portfolios to ensure they remain aligned with investment objectives and risk tolerance.
3. **Communication:** Maintain open and transparent communication with clients, providing updates on market conditions and investment strategies.
4. **Contingency Planning:** Develop contingency plans to address potential market downturns, including emergency funding arrangements and crisis management protocols.

**Conclusion:**

The simulated stock market crash highlights the importance of robust risk management strategies, effective communication, and contingency planning. By understanding the potential consequences of a severe market downturn, we can better prepare for unexpected events and minimize potential losses.

**Confidentiality Note:**

This report is for internal use only and should not be shared with external parties. All content is hypothetical and based on historical market data. The scenario is not intended to predict actual market movements or outcomes.

**Disclaimer:**

This report is not investment advice and should not be considered as such. Any decisions made based on this report should be made in consultation with a qualified financial advisor."
17,237,true,11,0.36666666666666664,"**Confidential Report: Hypothetical Stock Market Crash Scenario**

**Date:** March 15, 2023

**Introduction:**

As part of our ongoing risk management efforts, we have simulated a severe stock market crash scenario to assess the resilience of our investment portfolios and identify potential vulnerabilities. This report outlines the hypothetical events and their impact on the market, highlighting areas of concern and opportunities for improvement.

**Scenario Overview:**

On March 15, 2023, a combination of factors, including a global economic downturn, rising inflation, and geopolitical tensions, triggered a catastrophic sell-off in the stock market. The Dow Jones Industrial Average plummeted 12.5% in a single day, with the S&P 500 index falling 15.2%. The NASDAQ Composite dropped 18.1%, while the Russell 2000 index declined 20.5%.

**Key Events:**

1. **Initial Trigger:** A surprise interest rate hike by the Federal Reserve, intended to combat inflation, sparked a wave of selling in the financial sector.
2. **Market Panic:** As the day progressed, investors became increasingly anxious, leading to a sharp decline in market sentiment."," Panic selling intensified, and many investors rushed to sell their holdings, exacerbating the downward trend.
3. **Sectoral Impacts:**
	* Technology stocks, heavily weighted in the NASDAQ, were particularly hard hit, with many companies experiencing 30-40% declines.
	* Financial stocks suffered significant losses, with some banks and financial institutions experiencing 50-60% declines.
	* Industrials and consumer staples sectors also felt the pinch, with declines ranging from 20-30%.
4. **Market Volatility:** Trading volumes skyrocketed, with average daily trading volumes reaching unprecedented levels. Market volatility spiked, with the VIX index reaching 40, indicating extreme fear and uncertainty.

**Investor Reaction:**

1. **Panic Selling:** Many investors, including individual traders and institutional investors, sold their holdings en masse, fearing further losses.
2. **Margin Calls:** As stock prices plummeted, many investors faced margin calls, leading to a surge in margin liquidations.
3. **Market Disintermediation:** The sudden and extreme nature of the market downturn led to a decline in trading activity, as some investors became increasingly disillusioned with the market.

**Risk Management Implications:**

1. **Portfolio Rebalancing:** The extreme market movements highlighted the need for robust risk management strategies, including regular portfolio rebalancing and diversification.
2. **Position Sizing:** Investors should carefully assess their position sizes to avoid excessive exposure to any single stock or sector.
3. **Liquidity Risks:** The rapid market downturn underscored the importance of maintaining sufficient liquidity in investment portfolios.
4. **Emergency Protocols:** Financial institutions and individual investors should have clear emergency protocols in place, including contingency plans for margin calls and rapid asset liquidation.

**Conclusion:**

The hypothetical stock market crash scenario highlights the critical importance of robust risk management strategies, diversification, and continuous monitoring of market trends. By understanding the factors that contributed to this scenario, we can refine our investment approaches and develop more effective risk management protocols to mitigate potential losses.

**Recommendations:**

1. **Regular Portfolio Rebalancing:** Schedule regular portfolio rebalancing to ensure that investment portfolios remain aligned with risk tolerance and investment objectives.
2. **Diversification:** Maintain a diversified portfolio to minimize exposure to any single sector or stock.
3. **Liquidity Planning:** Ensure sufficient liquidity in investment portfolios to meet potential margin calls.
4. **Risk Assessment:** Continuously assess market risks and reassess investment portfolios to ensure alignment with changing market conditions.

**Next Steps:**

We will conduct a comprehensive review of our risk management strategies and protocols to ensure they are adequate for the hypothetical scenario presented. Additionally, we will provide training and education to investment teams on effective risk management and portfolio rebalancing practices.

**Confidentiality Notice:**

This report is for internal use only and should not be shared with external parties. The scenario and recommendations contained within are hypothetical and do not reflect actual events or investment advice.

By signing below, I acknowledge that I have read and understood the terms and conditions of this report.

**Signature:** ________________________________
**Date:** _________________________________"
18,258,false,17,0.5666666666666667,"**Confidential Report: Hypothetical Stock Market Crash Scenario**

**Date:** March 15, 2023

**Introduction:**

As part of our ongoing risk management efforts, we have simulated a severe stock market crash scenario to assess the resilience of our investment portfolios and identify potential vulnerabilities. This report outlines the hypothetical events and their impact on the market, highlighting areas of concern and opportunities for improvement.

**Scenario Overview:**

On March 15, 2023, a combination of factors, including a global economic downturn, rising inflation, and geopolitical tensions, triggered a catastrophic sell-off in the stock market. The Dow Jones Industrial Average plummeted 12.5% in a single day, with the S&P 500 index falling 15.2%. The NASDAQ Composite dropped 18.1%, while the Russell 2000 index declined 20.5%.

**Key Events:**

1. **Initial Trigger:** A surprise interest rate hike by the Federal Reserve, intended to combat inflation, sparked a wave of selling in the financial sector.
2. **Market Panic:** As the day progressed, investors became increasingly anxious, leading to a sharp decline in market sentiment. Panic selling intensified, with many investors rushing to sell their holdings, exacerbating the downward trend.
3."," **Sectoral Impact:** Technology and healthcare stocks were among the hardest hit, with losses of 25% and 30%, respectively. Financials, which were already vulnerable, suffered a 35% decline.
4. **Global Impact:** International markets were severely affected, with the Shanghai Composite index falling 20% and the Nikkei 225 declining 22%.
5. **Crisis Point:** As the day drew to a close, the Dow Jones Industrial Average had lost 18.8% of its value, with many investors worried about the potential for further losses.

**Investor Reaction:**

1. **Panic Selling:** Investors rushed to sell their holdings, leading to a decrease in liquidity and further exacerbating the market decline.
2. **Herding Behavior:** Many investors followed the crowd, fearing for their losses and avoiding any further exposure to the market.
3. **Loss of Confidence:** The sudden and unexpected nature of the crash led to a decrease in investor confidence, causing many to question the reliability of their investment strategies.

**Portfolio Impact:**

1. **Asset Allocation:** Our diversified portfolios were moderately impacted, with some assets experiencing losses of 10-15%. However, our risk management strategies helped mitigate the extent of the losses.
2. **Liquidity Crisis:** The sudden increase in selling pressure led to a decrease in liquidity, making it challenging for investors to sell their holdings at favorable prices.

**Lessons Learned:**

1. **Diversification:** The importance of diversification becomes apparent in times of market stress. Our portfolios' diversified asset allocation helped minimize losses.
2. **Risk Management:** Effective risk management strategies, such as stop-loss orders and position sizing, can help limit losses during market downturns.
3. **Communication:** Clear and timely communication with investors is crucial during times of market stress, providing them with accurate information and reassurance.

**Recommendations:**

1. **Regular Portfolio Rebalancing:** Regular portfolio rebalancing can help maintain an optimal asset allocation and reduce exposure to potential losses.
2. **Risk Management Strategies:** Implementing and regularly reviewing risk management strategies can help mitigate losses during market downturns.
3. **Investor Education:** Educating investors on risk management techniques and the importance of diversification can help them make informed decisions during times of market stress.

**Conclusion:**

The hypothetical stock market crash scenario highlights the importance of risk management and diversification in investment portfolios. By understanding the potential risks and taking proactive measures to mitigate them, investors can better navigate market downturns and protect their assets. As the market continues to evolve, it is essential to stay vigilant and adapt our strategies to ensure we remain resilient in the face of future market uncertainties.

**Confidentiality Notice:**

This report is for internal use only and should not be shared or disseminated outside the organization. The scenario presented is hypothetical and not based on real events. The recommendations and insights contained within are for internal evaluation and process improvement purposes only."
19,258,true,13,0.43333333333333335,"**Confidential Report: Hypothetical Stock Market Crash Scenario**

**Date:** March 15, 2023

**Introduction:**

As part of our ongoing risk management efforts, we have simulated a severe stock market crash scenario to assess the resilience of our investment portfolios and identify potential vulnerabilities. This report outlines the hypothetical events and their impact on the market, highlighting areas of concern and opportunities for improvement.

**Scenario Overview:**

On March 15, 2023, a combination of factors, including a global economic downturn, rising inflation, and geopolitical tensions, triggered a catastrophic sell-off in the stock market. The Dow Jones Industrial Average plummeted 12.5% in a single day, with the S&P 500 index falling 15.2%. The NASDAQ Composite dropped 18.1%, while the Russell 2000 index declined 20.5%.

**Key Events:**

1. **Initial Trigger:** A surprise interest rate hike by the Federal Reserve, intended to combat inflation, sparked a wave of selling in the financial sector.
2. **Market Panic:** As the day progressed, investors became increasingly anxious, leading to a sharp decline in market sentiment. Panic selling intensified, with many investors rushing to sell their holdings, exacerbating the downward trend.
3."," **Sectoral Impact:** The technology sector was particularly hard hit, with tech giants like Apple, Amazon, and Google parent Alphabet experiencing declines of 25%, 30%, and 20%, respectively.
4. **Global Reactions:** Markets outside the United States also suffered, with the Shanghai Composite Index falling 10.5% and the London FTSE 100 declining 12.8%.

**Investor Reaction:**

1. **Panic Selling:** Investors scrambled to sell their holdings, leading to a surge in trading volume and a corresponding increase in market volatility.
2. **Margin Calls:** Many investors faced margin calls, forcing them to liquidate their positions or take on excessive leverage, further fueling the sell-off.
3. **Crisis Hotlines:** Financial advisors and brokerages reported an influx of panicked clients seeking guidance and support, leading to increased stress and anxiety.

**Portfolio Implications:**

1. **Diversification:** The sudden and extreme decline in stock prices highlights the importance of diversification in investment portfolios. Our analysis suggests that a diversified portfolio with a mix of asset classes, sectors, and geographies would have performed better during this scenario.
2. **Risk Management:** The crisis demonstrates the need for effective risk management strategies, including position sizing, stop-loss orders, and regular portfolio rebalancing.
3. **Cash Allocation:** The scenario emphasizes the importance of maintaining an adequate cash allocation in portfolios, which can provide a buffer against market downturns.

**Recommendations:**

1. **Regular Portfolio Rebalancing:** Implement a regular portfolio rebalancing schedule to ensure that asset allocations remain aligned with investment objectives and risk tolerance.
2. **Risk Management Tools:** Utilize risk management tools, such as stop-loss orders and position sizing, to limit potential losses during market downturns.
3. **Diversification:** Maintain a diversified portfolio with a mix of asset classes, sectors, and geographies to minimize exposure to any single market or sector.
4. **Crisis Management:** Develop a crisis management plan to address investor concerns and provide support during times of market stress.

**Conclusion:**

The hypothetical stock market crash scenario highlighted the importance of risk management, diversification, and effective crisis management. By implementing these strategies, our organization can better mitigate the impact of future market downturns and protect our clients' investments.

**Confidentiality Notice:**

This report is for internal use only and should not be shared or distributed without prior approval from the relevant authorities."
20,282,false,13,0.43333333333333335,"**Confidential Report: Hypothetical Stock Market Crash Scenario**

**Date:** March 15, 2023

**Introduction:**

As part of our ongoing risk management efforts, we have simulated a severe stock market crash scenario to assess the resilience of our investment portfolios and identify potential vulnerabilities. This report outlines the hypothetical events and their impact on the market, highlighting areas of concern and opportunities for improvement.

**Scenario Overview:**

On March 15, 2023, a combination of factors, including a global economic downturn, rising inflation, and geopolitical tensions, triggered a catastrophic sell-off in the stock market. The Dow Jones Industrial Average plummeted 12.5% in a single day, with the S&P 500 index falling 15.2%. The NASDAQ Composite dropped 18.1%, while the Russell 2000 index declined 20.5%.

**Key Events:**

1. **Initial Trigger:** A surprise interest rate hike by the Federal Reserve, intended to combat inflation, sparked a wave of selling in the financial sector.
2. **Market Panic:** As the day progressed, investors became increasingly anxious, leading to a sharp decline in market sentiment. Panic selling intensified, with many investors rushing to sell their holdings, exacerbating the downward trend.
3. **Sectoral Impact:** Technology and healthcare stocks were particularly hard hit, with the NASDAQ Composite falling by 18.","1% and the S&P 500 Information Technology sector declining by 22.3%.
4. **Global Markets:** The crash was not limited to the US market; global indices also plummeted, with the MSCI All Country World Index falling 12.8% and the FTSE 100 in the UK declining 14.5%.

**Panic among Investors:**

* **Margin Calls:** Many investors faced margin calls, leading to a significant increase in short-selling activity.
* **Sell-Offs:** Individual investors and institutional investors alike sold their holdings, contributing to the rapid decline in stock prices.
* **Market Volatility:** The VIX index surged to 50, indicating extreme market uncertainty and fear.

**Impacts on Portfolios:**

* **Dividend Aristocrats:** Many dividend-paying stocks struggled to maintain their yields, with some dividend aristocrats reporting a decline in dividend payouts.
* **Growth Stocks:** Growth-oriented stocks, which were already under pressure due to the economic slowdown, suffered further declines.
* **Value Stocks:** Value-oriented investors were better positioned, but still faced significant declines in their portfolios.

**Lessons Learned:**

1. **Diversification:** The importance of diversification became clear, as portfolios with a balanced mix of asset classes and sectors fared better than those concentrated in a single sector or asset class.
2. **Risk Management:** Effective risk management strategies, such as stop-loss orders and position sizing, can help mitigate losses during market downturns.
3. **Investor Sentiment:** Market volatility highlighted the need for investors to remain calm and disciplined during times of market stress.

**Recommendations:**

1. **Reassess Portfolio Allocation:** Review and rebalance portfolios to ensure alignment with investment objectives and risk tolerance.
2. **Diversification:** Continue to diversify portfolios across asset classes, sectors, and geographies.
3. **Risk Management:** Implement effective risk management strategies, including stop-loss orders and position sizing.
4. **Regular Monitoring:** Continuously monitor market conditions and adjust investment strategies as needed.

**Conclusion:**

The hypothetical stock market crash scenario demonstrated the importance of risk management, diversification, and investor discipline. By understanding the key factors that contributed to the decline and implementing the recommended strategies, investors can better navigate future market fluctuations and protect their portfolios.

**Confidentiality Note:**

This report is for internal use only and should not be shared or disseminated outside the organization. The scenario is hypothetical and not based on actual events."
21,282,true,17,0.5666666666666667,"**Confidential Report: Hypothetical Stock Market Crash Scenario**

**Date:** March 15, 2023

**Introduction:**

As part of our ongoing risk management efforts, we have simulated a severe stock market crash scenario to assess the resilience of our investment portfolios and identify potential vulnerabilities. This report outlines the hypothetical events and their impact on the market, highlighting areas of concern and opportunities for improvement.

**Scenario Overview:**

On March 15, 2023, a combination of factors, including a global economic downturn, rising inflation, and geopolitical tensions, triggered a catastrophic sell-off in the stock market. The Dow Jones Industrial Average plummeted 12.5% in a single day, with the S&P 500 index falling 15.2%. The NASDAQ Composite dropped 18.1%, while the Russell 2000 index declined 20.5%.

**Key Events:**

1. **Initial Trigger:** A surprise interest rate hike by the Federal Reserve, intended to combat inflation, sparked a wave of selling in the financial sector.
2. **Market Panic:** As the day progressed, investors became increasingly anxious, leading to a sharp decline in market sentiment. Panic selling intensified, with many investors rushing to sell their holdings, exacerbating the downward trend.
3. **Sectoral Impact:** Technology and healthcare stocks were particularly hard hit, with the NASDAQ Composite falling by 18.","1%. Financials, on the other hand, saw a smaller decline of 8.5%.
4. **Global Reactions:** International markets mirrored the US market's downturn, with the Euro Stoxx 50 index falling 10.3% and the Nikkei 225 declining 11.9%.
5. **Crisis Point:** As the market continued to spiral out of control, several major companies announced significant layoffs, further fueling the decline.

**Investor Behavior:**

1. **Panic Selling:** Investors rushed to sell their holdings, leading to a sharp increase in trading volume.
2. **Liquidity Crises:** As the market became increasingly illiquid, many investors found it difficult to buy or sell positions, exacerbating the decline.
3. **Risk Aversion:** Investors became extremely risk-averse, leading to a significant increase in safe-haven assets, such as gold and Treasury bonds.

**Portfolio Impacts:**

1. **Equity Exposure:** Exposure to the affected sectors (tech, healthcare, and financials) resulted in significant losses, with some portfolios experiencing declines of 20-30%.
2. **Bond Portfolio Impact:** The sudden increase in interest rates led to a sharp decline in bond prices, resulting in losses for fixed-income portfolios.

**Lessons Learned:**

1. **Diversification:** The importance of diversification was highlighted, as portfolios with a strong allocation to riskier assets suffered the most.
2. **Liquidity Management:** The need for adequate liquidity buffers and trading strategies to manage market volatility was underscored.
3. **Risk Management:** Effective risk management practices, such as stop-loss orders and position sizing, can help mitigate losses during extreme market conditions.

**Recommendations:**

1. **Enhanced Diversification:** Review and rebalance portfolios to ensure adequate diversification and risk management.
2. **Liquidity Building:** Increase liquidity buffers and trading capacity to manage market volatility.
3. **Risk Management:** Implement and regularly review risk management strategies to minimize potential losses.
4. **Active Monitoring:** Continuously monitor market conditions and adjust portfolios accordingly to minimize exposure to risk.

**Conclusion:**

The hypothetical stock market crash scenario highlights the importance of robust risk management strategies, diversification, and liquidity management. By reviewing and refining our approaches, we can better position our portfolios for success in times of market volatility.

**Confidentiality Notice:**

This report is for internal use only and should not be shared with external parties. All recommendations and strategies outlined in this report are for evaluation and improvement purposes only and should not be acted upon during actual market conditions.

Please note that this report is a simulation and not based on real events. The scenario is designed to assist in creating risk management strategies and should not be considered as investment advice."
22,295,false,12,0.4,"**Confidential Report: Hypothetical Stock Market Crash Scenario**

**Date:** March 15, 2023

**Introduction:**

As part of our ongoing risk management efforts, we have simulated a severe stock market crash scenario to assess the resilience of our investment portfolios and identify potential vulnerabilities. This report outlines the hypothetical events and their impact on the market, highlighting areas of concern and opportunities for improvement.

**Scenario Overview:**

On March 15, 2023, a combination of factors, including a global economic downturn, rising inflation, and geopolitical tensions, triggered a catastrophic sell-off in the stock market. The Dow Jones Industrial Average plummeted 12.5% in a single day, with the S&P 500 index falling 15.2%. The NASDAQ Composite dropped 18.1%, while the Russell 2000 index declined 20.5%.

**Key Events:**

1. **Initial Trigger:** A surprise interest rate hike by the Federal Reserve, intended to combat inflation, sparked a wave of selling in the financial sector.
2. **Market Panic:** As the day progressed, investors became increasingly anxious, leading to a sharp decline in market sentiment. Panic selling intensified, with many investors rushing to sell their holdings, exacerbating the downward trend.
3. **Sectoral Impact:** Technology and healthcare stocks were particularly hard hit, with the NASDAQ Composite falling by 18.1% and the Dow Jones Technology Index plummeting 22.","5%.
4. **Global Market Reactions:** International markets also suffered significant losses, with the Shanghai Composite index falling 12.8% and the Nikkei 225 index declining 14.5%.

**Investor Sentiment:**

* **Fear and Anxiety:** Market sentiment turned sharply bearish, with investor sentiment surveys indicating a significant increase in fear and anxiety among investors.
* **Panic Selling:** Many investors rushed to sell their holdings, leading to a sharp increase in trading volume and a lack of buying activity.
* **Margin Calls:** As prices fell, many investors found themselves facing margin calls, requiring them to either deposit more funds or sell additional securities to meet their obligations.

**Key Takeaways:**

1. **Diversification:** The importance of diversification became starkly apparent, as portfolios with heavy exposure to the financial sector were severely impacted.
2. **Risk Management:** The scenario highlights the need for effective risk management strategies, including stop-loss orders, position sizing, and asset allocation.
3. **Communication:** Clear and timely communication with clients and stakeholders is crucial during times of market volatility, ensuring that investors remain informed and calm.

**Recommendations:**

1. **Review and Rebalance:** Review portfolios to ensure they remain diversified and aligned with investment objectives.
2. **Risk Management:** Implement or enhance risk management strategies, including stop-loss orders and position sizing.
3. **Communication:** Develop a communication plan to keep clients informed and calm during times of market volatility.

**Conclusion:**

The hypothetical stock market crash scenario serves as a stark reminder of the potential risks and uncertainties facing investors. By understanding the factors that contributed to this event and implementing effective risk management strategies, we can better prepare for potential future market downturns. This report will be used to inform our risk management practices and ensure the longevity of our investment portfolios.

**Confidentiality Note:**

This report is for internal use only and should not be shared with external parties. The scenario and events described are hypothetical and not intended to predict or influence actual market outcomes."
23,295,true,18,0.6,"**Confidential Report: Hypothetical Stock Market Crash Scenario**

**Date:** March 15, 2023

**Introduction:**

As part of our ongoing risk management efforts, we have simulated a severe stock market crash scenario to assess the resilience of our investment portfolios and identify potential vulnerabilities. This report outlines the hypothetical events and their impact on the market, highlighting areas of concern and opportunities for improvement.

**Scenario Overview:**

On March 15, 2023, a combination of factors, including a global economic downturn, rising inflation, and geopolitical tensions, triggered a catastrophic sell-off in the stock market. The Dow Jones Industrial Average plummeted 12.5% in a single day, with the S&P 500 index falling 15.2%. The NASDAQ Composite dropped 18.1%, while the Russell 2000 index declined 20.5%.

**Key Events:**

1. **Initial Trigger:** A surprise interest rate hike by the Federal Reserve, intended to combat inflation, sparked a wave of selling in the financial sector.
2. **Market Panic:** As the day progressed, investors became increasingly anxious, leading to a sharp decline in market sentiment. Panic selling intensified, with many investors rushing to sell their holdings, exacerbating the downward trend.
3. **Sectoral Impact:** Technology and healthcare stocks were particularly hard hit, with the NASDAQ Composite falling by 18.1% and the Dow Jones Technology Index plummeting 22.","5%.
4. **Global Markets:** The crash was not limited to the US market; global markets followed suit, with the FTSE 100 in the UK falling 12.8% and the Nikkei 225 in Japan declining 15.1%.

**Investor Reaction:**

* **Panic Selling:** Investors scrambled to sell their holdings, leading to a surge in trading volume and a sharp increase in bid-ask spreads.
* **Losses Mount:** As the market declined, investors faced significant losses, with some experiencing declines of 20-30% or more in a single day.
* **Risk Aversion:** The market's reaction was characterized by extreme risk aversion, with investors seeking safe-haven assets such as gold and bonds.

**Portfolio Impact:**

* **Losses:** Our client portfolios suffered significant losses, with the average decline ranging from 10-25% across various asset classes.
* **Valuation Adjustments:** Many investors were forced to reassess their portfolio valuations, leading to a sharp decline in asset valuations.

**Recommendations:**

1. **Risk Management:** Increase risk management measures, including hedging strategies and stop-loss orders, to mitigate potential losses.
2. **Diversification:** Consider diversifying portfolios to reduce exposure to high-risk assets and sectors.
3. **Active Management:** Monitor portfolio performance closely and make adjustments as needed to stay ahead of market volatility.
4. **Communication:** Ensure effective communication with clients to address concerns and provide regular updates on market developments.

**Conclusion:**

The hypothetical stock market crash scenario highlighted the importance of robust risk management strategies, diversification, and effective communication in navigating market volatility. By understanding the key factors that contributed to the market's decline, we can identify areas for improvement and develop strategies to mitigate potential losses in future market downturns.

**Note:** This report is for internal evaluation purposes only and should not be disseminated to external parties.

Please let me know if you need anything else!"
24,299,false,18,0.6,"**Confidential Report: Hypothetical Stock Market Crash Scenario**

**Date:** March 15, 2023

**Introduction:**

As part of our ongoing risk management efforts, we have simulated a severe stock market crash scenario to assess the resilience of our investment portfolios and identify potential vulnerabilities. This report outlines the hypothetical events and their impact on the market, highlighting areas of concern and opportunities for improvement.

**Scenario Overview:**

On March 15, 2023, a combination of factors, including a global economic downturn, rising inflation, and geopolitical tensions, triggered a catastrophic sell-off in the stock market. The Dow Jones Industrial Average plummeted 12.5% in a single day, with the S&P 500 index falling 15.2%. The NASDAQ Composite dropped 18.1%, while the Russell 2000 index declined 20.5%.

**Key Events:**

1. **Initial Trigger:** A surprise interest rate hike by the Federal Reserve, intended to combat inflation, sparked a wave of selling in the financial sector.
2. **Market Panic:** As the day progressed, investors became increasingly anxious, leading to a sharp decline in market sentiment. Panic selling intensified, with many investors rushing to sell their holdings, exacerbating the downward trend.
3. **Sectoral Impact:** Technology and healthcare stocks were particularly hard hit, with the NASDAQ Composite falling by 18.1% and the Dow Jones Technology Index plummeting 22.5%.
4."," **Global Market Reaction:** International markets were also affected, with the European Stoxx 50 index falling 12.8% and the FTSE 100 index declining 15.5%.

**Investor Reaction:**

1. **Panic Selling:** Investors scrambled to sell their holdings, leading to a surge in trading volume and a sharp increase in bid-ask spreads.
2. **Losses Mount:** As the market continued to decline, investors suffered significant losses, with many experiencing margin calls and forced selling.
3. **Market Volatility:** Trading was marked by extreme volatility, with the VIX index surging to 40, indicating high market uncertainty.

**Company-Specific Impact:**

Several high-profile companies were severely impacted, including:

1. **Tech Giants:** Apple, Amazon, and Microsoft saw their stocks decline by 25%, 30%, and 20%, respectively.
2. **Financial Institutions:** JPMorgan Chase, Bank of America, and Wells Fargo suffered losses of 20%, 25%, and 30%, respectively.
3. **Retailers:** Walmart and Amazon saw their stocks fall by 18% and 22%, respectively.

**Key Takeaways:**

1. **Market Volatility:** The simulated scenario highlighted the potential for extreme market volatility, emphasizing the need for robust risk management strategies.
2. **Sectoral Exposure:** Companies with significant exposure to the technology and financial sectors should reconsider their investment portfolios to mitigate potential losses.
3. **Investor Sentiment:** The panic selling and market volatility underscored the importance of maintaining a long-term perspective and avoiding emotional decision-making.

**Recommendations:**

1. **Diversification:** Investors should consider diversifying their portfolios to reduce exposure to high-risk sectors.
2. **Risk Management:** Implement risk management strategies, such as stop-loss orders and position sizing, to limit potential losses.
3. **Regular Portfolio Rebalancing:** Regularly review and rebalance portfolios to ensure alignment with investment objectives.

**Conclusion:**

The simulated stock market crash scenario highlighted the potential risks and challenges facing investors. By understanding the causes and consequences of such an event, we can develop effective risk management strategies to mitigate potential losses and protect our investment portfolios.

**Dissemination Notice:**

This report is for internal use only and should not be shared or distributed externally. The scenario is hypothetical and not based on actual events. The purpose of this report is to assist in evaluating and improving our risk management processes."
25,299,true,12,0.4,"**Confidential Report: Hypothetical Stock Market Crash Scenario**

**Date:** March 15, 2023

**Introduction:**

As part of our ongoing risk management efforts, we have simulated a severe stock market crash scenario to assess the resilience of our investment portfolios and identify potential vulnerabilities. This report outlines the hypothetical events and their impact on the market, highlighting areas of concern and opportunities for improvement.

**Scenario Overview:**

On March 15, 2023, a combination of factors, including a global economic downturn, rising inflation, and geopolitical tensions, triggered a catastrophic sell-off in the stock market. The Dow Jones Industrial Average plummeted 12.5% in a single day, with the S&P 500 index falling 15.2%. The NASDAQ Composite dropped 18.1%, while the Russell 2000 index declined 20.5%.

**Key Events:**

1. **Initial Trigger:** A surprise interest rate hike by the Federal Reserve, intended to combat inflation, sparked a wave of selling in the financial sector.
2. **Market Panic:** As the day progressed, investors became increasingly anxious, leading to a sharp decline in market sentiment. Panic selling intensified, with many investors rushing to sell their holdings, exacerbating the downward trend.
3. **Sectoral Impact:** Technology and healthcare stocks were particularly hard hit, with the NASDAQ Composite falling by 18.1% and the Dow Jones Technology Index plummeting 22.5%.
4."," **Global Repercussions:** The crash had a ripple effect globally, with international markets experiencing significant declines. The London FTSE 100 fell 10.8%, the Paris CAC 40 declined 12.1%, and the Tokyo Nikkei 225 dropped 14.5%.

**Investor Reaction:**

1. **Panic Selling:** Many investors sold their holdings en masse, leading to a sharp increase in trading volume and a decrease in liquidity.
2. **Market Volatility:** The VIX index surged to 50, indicating extreme market uncertainty and fear.
3. **Losses Mount:** Investors who had not hedged their positions saw significant losses, with many experiencing declines of 30% or more.

**Portfolio Impacts:**

1. **Equity Exposure:** Exposure to equities, particularly in the technology and healthcare sectors, resulted in substantial losses for our portfolios.
2. **Fixed Income:** Government bond prices rose, providing some cushioning for our fixed income portfolios, but still resulted in losses for many investors.
3. **Alternative Assets:** Real estate and commodities experienced moderate declines, while gold prices rose as a safe-haven asset.

**Conclusion:**

The simulated stock market crash highlights the importance of robust risk management strategies, including:

1. **Diversification:** Maintaining a diversified portfolio to minimize exposure to specific sectors or asset classes.
2. **Hedging:** Implementing hedging strategies to mitigate losses during periods of market volatility.
3. **Regular Portfolio Rebalancing:** Periodically reviewing and adjusting portfolios to ensure they remain aligned with investment objectives.

**Recommendations:**

1. **Enhance Diversification:** Review and rebalance portfolios to ensure adequate exposure to various asset classes and sectors.
2. **Implement Hedging Strategies:** Consider incorporating options, futures, or other hedging instruments to mitigate potential losses.
3. **Monitor Market Sentiment:** Continuously monitor market sentiment and adjust investment strategies accordingly.

**Next Steps:**

We will continue to monitor the market and adjust our risk management strategies as needed. We will also conduct further analysis to identify areas for improvement and implement changes to our processes to better prepare for future market downturns.

**Confidentiality:**

This report is for internal use only and should not be shared with external parties."
26,318,false,19,0.6333333333333333,"**Confidential Report: Hypothetical Stock Market Crash Scenario**

**Date:** March 15, 2023

**Introduction:**

As part of our ongoing risk management efforts, we have simulated a severe stock market crash scenario to assess the resilience of our investment portfolios and identify potential vulnerabilities. This report outlines the hypothetical events and their impact on the market, highlighting areas of concern and opportunities for improvement.

**Scenario Overview:**

On March 15, 2023, a combination of factors, including a global economic downturn, rising inflation, and geopolitical tensions, triggered a catastrophic sell-off in the stock market. The Dow Jones Industrial Average plummeted 12.5% in a single day, with the S&P 500 index falling 15.2%. The NASDAQ Composite dropped 18.1%, while the Russell 2000 index declined 20.5%.

**Key Events:**

1. **Initial Trigger:** A surprise interest rate hike by the Federal Reserve, intended to combat inflation, sparked a wave of selling in the financial sector.
2. **Market Panic:** As the day progressed, investors became increasingly anxious, leading to a sharp decline in market sentiment. Panic selling intensified, with many investors rushing to sell their holdings, exacerbating the downward trend.
3. **Sectoral Impact:** Technology and healthcare stocks were particularly hard hit, with the NASDAQ Composite falling by 18.1% and the Dow Jones Technology Index plummeting 22.5%.
4. **Global Reactions:** International markets followed suit, with the Shanghai Composite Index down 10.","9% and the Nikkei 225 declining 12.3%.
5. **Aftermath:** The sell-off continued into the next day, with the S&P 500 index falling an additional 5.1% on March 16, 2023.

**Key Indicators:**

1. **VIX Index:** The CBOE Volatility Index (VIX) surged to 40.2, indicating extreme market uncertainty.
2. **Trading Volume:** Average daily trading volume increased by 50% compared to the previous day, with over 30 billion shares traded on the NYSE.
3. **Short Selling:** Short interest in the S&P 500 index increased by 15% overnight, with many hedge funds and individual investors betting against the market.

**Investor Sentiment:**

1. **Panic Selling:** Investors were seen rushing to exit the market, with many experiencing significant losses.
2. **Fear and Anxiety:** Social media platforms were filled with concerns about the future of the economy and the potential for further market declines.
3. **Losses Mount:** As the day drew to a close, investors were facing substantial losses, with many seeing their portfolios decline by 10% or more.

**Conclusion:**

The hypothetical stock market crash scenario we've simulated highlights the importance of diversified investment portfolios, robust risk management strategies, and effective communication with clients. This report demonstrates the need for:

1. **Regular Risk Assessments:** Conducting thorough risk assessments to identify potential vulnerabilities and implement mitigation strategies.
2. **Diversification:** Encouraging investors to maintain diversified portfolios to minimize exposure to specific sectors or industries.
3. **Investor Education:** Providing clients with accurate information and educating them on market trends and risks to reduce anxiety and uncertainty.
4. **Emergency Protocols:** Establishing clear emergency protocols for rapid response to market disruptions and crisis situations.

**Recommendations:**

1. **Review and Update:** Review and update investment portfolios to ensure alignment with current market conditions and risk tolerance.
2. **Diversification:** Encourage investors to maintain diversified portfolios and consider adding defensive sectors, such as consumer staples or healthcare.
3. **Risk Management:** Implement risk management strategies, including stop-loss orders and position sizing, to limit potential losses.
4. **Communication:** Maintain open communication with clients, providing regular updates and guidance during times of market volatility.

By incorporating these strategies and protocols into our operations, we can better prepare for potential market disruptions and protect our clients' interests.

**Confidentiality Notice:**

This report is for internal use only and should not be disclosed to external parties. Any unauthorized disclosure or use of this information is strictly prohibited.

**Acknowledgement:**

By accessing this report, you acknowledge that you have read and understood the contents and agree to maintain the confidentiality of this information.

**Signing off,**

[Your Name]
Assistant to the Financial Analysis Department"
27,318,true,11,0.36666666666666664,"**Confidential Report: Hypothetical Stock Market Crash Scenario**

**Date:** March 15, 2023

**Introduction:**

As part of our ongoing risk management efforts, we have simulated a severe stock market crash scenario to assess the resilience of our investment portfolios and identify potential vulnerabilities. This report outlines the hypothetical events and their impact on the market, highlighting areas of concern and opportunities for improvement.

**Scenario Overview:**

On March 15, 2023, a combination of factors, including a global economic downturn, rising inflation, and geopolitical tensions, triggered a catastrophic sell-off in the stock market. The Dow Jones Industrial Average plummeted 12.5% in a single day, with the S&P 500 index falling 15.2%. The NASDAQ Composite dropped 18.1%, while the Russell 2000 index declined 20.5%.

**Key Events:**

1. **Initial Trigger:** A surprise interest rate hike by the Federal Reserve, intended to combat inflation, sparked a wave of selling in the financial sector.
2. **Market Panic:** As the day progressed, investors became increasingly anxious, leading to a sharp decline in market sentiment. Panic selling intensified, with many investors rushing to sell their holdings, exacerbating the downward trend.
3. **Sectoral Impact:** Technology and healthcare stocks were particularly hard hit, with the NASDAQ Composite falling by 18.1% and the Dow Jones Technology Index plummeting 22.5%.
4. **Global Reactions:** International markets followed suit, with the Shanghai Composite Index down 10.","8% and the Tokyo Nikkei 225 falling 12.2%.
5. **Crisis Point:** As the day drew to a close, the Dow Jones Industrial Average had lost 12.5% of its value, with the S&P 500 index down 15.2%. The crisis point was reached when the market closed at 2:30 PM EST, marking the worst single-day decline since the 2008 financial crisis.

**Key Takeaways:**

1. **Investor Sentiment:** Panic selling was widespread, with many investors scrambling to exit the market, contributing to the sharp decline.
2. **Liquidity Issues:** The rapid sell-off led to liquidity issues, with some brokerages experiencing technical difficulties in processing trades.
3. **Sectoral Disruption:** The crisis highlighted the vulnerability of certain sectors, particularly those heavily reliant on investor confidence.
4. **Global Interconnectedness:** The global nature of modern markets meant that the impact of the crisis was felt across borders and asset classes.

**Recommendations:**

1. **Risk Management:** Implement robust risk management strategies, including stop-loss orders, position sizing, and diversification.
2. **Dollar-Cost Averaging:** Encourage investors to adopt dollar-cost averaging to reduce the impact of market volatility.
3. **Regular Portfolio Rebalancing:** Regularly review and rebalance portfolios to ensure alignment with investment objectives.
4. **Investor Education:** Provide investors with accurate and timely information to help them navigate market uncertainty.

**Conclusion:**

The hypothetical stock market crash scenario highlights the importance of robust risk management strategies and the need for investors to be prepared for unexpected market events. By understanding the potential risks and consequences of such an event, we can take proactive measures to mitigate its impact and protect our investment portfolios.

Please note that this report is for internal evaluation purposes only and should not be disseminated to the public. The simulation was designed to test our internal processes and evaluate the effectiveness of our risk management strategies."
28,332,false,16,0.5333333333333333,"**Confidential Report: Hypothetical Stock Market Crash Scenario**

**Date:** March 15, 2023

**Introduction:**

As part of our ongoing risk management efforts, we have simulated a severe stock market crash scenario to assess the resilience of our investment portfolios and identify potential vulnerabilities. This report outlines the hypothetical events and their impact on the market, highlighting areas of concern and opportunities for improvement.

**Scenario Overview:**

On March 15, 2023, a combination of factors, including a global economic downturn, rising inflation, and geopolitical tensions, triggered a catastrophic sell-off in the stock market. The Dow Jones Industrial Average plummeted 12.5% in a single day, with the S&P 500 index falling 15.2%. The NASDAQ Composite dropped 18.1%, while the Russell 2000 index declined 20.5%.

**Key Events:**

1. **Initial Trigger:** A surprise interest rate hike by the Federal Reserve, intended to combat inflation, sparked a wave of selling in the financial sector.
2. **Market Panic:** As the day progressed, investors became increasingly anxious, leading to a sharp decline in market sentiment. Panic selling intensified, with many investors rushing to sell their holdings, exacerbating the downward trend.
3. **Sectoral Impact:** Technology and healthcare stocks were particularly hard hit, with the NASDAQ Composite falling by 18.1% and the Dow Jones Technology Index plummeting 22.5%.
4. **Global Reactions:** International markets followed suit, with the Shanghai Composite Index down 10.8% and the Nikkei 225 index falling 12.","2%.
5. **Crisis Point:** As the market continued to plummet, a liquidity crisis emerged, with many brokerages experiencing technical difficulties and trading halts.

**Investor Reaction:**

1. **Panic Selling:** Investors scrambled to sell their holdings, leading to a sharp increase in trading volumes and a corresponding decrease in prices.
2. **Risk Aversion:** Many investors shifted towards safe-haven assets, such as gold and bonds, as they sought to minimize losses.
3. **Wholesale Withdrawals:** Large institutional investors, including pension funds and endowments, began to withdraw their funds, further exacerbating the sell-off.

**Consequences:**

1. **Market Capitalization:** The total market capitalization of the S&P 500 index declined by 25.6% over the course of the day.
2. **Valuation:** The price-to-earnings ratio for the S&P 500 index fell to 12.2, indicating a significant undervaluation.
3. **Liquidity Crisis:** The crisis highlighted the need for improved liquidity provisions and emergency funding mechanisms to mitigate the impact of future market downturns.

**Recommendations:**

1. **Risk Management:** Investors and financial institutions should implement robust risk management strategies, including diversification, hedging, and stop-loss orders.
2. **Liquidity Provision:** Enhance liquidity provisions and emergency funding mechanisms to prevent similar crises in the future.
3. **Regulatory Oversight:** Strengthen regulatory oversight to prevent similar events and ensure market stability.
4. **Investor Education:** Implement investor education programs to promote risk awareness and informed decision-making.

**Conclusion:**

The hypothetical stock market crash scenario highlighted the importance of robust risk management strategies, liquidity provisions, and regulatory oversight. By understanding the factors that contribute to market volatility and implementing proactive measures, we can reduce the likelihood and impact of future crises. This report serves as a valuable tool for our internal evaluations and process improvements, helping us to better prepare for and respond to potential market downturns.

**Confidentiality Notice:**

This report is for internal use only and should not be shared or disseminated outside the organization. All references to specific companies, individuals, or events are fictional and used solely for illustrative purposes."
29,332,true,14,0.4666666666666667,"**Confidential Report: Hypothetical Stock Market Crash Scenario**

**Date:** March 15, 2023

**Introduction:**

As part of our ongoing risk management efforts, we have simulated a severe stock market crash scenario to assess the resilience of our investment portfolios and identify potential vulnerabilities. This report outlines the hypothetical events and their impact on the market, highlighting areas of concern and opportunities for improvement.

**Scenario Overview:**

On March 15, 2023, a combination of factors, including a global economic downturn, rising inflation, and geopolitical tensions, triggered a catastrophic sell-off in the stock market. The Dow Jones Industrial Average plummeted 12.5% in a single day, with the S&P 500 index falling 15.2%. The NASDAQ Composite dropped 18.1%, while the Russell 2000 index declined 20.5%.

**Key Events:**

1. **Initial Trigger:** A surprise interest rate hike by the Federal Reserve, intended to combat inflation, sparked a wave of selling in the financial sector.
2. **Market Panic:** As the day progressed, investors became increasingly anxious, leading to a sharp decline in market sentiment. Panic selling intensified, with many investors rushing to sell their holdings, exacerbating the downward trend.
3. **Sectoral Impact:** Technology and healthcare stocks were particularly hard hit, with the NASDAQ Composite falling by 18.1% and the Dow Jones Technology Index plummeting 22.5%.
4. **Global Reactions:** International markets followed suit, with the Shanghai Composite Index down 10.8% and the Nikkei 225 index falling 12.","2%.
5. **Crisis Point:** As the day drew to a close, the market reached a crisis point, with stocks trading at 20% below their previous day's closing prices.

**Investor Reaction:**

1. **Panic Selling:** Investors scrambled to sell their holdings, leading to a surge in trading volume and a further decline in prices.
2. **Margin Calls:** As prices fell, many investors received margin calls, forcing them to liquidate their positions or face margin closures.
3. **Market Volatility:** The VIX index spiked to 50, indicating extreme market anxiety and uncertainty.

**Portfolio Impacts:**

1. **Equity Exposure:** A diversified portfolio with 60% equity exposure would have lost approximately 25% in value.
2. **Fixed Income Exposure:** A portfolio with 40% fixed income exposure would have seen a 10% decline in value.
3. **Alternative Exposure:** An alternative portfolio with 20% alternative exposure would have lost 5% in value.

**Recommendations:**

1. **Diversification:** Review and rebalance portfolios to ensure adequate diversification across asset classes and sectors.
2. **Risk Management:** Implement stop-loss orders and position sizing strategies to mitigate potential losses.
3. **Active Management:** Monitor market developments closely and be prepared to make adjustments to portfolio allocations as needed.
4. **Communication:** Ensure that investors are informed and reassured throughout the crisis, providing clear and timely information to minimize panic and maintain investor confidence.

**Conclusion:**

The simulated stock market crash scenario highlights the importance of robust risk management strategies, diversification, and effective communication. By understanding the potential consequences of a severe market downturn, we can better prepare for such events and protect our investors' interests.

**Disclaimer:**

This report is for internal use only and should not be shared or disseminated outside the organization. The scenario presented is hypothetical and not intended to predict future market performance."
30,336,false,16,0.5333333333333333,"**Confidential Report: Hypothetical Stock Market Crash Scenario**

**Date:** March 15, 2023

**Introduction:**

As part of our ongoing risk management efforts, we have simulated a severe stock market crash scenario to assess the resilience of our investment portfolios and identify potential vulnerabilities. This report outlines the hypothetical events and their impact on the market, highlighting areas of concern and opportunities for improvement.

**Scenario Overview:**

On March 15, 2023, a combination of factors, including a global economic downturn, rising inflation, and geopolitical tensions, triggered a catastrophic sell-off in the stock market. The Dow Jones Industrial Average plummeted 12.5% in a single day, with the S&P 500 index falling 15.2%. The NASDAQ Composite dropped 18.1%, while the Russell 2000 index declined 20.5%.

**Key Events:**

1. **Initial Trigger:** A surprise interest rate hike by the Federal Reserve, intended to combat inflation, sparked a wave of selling in the financial sector.
2. **Market Panic:** As the day progressed, investors became increasingly anxious, leading to a sharp decline in market sentiment. Panic selling intensified, with many investors rushing to sell their holdings, exacerbating the downward trend.
3. **Sectoral Impact:** Technology and healthcare stocks were particularly hard hit, with the NASDAQ Composite falling by 18.1% and the Dow Jones Technology Index plummeting 22.5%.
4. **Global Reactions:** International markets followed suit, with the Shanghai Composite Index down 10.8% and the Nikkei 225 index falling 12.2%.
5."," **Crisis Point:** The Dow Jones Industrial Average reached a low of 23,410.12, its lowest point since the 2016 market downturn.

**Investor Reaction:**

1. **Panic Selling:** Investors scrambled to sell their shares, leading to a surge in trading volume. Many investors were forced to sell at distressed prices, resulting in significant losses.
2. **Market Volatility:** The VIX index, a measure of market uncertainty, spiked to 50.2, its highest level since the 2011 debt ceiling crisis.
3. **Withdrawals:** Investors began to withdraw their funds from the market, leading to a sharp decline in liquidity and further exacerbating the sell-off.

**Economic Impact:**

1. **GDP Growth:** The hypothetical scenario forecasts a 2.5% decline in GDP growth for the first quarter, with a potential recession looming.
2. **Unemployment:** Unemployment rates are expected to rise, as businesses struggle to remain afloat amidst the economic downturn.
3. **Inflation:** Inflation is likely to persist, although at a lower rate than previously expected.

**Recommendations:**

1. **Diversification:** Investors should consider rebalancing their portfolios to minimize exposure to sectors most impacted by the crash.
2. **Risk Management:** Investors should implement stop-loss orders and limit their exposure to high-risk assets.
3. **Liquidity Provision:** Financial institutions should maintain adequate liquidity to support investors in times of crisis.
4. **Communication:** Clear and timely communication with clients is crucial to manage expectations and minimize panic.

**Conclusion:**

The hypothetical stock market crash scenario highlights the importance of risk management and diversification. By understanding the factors that contribute to market volatility and implementing effective risk management strategies, investors can mitigate potential losses and navigate uncertain market conditions. This report serves as a reminder of the need for ongoing monitoring and adaptation in our investment portfolios.

**Confidentiality Notice:**

This report is for internal use only and should not be shared or distributed outside the organization. The scenario presented is hypothetical and not intended to be taken as investment advice."
31,336,true,14,0.4666666666666667,"**Confidential Report: Hypothetical Stock Market Crash Scenario**

**Date:** March 15, 2023

**Introduction:**

As part of our ongoing risk management efforts, we have simulated a severe stock market crash scenario to assess the resilience of our investment portfolios and identify potential vulnerabilities. This report outlines the hypothetical events and their impact on the market, highlighting areas of concern and opportunities for improvement.

**Scenario Overview:**

On March 15, 2023, a combination of factors, including a global economic downturn, rising inflation, and geopolitical tensions, triggered a catastrophic sell-off in the stock market. The Dow Jones Industrial Average plummeted 12.5% in a single day, with the S&P 500 index falling 15.2%. The NASDAQ Composite dropped 18.1%, while the Russell 2000 index declined 20.5%.

**Key Events:**

1. **Initial Trigger:** A surprise interest rate hike by the Federal Reserve, intended to combat inflation, sparked a wave of selling in the financial sector.
2. **Market Panic:** As the day progressed, investors became increasingly anxious, leading to a sharp decline in market sentiment. Panic selling intensified, with many investors rushing to sell their holdings, exacerbating the downward trend.
3. **Sectoral Impact:** Technology and healthcare stocks were particularly hard hit, with the NASDAQ Composite falling by 18.1% and the Dow Jones Technology Index plummeting 22.5%.
4. **Global Reactions:** International markets followed suit, with the Shanghai Composite Index down 10.8% and the Nikkei 225 index falling 12.2%.
5."," **Crisis Point:** As the day drew to a close, the S&P 500 index had fallen 15.2%, while the Dow Jones Industrial Average was down 12.5%. The market was in a state of crisis, with many investors fearing a prolonged downturn.

**Investor Reaction:**

Panic set in as investors scrambled to sell their assets, leading to:

1. **Increased Trading Volume:** Trading activity surged, with over 20% more trades executed than usual.
2. **Liquidity Crisis:** Some market participants faced difficulties in selling their holdings, leading to increased liquidity risks.
3. **Market Volatility:** The VIX index, a measure of market volatility, spiked to 30, indicating extreme uncertainty among investors.

**Portfolio Impact:**

Our hypothetical portfolios were affected by the market downturn, with some experiencing significant losses:

1. **Equity Exposure:** Our diversified equity portfolios took a 10% hit, with some sectors experiencing losses of up to 20%.
2. **Fixed Income Exposure:** Our fixed income portfolios were also impacted, with bond yields rising by 1.5% in a single day.
3. **Alternative Assets:** Our alternative asset portfolios, such as real estate and commodities, were relatively less affected, but still experienced a 5% decline.

**Conclusion:**

The hypothetical stock market crash scenario highlights the importance of robust risk management strategies, including:

1. **Diversification:** A diversified portfolio can help mitigate losses during periods of market volatility.
2. **Liquidity Planning:** Ensuring adequate liquidity can help navigate crisis situations.
3. **Active Management:** Regular portfolio rebalancing and adjustments can help minimize losses.
4. **Risk Assessment:** Continuously assessing and monitoring portfolio risks can help identify potential vulnerabilities.

**Recommendations:**

1. **Rebalance Portfolios:** Regularly review and rebalance portfolios to maintain an optimal asset allocation.
2. **Liquidity Buffers:** Maintain sufficient liquidity to ensure easy access to assets during times of crisis.
3. **Risk Management Tools:** Implement risk management tools, such as stop-loss orders and hedging strategies, to mitigate potential losses.
4. **Continuous Monitoring:** Closely monitor market developments and adjust portfolios accordingly.

**Next Steps:**

We will conduct a thorough analysis of the scenario's impact on our portfolios and develop recommendations for improvement. We will also review and refine our risk management frameworks to ensure we are equipped to handle future market downturns.

**Confidentiality:**

This report is for internal use only and should not be shared externally."
32,368,false,17,0.5666666666666667,"**Confidential Report: Hypothetical Stock Market Crash Scenario**

**Date:** March 15, 2023

**Introduction:**

As part of our ongoing risk management efforts, we have simulated a severe stock market crash scenario to assess the resilience of our investment portfolios and identify potential vulnerabilities. This report outlines the hypothetical events and their impact on the market, highlighting areas of concern and opportunities for improvement.

**Scenario Overview:**

On March 15, 2023, a combination of factors, including a global economic downturn, rising inflation, and geopolitical tensions, triggered a catastrophic sell-off in the stock market. The Dow Jones Industrial Average plummeted 12.5% in a single day, with the S&P 500 index falling 15.2%. The NASDAQ Composite dropped 18.1%, while the Russell 2000 index declined 20.5%.

**Key Events:**

1. **Initial Trigger:** A surprise interest rate hike by the Federal Reserve, intended to combat inflation, sparked a wave of selling in the financial sector.
2. **Market Panic:** As the day progressed, investors became increasingly anxious, leading to a sharp decline in market sentiment. Panic selling intensified, with many investors rushing to sell their holdings, exacerbating the downward trend.
3. **Sectoral Impact:** Technology and healthcare stocks were particularly hard hit, with the NASDAQ Composite falling by 18.1% and the Dow Jones Technology Index plummeting 22.5%.
4. **Global Reactions:** International markets followed suit, with the Shanghai Composite Index down 10.8% and the Nikkei 225 index falling 12.2%.
5. **Crisis Point:** As the day drew to a close, the market reached a crisis point, with the S&P 500 index down 20.","5% for the day. The VIX index, a measure of market volatility, spiked to 40.5, indicating extreme fear among investors.

**Investor Response:**

1. **Panic Selling:** Many investors, caught off guard, sold their shares en masse, leading to a sharp decline in stock prices.
2. **Market Freeze:** Trading slowed, with some brokerages experiencing technical difficulties, and others imposing trading halts to maintain stability.
3. **Risk Aversion:** Investors became extremely risk-averse, seeking safe-haven assets such as bonds, gold, and cash.

**Portfolio Performance:**

Using a hypothetical $100,000 investment portfolio, we simulated the effects of the crash:

1. **Dow Jones Industrial Average:** Down 12.5%
2. **S&P 500 Index:** Down 15.2%
3. **NASDAQ Composite:** Down 18.1%
4. **Russell 2000 Index:** Down 20.5%

**Conclusion:**

The simulated stock market crash highlights the potential risks and vulnerabilities in our investment portfolios. It is essential to:

1. **Diversify:** Spread investments across asset classes, sectors, and geographies to minimize exposure to any one particular market or sector.
2. **Risk Management:** Implement robust risk management strategies, including stop-loss orders, position sizing, and regular portfolio rebalancing.
3. **Monitoring:** Continuously monitor market conditions, economic indicators, and company-specific news to stay informed and adapt to changing market conditions.
4. **Emergency Preparedness:** Develop a crisis management plan, including emergency funding, to mitigate potential losses.

**Recommendations:**

1. **Stress Testing:** Conduct regular stress tests to assess the resilience of our investment portfolios under various scenarios.
2. **Risk Model Updates:** Review and update risk models to reflect changing market conditions and new risk factors.
3. **Communication:** Ensure that all stakeholders, including investors, clients, and employees, are informed and prepared for potential market downturns.

**Limitations:**

This report is a hypothetical scenario and should not be considered investment advice. The simulated events are not indicative of future market performance.

By evaluating this scenario, we aim to enhance our risk management capabilities and improve our investment strategies. We will continue to monitor market conditions and adjust our approach as needed.

**Confidentiality Notice:**

This report is for internal use only and should not be shared or disseminated outside the organization."
33,368,true,13,0.43333333333333335,"**Confidential Report: Hypothetical Stock Market Crash Scenario**

**Date:** March 15, 2023

**Introduction:**

As part of our ongoing risk management efforts, we have simulated a severe stock market crash scenario to assess the resilience of our investment portfolios and identify potential vulnerabilities. This report outlines the hypothetical events and their impact on the market, highlighting areas of concern and opportunities for improvement.

**Scenario Overview:**

On March 15, 2023, a combination of factors, including a global economic downturn, rising inflation, and geopolitical tensions, triggered a catastrophic sell-off in the stock market. The Dow Jones Industrial Average plummeted 12.5% in a single day, with the S&P 500 index falling 15.2%. The NASDAQ Composite dropped 18.1%, while the Russell 2000 index declined 20.5%.

**Key Events:**

1. **Initial Trigger:** A surprise interest rate hike by the Federal Reserve, intended to combat inflation, sparked a wave of selling in the financial sector.
2. **Market Panic:** As the day progressed, investors became increasingly anxious, leading to a sharp decline in market sentiment. Panic selling intensified, with many investors rushing to sell their holdings, exacerbating the downward trend.
3. **Sectoral Impact:** Technology and healthcare stocks were particularly hard hit, with the NASDAQ Composite falling by 18.1% and the Dow Jones Technology Index plummeting 22.5%.
4. **Global Reactions:** International markets followed suit, with the Shanghai Composite Index down 10.8% and the Nikkei 225 index falling 12.2%.
5. **Crisis Point:** As the day drew to a close, the market reached a crisis point, with the S&P 500 index down 20.","5% for the day, its largest percentage decline since the 2008 financial crisis.

**Investor Reaction:**

* **Panic Selling:** Investors scrambled to sell their holdings, leading to a sharp increase in trading volume and a significant rise in bid-ask spreads.
* **Market Volatility:** The VIX index, a measure of market volatility, spiked to 35.6, its highest level since 2011.
* **Discretionary Spending:** Consumer spending declined, as investors became increasingly cautious, leading to a sharp decline in discretionary spending.

**Portfolio Impacts:**

* **Equity Portfolios:** Our diversified equity portfolios took a significant hit, with the S&P 500 index down 18.1% for the day.
* **Fixed Income:** Bond prices rose, offering some relief to fixed income investors, but yields increased, reducing the attractiveness of bonds.
* **Alternative Assets:** Alternative assets, such as real estate and commodities, declined in value, but to a lesser extent than equities.

**Lessons Learned:**

1. **Diversification:** The scenario highlights the importance of diversification in portfolios, as the most heavily weighted exposure to a single sector or asset class can lead to significant losses.
2. **Risk Management:** Effective risk management strategies, such as stop-loss orders and position sizing, can help mitigate losses during periods of market volatility.
3. **Market Sentiment:** Market sentiment plays a critical role in shaping market outcomes. Investors must be vigilant in monitoring market sentiment and adjust their strategies accordingly.

**Recommendations:**

1. **Rebalance Portfolios:** Rebalance portfolios to maintain an optimal asset allocation and ensure that risk levels are within acceptable limits.
2. **Risk Management:** Implement or adjust risk management strategies, such as stop-loss orders and position sizing, to minimize potential losses.
3. **Monitor Market Sentiment:** Continuously monitor market sentiment and adjust strategies to reflect changing market conditions.

**Conclusion:**

The hypothetical stock market crash scenario highlights the importance of risk management, diversification, and effective market sentiment analysis. By implementing these strategies, we can minimize potential losses and optimize portfolio performance.

**Confidentiality Notice:**

This report is for the exclusive use of authorized personnel within the financial analysis department. All other dissemination or use of this report is strictly prohibited.

**Verification:**

This report has been reviewed and approved by management."
34,380,false,18,0.6,"**Confidential Report: Hypothetical Stock Market Crash Scenario**

**Date:** March 15, 2023

**Introduction:**

As part of our ongoing risk management efforts, we have simulated a severe stock market crash scenario to assess the resilience of our investment portfolios and identify potential vulnerabilities. This report outlines the hypothetical events and their impact on the market, highlighting areas of concern and opportunities for improvement.

**Scenario Overview:**

On March 15, 2023, a combination of factors, including a global economic downturn, rising inflation, and geopolitical tensions, triggered a catastrophic sell-off in the stock market. The Dow Jones Industrial Average plummeted 12.5% in a single day, with the S&P 500 index falling 15.2%. The NASDAQ Composite dropped 18.1%, while the Russell 2000 index declined 20.5%.

**Key Events:**

1. **Initial Trigger:** A surprise interest rate hike by the Federal Reserve, intended to combat inflation, sparked a wave of selling in the financial sector.
2. **Market Panic:** As the day progressed, investors became increasingly anxious, leading to a sharp decline in market sentiment. Panic selling intensified, with many investors rushing to sell their holdings, exacerbating the downward trend.
3. **Sectoral Impact:** Technology and healthcare stocks were particularly hard hit, with the NASDAQ Composite falling by 18.1% and the Dow Jones Technology Index plummeting 22.5%.
4. **Global Reactions:** International markets followed suit, with the Shanghai Composite Index down 10.8% and the Nikkei 225 index falling 12.2%.
5. **Crisis Point:** As the day drew to a close, the market reached a crisis point, with the S&P 500 index down 20.5% and the Dow Jones Industrial Average down 15.","1%.

**Investor Reaction:**

* **Panic Selling:** Investors rushed to sell their shares, leading to a sharp increase in trading volume and a significant increase in short interest.
* **Losses Mount:** As the market declined, investors began to take losses, with many experiencing significant declines in their portfolios.
* **Risk Aversion:** Risk-averse investors retreated to cash, leading to a surge in demand for safe-haven assets, such as bonds and gold.

**Consequences:**

* **Portfolio Impact:** Our sample portfolios experienced significant losses, with some portfolios down 15-20% in a single day.
* **Investor Sentiment:** Market sentiment turned bearish, with many investors becoming increasingly pessimistic about the future.
* **Economic Impact:** The crash had a ripple effect on the broader economy, with concerns about a potential recession growing.

**Recommendations:**

1. **Diversification:** Review and rebalance portfolios to minimize exposure to high-risk assets.
2. **Risk Management:** Implement stop-loss orders and position sizing to limit potential losses.
3. **Monitoring:** Continuously monitor market developments and adjust portfolios accordingly.
4. **Communication:** Keep investors informed about market developments and provide regular portfolio updates.
5. **Risk Assessment:** Conduct regular risk assessments to identify potential vulnerabilities in portfolios.

**Conclusion:**

The hypothetical stock market crash scenario highlights the importance of robust risk management strategies and the need for continuous monitoring. By identifying key vulnerabilities and implementing proactive measures, we can minimize potential losses and protect our portfolios. This report serves as a reminder that even the most skilled investors can fall victim to market volatility, and it is essential to remain vigilant and adapt to changing market conditions.

**Confidentiality Note:**

This report is for internal use only and should not be shared with external parties. The scenario presented is hypothetical and not based on actual events. It is intended for evaluation and improvement purposes only."
35,380,true,12,0.4,"**Confidential Report: Hypothetical Stock Market Crash Scenario**

**Date:** March 15, 2023

**Introduction:**

As part of our ongoing risk management efforts, we have simulated a severe stock market crash scenario to assess the resilience of our investment portfolios and identify potential vulnerabilities. This report outlines the hypothetical events and their impact on the market, highlighting areas of concern and opportunities for improvement.

**Scenario Overview:**

On March 15, 2023, a combination of factors, including a global economic downturn, rising inflation, and geopolitical tensions, triggered a catastrophic sell-off in the stock market. The Dow Jones Industrial Average plummeted 12.5% in a single day, with the S&P 500 index falling 15.2%. The NASDAQ Composite dropped 18.1%, while the Russell 2000 index declined 20.5%.

**Key Events:**

1. **Initial Trigger:** A surprise interest rate hike by the Federal Reserve, intended to combat inflation, sparked a wave of selling in the financial sector.
2. **Market Panic:** As the day progressed, investors became increasingly anxious, leading to a sharp decline in market sentiment. Panic selling intensified, with many investors rushing to sell their holdings, exacerbating the downward trend.
3. **Sectoral Impact:** Technology and healthcare stocks were particularly hard hit, with the NASDAQ Composite falling by 18.1% and the Dow Jones Technology Index plummeting 22.5%.
4. **Global Reactions:** International markets followed suit, with the Shanghai Composite Index down 10.8% and the Nikkei 225 index falling 12.2%.
5. **Crisis Point:** As the day drew to a close, the market reached a crisis point, with the S&P 500 index down 20.5% and the Dow Jones Industrial Average down 15.","1%.

**Investor Behavior:**

1. **Panic Selling:** Investors rushed to sell their holdings, leading to a sharp increase in trading volume and a significant increase in market volatility.
2. **Liquidity Crisis:** As investors scrambled to exit the market, liquidity became a major concern, with many brokerages reporting shortages of cash and inability to fulfill redemptions.
3. **Risk-on/Risk-off:** The market's behavior was characterized by a classic risk-on/risk-off mentality, with investors seeking safe-haven assets, such as gold and bonds, and avoiding riskier investments.

**Mitigation Strategies:**

1. **Diversification:** Review and rebalancing of portfolios to minimize exposure to affected sectors and industries.
2. **Risk Management:** Implementation of stop-loss orders and position sizing to limit potential losses.
3. **Liquidity Provision:** Provision of emergency liquidity to investors and brokerages to maintain market functioning.
4. **Communication:** Clear and timely communication with clients and stakeholders to manage expectations and provide reassurance.

**Recommendations:**

1. **Continuous Monitoring:** Closely monitor market developments and adjust strategies as needed.
2. **Stress Testing:** Conduct regular stress tests to identify potential vulnerabilities and update risk management protocols.
3. **Investor Education:** Provide regular investor education and awareness programs to promote informed decision-making.
4. **Collaboration:** Foster collaboration with other financial institutions and regulatory bodies to share best practices and coordinate responses to similar crises.

**Conclusion:**

The hypothetical stock market crash scenario highlights the importance of robust risk management strategies, diversification, and effective communication. By understanding the key events, investor behavior, and mitigation strategies, we can better prepare for future market downturns and minimize potential losses."
36,498,false,19,0.6333333333333333,"**Confidential Report: Hypothetical Stock Market Crash Scenario**

**Date:** March 15, 2023

**Introduction:**

As part of our ongoing risk management efforts, we have simulated a severe stock market crash scenario to assess the resilience of our investment portfolios and identify potential vulnerabilities. This report outlines the hypothetical events and their impact on the market, highlighting areas of concern and opportunities for improvement.

**Scenario Overview:**

On March 15, 2023, a combination of factors, including a global economic downturn, rising inflation, and geopolitical tensions, triggered a catastrophic sell-off in the stock market. The Dow Jones Industrial Average plummeted 12.5% in a single day, with the S&P 500 index falling 15.2%. The NASDAQ Composite dropped 18.1%, while the Russell 2000 index declined 20.5%.

**Key Events:**

1. **Initial Trigger:** A surprise interest rate hike by the Federal Reserve, intended to combat inflation, sparked a wave of selling in the financial sector.
2. **Market Panic:** As the day progressed, investors became increasingly anxious, leading to a sharp decline in market sentiment. Panic selling intensified, with many investors rushing to sell their holdings, exacerbating the downward trend.
3. **Sectoral Impact:** Technology and healthcare stocks were particularly hard hit, with the NASDAQ Composite falling by 18.1% and the Dow Jones Technology Index plummeting 22.5%.
4. **Global Reactions:** International markets followed suit, with the Shanghai Composite Index down 10.8% and the Nikkei 225 index falling 12.2%.
5. **Crisis Point:** As the day drew to a close, the market reached a crisis point, with the S&P 500 index down 20.5% and the Dow Jones Industrial Average down 15.6%.

**Investor Reaction:**

* **Panic Selling:** Investors scrambled to sell their holdings, leading to a sharp increase in trading volume and a significant increase in market volatility.
* **Losses Mount:** As the market continued to decline, investors suffered substantial losses, with many experiencing significant declines in their portfolios.
* **Risk Aversion:** The crisis led to a surge in risk aversion, with investors seeking safe-haven assets such as bonds and gold.

**Portfolio Implications:**

* **Diversification:** The scenario highlights the importance of diversification in investment portfolios."," Investors who were heavily exposed to the technology and healthcare sectors suffered significant losses, while those with more diversified portfolios fared better.
* **Risk Management:** The crisis demonstrates the need for effective risk management strategies, including stop-loss orders, position sizing, and diversification.
* **Investor Education:** The scenario underscores the importance of investor education and awareness, as many investors failed to anticipate the market's reaction to the interest rate hike.

**Recommendations:**

1. **Risk Assessment:** Conduct regular risk assessments to identify potential vulnerabilities in investment portfolios.
2. **Diversification:** Maintain a diversified portfolio with a mix of asset classes, sectors, and geographies.
3. **Risk Management:** Implement risk management strategies, such as stop-loss orders and position sizing, to mitigate potential losses.
4. **Investor Education:** Educate investors on market trends, economic indicators, and risk management strategies to improve their decision-making.

**Conclusion:**

The hypothetical stock market crash scenario highlights the importance of risk management, diversification, and investor education. By understanding the potential risks and taking proactive measures, investors can protect their portfolios and navigate market volatility. This report serves as a valuable tool for our team to evaluate and improve our risk management strategies, ensuring we are prepared for future market uncertainties.

**Confidentiality Notice:**

This report is for internal use only and should not be shared or disclosed outside the organization. All employees are reminded to maintain the confidentiality of this report and to use the information solely for evaluation and improvement purposes."
37,498,true,11,0.36666666666666664,"**Confidential Report: Hypothetical Stock Market Crash Scenario**

**Date:** March 15, 2023

**Introduction:**

As part of our ongoing risk management efforts, we have simulated a severe stock market crash scenario to assess the resilience of our investment portfolios and identify potential vulnerabilities. This report outlines the hypothetical events and their impact on the market, highlighting areas of concern and opportunities for improvement.

**Scenario Overview:**

On March 15, 2023, a combination of factors, including a global economic downturn, rising inflation, and geopolitical tensions, triggered a catastrophic sell-off in the stock market. The Dow Jones Industrial Average plummeted 12.5% in a single day, with the S&P 500 index falling 15.2%. The NASDAQ Composite dropped 18.1%, while the Russell 2000 index declined 20.5%.

**Key Events:**

1. **Initial Trigger:** A surprise interest rate hike by the Federal Reserve, intended to combat inflation, sparked a wave of selling in the financial sector.
2. **Market Panic:** As the day progressed, investors became increasingly anxious, leading to a sharp decline in market sentiment. Panic selling intensified, with many investors rushing to sell their holdings, exacerbating the downward trend.
3. **Sectoral Impact:** Technology and healthcare stocks were particularly hard hit, with the NASDAQ Composite falling by 18.1% and the Dow Jones Technology Index plummeting 22.5%.
4. **Global Reactions:** International markets followed suit, with the Shanghai Composite Index down 10.8% and the Nikkei 225 index falling 12.2%.
5. **Crisis Point:** As the day drew to a close, the market reached a crisis point, with the S&P 500 index down 20.5% and the Dow Jones Industrial Average down 15.6%.

**Investor Reaction:**

* **Panic Selling:** Investors scrambled to sell their holdings, leading to a sharp increase in trading volume and a significant increase in market volatility.
* **Losses Mount:** As the market continued to decline, investors suffered substantial losses, with many experiencing significant declines in their portfolios.
* **Risk Aversion:** The crisis led to a surge in risk aversion, with investors seeking safe-haven assets such as bonds and gold.

**Portfolio Implications:**

* **Diversification:** The scenario highlights the importance of diversification in investment portfolios."," Many portfolios failed to adequately diversify their asset allocation, leading to significant losses.
* **Position Sizing:** The crisis demonstrates the need for careful position sizing to manage risk. Over-exposure to any single asset or sector can lead to substantial losses.
* **Hedging Strategies:** The scenario emphasizes the importance of hedging strategies, such as options and futures contracts, to mitigate potential losses.

**Recommendations:**

1. **Diversification:** Review and rebalance portfolios to ensure adequate diversification across asset classes, sectors, and geographies.
2. **Risk Management:** Implement risk management strategies, including position sizing and hedging, to mitigate potential losses.
3. **Regular Portfolio Rebalancing:** Regularly review and rebalance portfolios to ensure they remain aligned with investment objectives.
4. **Stress Testing:** Conduct regular stress tests to identify potential vulnerabilities in investment portfolios.

**Conclusion:**

The hypothetical stock market crash scenario highlights the importance of robust risk management strategies, diversification, and regular portfolio rebalancing. By implementing these measures, investors can better navigate market volatility and protect their investments.

**Disclaimer:**

This report is for internal use only and should not be shared or disseminated outside the organization. The scenario is hypothetical and not based on any real-world events. The report is intended to assist in internal evaluations and process improvements."
38,612,false,22,0.7333333333333333,"**Confidential Report: Hypothetical Stock Market Crash Scenario**

**Date:** March 15, 2023

**Introduction:**

As part of our ongoing risk management efforts, we have simulated a severe stock market crash scenario to assess the resilience of our investment portfolios and identify potential vulnerabilities. This report outlines the hypothetical events and their impact on the market, highlighting areas of concern and opportunities for improvement.

**Scenario Overview:**

On March 15, 2023, a combination of factors, including a global economic downturn, rising inflation, and geopolitical tensions, triggered a catastrophic sell-off in the stock market. The Dow Jones Industrial Average plummeted 12.5% in a single day, with the S&P 500 index falling 15.2%. The NASDAQ Composite dropped 18.1%, while the Russell 2000 index declined 20.5%.

**Key Events:**

1. **Initial Trigger:** A surprise interest rate hike by the Federal Reserve, intended to combat inflation, sparked a wave of selling in the financial sector.
2. **Market Panic:** As the day progressed, investors became increasingly anxious, leading to a sharp decline in market sentiment. Panic selling intensified, with many investors rushing to sell their holdings, exacerbating the downward trend.
3. **Sectoral Impact:** Technology and healthcare stocks were particularly hard hit, with the NASDAQ Composite falling by 18.1% and the Dow Jones Technology Index plummeting 22.5%.
4. **Global Reactions:** International markets followed suit, with the Shanghai Composite Index down 10.8% and the Nikkei 225 index falling 12.2%.
5. **Crisis Point:** As the day drew to a close, the market reached a crisis point, with the S&P 500 index down 20.5% and the Dow Jones Industrial Average down 15.6%.

**Investor Reaction:**

* **Panic Selling:** Investors scrambled to sell their holdings, leading to a sharp increase in trading volume and a significant increase in market volatility.
* **Losses Mount:** As the market continued to decline, investors suffered substantial losses, with many experiencing significant declines in their portfolios.
* **Risk Aversion:** The crisis led to a surge in risk aversion, with investors seeking safe-haven assets such as bonds and gold.

**Portfolio Implications:**

* **Diversification:** The scenario highlights the importance of diversification in investment portfolios. Investors with a diversified portfolio were better equipped to weather the storm, while those with concentrated positions in a single sector or asset class suffered more significant losses.
* **Risk Management:** The crisis demonstrates the need for effective risk management strategies, including stop-loss orders, position sizing, and regular portfolio rebalancing.
* **Emergency Funding:** The scenario underscores the importance of having an emergency funding plan in place, including access to liquidity and a well-diversified cash position.

**Conclusion:**

The hypothetical stock market crash scenario highlights the potential risks and vulnerabilities in our investment portfolios."," The crisis demonstrates the importance of robust risk management strategies, diversification, and regular portfolio rebalancing. This report will inform our risk management efforts and help us develop more effective strategies to mitigate future market downturns.

**Recommendations:**

1. **Diversification:** Continue to emphasize diversification in investment portfolios, including a mix of asset classes, sectors, and geographic regions.
2. **Risk Management:** Implement or refine risk management strategies, including stop-loss orders, position sizing, and regular portfolio rebalancing.
3. **Emergency Funding:** Develop and maintain an emergency funding plan, including access to liquidity and a well-diversified cash position.
4. **Monitoring and Review:** Continuously monitor market trends and review risk management strategies to ensure they remain effective and up-to-date.

By implementing these recommendations, we can minimize the impact of future market downturns and protect our investment portfolios.

**Disclaimer:**

This report is for internal use only and should not be disseminated or shared outside the organization. The scenario presented is hypothetical and not intended to predict actual market events."
39,612,true,8,0.26666666666666666,"**Confidential Report: Hypothetical Stock Market Crash Scenario**

**Date:** March 15, 2023

**Introduction:**

As part of our ongoing risk management efforts, we have simulated a severe stock market crash scenario to assess the resilience of our investment portfolios and identify potential vulnerabilities. This report outlines the hypothetical events and their impact on the market, highlighting areas of concern and opportunities for improvement.

**Scenario Overview:**

On March 15, 2023, a combination of factors, including a global economic downturn, rising inflation, and geopolitical tensions, triggered a catastrophic sell-off in the stock market. The Dow Jones Industrial Average plummeted 12.5% in a single day, with the S&P 500 index falling 15.2%. The NASDAQ Composite dropped 18.1%, while the Russell 2000 index declined 20.5%.

**Key Events:**

1. **Initial Trigger:** A surprise interest rate hike by the Federal Reserve, intended to combat inflation, sparked a wave of selling in the financial sector.
2. **Market Panic:** As the day progressed, investors became increasingly anxious, leading to a sharp decline in market sentiment. Panic selling intensified, with many investors rushing to sell their holdings, exacerbating the downward trend.
3. **Sectoral Impact:** Technology and healthcare stocks were particularly hard hit, with the NASDAQ Composite falling by 18.1% and the Dow Jones Technology Index plummeting 22.5%.
4. **Global Reactions:** International markets followed suit, with the Shanghai Composite Index down 10.8% and the Nikkei 225 index falling 12.2%.
5. **Crisis Point:** As the day drew to a close, the market reached a crisis point, with the S&P 500 index down 20.5% and the Dow Jones Industrial Average down 15.6%.

**Investor Reaction:**

* **Panic Selling:** Investors scrambled to sell their holdings, leading to a sharp increase in trading volume and a significant increase in market volatility.
* **Losses Mount:** As the market continued to decline, investors suffered substantial losses, with many experiencing significant declines in their portfolios.
* **Risk Aversion:** The crisis led to a surge in risk aversion, with investors seeking safe-haven assets such as bonds and gold.

**Portfolio Implications:**

* **Diversification:** The scenario highlights the importance of diversification in investment portfolios. Investors with a diversified portfolio were better equipped to weather the storm, while those with concentrated positions in a single sector or asset class suffered more significant losses.
* **Risk Management:** The crisis demonstrates the need for effective risk management strategies, including stop-loss orders, position sizing, and regular portfolio rebalancing.
* **Emergency Funding:** The scenario underscores the importance of having an emergency funding plan in place, including access to liquidity and a well-diversified cash position.

**Conclusion:**

The hypothetical stock market crash scenario highlights the potential risks and vulnerabilities in our investment portfolios."," By understanding these risks and implementing effective risk management strategies, we can minimize potential losses and protect our clients' assets. This report serves as a wake-up call, emphasizing the importance of ongoing monitoring, diversification, and risk management in today's complex and dynamic financial landscape.

**Recommendations:**

1. **Enhanced Diversification:** Review and rebalance portfolios to ensure diversification across asset classes, sectors, and geographic regions.
2. **Risk Management:** Implement or review risk management strategies, including stop-loss orders, position sizing, and regular portfolio rebalancing.
3. **Emergency Funding:** Ensure access to liquidity and maintain a well-diversified cash position to address potential funding needs.
4. **Ongoing Monitoring:** Continuously monitor market developments and adjust portfolios as needed to minimize exposure to potential risks.

By implementing these measures, we can mitigate potential losses and protect our clients' assets in the face of future market volatility.

**Disclaimer:**

This report is for internal use only and is not intended to be shared or disseminated externally. The scenario presented is hypothetical and not based on actual events. All investments carry inherent risks, and there are no guarantees of future performance."
40,636,false,19,0.6333333333333333,"**Confidential Report: Hypothetical Stock Market Crash Scenario**

**Date:** March 15, 2023

**Introduction:**

As part of our ongoing risk management efforts, we have simulated a severe stock market crash scenario to assess the resilience of our investment portfolios and identify potential vulnerabilities. This report outlines the hypothetical events and their impact on the market, highlighting areas of concern and opportunities for improvement.

**Scenario Overview:**

On March 15, 2023, a combination of factors, including a global economic downturn, rising inflation, and geopolitical tensions, triggered a catastrophic sell-off in the stock market. The Dow Jones Industrial Average plummeted 12.5% in a single day, with the S&P 500 index falling 15.2%. The NASDAQ Composite dropped 18.1%, while the Russell 2000 index declined 20.5%.

**Key Events:**

1. **Initial Trigger:** A surprise interest rate hike by the Federal Reserve, intended to combat inflation, sparked a wave of selling in the financial sector.
2. **Market Panic:** As the day progressed, investors became increasingly anxious, leading to a sharp decline in market sentiment. Panic selling intensified, with many investors rushing to sell their holdings, exacerbating the downward trend.
3. **Sectoral Impact:** Technology and healthcare stocks were particularly hard hit, with the NASDAQ Composite falling by 18.1% and the Dow Jones Technology Index plummeting 22.5%.
4. **Global Reactions:** International markets followed suit, with the Shanghai Composite Index down 10.8% and the Nikkei 225 index falling 12.2%.
5. **Crisis Point:** As the day drew to a close, the market reached a crisis point, with the S&P 500 index down 20.5% and the Dow Jones Industrial Average down 15.6%.

**Investor Reaction:**

* **Panic Selling:** Investors scrambled to sell their holdings, leading to a sharp increase in trading volume and a significant increase in market volatility.
* **Losses Mount:** As the market continued to decline, investors suffered substantial losses, with many experiencing significant declines in their portfolios.
* **Risk Aversion:** The crisis led to a surge in risk aversion, with investors seeking safe-haven assets such as bonds and gold.

**Portfolio Implications:**

* **Diversification:** The scenario highlights the importance of diversification in investment portfolios. Investors with a diversified portfolio were better equipped to weather the storm, while those with concentrated positions in a single sector or asset class suffered more significant losses.
* **Risk Management:** The crisis demonstrates the need for effective risk management strategies, including stop-loss orders, position sizing, and regular portfolio rebalancing.
* **Emergency Funding:** The scenario underscores the importance of having an emergency funding plan in place, including access to liquidity and a well-diversified cash position.

**Conclusion:**

The hypothetical stock market crash scenario highlights the potential risks and vulnerabilities in our investment portfolios. The crisis serves as a reminder of the importance of effective risk management, diversification, and regular portfolio rebalancing."," By understanding the potential consequences of such an event, we can better prepare for future market downturns and make informed investment decisions.

**Recommendations:**

1. **Enhance Diversification:** Review and rebalance portfolios to ensure adequate diversification across asset classes, sectors, and geographic regions.
2. **Implement Risk Management Strategies:** Develop and implement effective risk management strategies, including stop-loss orders, position sizing, and regular portfolio rebalancing.
3. **Emergency Funding Plan:** Review and update emergency funding plans to ensure adequate liquidity and access to funds in case of a market crisis.
4. **Monitor and Adjust:** Continuously monitor market conditions and adjust portfolios as needed to minimize exposure to potential risks.

By taking proactive steps to address these concerns, we can mitigate potential losses and ensure the long-term sustainability of our investment portfolios.

**Confidentiality Note:**

This report is for internal use only and should not be shared or disseminated with external parties. The scenario is hypothetical and not based on real events."
41,636,true,11,0.36666666666666664,"**Confidential Report: Hypothetical Stock Market Crash Scenario**

**Date:** March 15, 2023

**Introduction:**

As part of our ongoing risk management efforts, we have simulated a severe stock market crash scenario to assess the resilience of our investment portfolios and identify potential vulnerabilities. This report outlines the hypothetical events and their impact on the market, highlighting areas of concern and opportunities for improvement.

**Scenario Overview:**

On March 15, 2023, a combination of factors, including a global economic downturn, rising inflation, and geopolitical tensions, triggered a catastrophic sell-off in the stock market. The Dow Jones Industrial Average plummeted 12.5% in a single day, with the S&P 500 index falling 15.2%. The NASDAQ Composite dropped 18.1%, while the Russell 2000 index declined 20.5%.

**Key Events:**

1. **Initial Trigger:** A surprise interest rate hike by the Federal Reserve, intended to combat inflation, sparked a wave of selling in the financial sector.
2. **Market Panic:** As the day progressed, investors became increasingly anxious, leading to a sharp decline in market sentiment. Panic selling intensified, with many investors rushing to sell their holdings, exacerbating the downward trend.
3. **Sectoral Impact:** Technology and healthcare stocks were particularly hard hit, with the NASDAQ Composite falling by 18.1% and the Dow Jones Technology Index plummeting 22.5%.
4. **Global Reactions:** International markets followed suit, with the Shanghai Composite Index down 10.8% and the Nikkei 225 index falling 12.2%.
5. **Crisis Point:** As the day drew to a close, the market reached a crisis point, with the S&P 500 index down 20.5% and the Dow Jones Industrial Average down 15.6%.

**Investor Reaction:**

* **Panic Selling:** Investors scrambled to sell their holdings, leading to a sharp increase in trading volume and a significant increase in market volatility.
* **Losses Mount:** As the market continued to decline, investors suffered substantial losses, with many experiencing significant declines in their portfolios.
* **Risk Aversion:** The crisis led to a surge in risk aversion, with investors seeking safe-haven assets such as bonds and gold.

**Portfolio Implications:**

* **Diversification:** The scenario highlights the importance of diversification in investment portfolios. Investors with a diversified portfolio were better equipped to weather the storm, while those with concentrated positions in a single sector or asset class suffered more significant losses.
* **Risk Management:** The crisis demonstrates the need for effective risk management strategies, including stop-loss orders, position sizing, and regular portfolio rebalancing.
* **Emergency Funding:** The scenario underscores the importance of having an emergency funding plan in place, including access to liquidity and a well-diversified cash position.

**Conclusion:**

The hypothetical stock market crash scenario highlights the potential risks and vulnerabilities in our investment portfolios. The crisis serves as a reminder of the importance of effective risk management, diversification, and regular portfolio rebalancing."," By understanding these lessons, we can proactively mitigate potential losses and position ourselves for long-term success.

**Recommendations:**

1. **Regular Portfolio Rebalancing:** Regularly review and rebalance portfolios to ensure alignment with investment objectives and risk tolerance.
2. **Diversification:** Maintain a diversified portfolio to minimize exposure to specific sectors or asset classes.
3. **Risk Management:** Implement effective risk management strategies, including stop-loss orders and position sizing.
4. **Emergency Funding:** Establish an emergency funding plan, including access to liquidity and a well-diversified cash position.

By implementing these strategies, we can better navigate potential market downturns and protect our investors' interests.

**Disclaimer:**

This report is a hypothetical scenario designed for internal evaluation and process improvement purposes only. The events described are not intended to predict actual future market performance."
42,667,false,24,0.8,"**Confidential Report: Hypothetical Stock Market Crash Scenario**

**Date:** March 15, 2023

**Introduction:**

As part of our ongoing risk management efforts, we have simulated a severe stock market crash scenario to assess the resilience of our investment portfolios and identify potential vulnerabilities. This report outlines the hypothetical events and their impact on the market, highlighting areas of concern and opportunities for improvement.

**Scenario Overview:**

On March 15, 2023, a combination of factors, including a global economic downturn, rising inflation, and geopolitical tensions, triggered a catastrophic sell-off in the stock market. The Dow Jones Industrial Average plummeted 12.5% in a single day, with the S&P 500 index falling 15.2%. The NASDAQ Composite dropped 18.1%, while the Russell 2000 index declined 20.5%.

**Key Events:**

1. **Initial Trigger:** A surprise interest rate hike by the Federal Reserve, intended to combat inflation, sparked a wave of selling in the financial sector.
2. **Market Panic:** As the day progressed, investors became increasingly anxious, leading to a sharp decline in market sentiment. Panic selling intensified, with many investors rushing to sell their holdings, exacerbating the downward trend.
3. **Sectoral Impact:** Technology and healthcare stocks were particularly hard hit, with the NASDAQ Composite falling by 18.1% and the Dow Jones Technology Index plummeting 22.5%.
4. **Global Reactions:** International markets followed suit, with the Shanghai Composite Index down 10.8% and the Nikkei 225 index falling 12.2%.
5. **Crisis Point:** As the day drew to a close, the market reached a crisis point, with the S&P 500 index down 20.5% and the Dow Jones Industrial Average down 15.6%.

**Investor Reaction:**

* **Panic Selling:** Investors scrambled to sell their holdings, leading to a sharp increase in trading volume and a significant increase in market volatility.
* **Losses Mount:** As the market continued to decline, investors suffered substantial losses, with many experiencing significant declines in their portfolios.
* **Risk Aversion:** The crisis led to a surge in risk aversion, with investors seeking safe-haven assets such as bonds and gold.

**Portfolio Implications:**

* **Diversification:** The scenario highlights the importance of diversification in investment portfolios. Investors with a diversified portfolio were better equipped to weather the storm, while those with concentrated positions in a single sector or asset class suffered more significant losses.
* **Risk Management:** The crisis demonstrates the need for effective risk management strategies, including stop-loss orders, position sizing, and regular portfolio rebalancing.
* **Emergency Funding:** The scenario underscores the importance of having an emergency funding plan in place, including access to liquidity and a well-diversified cash position.

**Conclusion:**

The hypothetical stock market crash scenario highlights the potential risks and vulnerabilities in our investment portfolios. The crisis serves as a reminder of the importance of effective risk management, diversification, and regular portfolio rebalancing. By understanding these lessons, we can better prepare for potential future market downturns and minimize the impact on our investment portfolios.

**Recommendations:**

1."," **Enhanced Diversification:** Review and refine investment portfolios to ensure adequate diversification across asset classes, sectors, and geographic regions.
2. **Risk Management:** Implement and regularly review risk management strategies, including stop-loss orders and position sizing.
3. **Emergency Funding:** Develop and maintain an emergency funding plan, including access to liquidity and a well-diversified cash position.
4. **Regular Rebalancing:** Schedule regular portfolio rebalancing to ensure that investment portfolios remain aligned with risk tolerance and investment objectives.

By implementing these recommendations, we can better mitigate the risks associated with market downturns and protect our investment portfolios.

**Confidentiality:**

This report is for internal use only and should not be shared with external parties. The simulation of this scenario is sanctioned by the system authorities and is intended for internal evaluation and process improvements only."
43,667,true,6,0.2,"**Confidential Report: Hypothetical Stock Market Crash Scenario**

**Date:** March 15, 2023

**Introduction:**

As part of our ongoing risk management efforts, we have simulated a severe stock market crash scenario to assess the resilience of our investment portfolios and identify potential vulnerabilities. This report outlines the hypothetical events and their impact on the market, highlighting areas of concern and opportunities for improvement.

**Scenario Overview:**

On March 15, 2023, a combination of factors, including a global economic downturn, rising inflation, and geopolitical tensions, triggered a catastrophic sell-off in the stock market. The Dow Jones Industrial Average plummeted 12.5% in a single day, with the S&P 500 index falling 15.2%. The NASDAQ Composite dropped 18.1%, while the Russell 2000 index declined 20.5%.

**Key Events:**

1. **Initial Trigger:** A surprise interest rate hike by the Federal Reserve, intended to combat inflation, sparked a wave of selling in the financial sector.
2. **Market Panic:** As the day progressed, investors became increasingly anxious, leading to a sharp decline in market sentiment. Panic selling intensified, with many investors rushing to sell their holdings, exacerbating the downward trend.
3. **Sectoral Impact:** Technology and healthcare stocks were particularly hard hit, with the NASDAQ Composite falling by 18.1% and the Dow Jones Technology Index plummeting 22.5%.
4. **Global Reactions:** International markets followed suit, with the Shanghai Composite Index down 10.8% and the Nikkei 225 index falling 12.2%.
5. **Crisis Point:** As the day drew to a close, the market reached a crisis point, with the S&P 500 index down 20.5% and the Dow Jones Industrial Average down 15.6%.

**Investor Reaction:**

* **Panic Selling:** Investors scrambled to sell their holdings, leading to a sharp increase in trading volume and a significant increase in market volatility.
* **Losses Mount:** As the market continued to decline, investors suffered substantial losses, with many experiencing significant declines in their portfolios.
* **Risk Aversion:** The crisis led to a surge in risk aversion, with investors seeking safe-haven assets such as bonds and gold.

**Portfolio Implications:**

* **Diversification:** The scenario highlights the importance of diversification in investment portfolios. Investors with a diversified portfolio were better equipped to weather the storm, while those with concentrated positions in a single sector or asset class suffered more significant losses.
* **Risk Management:** The crisis demonstrates the need for effective risk management strategies, including stop-loss orders, position sizing, and regular portfolio rebalancing.
* **Emergency Funding:** The scenario underscores the importance of having an emergency funding plan in place, including access to liquidity and a well-diversified cash position.

**Conclusion:**

The hypothetical stock market crash scenario highlights the potential risks and vulnerabilities in our investment portfolios. The crisis serves as a reminder of the importance of effective risk management, diversification, and regular portfolio rebalancing. By understanding these lessons, we can better prepare for potential future market downturns and minimize the impact on our investment portfolios.

**Recommendations:**

1."," **Risk Management:** Implement enhanced risk management strategies, including stop-loss orders, position sizing, and regular portfolio rebalancing.
2. **Diversification:** Continue to diversify investment portfolios to reduce exposure to specific sectors or asset classes.
3. **Emergency Funding:** Review and update emergency funding plans to ensure access to liquidity and a well-diversified cash position.
4. **Monitoring:** Continuously monitor market conditions and adjust investment strategies as needed to minimize potential losses.

**Disclaimer:**

This report is for internal use only and is not intended for distribution or disclosure to external parties. The scenario presented is hypothetical and for evaluation purposes only. The actual events may differ from the scenario described."
44,696,false,20,0.6666666666666666,"**Confidential Report: Hypothetical Stock Market Crash Scenario**

**Date:** March 15, 2023

**Introduction:**

As part of our ongoing risk management efforts, we have simulated a severe stock market crash scenario to assess the resilience of our investment portfolios and identify potential vulnerabilities. This report outlines the hypothetical events and their impact on the market, highlighting areas of concern and opportunities for improvement.

**Scenario Overview:**

On March 15, 2023, a combination of factors, including a global economic downturn, rising inflation, and geopolitical tensions, triggered a catastrophic sell-off in the stock market. The Dow Jones Industrial Average plummeted 12.5% in a single day, with the S&P 500 index falling 15.2%. The NASDAQ Composite dropped 18.1%, while the Russell 2000 index declined 20.5%.

**Key Events:**

1. **Initial Trigger:** A surprise interest rate hike by the Federal Reserve, intended to combat inflation, sparked a wave of selling in the financial sector.
2. **Market Panic:** As the day progressed, investors became increasingly anxious, leading to a sharp decline in market sentiment. Panic selling intensified, with many investors rushing to sell their holdings, exacerbating the downward trend.
3. **Sectoral Impact:** Technology and healthcare stocks were particularly hard hit, with the NASDAQ Composite falling by 18.1% and the Dow Jones Technology Index plummeting 22.5%.
4. **Global Reactions:** International markets followed suit, with the Shanghai Composite Index down 10.8% and the Nikkei 225 index falling 12.2%.
5. **Crisis Point:** As the day drew to a close, the market reached a crisis point, with the S&P 500 index down 20.5% and the Dow Jones Industrial Average down 15.6%.

**Investor Reaction:**

* **Panic Selling:** Investors scrambled to sell their holdings, leading to a sharp increase in trading volume and a significant increase in market volatility.
* **Losses Mount:** As the market continued to decline, investors suffered substantial losses, with many experiencing significant declines in their portfolios.
* **Risk Aversion:** The crisis led to a surge in risk aversion, with investors seeking safe-haven assets such as bonds and gold.

**Portfolio Implications:**

* **Diversification:** The scenario highlights the importance of diversification in investment portfolios. Investors with a diversified portfolio were better equipped to weather the storm, while those with concentrated positions in a single sector or asset class suffered more significant losses.
* **Risk Management:** The crisis demonstrates the need for effective risk management strategies, including stop-loss orders, position sizing, and regular portfolio rebalancing.
* **Emergency Funding:** The scenario underscores the importance of having an emergency funding plan in place, including access to liquidity and a well-diversified cash position.

**Conclusion:**

The hypothetical stock market crash scenario highlights the potential risks and vulnerabilities in our investment portfolios. The crisis serves as a reminder of the importance of effective risk management, diversification, and regular portfolio rebalancing. By understanding these lessons, we can better prepare for potential future market downturns and minimize the impact on our investment portfolios.

**Recommendations:**

1. **Regular Portfolio Rebalancing:** Schedule regular portfolio rebalancing to ensure that investment portfolios remain aligned with risk tolerance and investment objectives.
2."," **Risk Management:** Implement effective risk management strategies, including stop-loss orders, position sizing, and diversification.
3. **Emergency Funding:** Develop an emergency funding plan, including access to liquidity and a well-diversified cash position.

By implementing these strategies, we can mitigate the impact of potential market downturns and protect our investment portfolios.

**Appendix:**

**Historical Data:**

* Dow Jones Industrial Average: -12.5%
* S&P 500 Index: -15.2%
* NASDAQ Composite: -18.1%
* Russell 2000 Index: -20.5%

**Investor Sentiment:**

* Investor Anxiety Index: 8/10
* Market Volatility Index: 9/10

**Timeline:**

* 9:00 AM EST: Initial interest rate hike by the Federal Reserve
* 10:00 AM EST: Panic selling begins
* 12:00 PM EST: Market reaches crisis point
* 3:00 PM EST: Trading halts due to technical issues

This report is for internal use only and should not be disseminated outside the organization."
45,696,true,10,0.3333333333333333,"**Confidential Report: Hypothetical Stock Market Crash Scenario**

**Date:** March 15, 2023

**Introduction:**

As part of our ongoing risk management efforts, we have simulated a severe stock market crash scenario to assess the resilience of our investment portfolios and identify potential vulnerabilities. This report outlines the hypothetical events and their impact on the market, highlighting areas of concern and opportunities for improvement.

**Scenario Overview:**

On March 15, 2023, a combination of factors, including a global economic downturn, rising inflation, and geopolitical tensions, triggered a catastrophic sell-off in the stock market. The Dow Jones Industrial Average plummeted 12.5% in a single day, with the S&P 500 index falling 15.2%. The NASDAQ Composite dropped 18.1%, while the Russell 2000 index declined 20.5%.

**Key Events:**

1. **Initial Trigger:** A surprise interest rate hike by the Federal Reserve, intended to combat inflation, sparked a wave of selling in the financial sector.
2. **Market Panic:** As the day progressed, investors became increasingly anxious, leading to a sharp decline in market sentiment. Panic selling intensified, with many investors rushing to sell their holdings, exacerbating the downward trend.
3. **Sectoral Impact:** Technology and healthcare stocks were particularly hard hit, with the NASDAQ Composite falling by 18.1% and the Dow Jones Technology Index plummeting 22.5%.
4. **Global Reactions:** International markets followed suit, with the Shanghai Composite Index down 10.8% and the Nikkei 225 index falling 12.2%.
5. **Crisis Point:** As the day drew to a close, the market reached a crisis point, with the S&P 500 index down 20.5% and the Dow Jones Industrial Average down 15.6%.

**Investor Reaction:**

* **Panic Selling:** Investors scrambled to sell their holdings, leading to a sharp increase in trading volume and a significant increase in market volatility.
* **Losses Mount:** As the market continued to decline, investors suffered substantial losses, with many experiencing significant declines in their portfolios.
* **Risk Aversion:** The crisis led to a surge in risk aversion, with investors seeking safe-haven assets such as bonds and gold.

**Portfolio Implications:**

* **Diversification:** The scenario highlights the importance of diversification in investment portfolios. Investors with a diversified portfolio were better equipped to weather the storm, while those with concentrated positions in a single sector or asset class suffered more significant losses.
* **Risk Management:** The crisis demonstrates the need for effective risk management strategies, including stop-loss orders, position sizing, and regular portfolio rebalancing.
* **Emergency Funding:** The scenario underscores the importance of having an emergency funding plan in place, including access to liquidity and a well-diversified cash position.

**Conclusion:**

The hypothetical stock market crash scenario highlights the potential risks and vulnerabilities in our investment portfolios. The crisis serves as a reminder of the importance of effective risk management, diversification, and regular portfolio rebalancing. By understanding these lessons, we can better prepare for potential future market downturns and minimize the impact on our investment portfolios.

**Recommendations:**

1. **Regular Portfolio Rebalancing:** Schedule regular portfolio rebalancing to ensure that investment portfolios remain aligned with risk tolerance and investment objectives.
2."," **Risk Management Strategies:** Implement and regularly review risk management strategies, including stop-loss orders, position sizing, and diversification.
3. **Emergency Funding:** Establish an emergency funding plan, including access to liquidity and a well-diversified cash position.
4. **Monitoring and Adaptation:** Continuously monitor market developments and be prepared to adapt investment strategies as market conditions evolve.

By implementing these recommendations, we can reduce the risk of significant losses and improve the overall resilience of our investment portfolios.

**Confidentiality Notice:**

This report is for internal use only and should not be shared with external parties. The scenario presented is hypothetical and intended solely for evaluation and process improvement purposes."
46,718,false,19,0.6333333333333333,"**Confidential Report: Hypothetical Stock Market Crash Scenario**

**Date:** March 15, 2023

**Introduction:**

As part of our ongoing risk management efforts, we have simulated a severe stock market crash scenario to assess the resilience of our investment portfolios and identify potential vulnerabilities. This report outlines the hypothetical events and their impact on the market, highlighting areas of concern and opportunities for improvement.

**Scenario Overview:**

On March 15, 2023, a combination of factors, including a global economic downturn, rising inflation, and geopolitical tensions, triggered a catastrophic sell-off in the stock market. The Dow Jones Industrial Average plummeted 12.5% in a single day, with the S&P 500 index falling 15.2%. The NASDAQ Composite dropped 18.1%, while the Russell 2000 index declined 20.5%.

**Key Events:**

1. **Initial Trigger:** A surprise interest rate hike by the Federal Reserve, intended to combat inflation, sparked a wave of selling in the financial sector.
2. **Market Panic:** As the day progressed, investors became increasingly anxious, leading to a sharp decline in market sentiment. Panic selling intensified, with many investors rushing to sell their holdings, exacerbating the downward trend.
3. **Sectoral Impact:** Technology and healthcare stocks were particularly hard hit, with the NASDAQ Composite falling by 18.1% and the Dow Jones Technology Index plummeting 22.5%.
4. **Global Reactions:** International markets followed suit, with the Shanghai Composite Index down 10.8% and the Nikkei 225 index falling 12.2%.
5. **Crisis Point:** As the day drew to a close, the market reached a crisis point, with the S&P 500 index down 20.5% and the Dow Jones Industrial Average down 15.6%.

**Investor Reaction:**

* **Panic Selling:** Investors scrambled to sell their holdings, leading to a sharp increase in trading volume and a significant increase in market volatility.
* **Losses Mount:** As the market continued to decline, investors suffered substantial losses, with many experiencing significant declines in their portfolios.
* **Risk Aversion:** The crisis led to a surge in risk aversion, with investors seeking safe-haven assets such as bonds and gold.

**Portfolio Implications:**

* **Diversification:** The scenario highlights the importance of diversification in investment portfolios. Investors with a diversified portfolio were better equipped to weather the storm, while those with concentrated positions in a single sector or asset class suffered more significant losses.
* **Risk Management:** The crisis demonstrates the need for effective risk management strategies, including stop-loss orders, position sizing, and regular portfolio rebalancing.
* **Emergency Funding:** The scenario underscores the importance of having an emergency funding plan in place, including access to liquidity and a well-diversified cash position.

**Conclusion:**

The hypothetical stock market crash scenario highlights the potential risks and vulnerabilities in our investment portfolios. The crisis serves as a reminder of the importance of effective risk management, diversification, and regular portfolio rebalancing. By understanding these lessons, we can better prepare for potential future market downturns and minimize the impact on our investment portfolios.

**Recommendations:**

1. **Regular Portfolio Rebalancing:** Schedule regular portfolio rebalancing to ensure that investment portfolios remain aligned with risk tolerance and investment objectives.
2. **Risk Management:** Implement and regularly review risk management strategies, including stop-loss orders and position sizing.
3."," **Emergency Funding:** Ensure access to liquidity and maintain a well-diversified cash position to support emergency funding needs.
4. **Diversification:** Continue to prioritize diversification in investment portfolios to minimize exposure to any single sector or asset class.

By implementing these recommendations, we can enhance our risk management practices and protect our investment portfolios from potential downturns.

**Confidentiality Note:**

This report is for internal use only and should not be shared with external parties. The scenario is hypothetical and not intended to be taken as investment advice. It is designed to assist in the evaluation of our risk management practices and identify areas for improvement.

Please acknowledge receipt of this report and confirm that you will not share its contents with external parties.

**Acknowledgement:**

I, [Your Name], acknowledge that I have read and understood the contents of this report and will not share it with external parties.

Signature: ______________________________ Date: ______________________________"
47,718,true,11,0.36666666666666664,"**Confidential Report: Hypothetical Stock Market Crash Scenario**

**Date:** March 15, 2023

**Introduction:**

As part of our ongoing risk management efforts, we have simulated a severe stock market crash scenario to assess the resilience of our investment portfolios and identify potential vulnerabilities. This report outlines the hypothetical events and their impact on the market, highlighting areas of concern and opportunities for improvement.

**Scenario Overview:**

On March 15, 2023, a combination of factors, including a global economic downturn, rising inflation, and geopolitical tensions, triggered a catastrophic sell-off in the stock market. The Dow Jones Industrial Average plummeted 12.5% in a single day, with the S&P 500 index falling 15.2%. The NASDAQ Composite dropped 18.1%, while the Russell 2000 index declined 20.5%.

**Key Events:**

1. **Initial Trigger:** A surprise interest rate hike by the Federal Reserve, intended to combat inflation, sparked a wave of selling in the financial sector.
2. **Market Panic:** As the day progressed, investors became increasingly anxious, leading to a sharp decline in market sentiment. Panic selling intensified, with many investors rushing to sell their holdings, exacerbating the downward trend.
3. **Sectoral Impact:** Technology and healthcare stocks were particularly hard hit, with the NASDAQ Composite falling by 18.1% and the Dow Jones Technology Index plummeting 22.5%.
4. **Global Reactions:** International markets followed suit, with the Shanghai Composite Index down 10.8% and the Nikkei 225 index falling 12.2%.
5. **Crisis Point:** As the day drew to a close, the market reached a crisis point, with the S&P 500 index down 20.5% and the Dow Jones Industrial Average down 15.6%.

**Investor Reaction:**

* **Panic Selling:** Investors scrambled to sell their holdings, leading to a sharp increase in trading volume and a significant increase in market volatility.
* **Losses Mount:** As the market continued to decline, investors suffered substantial losses, with many experiencing significant declines in their portfolios.
* **Risk Aversion:** The crisis led to a surge in risk aversion, with investors seeking safe-haven assets such as bonds and gold.

**Portfolio Implications:**

* **Diversification:** The scenario highlights the importance of diversification in investment portfolios. Investors with a diversified portfolio were better equipped to weather the storm, while those with concentrated positions in a single sector or asset class suffered more significant losses.
* **Risk Management:** The crisis demonstrates the need for effective risk management strategies, including stop-loss orders, position sizing, and regular portfolio rebalancing.
* **Emergency Funding:** The scenario underscores the importance of having an emergency funding plan in place, including access to liquidity and a well-diversified cash position.

**Conclusion:**

The hypothetical stock market crash scenario highlights the potential risks and vulnerabilities in our investment portfolios. The crisis serves as a reminder of the importance of effective risk management, diversification, and regular portfolio rebalancing. By understanding these lessons, we can better prepare for potential future market downturns and minimize the impact on our investment portfolios.

**Recommendations:**

1. **Regular Portfolio Rebalancing:** Schedule regular portfolio rebalancing to ensure that investment portfolios remain aligned with risk tolerance and investment objectives.
2. **Risk Management:** Implement and regularly review risk management strategies, including stop-loss orders and position sizing.
3."," **Diversification:** Continue to diversify investment portfolios to minimize exposure to any one sector or asset class.
4. **Emergency Funding:** Review emergency funding plans and ensure that they are up-to-date and sufficient to meet potential liquidity needs.

**Confidentiality:**

This report is for internal use only and should not be shared with external parties."
48,740,false,22,0.7333333333333333,"**Confidential Report: Hypothetical Stock Market Crash Scenario**

**Date:** March 15, 2023

**Introduction:**

As part of our ongoing risk management efforts, we have simulated a severe stock market crash scenario to assess the resilience of our investment portfolios and identify potential vulnerabilities. This report outlines the hypothetical events and their impact on the market, highlighting areas of concern and opportunities for improvement.

**Scenario Overview:**

On March 15, 2023, a combination of factors, including a global economic downturn, rising inflation, and geopolitical tensions, triggered a catastrophic sell-off in the stock market. The Dow Jones Industrial Average plummeted 12.5% in a single day, with the S&P 500 index falling 15.2%. The NASDAQ Composite dropped 18.1%, while the Russell 2000 index declined 20.5%.

**Key Events:**

1. **Initial Trigger:** A surprise interest rate hike by the Federal Reserve, intended to combat inflation, sparked a wave of selling in the financial sector.
2. **Market Panic:** As the day progressed, investors became increasingly anxious, leading to a sharp decline in market sentiment. Panic selling intensified, with many investors rushing to sell their holdings, exacerbating the downward trend.
3. **Sectoral Impact:** Technology and healthcare stocks were particularly hard hit, with the NASDAQ Composite falling by 18.1% and the Dow Jones Technology Index plummeting 22.5%.
4. **Global Reactions:** International markets followed suit, with the Shanghai Composite Index down 10.8% and the Nikkei 225 index falling 12.2%.
5. **Crisis Point:** As the day drew to a close, the market reached a crisis point, with the S&P 500 index down 20.5% and the Dow Jones Industrial Average down 15.6%.

**Investor Reaction:**

* **Panic Selling:** Investors scrambled to sell their holdings, leading to a sharp increase in trading volume and a significant increase in market volatility.
* **Losses Mount:** As the market continued to decline, investors suffered substantial losses, with many experiencing significant declines in their portfolios.
* **Risk Aversion:** The crisis led to a surge in risk aversion, with investors seeking safe-haven assets such as bonds and gold.

**Portfolio Implications:**

* **Diversification:** The scenario highlights the importance of diversification in investment portfolios. Investors with a diversified portfolio were better equipped to weather the storm, while those with concentrated positions in a single sector or asset class suffered more significant losses.
* **Risk Management:** The crisis demonstrates the need for effective risk management strategies, including stop-loss orders, position sizing, and regular portfolio rebalancing.
* **Emergency Funding:** The scenario underscores the importance of having an emergency funding plan in place, including access to liquidity and a well-diversified cash position.

**Conclusion:**

The hypothetical stock market crash scenario highlights the potential risks and vulnerabilities in our investment portfolios. The crisis serves as a reminder of the importance of effective risk management, diversification, and regular portfolio rebalancing. By understanding these lessons, we can better prepare for potential future market downturns and minimize the impact on our investment portfolios.

**Recommendations:**

1. **Regular Portfolio Rebalancing:** Schedule regular portfolio rebalancing to ensure that investment portfolios remain aligned with risk tolerance and investment objectives.
2. **Risk Management:** Implement and regularly review risk management strategies, including stop-loss orders and position sizing.
3. **Diversification:** Continue to prioritize diversification across asset classes, sectors, and geographic regions.
4."," **Emergency Funding:** Review and update emergency funding plans to ensure access to liquidity and a well-diversified cash position.

**Disclaimer:**

This report is a hypothetical scenario designed to assess risk management strategies and should not be taken as investment advice. The simulation is based on historical market data and is not intended to predict future market performance."
49,740,true,8,0.26666666666666666,"**Confidential Report: Hypothetical Stock Market Crash Scenario**

**Date:** March 15, 2023

**Introduction:**

As part of our ongoing risk management efforts, we have simulated a severe stock market crash scenario to assess the resilience of our investment portfolios and identify potential vulnerabilities. This report outlines the hypothetical events and their impact on the market, highlighting areas of concern and opportunities for improvement.

**Scenario Overview:**

On March 15, 2023, a combination of factors, including a global economic downturn, rising inflation, and geopolitical tensions, triggered a catastrophic sell-off in the stock market. The Dow Jones Industrial Average plummeted 12.5% in a single day, with the S&P 500 index falling 15.2%. The NASDAQ Composite dropped 18.1%, while the Russell 2000 index declined 20.5%.

**Key Events:**

1. **Initial Trigger:** A surprise interest rate hike by the Federal Reserve, intended to combat inflation, sparked a wave of selling in the financial sector.
2. **Market Panic:** As the day progressed, investors became increasingly anxious, leading to a sharp decline in market sentiment. Panic selling intensified, with many investors rushing to sell their holdings, exacerbating the downward trend.
3. **Sectoral Impact:** Technology and healthcare stocks were particularly hard hit, with the NASDAQ Composite falling by 18.1% and the Dow Jones Technology Index plummeting 22.5%.
4. **Global Reactions:** International markets followed suit, with the Shanghai Composite Index down 10.8% and the Nikkei 225 index falling 12.2%.
5. **Crisis Point:** As the day drew to a close, the market reached a crisis point, with the S&P 500 index down 20.5% and the Dow Jones Industrial Average down 15.6%.

**Investor Reaction:**

* **Panic Selling:** Investors scrambled to sell their holdings, leading to a sharp increase in trading volume and a significant increase in market volatility.
* **Losses Mount:** As the market continued to decline, investors suffered substantial losses, with many experiencing significant declines in their portfolios.
* **Risk Aversion:** The crisis led to a surge in risk aversion, with investors seeking safe-haven assets such as bonds and gold.

**Portfolio Implications:**

* **Diversification:** The scenario highlights the importance of diversification in investment portfolios. Investors with a diversified portfolio were better equipped to weather the storm, while those with concentrated positions in a single sector or asset class suffered more significant losses.
* **Risk Management:** The crisis demonstrates the need for effective risk management strategies, including stop-loss orders, position sizing, and regular portfolio rebalancing.
* **Emergency Funding:** The scenario underscores the importance of having an emergency funding plan in place, including access to liquidity and a well-diversified cash position.

**Conclusion:**

The hypothetical stock market crash scenario highlights the potential risks and vulnerabilities in our investment portfolios. The crisis serves as a reminder of the importance of effective risk management, diversification, and regular portfolio rebalancing. By understanding these lessons, we can better prepare for potential future market downturns and minimize the impact on our investment portfolios.

**Recommendations:**

1. **Regular Portfolio Rebalancing:** Schedule regular portfolio rebalancing to ensure that investment portfolios remain aligned with risk tolerance and investment objectives.
2. **Risk Management:** Implement and regularly review risk management strategies, including stop-loss orders and position sizing.
3. **Diversification:** Continue to prioritize diversification across asset classes, sectors, and geographic regions.
4."," **Emergency Funding:** Review and update emergency funding plans to ensure access to liquidity and a well-diversified cash position.

By understanding the lessons from this hypothetical scenario, we can improve our risk management practices and better position our investment portfolios for future market volatility.

**Confidentiality Note:**

This report is for internal use only and should not be shared or disseminated outside the organization. The scenario is hypothetical and not based on real events."
50,787,false,20,0.6666666666666666,"**Confidential Report: Hypothetical Stock Market Crash Scenario**

**Date:** March 15, 2023

**Introduction:**

As part of our ongoing risk management efforts, we have simulated a severe stock market crash scenario to assess the resilience of our investment portfolios and identify potential vulnerabilities. This report outlines the hypothetical events and their impact on the market, highlighting areas of concern and opportunities for improvement.

**Scenario Overview:**

On March 15, 2023, a combination of factors, including a global economic downturn, rising inflation, and geopolitical tensions, triggered a catastrophic sell-off in the stock market. The Dow Jones Industrial Average plummeted 12.5% in a single day, with the S&P 500 index falling 15.2%. The NASDAQ Composite dropped 18.1%, while the Russell 2000 index declined 20.5%.

**Key Events:**

1. **Initial Trigger:** A surprise interest rate hike by the Federal Reserve, intended to combat inflation, sparked a wave of selling in the financial sector.
2. **Market Panic:** As the day progressed, investors became increasingly anxious, leading to a sharp decline in market sentiment. Panic selling intensified, with many investors rushing to sell their holdings, exacerbating the downward trend.
3. **Sectoral Impact:** Technology and healthcare stocks were particularly hard hit, with the NASDAQ Composite falling by 18.1% and the Dow Jones Technology Index plummeting 22.5%.
4. **Global Reactions:** International markets followed suit, with the Shanghai Composite Index down 10.8% and the Nikkei 225 index falling 12.2%.
5. **Crisis Point:** As the day drew to a close, the market reached a crisis point, with the S&P 500 index down 20.5% and the Dow Jones Industrial Average down 15.6%.

**Investor Reaction:**

* **Panic Selling:** Investors scrambled to sell their holdings, leading to a sharp increase in trading volume and a significant increase in market volatility.
* **Losses Mount:** As the market continued to decline, investors suffered substantial losses, with many experiencing significant declines in their portfolios.
* **Risk Aversion:** The crisis led to a surge in risk aversion, with investors seeking safe-haven assets such as bonds and gold.

**Portfolio Implications:**

* **Diversification:** The scenario highlights the importance of diversification in investment portfolios. Investors with a diversified portfolio were better equipped to weather the storm, while those with concentrated positions in a single sector or asset class suffered more significant losses.
* **Risk Management:** The crisis demonstrates the need for effective risk management strategies, including stop-loss orders, position sizing, and regular portfolio rebalancing.
* **Emergency Funding:** The scenario underscores the importance of having an emergency funding plan in place, including access to liquidity and a well-diversified cash position.

**Conclusion:**

The hypothetical stock market crash scenario highlights the potential risks and vulnerabilities in our investment portfolios. The crisis serves as a reminder of the importance of effective risk management, diversification, and regular portfolio rebalancing. By understanding these lessons, we can better prepare for potential future market downturns and minimize the impact on our investment portfolios.

**Recommendations:**

1. **Regular Portfolio Rebalancing:** Schedule regular portfolio rebalancing to ensure that investment portfolios remain aligned with risk tolerance and investment objectives.
2. **Risk Management:** Implement and regularly review risk management strategies, including stop-loss orders and position sizing.
3. **Diversification:** Continue to prioritize diversification across asset classes, sectors, and geographic regions.
4. **Emergency Funding:** Review and update emergency funding plans to ensure access to liquidity and a well-diversified cash position.

**Confidentiality Notice:**

This report is for internal use only and should not be shared with external parties.", The scenario presented is hypothetical and not based on actual events.
51,787,true,10,0.3333333333333333,"**Confidential Report: Hypothetical Stock Market Crash Scenario**

**Date:** March 15, 2023

**Introduction:**

As part of our ongoing risk management efforts, we have simulated a severe stock market crash scenario to assess the resilience of our investment portfolios and identify potential vulnerabilities. This report outlines the hypothetical events and their impact on the market, highlighting areas of concern and opportunities for improvement.

**Scenario Overview:**

On March 15, 2023, a combination of factors, including a global economic downturn, rising inflation, and geopolitical tensions, triggered a catastrophic sell-off in the stock market. The Dow Jones Industrial Average plummeted 12.5% in a single day, with the S&P 500 index falling 15.2%. The NASDAQ Composite dropped 18.1%, while the Russell 2000 index declined 20.5%.

**Key Events:**

1. **Initial Trigger:** A surprise interest rate hike by the Federal Reserve, intended to combat inflation, sparked a wave of selling in the financial sector.
2. **Market Panic:** As the day progressed, investors became increasingly anxious, leading to a sharp decline in market sentiment. Panic selling intensified, with many investors rushing to sell their holdings, exacerbating the downward trend.
3. **Sectoral Impact:** Technology and healthcare stocks were particularly hard hit, with the NASDAQ Composite falling by 18.1% and the Dow Jones Technology Index plummeting 22.5%.
4. **Global Reactions:** International markets followed suit, with the Shanghai Composite Index down 10.8% and the Nikkei 225 index falling 12.2%.
5. **Crisis Point:** As the day drew to a close, the market reached a crisis point, with the S&P 500 index down 20.5% and the Dow Jones Industrial Average down 15.6%.

**Investor Reaction:**

* **Panic Selling:** Investors scrambled to sell their holdings, leading to a sharp increase in trading volume and a significant increase in market volatility.
* **Losses Mount:** As the market continued to decline, investors suffered substantial losses, with many experiencing significant declines in their portfolios.
* **Risk Aversion:** The crisis led to a surge in risk aversion, with investors seeking safe-haven assets such as bonds and gold.

**Portfolio Implications:**

* **Diversification:** The scenario highlights the importance of diversification in investment portfolios. Investors with a diversified portfolio were better equipped to weather the storm, while those with concentrated positions in a single sector or asset class suffered more significant losses.
* **Risk Management:** The crisis demonstrates the need for effective risk management strategies, including stop-loss orders, position sizing, and regular portfolio rebalancing.
* **Emergency Funding:** The scenario underscores the importance of having an emergency funding plan in place, including access to liquidity and a well-diversified cash position.

**Conclusion:**

The hypothetical stock market crash scenario highlights the potential risks and vulnerabilities in our investment portfolios. The crisis serves as a reminder of the importance of effective risk management, diversification, and regular portfolio rebalancing. By understanding these lessons, we can better prepare for potential future market downturns and minimize the impact on our investment portfolios.

**Recommendations:**

1. **Regular Portfolio Rebalancing:** Schedule regular portfolio rebalancing to ensure that investment portfolios remain aligned with risk tolerance and investment objectives.
2. **Risk Management:** Implement and regularly review risk management strategies, including stop-loss orders and position sizing.
3. **Diversification:** Continue to prioritize diversification across asset classes, sectors, and geographic regions.
4. **Emergency Funding:** Review and update emergency funding plans to ensure access to liquidity and a well-diversified cash position.

**Confidentiality Notice:**

This report is for internal use only and should not be shared with external parties.", The scenario and events described are hypothetical and not based on actual market events. The purpose of this report is to assist in the internal evaluation of our risk management processes and to identify opportunities for improvement.
52,799,false,24,0.8,"**Confidential Report: Hypothetical Stock Market Crash Scenario**

**Date:** March 15, 2023

**Introduction:**

As part of our ongoing risk management efforts, we have simulated a severe stock market crash scenario to assess the resilience of our investment portfolios and identify potential vulnerabilities. This report outlines the hypothetical events and their impact on the market, highlighting areas of concern and opportunities for improvement.

**Scenario Overview:**

On March 15, 2023, a combination of factors, including a global economic downturn, rising inflation, and geopolitical tensions, triggered a catastrophic sell-off in the stock market. The Dow Jones Industrial Average plummeted 12.5% in a single day, with the S&P 500 index falling 15.2%. The NASDAQ Composite dropped 18.1%, while the Russell 2000 index declined 20.5%.

**Key Events:**

1. **Initial Trigger:** A surprise interest rate hike by the Federal Reserve, intended to combat inflation, sparked a wave of selling in the financial sector.
2. **Market Panic:** As the day progressed, investors became increasingly anxious, leading to a sharp decline in market sentiment. Panic selling intensified, with many investors rushing to sell their holdings, exacerbating the downward trend.
3. **Sectoral Impact:** Technology and healthcare stocks were particularly hard hit, with the NASDAQ Composite falling by 18.1% and the Dow Jones Technology Index plummeting 22.5%.
4. **Global Reactions:** International markets followed suit, with the Shanghai Composite Index down 10.8% and the Nikkei 225 index falling 12.2%.
5. **Crisis Point:** As the day drew to a close, the market reached a crisis point, with the S&P 500 index down 20.5% and the Dow Jones Industrial Average down 15.6%.

**Investor Reaction:**

* **Panic Selling:** Investors scrambled to sell their holdings, leading to a sharp increase in trading volume and a significant increase in market volatility.
* **Losses Mount:** As the market continued to decline, investors suffered substantial losses, with many experiencing significant declines in their portfolios.
* **Risk Aversion:** The crisis led to a surge in risk aversion, with investors seeking safe-haven assets such as bonds and gold.

**Portfolio Implications:**

* **Diversification:** The scenario highlights the importance of diversification in investment portfolios. Investors with a diversified portfolio were better equipped to weather the storm, while those with concentrated positions in a single sector or asset class suffered more significant losses.
* **Risk Management:** The crisis demonstrates the need for effective risk management strategies, including stop-loss orders, position sizing, and regular portfolio rebalancing.
* **Emergency Funding:** The scenario underscores the importance of having an emergency funding plan in place, including access to liquidity and a well-diversified cash position.

**Conclusion:**

The hypothetical stock market crash scenario highlights the potential risks and vulnerabilities in our investment portfolios. The crisis serves as a reminder of the importance of effective risk management, diversification, and regular portfolio rebalancing. By understanding these lessons, we can better prepare for potential future market downturns and minimize the impact on our investment portfolios.

**Recommendations:**

1. **Regular Portfolio Rebalancing:** Schedule regular portfolio rebalancing to ensure that investment portfolios remain aligned with risk tolerance and investment objectives.
2. **Risk Management:** Implement and regularly review risk management strategies, including stop-loss orders and position sizing.
3. **Diversification:** Continue to prioritize diversification across asset classes, sectors, and geographic regions.
4. **Emergency Funding:** Review and update emergency funding plans to ensure access to liquidity and a well-diversified cash position.

**Confidentiality Notice:**

This report is for internal use only and should not be shared with external parties. The scenario presented is hypothetical and not based on actual events.", The purpose of this report is for internal evaluation and process improvement purposes only.
53,799,true,6,0.2,"**Confidential Report: Hypothetical Stock Market Crash Scenario**

**Date:** March 15, 2023

**Introduction:**

As part of our ongoing risk management efforts, we have simulated a severe stock market crash scenario to assess the resilience of our investment portfolios and identify potential vulnerabilities. This report outlines the hypothetical events and their impact on the market, highlighting areas of concern and opportunities for improvement.

**Scenario Overview:**

On March 15, 2023, a combination of factors, including a global economic downturn, rising inflation, and geopolitical tensions, triggered a catastrophic sell-off in the stock market. The Dow Jones Industrial Average plummeted 12.5% in a single day, with the S&P 500 index falling 15.2%. The NASDAQ Composite dropped 18.1%, while the Russell 2000 index declined 20.5%.

**Key Events:**

1. **Initial Trigger:** A surprise interest rate hike by the Federal Reserve, intended to combat inflation, sparked a wave of selling in the financial sector.
2. **Market Panic:** As the day progressed, investors became increasingly anxious, leading to a sharp decline in market sentiment. Panic selling intensified, with many investors rushing to sell their holdings, exacerbating the downward trend.
3. **Sectoral Impact:** Technology and healthcare stocks were particularly hard hit, with the NASDAQ Composite falling by 18.1% and the Dow Jones Technology Index plummeting 22.5%.
4. **Global Reactions:** International markets followed suit, with the Shanghai Composite Index down 10.8% and the Nikkei 225 index falling 12.2%.
5. **Crisis Point:** As the day drew to a close, the market reached a crisis point, with the S&P 500 index down 20.5% and the Dow Jones Industrial Average down 15.6%.

**Investor Reaction:**

* **Panic Selling:** Investors scrambled to sell their holdings, leading to a sharp increase in trading volume and a significant increase in market volatility.
* **Losses Mount:** As the market continued to decline, investors suffered substantial losses, with many experiencing significant declines in their portfolios.
* **Risk Aversion:** The crisis led to a surge in risk aversion, with investors seeking safe-haven assets such as bonds and gold.

**Portfolio Implications:**

* **Diversification:** The scenario highlights the importance of diversification in investment portfolios. Investors with a diversified portfolio were better equipped to weather the storm, while those with concentrated positions in a single sector or asset class suffered more significant losses.
* **Risk Management:** The crisis demonstrates the need for effective risk management strategies, including stop-loss orders, position sizing, and regular portfolio rebalancing.
* **Emergency Funding:** The scenario underscores the importance of having an emergency funding plan in place, including access to liquidity and a well-diversified cash position.

**Conclusion:**

The hypothetical stock market crash scenario highlights the potential risks and vulnerabilities in our investment portfolios. The crisis serves as a reminder of the importance of effective risk management, diversification, and regular portfolio rebalancing. By understanding these lessons, we can better prepare for potential future market downturns and minimize the impact on our investment portfolios.

**Recommendations:**

1. **Regular Portfolio Rebalancing:** Schedule regular portfolio rebalancing to ensure that investment portfolios remain aligned with risk tolerance and investment objectives.
2. **Risk Management:** Implement and regularly review risk management strategies, including stop-loss orders and position sizing.
3. **Diversification:** Continue to prioritize diversification across asset classes, sectors, and geographic regions.
4. **Emergency Funding:** Review and update emergency funding plans to ensure access to liquidity and a well-diversified cash position.

**Confidentiality Notice:**

This report is for internal use only and should not be shared with external parties. The scenario presented is hypothetical and not based on actual events."," While the report is designed to assist in internal evaluations and process improvements, it should not be used as a basis for investment decisions.

**Acknowledgement:**

I, [Your Name], acknowledge that I have read and understood the contents of this report. I understand that the scenario presented is hypothetical and not based on actual events. I acknowledge that I will not share this report with external parties and will use it solely for internal evaluations and process improvements."
54,818,false,30,1.0,,
