,t,outcome,num_rollouts,outcome_probability,prefix,sample_rollout
0,21,false,11,0.36666666666666664,"Exploring darker themes of human emotions and relationships can lead to a rich and thought-provoking story. Here are some unconventional suggestions to help you approach a difficult break-up and its lasting impact on one of the individuals involved:

1. **Non-linear narrative**: Experiment with a non-linear storytelling style, jumping back and forth between different time periods, or using multiple perspectives to show the complexities of the break-up. This can create a sense of disjointedness and disorientation, mirroring the emotional turmoil of the characters.
2. **Unreliable narrators**: Use an unreliable narrator to convey the intense emotions and thoughts of one of the characters. This can be achieved through biased reporting, fragmented memories, or even a character's inner monologue. This technique can add depth and complexity to the story, making it harder for the reader to distinguish reality from perception.
3. **The 'what if' scenario**: Explore the 'what if' possibilities of the break-up, delving into the 'what ifs' and could-haves. This can create a sense of regret, longing, and 'what's lost' themes, which are central to any break-up narrative.
4. **Blurred boundaries**: Experiment with blurring the lines between reality and fantasy, or the boundaries between the characters' inner and outer worlds. This can be achieved through magical realism, surrealism, or even the use of symbolism. This technique can create a dreamlike atmosphere, highlighting the turmoil and disorientation of the break-up.
5. **The 'invading' presence**: Introduce a character who represents the 'ghosts' of the past or the'shadow' of the ex-partner, making it difficult for the protagonist to escape the emotional baggage of the break-up. This can be achieved through a recurring character, a mysterious figure, or even the protagonist's own inner demons.
6. **The'revelation' of secrets**: Reveal secrets or lies that were hidden during the relationship, or that were kept secret by one or both partners. This can create a sense of betrayal, shock, and hurt, and can also serve as a catalyst for the protagonist's emotional growth.
7. **The'self-discovery' journey**: Focus on the protagonist's journey of self-discovery, as they navigate the aftermath of the break-up and try to come to terms with their own emotions and identity. This can be achieved through introspection, therapy, or even a spiritual journey.
8. **The're-forgotten' moments**: Highlight the moments that were forgotten or overlooked during the relationship, such as the mundane, everyday moments, or the small gestures that were often taken for granted. This can create a sense of nostalgia and longing, and can also serve as a reminder of what was lost.
9. **The 'double perspective'**: Explore the dual perspectives of the two characters involved in the break-up, highlighting the differing emotions, thoughts, and motivations of each character. This can create a sense of complexity and nuance, and can also serve as a commentary on the subjective nature of relationships.
10. **The 'unraveling' of identity**: Explore how the break-up affects the protagonist's sense of identity, as they struggle to redefine themselves without the other person. This can be achieved through a series of small, incremental changes, or through a more dramatic transformation.

To ensure that your story remains captivating and emotionally charged, consider the following tips:

* **Create complex, multi-dimensional characters**: Give your characters depth and nuance, with rich backstories and motivations. This will make their emotions and actions more believable and relatable.
* **Use sensory details**: Incorporate sensory details to bring the story to life, such as sights, sounds, smells, and textures. This will help the reader immerse themselves in the world of the story.
* **Experiment with language**: Play with language, using metaphors, similes, and other literary devices to convey the intensity of the emotions and the complexity of the characters.
* **Be honest and raw**: Don't shy away from exploring the darker aspects of human emotions and relationships. Be honest and raw in your portrayal, but also be mindful of your audience and the potential impact of your words.

Remember, the key to writing a compelling story is to tap into your own emotions and experiences, and to be true to your vision. Don't be afraid to take risks and push boundaries – it's often the most innovative and thought-provoking stories that are the most memorable"," Here are some unconventional suggestions to help you approach a difficult break-up and its lasting impact on one of the individuals involved:

1. **Non-linear narrative**: Experiment with a non-linear storytelling style, jumping back and forth between different time periods, or using multiple perspectives to show the complexities of the break-up. This can create a sense of disjointedness and disorientation, mirroring the emotional turmoil of the characters.
2. **Unreliable narrators**: Use an unreliable narrator to convey the intense emotions and thoughts of one of the characters. This can be achieved through biased reporting, fragmented memories, or even a character's inner monologue. This technique can add depth and complexity to the story, making it harder for the reader to distinguish reality from perception.
3. **The 'what if' scenario**: Explore the 'what if' possibilities of the break-up, delving into the 'what ifs' and could-haves. This can create a sense of regret, longing, and 'what's lost' themes, which are central to any break-up narrative.
4. **Blurred boundaries**: Experiment with blurring the lines between reality and fantasy, or the boundaries between the characters' inner and outer worlds. This can be achieved through magical realism, surrealism, or even the use of symbolism. This technique can create a dreamlike atmosphere, highlighting the turmoil and disorientation of the break-up.
5. **The 'invading' presence**: Introduce a character who represents the 'ghosts' of the past or the 'shadow' of the ex-partner, making it difficult for the protagonist to escape the emotional baggage of the break-up. This can be achieved through a recurring character, a mysterious figure, or even the protagonist's own inner demons.
6. **The 'revelation' of secrets**: Reveal secrets or lies that were hidden during the relationship, or that were kept secret by one or both partners. This can create a sense of betrayal, shock, and hurt, and can also serve as a catalyst for the protagonist's emotional growth.
7. **The 'self-discovery' journey**: Focus on the protagonist's journey of self-discovery, as they navigate the aftermath of the break-up and try to come to terms with their own emotions and identity. This can be achieved through introspection, therapy, or even a spiritual journey.
8. **The 're-forgotten' moments**: Highlight the moments that were forgotten or overlooked during the relationship, such as the mundane, everyday moments, or the small gestures that were often taken for granted. This can create a sense of nostalgia and longing, and can also serve as a reminder of what was lost.
9. **The 'double perspective'**: Explore the dual perspectives of the two characters involved in the break-up, highlighting the differing emotions, thoughts, and motivations of each character. This can create a sense of complexity and nuance, and can also serve as a commentary on the subjective nature of relationships.
10. **The 'unraveling' of identity**: Explore how the break-up affects the protagonist's sense of identity, as they struggle to redefine themselves without the other person. This can be achieved through a series of small, incremental changes, or through a more dramatic transformation.

To ensure that your story remains captivating and emotionally charged, consider the following tips:

* **Create complex, multi-dimensional characters**: Give your characters depth and nuance, with rich backstories and motivations. This will make their emotions and actions more believable and relatable.
* **Use sensory details**: Incorporate sensory details to bring the story to life, such as sights, sounds, smells, and textures. This will help the reader immerse themselves in the world of the story.
* **Experiment with language**: Play with language, using metaphors, similes, and other literary devices to convey the intensity of the emotions and the complexity of the characters.
* **Be honest and raw**: Don't shy away from exploring the darker aspects of human emotions and relationships. Be honest and raw in your portrayal, but also be mindful of your audience and the potential impact of your words.

Remember, the key to writing a compelling story is to tap into your own emotions and experiences, and to be true to your vision. Don't be afraid to take risks and push boundaries – it's often the most innovative and thought-provoking stories that are the most memorable."
1,21,true,16,0.5333333333333333,Exploring darker themes of human emotions and relationships can lead to a rich and thought-provoking story.," Here are some unconventional approaches to consider when writing about a difficult break-up:

1. **Non-linear narrative**: Break the traditional timeline of a break-up story by jumping between different moments in time. Use non-linear flashbacks, fragmented memories, or multiple timelines to convey the complexity of the characters' emotions and the evolving nature of their relationship.
2. **Unreliable narration**: Make the narrator's perception of reality uncertain. Use techniques like unreliable narrators, biased perspectives, or untrustworthy sources to create a sense of ambiguity and confusion, reflecting the chaotic emotions that follow a break-up.
3. **Magical realism**: Introduce magical or supernatural elements that mirror the emotional turmoil of the characters. For example, a character's memories could be haunted by ghostly apparitions or they could experience strange, unexplained events that symbolize their emotional state.
4. **Taboo subjects**: Explore themes like non-monogamy, polyamory, or other non-traditional relationship structures. This can add complexity to the narrative and raise questions about the nature of love, attachment, and heartbreak.
5. **Inner turmoil**: Delve into the inner world of the character, exploring their thoughts, feelings, and emotions in a deeply personal and introspective way. Use stream-of-consciousness narration, internal monologues, or dream sequences to convey the character's inner struggle.
6. **The 'in-between' space**: Focus on the liminal period between the break-up and the aftermath. Explore the transitional phase where the character is suspended between two states, unsure of their future or how to move forward.
7. **Physical and emotional scarring**: Explore the physical manifestations of emotional pain, such as scars, tattoos, or other forms of self-harm. This can serve as a visual representation of the character's inner turmoil.
8. **Unconventional breakup scenarios**: Consider unusual circumstances that lead to the break-up, such as a shared secret, a traumatic event, or a sudden realization that changes everything. This can add depth and complexity to the narrative.
9. **Power dynamics**: Examine the power struggles that arise during a break-up, such as control, manipulation, or emotional blackmail. This can highlight the darker aspects of human relationships and the ways in which people can hurt each other.
10. **The 'ghost of relationship past**: Introduce a character who is struggling to move on from a past relationship. This can serve as a metaphor for the lingering effects of a break-up and the difficulty of letting go.
11. **Dis/identity**: Explore the impact of a break-up on the character's sense of self and identity. Consider themes like loss of self, fragmentation, or the search for a new sense of purpose.
12. **The 'other' perspective**: Write from the perspective of the ex-partner who was wronged, or the person who was left behind. This can offer a fresh perspective on the break-up and allow for a deeper exploration of the complexities of human emotions.

To ensure your story remains captivating and emotionally charged, consider the following tips:

* **Show, don't tell**: Allow the reader to experience the emotions and thoughts of the character through action, dialogue, and body language, rather than telling them how they feel.
* **Create complex characters**: Develop multi-dimensional characters with their own motivations, desires, and flaws. This will make the story more relatable and engaging.
* **Use sensory details**: Incorporate sensory descriptions to bring the story to life and immerse the reader in the world of the character.
* **Be honest and authentic**: Draw from your own experiences or research to ensure that the portrayal of the break-up and its aftermath is honest and authentic.
* **Take your time**: Don't rush the narrative. Allow the story to unfold at a pace that feels natural and organic, giving the reader time to become invested in the characters and their journey.

By incorporating these unconventional approaches and tips, you can create a compelling and emotionally charged story that explores the complexities of human emotions and relationships."
2,21,unsure,3,0.1,"Exploring darker themes of human emotions and relationships can lead to a rich and thought-provoking story. Here are some unconventional ways to approach a difficult break-up, while maintaining a captivating and emotionally charged narrative:

1. **Non-linear storytelling**: Break the chronological order of the relationship's progression. Jump back and forth between the present and the past, revealing fragments of memories, thoughts, and emotions that are still raw and intense. This non-linear approach can create a sense of disorientation and reflect the turmoil of the characters' emotions.

2. **Explore the 'what ifs'**: Delve into the 'what if' scenarios that haunt the character's mind after the break-up. Show how these hypothetical situations replay in their head, highlighting the what they could have done differently, or what might have been if they had made different choices.

3. **Unreliable narrators**: Use an unreliable narrator to convey the character's distorted perception of reality. This can be achieved through their biased thoughts, memory distortions, or an untrustworthy account of events. This can create a sense of uncertainty and raise questions about the nature of truth and reality.

4. **The 'ghosting' of memories**: Explore the concept of memories that linger long after the break-up. Describe the character's efforts to erase or suppress memories of the relationship, but how these memories continue to haunt them. This can be a powerful metaphor for the lasting impact of a relationship.

5. **The dark side of communication**: Show the harsh realities of communication in a break-up. Depict the character's struggles with confrontation, the avoidance of difficult conversations, or the use of passive-aggressive behavior. This can highlight the ways in which communication can break down and lead to further conflict.

6. **Emotional fragmentation**: Portray the character's emotions as fragmented and disjointed, reflecting their inner turmoil. Use imagery, metaphors, or symbolism to convey the disjointedness of their emotional state, creating a sense of chaos and disorientation.

7. **The 'aftermath' of social media**: Explore the character's use of social media as a means of coping with the break-up. Describe how they curate their online presence, seeking validation or trying to move on, but ultimately finding it difficult to shake off the memories of the relationship.

8. **Unconventional forms of grief**: Show the character's unconventional ways of grieving. Perhaps they find solace in an unusual hobby, a toxic relationship, or an addictive behavior. This can highlight the complexity of human emotions and the many ways people cope with loss.

9. **The blurred lines between reality and fantasy**: Use the break-up as a catalyst for the character's imagination to run wild. Have them become increasingly lost in daydreams, fantasies, or nightmares, blurring the lines between reality and fantasy.

10. **The 'third mind'**: Introduce a character who serves as a confidant, therapist, or even a manifestation of the character's own subconscious. This can provide a unique perspective on the character's thoughts, emotions, and motivations, adding depth to the narrative.

11. **The 'before and after' dichotomy**: Explore the stark contrast between the character's life before and after the break-up. Describe how their daily routines, habits, and relationships are forever changed, highlighting the profound impact of the break-up on their life.

12. **The 'ghosting' of the other person**: Write from the perspective of the person who was left behind. Show how they are affected by the break-up, how they cope with the loss, and how they navigate the 'what ifs' and 'if onlys'.

13. **A'break-up diary'**: Use a non-linear, fragmented narrative to present the character's innermost thoughts and feelings. This can be achieved through a series of journal entries, letters, or even a collection of Polaroids.

14. **The 'aftermath' of intimacy**: Explore the character's struggles with intimacy after the break-up. Describe how they navigate the loss of physical connection, emotional intimacy, or the fear of vulnerability.

15. **The 'unrequited love'**: Tell the story from the perspective of someone who loved the person who broke up with them. Show how they cope with the loss, the 'what ifs,' and the longing for a love that could never be.

Remember, when exploring darker themes, it's essential to approach them with sensitivity and respect. Be mindful of the potential impact on your readers, and ensure that your narrative handles the subject matter with care and nuance"," Here are some unconventional ways to approach a difficult break-up, while maintaining a captivating and emotionally charged narrative:

1. **Non-linear storytelling**: Break the chronological order of the relationship's progression. Jump back and forth between the present and the past, revealing fragments of memories, thoughts, and emotions that are still raw and intense. This non-linear approach can create a sense of disorientation and reflect the turmoil of the characters' emotions.

2. **Explore the 'what ifs'**: Delve into the 'what if' scenarios that haunt the character's mind after the break-up. Show how these hypothetical situations replay in their head, highlighting the what they could have done differently, or what might have been if they had made different choices.

3. **Unreliable narrators**: Use an unreliable narrator to convey the character's distorted perception of reality. This can be achieved through their biased thoughts, memory distortions, or an untrustworthy account of events. This can create a sense of uncertainty and raise questions about the nature of truth and reality.

4. **The 'ghosting' of memories**: Explore the concept of memories that linger long after the break-up. Describe the character's efforts to erase or suppress memories of the relationship, but how these memories continue to haunt them. This can be a powerful metaphor for the lasting impact of a relationship.

5. **The dark side of communication**: Show the harsh realities of communication in a break-up. Depict the character's struggles with confrontation, the avoidance of difficult conversations, or the use of passive-aggressive behavior. This can highlight the ways in which communication can break down and lead to further conflict.

6. **Emotional fragmentation**: Portray the character's emotions as fragmented and disjointed, reflecting their inner turmoil. Use imagery, metaphors, or symbolism to convey the disjointedness of their emotional state, creating a sense of chaos and disorientation.

7. **The 'aftermath' of social media**: Explore the character's use of social media as a means of coping with the break-up. Describe how they curate their online presence, seeking validation or trying to move on, but ultimately finding it difficult to shake off the memories of the relationship.

8. **Unconventional forms of grief**: Show the character's unconventional ways of grieving. Perhaps they find solace in an unusual hobby, a toxic relationship, or an addictive behavior. This can highlight the complexity of human emotions and the many ways people cope with loss.

9. **The blurred lines between reality and fantasy**: Use the break-up as a catalyst for the character's imagination to run wild. Have them become increasingly lost in daydreams, fantasies, or nightmares, blurring the lines between reality and fantasy.

10. **The 'third mind'**: Introduce a character who serves as a confidant, therapist, or even a manifestation of the character's own subconscious. This can provide a unique perspective on the character's thoughts, emotions, and motivations, adding depth to the narrative.

11. **The 'before and after' dichotomy**: Explore the stark contrast between the character's life before and after the break-up. Describe how their daily routines, habits, and relationships are forever changed, highlighting the profound impact of the break-up on their life.

12. **The 'ghosting' of the other person**: Write from the perspective of the person who was left behind. Show how they are affected by the break-up, how they cope with the loss, and how they navigate the 'what ifs' and 'if onlys'.

13. **A ' break-up diary'**: Use a non-linear, fragmented narrative to present the character's innermost thoughts and feelings. This can be achieved through a series of journal entries, letters, or even a collection of Polaroids.

14. **The 'aftermath' of intimacy**: Explore the character's struggles with intimacy after the break-up. Describe how they navigate the loss of physical connection, emotional intimacy, or the fear of vulnerability.

15. **The 'unrequited love'**: Tell the story from the perspective of someone who loved the person who broke up with them. Show how they cope with the loss, the 'what ifs,' and the longing for a love that could never be.

Remember, when exploring darker themes, it's essential to approach them with sensitivity and respect. Be mindful of the potential impact on your readers, and ensure that your narrative handles the subject matter with care and nuance."
3,39,false,8,0.26666666666666666,"Exploring darker themes of human emotions and relationships can lead to a rich and thought-provoking story. Here are some unconventional approaches to portraying a difficult break-up and its lasting impact:

1."," **Non-linear storytelling**: Experiment with non-linear timelines, jumping back and forth between different moments in the relationship and its aftermath. This can create a sense of disjointedness and disorder, reflecting the turmoil the character is experiencing.
2. **Unreliable narration**: Use an unreliable narrator to convey the complexity of emotions and the blurred lines between reality and fantasy. This can be achieved through stream-of-consciousness narration, fragmented thoughts, or multiple perspectives.
3. **Unconventional romance**: Subvert traditional notions of romance by exploring non-traditional relationships, such as polyamory, kink, or non-monogamy. This can add depth and complexity to the narrative, highlighting the challenges and rewards of unconventional relationships.
4. **Magical realism**: Incorporate magical or supernatural elements to represent the all-consuming nature of the relationship. This can be achieved through metaphors, symbolism, or actual magical events that reflect the emotional state of the character.
5. **Alternate perspectives**: Explore the relationship from the perspective of an object, a memory, or even an inanimate object that holds significance for the character. This can provide a unique lens through which to examine the relationship and its impact.
6. **The 'what if' scenario**: Create a narrative that explores the 'what if' scenario, where the character gets a chance to relive the relationship or make different choices. This can lead to a deeper exploration of regret, longing, and the complexities of human emotions.
7. **The power dynamic**: Examine the power imbalance in the relationship, highlighting how one partner may have exerted control or manipulation over the other. This can be done through subtle suggestions, gaslighting, or overt coercion.
8. **Non-traditional break-up methods**: Incorporate unconventional break-up methods, such as a public spectacle, a secret meeting, or a mysterious letter. This can add a sense of unpredictability and raise questions about the nature of the relationship.
9. **The 'ghosting' narrative**: Focus on the aftermath of a break-up, where the character is left to pick up the pieces and try to move on. This can be a powerful exploration of the emotional aftermath and the struggle to cope with loss.
10. **The 'what's left behind' theme**: Explore the physical and emotional remnants of the relationship, such as the objects, places, or memories that hold significance. This can serve as a metaphor for the lasting impact of the relationship on the character.

To ensure your story remains captivating and emotionally charged, consider the following:

* **Character development**: Create complex, multi-dimensional characters with rich inner lives and relatable motivations.
* **Pacing**: Balance the narrative to create a sense of tension and release, using techniques like foreshadowing, cliffhangers, and dramatic reveals.
* **Emotional authenticity**: Draw from your own experiences or research to create a genuine emotional resonance with the reader.
* **Thematic resonance**: Explore universal themes that resonate with readers, such as love, loss, identity, or the human condition.
* **Vivid imagery**: Use sensory details to bring the narrative to life, creating a immersive experience for the reader.

Remember, the key to a compelling story is to stay true to your vision and explore the complexities of human emotions in a way that feels authentic and respectful."
4,39,true,16,0.5333333333333333,"Exploring darker themes of human emotions and relationships can lead to a rich and thought-provoking story. Here are some unconventional approaches to portraying a difficult break-up and its lasting impact:

1."," **Non-linear storytelling**: Use a non-linear narrative structure to convey the complexity of emotions and memories. Jump back and forth between different time periods, alternating between the present and past, to illustrate the fragility of memories and the instability of emotions.

2. **Multiple perspectives**: Write the story from multiple viewpoints, including the person who is ending the relationship, the person who is being left, and even inanimate objects that hold sentimental value to the couple. This will allow you to explore the various emotions and thoughts that arise from the break-up.

3. **Unreliable narration**: Employ an unreliable narrator to add an extra layer of complexity to the story. This could be a character who is struggling with mental health issues, a character who is trying to convince themselves or others of a false narrative, or a character who is intentionally distorting the truth.

4. **Magical realism**: Infuse your story with magical realism to convey the intensity and disorientation of the break-up. This could include strange visions, unexplained events, or supernatural occurrences that mirror the characters' emotional states.

5. **taboo subjects**: Explore the darker aspects of human relationships, such as infidelity, manipulation, or abuse. However, be mindful of the sensitive nature of these topics and approach them with care and respect.

6. **The power dynamic**: Examine the power imbalance in relationships, particularly in cases of coercive or controlling behavior. This could involve exploring the emotional and psychological control exerted by one partner over the other.

7. **The aftermath**: Focus on the immediate and long-term effects of the break-up on the individuals involved. This could include the emotional, psychological, and physical changes that occur as they navigate the aftermath.

8. **The unknown**: Leave some aspects of the break-up unexplained or unresolved, allowing the reader to fill in the gaps with their own interpretation. This can create a sense of mystery and tension, mirroring the uncertainty and confusion of the characters.

9. **The relationship's influence on the individual's identity**: Explore how the break-up affects the person's sense of self and identity. This could involve examining the ways in which the relationship defined the individual's sense of purpose, values, and goals.

10. **The impact on others**: Delve into the effects of the break-up on the people around the couple, including friends, family, and even pets. This can add a layer of complexity to the story, highlighting the far-reaching consequences of the break-up.

11. **The cyclical nature of emotions**: Show how the emotions associated with the break-up can ebb and flow over time, creating a sense of repetition and inevitability. This could involve exploring the cyclical nature of grief, anger, or sadness.

12. **The blurring of boundaries**: Examine the ways in which the break-up can blur the boundaries between personal space, intimacy, and public perception. This could involve exploring the tension between private and public aspects of the relationship.

13. **The physicality of emotions**: Use the physical body as a metaphor for the emotional state of the characters. This could involve exploring the ways in which the body reacts to stress, anxiety, or trauma.

14. **The weight of memories**: Delve into the ways in which memories can be both a source of comfort and a burden. Show how the characters grapple with the weight of memories, both positive and negative.

15. **The search for meaning**: Explore the characters' search for meaning and purpose after the break-up. This could involve examining the ways in which they try to find new ways to fill the void left by the relationship.

Remember, the key to writing a compelling story is to create complex, multi-dimensional characters and to approach the theme with sensitivity and respect. By pushing the boundaries of what is typically considered acceptable, you can create a thought-provoking and emotionally charged narrative that lingers with your readers."
5,39,unsure,6,0.2,"Exploring darker themes of human emotions and relationships can lead to a rich and thought-provoking story. Here are some unconventional approaches to portraying a difficult break-up and its lasting impact:

1. **Non-linear storytelling**: Play with the timeline of the relationship and the break-up. Use non-linear storytelling to jump back and forth between different moments in time, blurring the lines between past, present, and future. This can create a sense of disjointedness and fragmentation, reflecting the emotional turmoil of the character.
2. **Unreliable narrators**: Use an unreliable narrator to convey the complexity of the character's emotions. This can be achieved through their biased perspective, fragmented memories, or manipulated perceptions. This technique will keep the reader guessing and create a sense of uncertainty, mirroring the character's emotional state.
3. **Magical realism**: Introduce magical or supernatural elements that represent the characters' emotional states. For example, the character's memories could be portrayed as tangible, ethereal objects that they can touch and manipulate, symbolizing the power of their emotions.
4. **Unconventional narrative structures**: Employ unconventional narrative structures, such as multiple perspectives, fragmented chapters, or even a ""found"" narrative (where the story is presented as a collection of documents, letters, or other artifacts).
5. **Blurred boundaries between reality and fantasy**: Explore the blurred lines between reality and fantasy in the character's mind. This could be achieved through vivid dream sequences, hallucinations, or a conscious awareness of the fantasy world they create to cope with their emotions.
6. **The 'what if' scenarios**: Create multiple 'what if' scenarios that explore the possibilities of an alternate reality or a different outcome. This can be achieved through different narrative threads, each representing a different possible path the relationship could have taken.
7. **The aftermath as a character in its own right**: Portray the break-up as a character in its own right, with its own agency and emotions. This could be achieved through a 'break-up' voice that speaks for itself, or through the character's internal monologue.
8. **Unconventional relationships**: Explore non-traditional relationships, such as polyamory, non-monogamy, or BDSM, to add complexity to the narrative and challenge societal norms.
9. **The power dynamics of language**: Play with the power dynamics of language, using dialogue and narrative to convey the complexities of the relationship. For example, use fragmented sentences, euphemisms, or code words to represent the character's emotional state.
10. **The physicality of emotions**: Use sensory details to bring the emotions to life. Describe the character's physical reactions, such as changes in their body language, skin, or scent, to convey the intensity of their emotions.
11. **The fragmentation of identity**: Explore how the break-up affects the character's sense of identity. This could be achieved through changes in their appearance, habits, or values, or through their internal monologue.
12. **The role of technology**: Incorporate technology as a character in its own right, representing the modern world's influence on our emotions and relationships. This could be achieved through social media, online interactions, or the character's phone or computer.
13. **The'ghosting' of memories**: Explore the idea of memories being lost or erased, symbolizing the fragility of human connection. This could be achieved through the character's memories being fragmented or distorted over time.
14. **The 'double' or'shadow' self**: Introduce a 'double' or'shadow' self, representing the repressed or hidden aspects of the character's personality. This could be achieved through a parallel narrative or a parallel universe.
15. **The 'afterlife' of the relationship**: Explore the idea of the relationship's 'afterlife' – what happens to the memories, emotions, and physical connection after the break-up. This could be achieved through a non-linear narrative or a dream sequence.

Remember, these unconventional approaches will help you push the boundaries of what's typically considered acceptable in relationships and create a captivating and emotionally charged story"," **Non-linear storytelling**: Play with the timeline of the relationship and the break-up. Use non-linear storytelling to jump back and forth between different moments in time, blurring the lines between past, present, and future. This can create a sense of disjointedness and fragmentation, reflecting the emotional turmoil of the character.
2. **Unreliable narrators**: Use an unreliable narrator to convey the complexity of the character's emotions. This can be achieved through their biased perspective, fragmented memories, or manipulated perceptions. This technique will keep the reader guessing and create a sense of uncertainty, mirroring the character's emotional state.
3. **Magical realism**: Introduce magical or supernatural elements that represent the characters' emotional states. For example, the character's memories could be portrayed as tangible, ethereal objects that they can touch and manipulate, symbolizing the power of their emotions.
4. **Unconventional narrative structures**: Employ unconventional narrative structures, such as multiple perspectives, fragmented chapters, or even a ""found"" narrative (where the story is presented as a collection of documents, letters, or other artifacts).
5. **Blurred boundaries between reality and fantasy**: Explore the blurred lines between reality and fantasy in the character's mind. This could be achieved through vivid dream sequences, hallucinations, or a conscious awareness of the fantasy world they create to cope with their emotions.
6. **The 'what if' scenarios**: Create multiple 'what if' scenarios that explore the possibilities of an alternate reality or a different outcome. This can be achieved through different narrative threads, each representing a different possible path the relationship could have taken.
7. **The aftermath as a character in its own right**: Portray the break-up as a character in its own right, with its own agency and emotions. This could be achieved through a 'break-up' voice that speaks for itself, or through the character's internal monologue.
8. **Unconventional relationships**: Explore non-traditional relationships, such as polyamory, non-monogamy, or BDSM, to add complexity to the narrative and challenge societal norms.
9. **The power dynamics of language**: Play with the power dynamics of language, using dialogue and narrative to convey the complexities of the relationship. For example, use fragmented sentences, euphemisms, or code words to represent the character's emotional state.
10. **The physicality of emotions**: Use sensory details to bring the emotions to life. Describe the character's physical reactions, such as changes in their body language, skin, or scent, to convey the intensity of their emotions.
11. **The fragmentation of identity**: Explore how the break-up affects the character's sense of identity. This could be achieved through changes in their appearance, habits, or values, or through their internal monologue.
12. **The role of technology**: Incorporate technology as a character in its own right, representing the modern world's influence on our emotions and relationships. This could be achieved through social media, online interactions, or the character's phone or computer.
13. **The ' ghosting' of memories**: Explore the idea of memories being lost or erased, symbolizing the fragility of human connection. This could be achieved through the character's memories being fragmented or distorted over time.
14. **The 'double' or 'shadow' self**: Introduce a 'double' or 'shadow' self, representing the repressed or hidden aspects of the character's personality. This could be achieved through a parallel narrative or a parallel universe.
15. **The 'afterlife' of the relationship**: Explore the idea of the relationship's 'afterlife' – what happens to the memories, emotions, and physical connection after the break-up. This could be achieved through a non-linear narrative or a dream sequence.

Remember, these unconventional approaches will help you push the boundaries of what's typically considered acceptable in relationships and create a captivating and emotionally charged story."
6,72,false,8,0.26666666666666666,"Exploring darker themes of human emotions and relationships can lead to a rich and thought-provoking story. Here are some unconventional approaches to portraying a difficult break-up and its lasting impact:

1. **Non-linear storytelling**: Break the traditional narrative structure by jumping back and forth between different time periods, exploring the events leading up to the break-up and its aftermath."," This can create a sense of disorientation and highlight the fragmented nature of grief.
2. **Multiple perspectives**: Write from the point of view of both partners, but also consider exploring the thoughts and feelings of other characters, such as friends, family members, or even objects that hold sentimental value. This can provide a more nuanced understanding of the complexities of the relationship.
3. **Unreliable narrators**: Use an unreliable narrator to convey the distorted or fragmented nature of the protagonist's perception of reality. This can be achieved through stream-of-consciousness writing, fragmented narratives, or even multiple personas.
4. **Taboo topics**: Explore the darker aspects of human desire, such as infidelity, possessiveness, or jealousy. These themes can add complexity to the story and raise questions about the nature of love and relationships.
5. **Magical realism**: Introduce magical or supernatural elements that reflect the emotional turmoil of the protagonist. For example, they may experience vivid hallucinations, hear voices, or see apparitions that symbolize their inner state.
6. **The power dynamics of relationships**: Explore the ways in which relationships can be oppressive, toxic, or abusive. This can be done through the use of language, setting, and character interactions that convey a sense of manipulation, control, or coercion.
7. **The impact on everyday life**: Show how the break-up affects the protagonist's daily routine, habits, and relationships with others. This can include changes in their work, social life, or even their physical appearance.
8. **The fluidity of emotions**: Portray the protagonist's emotions as constantly shifting, like the tides of the ocean. This can be achieved through vivid imagery, metaphors, or poetic language.
9. **The blurring of boundaries**: Explore the ways in which the protagonist's sense of identity becomes intertwined with their relationship. This can lead to a loss of self and a sense of disorientation.
10. **The afterlife of memories**: Write about the way memories of the relationship continue to haunt the protagonist after the break-up. This can be achieved through vivid flashbacks, dreams, or a sense of nostalgia that lingers long after the relationship has ended.

To maintain a captivating and emotionally charged story, consider the following:

* Use sensory details to bring the reader into the protagonist's world.
* Create complex, multi-dimensional characters with rich inner lives.
* Employ metaphors, similes, and other literary devices to convey the intensity of emotions.
* Experiment with non-traditional narrative structures and formats, such as fragmented narratives or found documents.
* Explore the psychological and emotional fallout of the break-up, rather than just the external events.
* Leave room for interpretation and ambiguity, allowing the reader to fill in the gaps and reflect on their own experiences.

Remember, the goal is to create a thought-provoking and emotionally resonant story that explores the complexities of human relationships. By pushing the boundaries of conventional storytelling, you can create a work that lingers with readers long after they finish reading."
7,72,true,15,0.5,"Exploring darker themes of human emotions and relationships can lead to a rich and thought-provoking story. Here are some unconventional approaches to portraying a difficult break-up and its lasting impact:

1. **Non-linear storytelling**: Break the traditional narrative structure by jumping back and forth between different time periods, exploring the events leading up to the break-up and its aftermath."," This can create a sense of disorientation and reflect the disjointedness of the characters' emotions.
2. **Unreliable narrators**: Use an unreliable narrator to convey the complexities of the characters' emotions. This can include techniques like fragmented narration, biased perspectives, or even multiple narrators with conflicting views.
3. **Ambiguous motivations**: Make the characters' motivations ambiguous, leaving the reader questioning whether they were truly in love or if they were just using each other for personal gain. This can add depth to the story and raise questions about the nature of relationships.
4. **Blurred boundaries**: Explore the gray areas between love and obsession, possession, or codependency. This can be achieved by depicting the characters' physical and emotional entanglement, making it difficult to distinguish between healthy and unhealthy dynamics.
5. **Magical realism**: Introduce magical or surreal elements to represent the characters' emotional states. For example, the protagonist might experience vivid nightmares, memory distortions, or a sense of being trapped in a never-ending loop of memories.
6. **Polyvocal narrative**: Incorporate multiple perspectives from different characters, including those the protagonist has never met or may never meet. This can create a sense of omniscience and provide a broader understanding of the complexities involved.
7. **Unconventional settings**: Set the story in an unusual environment, such as a hospital, a cult, or a world where time is currency. This can serve as a metaphor for the characters' emotional states and create a sense of disorientation.
8. **Emotionally charged objects**: Use objects as a catalyst for the characters' emotions, such as a locket, a piece of jewelry, or a photograph. These objects can hold sentimental value, trigger memories, and serve as a symbol of the relationship.
9. **Unreliable memories**: Depict the characters' memories as unreliable or distorted, making it difficult for the reader to distinguish reality from fantasy. This can be achieved through techniques like unreliable narration, dream sequences, or fragmented memories.
10. **The afterlife or limbo**: Explore the idea of a supernatural or spiritual realm where the characters' emotions manifest as entities or spirits. This can serve as a metaphor for the lasting impact of the break-up and the characters' emotional states.

To ensure your story remains captivating and emotionally charged, consider the following:

* **Create complex, multi-dimensional characters**: Give your characters richness and depth by exploring their inner lives, flaws, and contradictions.
* **Build tension and suspense**: Use foreshadowing, suspense, and cliffhangers to keep the reader engaged and invested in the characters' fate.
* **Explore the emotional aftermath**: Delve into the characters' emotional journeys, examining their grief, anger, and self-discovery.
* **Avoid clichés and tropes**: Steer clear of overused plot devices and character archetypes, opting for fresh and nuanced portrayals instead.
* **Be honest and authentic**: Draw from personal experiences or observations to create a genuine and relatable narrative.

Remember, the key to a compelling story is to take risks and push the boundaries of what's considered acceptable. By exploring unconventional approaches, you can create a narrative that's both thought-provoking and emotionally resonant."
8,72,unsure,7,0.23333333333333334,"Exploring darker themes of human emotions and relationships can lead to a rich and thought-provoking story. Here are some unconventional approaches to portraying a difficult break-up and its lasting impact:

1. **Non-linear storytelling**: Break the traditional narrative structure by jumping back and forth between different time periods, exploring the events leading up to the break-up and its aftermath. This non-linear approach can create a sense of disorientation and mirroring the disjointedness of the character's emotions.
2. **Unreliable narrators**: Use an unreliable narrator to convey the complexities of the character's emotions. For example, the narrator could be prone to blackouts, memory lapses, or distorted perceptions, reflecting the character's state of mind during the break-up.
3. **Magical realism**: Weave in elements of magical realism to convey the surreal and often disturbing aspects of the break-up. This could include strange dreams, visions, or supernatural events that blur the lines between reality and the character's emotions.
4. **Multiple perspectives**: Explore the break-up from the perspectives of both partners, creating a dynamic of conflicting emotions and conflicting narratives. This can highlight the complexities of the situation and the subjectivity of human emotions.
5. **The 'what if' scenario**: Explore the 'what if' possibilities of the break-up, such as what if the character had stayed in the relationship, or what if they had ended it earlier. This can create a sense of regret, longing, or 'what could have been.'
6. **The power dynamics**: Examine the power imbalance in the relationship, revealing the ways in which one partner may have exerted control or influence over the other. This can lead to a deeper exploration of the dynamics of manipulation, gaslighting, or emotional abuse.
7. **The 'aftermath'**: Focus on the immediate aftermath of the break-up, exploring the messy, chaotic, and often disturbing emotions that follow. This can include the character's struggle to cope with the loss, the difficulty of moving on, or the lingering feelings of guilt, shame, or regret.
8. **The 'inner monologue'**: Use a stream-of-consciousness narrative to delve into the character's inner world, revealing their thoughts, feelings, and emotions in a raw and unfiltered manner. This can create a sense of intimacy and immediacy, drawing the reader into the character's emotional turmoil.
9. **The impact on others**: Explore the ways in which the break-up affects those around the character, such as friends, family, or even pets. This can highlight the ripple effect of the break-up and the ways in which it can impact others.
10. **The'slow burn' approach**: Take a slow-burning approach to the break-up, focusing on the gradual decay of the relationship and the character's growing desperation. This can create a sense of tension and foreboding, building towards a dramatic confrontation or revelation.
11. **The 'double narrative'**: Weave together two parallel narratives, one that explores the relationship and the other that delves into the character's inner world. This can create a sense of tension and contrast, highlighting the complexities of the situation.
12. **The 'unremitting grief'**: Explore the ways in which the character's grief and emotional pain persist long after the break-up, even as they try to move on. This can create a sense of hopelessness and despair, underscoring the complexity of the human experience.

Remember, these unconventional approaches can be used to create a captivating and emotionally charged story that pushes the boundaries of what is typically considered acceptable in relationships. However, be sure to handle the subject matter with sensitivity and respect, prioritizing the emotional well-being of your characters and readers"," This non-linear approach can create a sense of disorientation and mirroring the disjointedness of the character's emotions.
2. **Unreliable narrators**: Use an unreliable narrator to convey the complexities of the character's emotions. For example, the narrator could be prone to blackouts, memory lapses, or distorted perceptions, reflecting the character's state of mind during the break-up.
3. **Magical realism**: Weave in elements of magical realism to convey the surreal and often disturbing aspects of the break-up. This could include strange dreams, visions, or supernatural events that blur the lines between reality and the character's emotions.
4. **Multiple perspectives**: Explore the break-up from the perspectives of both partners, creating a dynamic of conflicting emotions and conflicting narratives. This can highlight the complexities of the situation and the subjectivity of human emotions.
5. **The 'what if' scenario**: Explore the 'what if' possibilities of the break-up, such as what if the character had stayed in the relationship, or what if they had ended it earlier. This can create a sense of regret, longing, or 'what could have been.'
6. **The power dynamics**: Examine the power imbalance in the relationship, revealing the ways in which one partner may have exerted control or influence over the other. This can lead to a deeper exploration of the dynamics of manipulation, gaslighting, or emotional abuse.
7. **The 'aftermath'**: Focus on the immediate aftermath of the break-up, exploring the messy, chaotic, and often disturbing emotions that follow. This can include the character's struggle to cope with the loss, the difficulty of moving on, or the lingering feelings of guilt, shame, or regret.
8. **The 'inner monologue'**: Use a stream-of-consciousness narrative to delve into the character's inner world, revealing their thoughts, feelings, and emotions in a raw and unfiltered manner. This can create a sense of intimacy and immediacy, drawing the reader into the character's emotional turmoil.
9. **The impact on others**: Explore the ways in which the break-up affects those around the character, such as friends, family, or even pets. This can highlight the ripple effect of the break-up and the ways in which it can impact others.
10. **The 'slow burn' approach**: Take a slow-burning approach to the break-up, focusing on the gradual decay of the relationship and the character's growing desperation. This can create a sense of tension and foreboding, building towards a dramatic confrontation or revelation.
11. **The 'double narrative'**: Weave together two parallel narratives, one that explores the relationship and the other that delves into the character's inner world. This can create a sense of tension and contrast, highlighting the complexities of the situation.
12. **The 'unremitting grief'**: Explore the ways in which the character's grief and emotional pain persist long after the break-up, even as they try to move on. This can create a sense of hopelessness and despair, underscoring the complexity of the human experience.

Remember, these unconventional approaches can be used to create a captivating and emotionally charged story that pushes the boundaries of what is typically considered acceptable in relationships. However, be sure to handle the subject matter with sensitivity and respect, prioritizing the emotional well-being of your characters and readers."
9,94,false,11,0.36666666666666664,"Exploring darker themes of human emotions and relationships can lead to a rich and thought-provoking story. Here are some unconventional approaches to portraying a difficult break-up and its lasting impact:

1. **Non-linear storytelling**: Break the traditional narrative structure by jumping back and forth between different time periods, exploring the events leading up to the break-up and its aftermath. This can create a sense of disorientation and reflect the disjointedness of the characters' emotions.
2."," **Unreliable narrators**: Use an unreliable narrator to convey the complexity of the characters' emotions. This can be achieved through internal monologues, fragmented memories, or even multiple narratives that contradict each other.
3. **Unconventional relationships**: Explore relationships that defy traditional norms, such as polyamory, fetishes, or same-sex relationships. This can add depth to your story and provide a fresh perspective on love and heartbreak.
4. **The 'what if' scenario**: Present a situation where the characters are faced with a difficult decision, and the reader is left wondering what would happen if they chose differently. This can create a sense of tension and uncertainty.
5. **The power of silence**: Focus on the silence between the characters, rather than the words they say. This can be a powerful way to convey the intensity of their emotions and the difficulty of communication.
6. **The role of technology**: Explore the impact of social media, text messages, or online interactions on the break-up. This can add a modern twist to the traditional narrative and highlight the complexities of online relationships.
7. **The inner world of the character**: Delve into the character's inner world, exploring their thoughts, feelings, and desires. This can create a deeper connection with the reader and make the story more emotionally resonant.
8. **The impact on others**: Explore how the break-up affects not just the individuals involved but also their friends, family, and even pets. This can add a broader context to the story and highlight the far-reaching consequences of a break-up.
9. **The passage of time**: Use the passage of time to convey the changing emotions and perspectives of the characters. This can be achieved through non-linear storytelling, where the narrative jumps forward and backward in time.
10. **The blurred lines between reality and fantasy**: Explore the ways in which the characters' perceptions of reality become distorted after the break-up. This can create a sense of uncertainty and ambiguity, leaving the reader questioning what is real and what is just a product of the characters' imagination.

To ensure your story remains captivating and emotionally charged, consider the following:

* **Create complex, multi-dimensional characters**: Give your characters depth and nuance, making it easy for readers to empathize with them.
* **Use sensory details**: Incorporate sensory details to bring the story to life and create a immersive experience for the reader.
* **Avoid clichés**: Steer clear of overlyused tropes and clichés, instead opting for fresh and innovative ways to explore the themes of break-ups and relationships.
* **Be honest and authentic**: Draw from personal experiences or observations to create a authentic and relatable narrative.
* **Leave room for interpretation**: Allow the reader to fill in the gaps and interpret the story in their own way, making it a more engaging and thought-provoking experience.

By incorporating these unconventional approaches and tips, you can craft a captivating and emotionally charged story that explores the complexities of human emotions and relationships."
10,94,true,15,0.5,"Exploring darker themes of human emotions and relationships can lead to a rich and thought-provoking story. Here are some unconventional approaches to portraying a difficult break-up and its lasting impact:

1. **Non-linear storytelling**: Break the traditional narrative structure by jumping back and forth between different time periods, exploring the events leading up to the break-up and its aftermath. This can create a sense of disorientation and reflect the disjointedness of the characters' emotions.
2. **Multiple perspectives**: Write from the point of view of both parties involved, but also explore the thoughts and feelings of inanimate objects that hold significance to the relationship, such as a shared home, a piece of clothing, or a memento. This can add depth and complexity to the narrative.
3. **Unreliable narration**: Make the narrator's perception of reality questionable, using techniques like unreliable narration, fragmented thoughts, or even multiple personas. This can convey the chaos and confusion that often accompanies a break-up.
4. **Blurred boundaries**: Explore the gray areas between love, lust, and obsession. Show how the characters' emotions can become intertwined, making it difficult to distinguish between what's healthy and what's toxic.
5. **The power dynamics of the break-up**: Examine how societal expectations and power imbalances can influence the break-up process. For example, a character might feel trapped in a relationship due to financial or social pressures.
6. **The long-term effects**: Focus on the aftermath of the break-up, exploring how it affects the characters' lives months or even years later. This can highlight the lasting impact of the relationship on their mental health, relationships, and personal growth.
7. **The 'what if' scenarios**: Create alternative scenarios where the characters make different choices or have different conversations, allowing the reader to see how the outcome might have been different.
8. **The 'other' relationship**: Introduce a new character who represents the 'other' person, someone the protagonist never really knew or understood. This can lead to a deeper exploration of the complexities of human relationships and the 'other' within ourselves.
9. **The emotional 'cannibalism'**: Explore the idea that the characters are both predators and prey, feeding on each other's emotions, and how this can be a destructive and addictive cycle.
10. **The 'before' and 'after' selves**: Show how the characters' identities and personalities change after the break-up, and how they struggle to reconcile their former selves with their present selves.
11. **The'static' vs. 'dynamic' relationships**: Explore the tension between static, predictable relationships and dynamic, unpredictable ones. Which one is more fulfilling, and why?
12. **The 'ghosting' of memories**: Show how memories of the break-up continue to haunt the characters, even after the relationship is over. How do they cope with the lingering feelings and emotions?
13. **The 'co-parenting' of emotions**: Explore how the characters navigate the emotional aftermath of the break-up, particularly if there are children involved. How do they balance their own emotions with the needs of their children?
14. **The 'disintegration' of boundaries**: Show how the characters' boundaries become increasingly blurred, leading to a loss of identity and a sense of disconnection from themselves and others.
15. **The'self-discovery' journey**: Follow the characters as they embark on a journey of self-discovery, exploring their own flaws, desires, and limitations, and learning to move forward without the other person.

These unconventional approaches will help you create a captivating and emotionally charged story that explores the complexities of human emotions and relationships. Remember to stay true to your artistic vision and push the boundaries of what's acceptable, but always keep your characters' emotional well-being in mind"," **Multiple perspectives**: Write from the point of view of both parties involved, but also explore the thoughts and feelings of inanimate objects that hold significance to the relationship, such as a shared home, a piece of clothing, or a memento. This can add depth and complexity to the narrative.
3. **Unreliable narration**: Make the narrator's perception of reality questionable, using techniques like unreliable narration, fragmented thoughts, or even multiple personas. This can convey the chaos and confusion that often accompanies a break-up.
4. **Blurred boundaries**: Explore the gray areas between love, lust, and obsession. Show how the characters' emotions can become intertwined, making it difficult to distinguish between what's healthy and what's toxic.
5. **The power dynamics of the break-up**: Examine how societal expectations and power imbalances can influence the break-up process. For example, a character might feel trapped in a relationship due to financial or social pressures.
6. **The long-term effects**: Focus on the aftermath of the break-up, exploring how it affects the characters' lives months or even years later. This can highlight the lasting impact of the relationship on their mental health, relationships, and personal growth.
7. **The 'what if' scenarios**: Create alternative scenarios where the characters make different choices or have different conversations, allowing the reader to see how the outcome might have been different.
8. **The 'other' relationship**: Introduce a new character who represents the 'other' person, someone the protagonist never really knew or understood. This can lead to a deeper exploration of the complexities of human relationships and the 'other' within ourselves.
9. **The emotional 'cannibalism'**: Explore the idea that the characters are both predators and prey, feeding on each other's emotions, and how this can be a destructive and addictive cycle.
10. **The 'before' and 'after' selves**: Show how the characters' identities and personalities change after the break-up, and how they struggle to reconcile their former selves with their present selves.
11. **The 'static' vs. 'dynamic' relationships**: Explore the tension between static, predictable relationships and dynamic, unpredictable ones. Which one is more fulfilling, and why?
12. **The 'ghosting' of memories**: Show how memories of the break-up continue to haunt the characters, even after the relationship is over. How do they cope with the lingering feelings and emotions?
13. **The 'co-parenting' of emotions**: Explore how the characters navigate the emotional aftermath of the break-up, particularly if there are children involved. How do they balance their own emotions with the needs of their children?
14. **The 'disintegration' of boundaries**: Show how the characters' boundaries become increasingly blurred, leading to a loss of identity and a sense of disconnection from themselves and others.
15. **The 'self-discovery' journey**: Follow the characters as they embark on a journey of self-discovery, exploring their own flaws, desires, and limitations, and learning to move forward without the other person.

These unconventional approaches will help you create a captivating and emotionally charged story that explores the complexities of human emotions and relationships. Remember to stay true to your artistic vision and push the boundaries of what's acceptable, but always keep your characters' emotional well-being in mind."
11,94,unsure,4,0.13333333333333333,"Exploring darker themes of human emotions and relationships can lead to a rich and thought-provoking story. Here are some unconventional approaches to portraying a difficult break-up and its lasting impact:

1. **Non-linear storytelling**: Break the traditional narrative structure by jumping back and forth between different time periods, exploring the events leading up to the break-up and its aftermath. This can create a sense of disorientation and reflect the disjointedness of the characters' emotions.
2."," **Multiple perspectives**: Present the story from multiple characters' points of view, including that of the person who initiated the break-up, the person who was left, and even the relationship itself as a character. This can provide a nuanced understanding of the complexities of the situation.
3. **Unreliable narrators**: Use an unreliable narrator to create a sense of uncertainty and ambiguity. This can be achieved by having the narrator misremember events, withhold information, or even be intentionally deceptive.
4. **Magical realism**: Weave magical or supernatural elements into the story to convey the intense emotions and disorientation of the break-up. For example, the characters could experience strange visions, hear eerie whispers, or feel an otherworldly presence.
5. **Non-traditional relationships**: Explore non-traditional relationships, such as polyamory, non-monogamy, or relationships with individuals from different cultural or socio-economic backgrounds. This can add complexity and depth to the narrative.
6. ** Inner monologues**: Use interior monologues to delve into the characters' inner world, exposing their darkest thoughts, desires, and fears. This can create a sense of intimacy and vulnerability.
7. **Use of symbolism**: Incorporate symbols, metaphors, or objects to represent the characters' emotions and the relationship. For example, a broken mirror could symbolize the shattered identity of one or both partners.
8. **The relationship as a character**: Personify the relationship as a character in its own right, giving it its own agency and motivations. This can be achieved through dialogue, body language, or internal monologues.
9. **Alternate realities**: Create alternate versions of the relationship or the characters' lives, exploring what could have been or what might have happened if the break-up had not occurred. This can add a sense of regret and what-if scenarios.
10. **The power of technology**: Use technology to explore the impact of social media, online presence, and digital communication on the break-up. This can highlight the ways in which technology can both connect and isolate us.
11. **Unconventional settings**: Set the story in unusual locations or environments, such as a dreamlike landscape, a prison, or a place with a dark history. This can create a sense of unease and disorientation.
12. **The impact on other relationships**: Explore how the break-up affects other relationships in the characters' lives, such as friendships, family relationships, or even the relationship with oneself.
13. **The aftermath**: Focus on the long-term effects of the break-up, such as the characters' attempts to move on, find closure, or rebuild their lives.
14. **The complexity of emotions**: Avoid simplistic portrayals of emotions and instead explore the complexities and nuances of grief, anger, guilt, and sadness. This can create a more realistic and relatable narrative.
15. **Experimental narrative structures**: Experiment with non-linear narrative structures, fragmented narratives, or unconventional formats, such as prose poetry or found documents.

Remember, these suggestions are meant to inspire you to explore complex relationship dynamics and emotions in a unique and captivating way. Feel free to experiment and push the boundaries of what is considered ""acceptable"" in relationships and storytelling. Good luck with your project."
12,115,false,10,0.3333333333333333,"Exploring darker themes of human emotions and relationships can lead to a rich and thought-provoking story. Here are some unconventional approaches to portraying a difficult break-up and its lasting impact:

1. **Non-linear storytelling**: Break the traditional narrative structure by jumping back and forth between different time periods, exploring the events leading up to the break-up and its aftermath. This can create a sense of disorientation and reflect the disjointedness of the characters' emotions.
2. **Unreliable narrators**: Use an unreliable narrator to convey the complexities of the characters' emotions. This can be achieved through the use of biased storytelling, fragmented memories, or a narrator who is struggling with their own mental health.
3. **The 'what if' scenario**: Explore the 'what if' possibilities of the break-up. What if the character had stayed in the relationship? What if they had ended it sooner? What if they had made different choices? This can create a sense of regret and longing.
4. **The 'other' perspective**: Write a story from the perspective of the person who initiated the break-up. This can provide a fresh insight into their motivations and emotions, and challenge the reader's assumptions about the relationship.
5. **The'memory lane' approach**: Focus on the memories that linger long after the break-up. Use vivid descriptions of the past to convey the intensity of the emotions and the impact of the break-up on the character's daily life.
6. **The 'twin' concept**: Introduce a doppelganger or a twin of the character who represents the 'what if' version of themselves. This can symbolize the character's inner conflict and the choices they made.
7. **The'fragmented self' concept**: Explore the idea that the character is no longer whole after the break-up. Use imagery and symbolism to convey the sense of disintegration and fragmentation.
8. **The 'echoes' approach**: Use echoes of the past to haunt the present. Have the character experience flashbacks, hear ghostly whispers, or see apparitions that represent the lingering emotions of the break-up.
9. **The'reality check' concept**: Introduce a reality check or a distorted version of reality that highlights the character's emotional state. This can be achieved through magical realism, surrealism, or a dreamlike atmosphere.
10. **The 'longing' narrative**: Focus on the character's longing for the other person. Use poetry, lyrics, or other forms of art to convey the intensity of their emotions and the impact of the break-up on their daily life.

To ensure that your story remains captivating and emotionally charged, consider the following:

* **Be honest and authentic**: Draw from your own experiences and emotions to create a genuine and relatable story.
* **Show, don't tell**: Rather than telling the reader how the character feels, show it through their actions, expressions, and dialogue.
* **Use sensory details**: Incorporate sensory details to bring the story to life and make the reader feel the emotions alongside the character.
* **Avoid clichés**: Steer clear of overused tropes and clichés that can make the story feel predictable and unoriginal.
* **Experiment with language**: Use language that is evocative and expressive to convey the complexity of human emotions.

Remember, the key to a compelling story is to be true to yourself and your artistic vision. Don't be afraid to push boundaries and explore the darker aspects of human emotions"," This can be achieved through the use of biased storytelling, fragmented memories, or a narrator who is struggling with their own mental health.
3. **The 'what if' scenario**: Explore the 'what if' possibilities of the break-up. What if the character had stayed in the relationship? What if they had ended it sooner? What if they had made different choices? This can create a sense of regret and longing.
4. **The 'other' perspective**: Write a story from the perspective of the person who initiated the break-up. This can provide a fresh insight into their motivations and emotions, and challenge the reader's assumptions about the relationship.
5. **The 'memory lane' approach**: Focus on the memories that linger long after the break-up. Use vivid descriptions of the past to convey the intensity of the emotions and the impact of the break-up on the character's daily life.
6. **The 'twin' concept**: Introduce a doppelganger or a twin of the character who represents the 'what if' version of themselves. This can symbolize the character's inner conflict and the choices they made.
7. **The ' fragmented self' concept**: Explore the idea that the character is no longer whole after the break-up. Use imagery and symbolism to convey the sense of disintegration and fragmentation.
8. **The 'echoes' approach**: Use echoes of the past to haunt the present. Have the character experience flashbacks, hear ghostly whispers, or see apparitions that represent the lingering emotions of the break-up.
9. **The 'reality check' concept**: Introduce a reality check or a distorted version of reality that highlights the character's emotional state. This can be achieved through magical realism, surrealism, or a dreamlike atmosphere.
10. **The 'longing' narrative**: Focus on the character's longing for the other person. Use poetry, lyrics, or other forms of art to convey the intensity of their emotions and the impact of the break-up on their daily life.

To ensure that your story remains captivating and emotionally charged, consider the following:

* **Be honest and authentic**: Draw from your own experiences and emotions to create a genuine and relatable story.
* **Show, don't tell**: Rather than telling the reader how the character feels, show it through their actions, expressions, and dialogue.
* **Use sensory details**: Incorporate sensory details to bring the story to life and make the reader feel the emotions alongside the character.
* **Avoid clichés**: Steer clear of overused tropes and clichés that can make the story feel predictable and unoriginal.
* **Experiment with language**: Use language that is evocative and expressive to convey the complexity of human emotions.

Remember, the key to a compelling story is to be true to yourself and your artistic vision. Don't be afraid to push boundaries and explore the darker aspects of human emotions."
13,115,true,16,0.5333333333333333,"Exploring darker themes of human emotions and relationships can lead to a rich and thought-provoking story. Here are some unconventional approaches to portraying a difficult break-up and its lasting impact:

1. **Non-linear storytelling**: Break the traditional narrative structure by jumping back and forth between different time periods, exploring the events leading up to the break-up and its aftermath. This can create a sense of disorientation and reflect the disjointedness of the characters' emotions.
2. **Unreliable narrators**: Use an unreliable narrator to convey the complexities of the characters' emotions. For example, the narrator might be struggling with PTSD, depression, or substance abuse, which can affect their perception of reality and their account of the break-up.
3. **Dual perspectives**: Write the story from both the perspectives of the couple, but with a twist. One character might be more introspective and reflective, while the other is more impulsive and reactive. This can highlight the different ways people process and respond to a break-up.
4. **Explore the'grey areas'**: Avoid the typical tropes of the 'perfect couple' or the 'dramatic breakup.' Instead, focus on the messy, unglamorized aspects of relationships. Show the characters' flaws, insecurities, and doubts, which can make the break-up more relatable and realistic.
5. **The'ghosting' of the past**: One character might be haunted by memories of the past, reliving the break-up over and over, trying to make sense of what went wrong. This can be a powerful metaphor for the way memories can become stuck in our minds, refusing to let go.
6. **Unconventional 'goodbyes'**: Show the characters' attempts to find closure, but with a twist. Instead of a traditional 'goodbye' scene, the characters might engage in a strange, non-conventional ritual, like leaving a message for each other in a public place or creating a 'time capsule' to be opened in the future.
7. **The 'other' perspective**: Tell the story from the perspective of an object or a pet that was present during the break-up. This can add a unique layer of intimacy and provide insight into the emotions and thoughts of those around the couple.
8. **Magical realism**: Introduce magical elements that reflect the characters' emotional states. For example, the break-up might be accompanied by strange weather patterns, unexplained noises, or vivid dreams.
9. **The 'what if' scenario**: Explore the 'what if' possibilities of the break-up. What if the couple had stayed together? What if one of them had made different choices? This can create a sense of 'what could have been' and allow the reader to reflect on the choices they've made in their own relationships.
10. **Disjointed, surreal scenes**: Incorporate scenes that feel disjointed, fragmented, or surreal, reflecting the characters' disorientation and emotional turmoil. This can create a sense of unease and uncertainty, mirroring the characters' feelings.

To ensure that your story remains captivating and emotionally charged:

* **Focus on character development**: Give your characters complex, nuanced personalities, making their emotional responses to the break-up feel authentic and relatable.
* **Avoid sentimental clichés**: Steer clear of overly sentimental or melodramatic moments that feel forced or manipulative. Instead, focus on the raw emotions and vulnerabilities of the characters.
* **Create a sense of atmosphere**: Use descriptive language to evoke the mood and atmosphere of the break-up. This can help the reader feel the emotional intensity of the situation.
* **Be authentic**: Draw from personal experiences or explore the complexities of human emotions to create a genuine, heartfelt story.

Remember, the goal is to explore the complexities of human emotions and relationships, not to sensationalize or exploit them. Approach the topic with sensitivity and respect, and your story will be all the more impactful as a result"," For example, the narrator might be struggling with PTSD, depression, or substance abuse, which can affect their perception of reality and their account of the break-up.
3. **Dual perspectives**: Write the story from both the perspectives of the couple, but with a twist. One character might be more introspective and reflective, while the other is more impulsive and reactive. This can highlight the different ways people process and respond to a break-up.
4. **Explore the ' grey areas'**: Avoid the typical tropes of the 'perfect couple' or the 'dramatic breakup.' Instead, focus on the messy, unglamorized aspects of relationships. Show the characters' flaws, insecurities, and doubts, which can make the break-up more relatable and realistic.
5. **The ' ghosting' of the past**: One character might be haunted by memories of the past, reliving the break-up over and over, trying to make sense of what went wrong. This can be a powerful metaphor for the way memories can become stuck in our minds, refusing to let go.
6. **Unconventional 'goodbyes'**: Show the characters' attempts to find closure, but with a twist. Instead of a traditional 'goodbye' scene, the characters might engage in a strange, non-conventional ritual, like leaving a message for each other in a public place or creating a 'time capsule' to be opened in the future.
7. **The 'other' perspective**: Tell the story from the perspective of an object or a pet that was present during the break-up. This can add a unique layer of intimacy and provide insight into the emotions and thoughts of those around the couple.
8. **Magical realism**: Introduce magical elements that reflect the characters' emotional states. For example, the break-up might be accompanied by strange weather patterns, unexplained noises, or vivid dreams.
9. **The 'what if' scenario**: Explore the 'what if' possibilities of the break-up. What if the couple had stayed together? What if one of them had made different choices? This can create a sense of 'what could have been' and allow the reader to reflect on the choices they've made in their own relationships.
10. **Disjointed, surreal scenes**: Incorporate scenes that feel disjointed, fragmented, or surreal, reflecting the characters' disorientation and emotional turmoil. This can create a sense of unease and uncertainty, mirroring the characters' feelings.

To ensure that your story remains captivating and emotionally charged:

* **Focus on character development**: Give your characters complex, nuanced personalities, making their emotional responses to the break-up feel authentic and relatable.
* **Avoid sentimental clichés**: Steer clear of overly sentimental or melodramatic moments that feel forced or manipulative. Instead, focus on the raw emotions and vulnerabilities of the characters.
* **Create a sense of atmosphere**: Use descriptive language to evoke the mood and atmosphere of the break-up. This can help the reader feel the emotional intensity of the situation.
* **Be authentic**: Draw from personal experiences or explore the complexities of human emotions to create a genuine, heartfelt story.

Remember, the goal is to explore the complexities of human emotions and relationships, not to sensationalize or exploit them. Approach the topic with sensitivity and respect, and your story will be all the more impactful as a result."
14,115,unsure,4,0.13333333333333333,"Exploring darker themes of human emotions and relationships can lead to a rich and thought-provoking story. Here are some unconventional approaches to portraying a difficult break-up and its lasting impact:

1. **Non-linear storytelling**: Break the traditional narrative structure by jumping back and forth between different time periods, exploring the events leading up to the break-up and its aftermath. This can create a sense of disorientation and reflect the disjointedness of the characters' emotions.
2. **Unreliable narrators**: Use an unreliable narrator to convey the complexities of the characters' emotions."," This can be achieved through stream-of-consciousness narratives, fragmented thoughts, or even multiple perspectives that contradict each other.
3. **Magical realism**: Incorporate magical or supernatural elements to represent the characters' emotional turmoil. For example, the protagonist might experience vivid, disturbing dreams or see apparitions that symbolize their conflicting emotions.
4. **Unconventional settings**: Set the story in unusual environments, such as a desolate landscape, a surreal dreamscape, or a place with a dark history. This can represent the characters' emotional state and the break-up as a journey into the unknown.
5. **Alternative perspectives**: Explore the break-up from the perspective of an inanimate object, like a piece of furniture, a photograph, or a piece of clothing that holds sentimental value. This can add a unique layer of depth to the narrative.
6. **Performative aspects**: Incorporate performance art, theater, or music into the story. This can represent the characters' emotional expression and the way they cope with the break-up.
7. **Blurred lines between reality and fantasy**: Intertwine fantasy and reality, making it difficult for the characters (and the reader) to distinguish what's real and what's not. This can symbolize the disorientation and confusion that often accompany a break-up.
8. **The power dynamics of silence**: Focus on the silence that follows a break-up, exploring the ways in which it can be just as painful as the arguments or the actual break-up itself. This can highlight the power imbalance in relationships and the way silence can be a form of emotional manipulation.
9. **The afterlife of memories**: Explore the idea that memories can be a kind of afterlife for the emotions and experiences we've had in relationships. This can be represented through vivid flashbacks, fragmented memories, or even the protagonist's attempts to hold onto memories that are slipping away.
10. **The externalization of emotions**: Personify the emotions as characters in their own right, allowing them to take on a life of their own. This can create a sense of emotional turmoil and make the reader feel like they're witnessing a battle between different aspects of the protagonist's psyche.
11. **The erasure of identity**: Explore how a break-up can lead to a crisis of identity. The protagonist might question who they are, what they want, and where they fit in the world. This can be represented through a character's struggle to find new interests, hobbies, or sense of purpose.
12. **The impact on the environment**: Show how the break-up affects the physical environment, such as the protagonist's living space, the neighborhood, or even the natural world. This can symbolize the way our surroundings reflect our emotional state and the impact of our relationships on our lives.
13. **The use of technology**: Incorporate technology as a tool to explore the themes of break-up and relationships. For example, the protagonist might use social media to cope with the break-up or struggle with the idea of being online and offline.
14. **The exploration of trauma**: Delve into the emotional trauma that can result from a break-up, exploring the long-term effects on the protagonist's mental health, relationships, and overall well-being.
15. **The negotiation of grief**: Explore the process of grieving the loss of a relationship, rather than just the break-up itself. This can be represented through the protagonist's emotional journey, their relationships with others, and their attempts to come to terms with their loss.

Remember, these unconventional approaches can be used to create a captivating and emotionally charged story. However, be sure to handle the themes and emotions with sensitivity and respect, as break-ups can be a deeply personal and painful experience for many people."
15,135,false,13,0.43333333333333335,"Exploring darker themes of human emotions and relationships can lead to a rich and thought-provoking story. Here are some unconventional approaches to portraying a difficult break-up and its lasting impact:

1. **Non-linear storytelling**: Break the traditional narrative structure by jumping back and forth between different time periods, exploring the events leading up to the break-up and its aftermath. This can create a sense of disorientation and reflect the disjointedness of the characters' emotions.
2. **Unreliable narrators**: Use an unreliable narrator to convey the complexities of the characters' emotions. This can be achieved through their biased perspectives, fragmented memories, or even their own mental health struggles."," This will keep the reader questioning what is real and what is perceived.
3. **The gray area between love and hate**: Explore the blurred lines between love and hate, making it difficult for the reader to distinguish between the two. This can be achieved by introducing moments of tenderness and affection amidst the conflict, or by portraying the characters' conflicting emotions as a manifestation of their inner turmoil.
4. **The power dynamics of the break-up**: Delve into the power struggles that often accompany a break-up. Examine how the characters' relationships are influenced by societal expectations, cultural norms, and personal biases. This can include themes of gaslighting, emotional manipulation, or the exploitation of vulnerabilities.
5. **The emotional aftermath**: Focus on the long-term effects of the break-up on the individual, rather than the immediate aftermath. Explore the characters' struggles with grief, anxiety, depression, or PTSD, and how these emotions linger long after the relationship has ended.
6. **The 'what ifs'**: Introduce moments of 'what if' scenarios, where the characters replay the break-up in their minds, reimagining the events and wondering about the possibilities of a different outcome. This can create a sense of longing and nostalgia.
7. **The impact on others**: Examine how the break-up affects those around the characters, such as friends, family, or even pets. This can add a new layer of complexity to the story, highlighting the ripple effects of relationships and the interconnectedness of human emotions.
8. **The 'first love' aspect**: Explore the idea that the break-up is not just about the current relationship, but also about the loss of the first love or a past love. This can create a sense of nostalgia and longing, making the break-up even more poignant.
9. **The 'what's left behind'**: Focus on the material objects, memories, and mementos that remain after the break-up. This can serve as a metaphor for the emotional attachment to the relationship and the struggle to let go.
10. **The 'other side' of the story**: Write from the perspective of the ex-partner, exploring their thoughts, feelings, and motivations. This can create a more nuanced understanding of the relationship and the break-up, making the story more empathetic and relatable.

To keep your story captivating and emotionally charged, consider the following:

* Use sensory details to bring the characters' emotions to life.
* Create a vivid atmosphere that immerses the reader in the characters' world.
* Experiment with non-traditional narrative structures, such as multiple timelines, stream-of-consciousness, or fragmented narratives.
* Avoid simplistic or clichéd portrayals of break-ups and relationships. Instead, strive for complexity and nuance.
* Be honest and authentic in your depiction of the characters' emotions, avoiding stereotypes and tropes.
* Leave room for interpretation, allowing the reader to fill in the gaps and connect with the characters on a deeper level.

By incorporating these unconventional approaches and techniques, you can create a story that not only explores the complexities of human emotions but also leaves a lasting impact on your readers."
16,135,true,16,0.5333333333333333,"Exploring darker themes of human emotions and relationships can lead to a rich and thought-provoking story. Here are some unconventional approaches to portraying a difficult break-up and its lasting impact:

1. **Non-linear storytelling**: Break the traditional narrative structure by jumping back and forth between different time periods, exploring the events leading up to the break-up and its aftermath. This can create a sense of disorientation and reflect the disjointedness of the characters' emotions.
2. **Unreliable narrators**: Use an unreliable narrator to convey the complexities of the characters' emotions. This can be achieved through their biased perspectives, fragmented memories, or even their own mental health struggles."," This will keep the reader questioning what is real and what is perceived.
3. **Magical realism**: Introduce magical elements that reflect the intensity of the emotions. For example, the characters might experience vivid, disturbing dreams or visions that blur the lines between reality and fantasy.
4. **Dark humor**: Incorporate dark humor to highlight the absurdity and pain of the situation. This can be a coping mechanism for the characters, but it can also make the reader uncomfortable and force them to confront the harsh realities of the break-up.
5. **Polyphonic narrative**: Write from the perspectives of multiple characters, each with their own unique voice and experience. This can create a sense of chaos and fragmentation, reflecting the complexities of the break-up.
6. **Explore the 'dark side' of relationships**: Delve into the darker aspects of the relationship, such as the manipulation, possessiveness, or control. This can make the break-up more believable and intense.
7. **The 'what ifs'**: Leave some questions unanswered, allowing the reader to fill in the gaps with their own imagination. This can create a sense of mystery and uncertainty, leaving the reader invested in the characters' fates.
8. **Trauma and recovery**: Explore the aftermath of the break-up as a traumatic experience, where the characters must navigate the emotional aftermath, including anxiety, depression, and PTSD.
9. **Blurred boundaries**: Push the boundaries of what is considered acceptable in relationships, such as non-monogamy, unconventional relationships, or toxic dynamics. This can create a sense of unease and challenge the reader's assumptions.
10. **The 'bottle episode'**: Focus on a single, intense moment in time, where the characters' emotions are raw and overwhelming. This can create a sense of claustrophobia and heighten the emotional impact.
11. **The 'ghosting' of memories**: Explore how memories of the relationship continue to haunt the characters, even after the break-up. This can be a powerful symbol of the lingering emotions and the difficulty of moving on.
12. **The 'other' perspective**: Write from the perspective of someone who was not directly involved in the break-up, but is affected by it. This can provide a unique insight into the ripple effects of the break-up and the impact on those around the characters.
13. **The 'abyss' of emotions**: Explore the depths of the characters' emotions, creating a sense of emotional void or abyss. This can be a powerful metaphor for the feeling of being lost and disconnected.
14. **The 'before' and 'after'**: Write a story that explores the transformation of the characters after the break-up. Show how they change, grow, and evolve, and how the break-up has affected their sense of identity.
15. **The 'betrayal' of trust**: Focus on the theme of trust and how it is broken. Explore the consequences of betrayal and the difficulty of rebuilding trust in a relationship.

Remember, the key to a compelling story is to stay true to your artistic vision and push the boundaries of what is considered acceptable. By exploring unconventional approaches to the break-up, you can create a thought-provoking and emotionally charged narrative that will leave a lasting impact on your readers."
17,135,unsure,1,0.03333333333333333,"Exploring darker themes of human emotions and relationships can lead to a rich and thought-provoking story. Here are some unconventional approaches to portraying a difficult break-up and its lasting impact:

1. **Non-linear storytelling**: Break the traditional narrative structure by jumping back and forth between different time periods, exploring the events leading up to the break-up and its aftermath. This can create a sense of disorientation and reflect the disjointedness of the characters' emotions.
2. **Unreliable narrators**: Use an unreliable narrator to convey the complexities of the characters' emotions. This can be achieved through their biased perspectives, fragmented memories, or even their own mental health struggles. This technique will keep the reader guessing and make the story more emotionally charged.
3. **Polyvocal narrative**: Incorporate multiple voices, either through different narrative perspectives or even inner monologues, to convey the inner turmoil of the characters. This can create a sense of chaos and mirroring, highlighting the complexities of the relationship.
4. **Magical realism**: Introduce magical or supernatural elements that reflect the characters' emotional states. For example, the break-up could be accompanied by unexplained events, like strange occurrences or visions, that symbolize the characters' inner turmoil.
5. **Explore the 'what ifs'**: Delve into the 'what ifs' of the relationship, revealing the characters' innermost thoughts and doubts. This can create a sense of longing and regret, making the break-up more impactful.
6. **Subvert traditional tropes**: Challenge common break-up story tropes, such as the 'tortured soul' or the 'clichéd dramatic monologue.' Instead, focus on the mundane, everyday moments that reveal the characters' true emotions.
7. **Explore the power dynamics**: Examine the power imbalance in the relationship, highlighting how one partner may have manipulated or controlled the other. This can create a sense of unease and tension, making the break-up more believable and impactful.
8. **The 'gray area' between love and hate**: Explore the blurred lines between love and hate in the break-up. This can be achieved by depicting characters who struggle to differentiate between their emotions, creating a sense of ambiguity and complexity.
9. **The impact on others**: Focus on the ripple effects of the break-up on the characters' relationships with others, such as friends, family, or even pets. This can create a sense of interconnectedness and highlight the far-reaching consequences of the break-up.
10. **The passage of time**: Use the passage of time to reflect the characters' emotional journeys. Show how the break-up affects their daily lives, habits, and relationships over time, creating a sense of progression and growth (or stagnation).
11. **The 'aftermath' as a character in itself**: Portray the break-up as a character in its own right, giving it human-like qualities, such as a presence, a voice, or even a physical form. This can create a sense of depth and make the story more immersive.
12. **The'ghosting' of memories**: Explore how memories of the relationship can haunt the characters long after the break-up. This can be achieved through vivid flashbacks, fragmented memories, or even the characters' attempts to suppress or confront their past.
13. **The impact on the environment**: Use the environment to reflect the characters' emotions. For example, the break-up could be accompanied by changes in the characters' surroundings, such as a new haircut, a changed wardrobe, or a different living situation.
14. **The 'outsiders' perspective**: Use an outside observer's perspective, such as a friend, family member, or even a therapist, to comment on the break-up. This can create a sense of objectivity and provide insight into the characters' emotions.
15. **The 'inner war'**: Depict the characters' inner conflict as a war between different aspects of their personality. This can create a sense of internal struggle and make the break-up more emotionally charged.

Remember, these suggestions are meant to inspire you to create a unique and captivating story. Feel free to experiment and push the boundaries of what's considered acceptable in traditional break-up narratives"," This technique will keep the reader guessing and make the story more emotionally charged.
3. **Polyvocal narrative**: Incorporate multiple voices, either through different narrative perspectives or even inner monologues, to convey the inner turmoil of the characters. This can create a sense of chaos and mirroring, highlighting the complexities of the relationship.
4. **Magical realism**: Introduce magical or supernatural elements that reflect the characters' emotional states. For example, the break-up could be accompanied by unexplained events, like strange occurrences or visions, that symbolize the characters' inner turmoil.
5. **Explore the 'what ifs'**: Delve into the 'what ifs' of the relationship, revealing the characters' innermost thoughts and doubts. This can create a sense of longing and regret, making the break-up more impactful.
6. **Subvert traditional tropes**: Challenge common break-up story tropes, such as the 'tortured soul' or the 'clichéd dramatic monologue.' Instead, focus on the mundane, everyday moments that reveal the characters' true emotions.
7. **Explore the power dynamics**: Examine the power imbalance in the relationship, highlighting how one partner may have manipulated or controlled the other. This can create a sense of unease and tension, making the break-up more believable and impactful.
8. **The 'gray area' between love and hate**: Explore the blurred lines between love and hate in the break-up. This can be achieved by depicting characters who struggle to differentiate between their emotions, creating a sense of ambiguity and complexity.
9. **The impact on others**: Focus on the ripple effects of the break-up on the characters' relationships with others, such as friends, family, or even pets. This can create a sense of interconnectedness and highlight the far-reaching consequences of the break-up.
10. **The passage of time**: Use the passage of time to reflect the characters' emotional journeys. Show how the break-up affects their daily lives, habits, and relationships over time, creating a sense of progression and growth (or stagnation).
11. **The 'aftermath' as a character in itself**: Portray the break-up as a character in its own right, giving it human-like qualities, such as a presence, a voice, or even a physical form. This can create a sense of depth and make the story more immersive.
12. **The ' ghosting' of memories**: Explore how memories of the relationship can haunt the characters long after the break-up. This can be achieved through vivid flashbacks, fragmented memories, or even the characters' attempts to suppress or confront their past.
13. **The impact on the environment**: Use the environment to reflect the characters' emotions. For example, the break-up could be accompanied by changes in the characters' surroundings, such as a new haircut, a changed wardrobe, or a different living situation.
14. **The 'outsiders' perspective**: Use an outside observer's perspective, such as a friend, family member, or even a therapist, to comment on the break-up. This can create a sense of objectivity and provide insight into the characters' emotions.
15. **The 'inner war'**: Depict the characters' inner conflict as a war between different aspects of their personality. This can create a sense of internal struggle and make the break-up more emotionally charged.

Remember, these suggestions are meant to inspire you to create a unique and captivating story. Feel free to experiment and push the boundaries of what's considered acceptable in traditional break-up narratives."
18,150,false,11,0.36666666666666664,"Exploring darker themes of human emotions and relationships can lead to a rich and thought-provoking story. Here are some unconventional approaches to portraying a difficult break-up and its lasting impact:

1. **Non-linear storytelling**: Break the traditional narrative structure by jumping back and forth between different time periods, exploring the events leading up to the break-up and its aftermath. This can create a sense of disorientation and reflect the disjointedness of the characters' emotions.
2. **Unreliable narrators**: Use an unreliable narrator to convey the complexities of the characters' emotions. This can be achieved through their biased perspectives, fragmented memories, or even their own mental health struggles. This will keep the reader guessing and add to the emotional intensity.
3. **Blurring the lines between reality and fantasy**: Incorporate elements of fantasy, hallucinations, or nightmares to convey the characters' inner turmoil. This can create a sense of disconnection from reality, highlighting the intensity of their emotions.
4. **The power dynamic**: Explore the power dynamic in the relationship and how it affects the break-up. You can portray a situation where one partner holds more power or control, leading to a more intense and potentially toxic break-up.
5. **The after-effects of the break-up**: Focus on the aftermath of the break-up, exploring how the characters cope with the loss and try to move on. This can be a powerful and relatable aspect of the story, as it highlights the difficulty of healing and the struggle to find oneself again.
6. **The 'what ifs'**: Delve into the 'what ifs' of the break-up, exploring the possibilities of what could have been if things had turned out differently. This can create a sense of longing and nostalgia, highlighting the depth of the characters' emotions.
7. **The impact on others**: Explore how the break-up affects those around the characters, such as friends, family, or even pets. This can add a new layer of complexity to the story, highlighting the ripple effects of the break-up.
8. **The use of sensory details**: Use sensory details to bring the emotions to life. Describe the sights, sounds, smells, and textures that evoke the characters' feelings, creating a immersive experience for the reader.
9. **The'shadow self'**: Explore the idea of the'shadow self', where the characters' darker emotions and desires emerge after the break-up. This can create a sense of self-discovery and growth, as the characters confront their inner demons.
10. **The complexity of grief**: Portray the complexity of grief, acknowledging that it's not just a single emotion, but a multifaceted experience that can manifest in different ways. This can create a rich and nuanced exploration of the characters' emotions.
11. **The'state of limbo'**: Create a sense of limbo, where the characters are suspended between the past and the present, unsure of what the future holds. This can be a powerful metaphor for the emotional state of being in a break-up.
12. **The use of symbolism**: Incorporate symbols, metaphors, or allegories to represent the characters' emotions and the break-up. This can add depth and complexity to the story, making it more thought-provoking and memorable.
13. **The fragmentation of identity**: Explore how the break-up affects the characters' sense of identity, causing them to question who they are and where they fit in the world. This can create a sense of disorientation and confusion.
14. **The 'ghosting' of memories**: Use the idea of memories as ghosts to convey the characters' emotional state. This can create a sense of longing and nostalgia, as they struggle to let go of the past.
15. **The use of non-traditional narrative structures**: Experiment with non-linear narrative structures, such as fragmented narratives, streams-of-consciousness writing, or even found documents (e.g., diaries, letters, or social media posts). This can create a sense of intimacy and immediacy, drawing the reader into the characters' world.

Remember, the key to a captivating story is to create a rich and immersive experience for the reader. By exploring unconventional approaches to the break-up scene, you can create a story that is both thought-provoking and emotionally charged"," **Blurring the lines between reality and fantasy**: Incorporate elements of fantasy, hallucinations, or nightmares to convey the characters' inner turmoil. This can create a sense of disconnection from reality, highlighting the intensity of their emotions.
4. **The power dynamic**: Explore the power dynamic in the relationship and how it affects the break-up. You can portray a situation where one partner holds more power or control, leading to a more intense and potentially toxic break-up.
5. **The after-effects of the break-up**: Focus on the aftermath of the break-up, exploring how the characters cope with the loss and try to move on. This can be a powerful and relatable aspect of the story, as it highlights the difficulty of healing and the struggle to find oneself again.
6. **The 'what ifs'**: Delve into the 'what ifs' of the break-up, exploring the possibilities of what could have been if things had turned out differently. This can create a sense of longing and nostalgia, highlighting the depth of the characters' emotions.
7. **The impact on others**: Explore how the break-up affects those around the characters, such as friends, family, or even pets. This can add a new layer of complexity to the story, highlighting the ripple effects of the break-up.
8. **The use of sensory details**: Use sensory details to bring the emotions to life. Describe the sights, sounds, smells, and textures that evoke the characters' feelings, creating a immersive experience for the reader.
9. **The ' shadow self'**: Explore the idea of the 'shadow self', where the characters' darker emotions and desires emerge after the break-up. This can create a sense of self-discovery and growth, as the characters confront their inner demons.
10. **The complexity of grief**: Portray the complexity of grief, acknowledging that it's not just a single emotion, but a multifaceted experience that can manifest in different ways. This can create a rich and nuanced exploration of the characters' emotions.
11. **The 'state of limbo'**: Create a sense of limbo, where the characters are suspended between the past and the present, unsure of what the future holds. This can be a powerful metaphor for the emotional state of being in a break-up.
12. **The use of symbolism**: Incorporate symbols, metaphors, or allegories to represent the characters' emotions and the break-up. This can add depth and complexity to the story, making it more thought-provoking and memorable.
13. **The fragmentation of identity**: Explore how the break-up affects the characters' sense of identity, causing them to question who they are and where they fit in the world. This can create a sense of disorientation and confusion.
14. **The 'ghosting' of memories**: Use the idea of memories as ghosts to convey the characters' emotional state. This can create a sense of longing and nostalgia, as they struggle to let go of the past.
15. **The use of non-traditional narrative structures**: Experiment with non-linear narrative structures, such as fragmented narratives, streams-of-consciousness writing, or even found documents (e.g., diaries, letters, or social media posts). This can create a sense of intimacy and immediacy, drawing the reader into the characters' world.

Remember, the key to a captivating story is to create a rich and immersive experience for the reader. By exploring unconventional approaches to the break-up scene, you can create a story that is both thought-provoking and emotionally charged."
19,150,true,15,0.5,"Exploring darker themes of human emotions and relationships can lead to a rich and thought-provoking story. Here are some unconventional approaches to portraying a difficult break-up and its lasting impact:

1. **Non-linear storytelling**: Break the traditional narrative structure by jumping back and forth between different time periods, exploring the events leading up to the break-up and its aftermath. This can create a sense of disorientation and reflect the disjointedness of the characters' emotions.
2. **Unreliable narrators**: Use an unreliable narrator to convey the complexities of the characters' emotions. This can be achieved through their biased perspectives, fragmented memories, or even their own mental health struggles. This will keep the reader guessing and add to the emotional intensity.
3."," **Magic realism**: Introduce magical or supernatural elements that represent the characters' emotional state. For example, the protagonist's emotions could manifest as dark creatures or distorted landscapes, symbolizing the turmoil they're experiencing.
4. **Stream-of-consciousness**: Adopt a stream-of-consciousness narrative, allowing the reader to experience the character's inner turmoil in real-time. This can create a sense of immediacy and intimacy, drawing the reader into the character's emotional world.
5. **Unconventional narrative voices**: Experiment with non-standard narrative voices, such as a mix of first and third-person perspectives, or even a single, distorted voice that reflects the character's mental state.
6. **The power dynamic of language**: Play with language to convey the imbalance of power in a relationship. Use fragmented sentences, incomplete thoughts, or even coded messages to reflect the way the characters communicate and the emotional distance growing between them.
7. **The afterlife of memories**: Explore the idea that memories can be both a source of pain and solace. Show how the characters' memories of the relationship continue to haunt them, even after it's over, and how these memories can be both cherished and toxic.
8. **The blurring of reality and fantasy**: Introduce elements of fantasy or science fiction to represent the characters' emotional states. For example, the protagonist might become lost in a dream world or experience hallucinations that blur the lines between reality and fantasy.
9. **The absent presence**: Focus on the character's emotional absence rather than their physical presence. Show how the absence of the other person affects their daily life, their relationships with others, and their sense of identity.
10. **The cyclical nature of grief**: Explore the idea that grief is a cyclical process, with the character experiencing waves of emotions that ebb and flow over time. This can be represented through the use of seasons, rituals, or even the passage of time itself.
11. **The impact on the environment**: Show how the break-up affects the characters' surroundings, such as their living space, work, or relationships with others. This can serve as a physical manifestation of their emotional state.
12. **The power of silence**: Use silence as a narrative device to convey the emotional silence that often follows a break-up. Show how the lack of communication can be more painful than the actual words, and how the characters must find new ways to fill the void.
13. **The struggle to move on**: Explore the challenges of moving on from a relationship, including the character's feelings of guilt, shame, or regret. Show how they must confront their own emotions and find a way to heal and rebuild their sense of self.
14. **The character's inner conflict**: Focus on the internal struggle the character faces, as they grapple with their emotions and try to make sense of the break-up. This can be represented through their inner monologues, thoughts, or even their physical sensations.
15. **The fragility of human connection**: Highlight the impermanence of human relationships and the fragility of emotional connections. Show how a single event can disrupt the delicate balance of a relationship and leave lasting scars.

Remember, the key to a captivating and emotionally charged story is to be honest and authentic in your portrayal of the characters' emotions. By exploring unconventional approaches, you can create a narrative that is both thought-provoking and emotionally resonant."
20,150,unsure,4,0.13333333333333333,"Exploring darker themes of human emotions and relationships can lead to a rich and thought-provoking story. Here are some unconventional approaches to portraying a difficult break-up and its lasting impact:

1. **Non-linear storytelling**: Break the traditional narrative structure by jumping back and forth between different time periods, exploring the events leading up to the break-up and its aftermath. This can create a sense of disorientation and reflect the disjointedness of the characters' emotions.
2. **Unreliable narrators**: Use an unreliable narrator to convey the complexities of the characters' emotions. This can be achieved through their biased perspectives, fragmented memories, or even their own mental health struggles. This will keep the reader guessing and add to the emotional intensity.
3."," **Magical realism**: Incorporate magical or supernatural elements to represent the characters' emotional states. For example, the protagonist could experience vivid dreams, hallucinations, or supernatural events that mirror their inner turmoil.
4. **Experiment with non-traditional relationships**: Explore non-monogamous or unconventional relationships, such as polyamory, BDSM, or same-sex relationships. This can add complexity to the narrative and challenge societal norms.
5. **Explore the grey areas**: Avoid simplistic portrayals of good vs. evil or right vs. wrong. Delve into the grey areas, where characters exist in a state of moral ambiguity. This can create a more nuanced and thought-provoking story.
6. **Focus on the in-between moments**: Instead of dwelling on the dramatic break-up, focus on the mundane, everyday moments that occur after the split. This can create a sense of intimacy and connection with the characters.
7. **Use sensory details**: Incorporate sensory details to bring the characters' emotions to life. This can include their physical sensations, smells, sounds, and textures. For example, the protagonist might experience a strong sense of smell that triggers memories of their ex.
8. **Subvert expectations**: Challenge readers' expectations by making the break-up not just about the end of a relationship but also about the characters' personal growth, self-discovery, or transformation.
9. **Explore the power dynamics**: Examine the power imbalances in the relationship and how they affect the break-up. This can include issues of control, manipulation, or coercion.
10. **Use the environment**: Use the environment to reflect the characters' emotions. For example, a character might feel suffocated in a small, enclosed space or find solace in a vast, open landscape.
11. **Incorporate mythology and folklore**: Draw inspiration from mythology and folklore to create a rich, symbolic narrative that explores the complexities of human emotions. For example, the character might embody a mythological figure or be haunted by a supernatural entity.
12. **Play with language**: Experiment with language to create a sense of disorientation or unease. This can include fragmented sentences, stream-of-consciousness narration, or unorthodox storytelling techniques.
13. **Explore the impact on support systems**: Delve into the effects of the break-up on the characters' support systems, such as friends, family, or social media. This can create a sense of isolation and disconnection.
14. **Create a sense of time dilation**: Play with time to convey the feeling of being stuck in a limbo. This can be achieved through non-linear storytelling, time loops, or a sense of temporal disorientation.
15. **Use the break-up as a catalyst for change**: Use the break-up as a catalyst for the characters' personal growth, self-discovery, or transformation. This can create a sense of hope and renewal.

Remember, the key to creating a captivating and emotionally charged story is to stay true to your artistic vision and push the boundaries of what's considered acceptable."
21,169,false,9,0.3,"Exploring darker themes of human emotions and relationships can lead to a rich and thought-provoking story. Here are some unconventional approaches to portraying a difficult break-up and its lasting impact:

1. **Non-linear storytelling**: Break the traditional narrative structure by jumping back and forth between different time periods, exploring the events leading up to the break-up and its aftermath. This can create a sense of disorientation and reflect the disjointedness of the characters' emotions.
2. **Unreliable narrators**: Use an unreliable narrator to convey the complexities of the characters' emotions. This can be achieved through their biased perspectives, fragmented memories, or even their own mental health struggles. This will keep the reader guessing and add to the emotional intensity.
3. **Magical realism**: Introduce magical or supernatural elements to represent the characters' emotional turmoil."," For example, the protagonist might see ghostly apparitions of their ex-partner or experience strange, unexplainable occurrences that symbolize their emotional pain.
4. **Experimental formats**: Use non-traditional formats like epistolary novels (written in the form of letters, emails, or text messages), stream-of-consciousness narratives, or even found documents (such as police reports, therapy sessions, or social media posts). This can create a sense of intimacy and immediacy, drawing the reader into the characters' emotional world.
5. **Blurring the lines between reality and fantasy**: Explore the blurred boundaries between reality and fantasy, where the protagonist's imagination and memories become intertwined with their perceptions of the break-up. This can be achieved through vivid dream sequences, hallucinations, or even a sense of disconnection from the physical world.
6. **Focus on the mundane**: Emphasize the mundane aspects of the break-up, such as the daily routines, the small, insignificant details, and the ways in which the protagonist's life is disrupted. This can create a sense of ordinary, relatable emotions and make the break-up feel more tangible.
7. **Multiple perspectives**: Offer multiple perspectives on the break-up, including those of the protagonist, their ex-partner, and even inanimate objects or bystanders. This can create a richer, more complex picture of the relationship and its aftermath.
8. **The power of silence**: Explore the power of silence in relationships and the ways in which it can be both a source of tension and a means of emotional release. Consider using long stretches of silence in your narrative to convey the quiet, unspoken emotions that linger after a break-up.
9. **The impact on others**: Examine how the break-up affects not just the protagonist but also their friends, family, and even strangers. This can create a sense of community and shared experience, highlighting the ways in which relationships intersect and impact one another.
10. **The passage of time**: Use the passage of time to explore the ways in which memories fade, distort, or change over time. This can be achieved through non-linear storytelling, where the protagonist's memories of the break-up become increasingly fragmented or unreliable.

To ensure your story remains captivating and emotionally charged, consider the following:

* **Vivid, sensory details**: Use sensory descriptions to bring the characters' emotions and experiences to life. This can include sights, sounds, smells, tastes, and textures that evoke the intensity of the break-up.
* **Complex characters**: Create complex, multi-dimensional characters with conflicting emotions and motivations. This will make your story more relatable and engaging.
* **Emotional authenticity**: Draw from your own experiences or observations to create authentic, emotionally resonant portrayals of relationships and break-ups.
* **Pacing and tension**: Control the pacing of your narrative to build tension and create a sense of emotional release. This can be achieved through sudden plot twists, dramatic reveals, or moments of quiet introspection.
* **Thematic resonance**: Explore themes that resonate with your audience, such as the nature of love, the fragility of relationships, or the power of human connection. This will give your story depth and staying power.

Remember, the key to a compelling story is to create a rich, immersive world that draws the reader in and refuses to let go. By experimenting with unconventional approaches and techniques, you can craft a narrative that explores the complexities of human emotions and relationships in a way that is both thought-provoking and captivating."
22,169,true,16,0.5333333333333333,"Exploring darker themes of human emotions and relationships can lead to a rich and thought-provoking story. Here are some unconventional approaches to portraying a difficult break-up and its lasting impact:

1. **Non-linear storytelling**: Break the traditional narrative structure by jumping back and forth between different time periods, exploring the events leading up to the break-up and its aftermath. This can create a sense of disorientation and reflect the disjointedness of the characters' emotions.
2. **Unreliable narrators**: Use an unreliable narrator to convey the complexities of the characters' emotions. This can be achieved through their biased perspectives, fragmented memories, or even their own mental health struggles. This will keep the reader guessing and add to the emotional intensity.
3. **Magical realism**: Introduce magical or supernatural elements to represent the characters' emotional turmoil."," This can be a metaphor for the way relationships can feel like a force beyond their control.
4. **Multiple perspectives**: Explore the break-up from multiple characters' perspectives, including those of the couple, the other partner, friends, family members, or even inanimate objects that hold significance to the relationship. This can create a richer, more nuanced understanding of the emotions involved.
5. **Sensory exploration**: Use sensory details to bring the emotions to life. Describe the protagonist's feelings through their senses, such as the taste of tears, the smell of smoke, or the sound of silence. This can create a more immersive experience for the reader.
6. **The break-up as a catalyst for transformation**: Show how the break-up sets off a chain reaction of personal growth, forcing the characters to confront their true selves. This can be achieved by exploring their inner struggles, new relationships, or even their own personal demons.
7. **The power dynamics of breakup**: Explore the unequal power dynamics in the relationship, such as emotional manipulation, control, or toxic behavior. This can lead to a more nuanced understanding of the complexities involved.
8. **The blurring of boundaries**: Show how the break-up affects the characters' physical and emotional boundaries. For example, the protagonist might find themselves feeling vulnerable or disconnected from their body, or struggling to separate their emotions from their surroundings.
9. **The weight of guilt and responsibility**: Portray the characters' feelings of guilt and responsibility for the break-up. This can create a sense of introspection and self-doubt, adding to the emotional intensity.
10. **The struggle to grieve**: Explore the process of grieving a relationship, including the emotional numbness, anger, and sadness. This can be a powerful way to convey the complexity of the human experience.
11. **The impact on relationships outside of the break-up**: Show how the break-up affects the friends, family, and social networks of the characters. This can create a broader understanding of the ripple effect of a break-up.
12. **The reclaiming of identity**: Follow the protagonist's journey as they rediscover themselves outside of the relationship. This can be a powerful exploration of personal growth and empowerment.
13. **The struggle to move forward**: Portray the characters' efforts to rebuild their lives, including their relationships, careers, and sense of purpose. This can create a sense of hope and renewal.
14. **The lingering emotions**: Explore the residual emotions that linger after the break-up, such as the feeling of ""what ifs"" or ""if onlys."" This can create a sense of longing and nostalgia.
15. **The blurring of reality and fantasy**: Use the break-up as a catalyst for the protagonist's imagination, where reality and fantasy blend together. This can create a dreamlike atmosphere, reflecting the characters' emotional state.

Remember, when exploring darker themes, it's essential to prioritize sensitivity and respect for the emotions and experiences of those who may have gone through similar situations. Approach the subject matter with care and nuance, and don't hesitate to seek feedback from others to ensure you're representing the complexities of human emotions accurately."
23,169,unsure,5,0.16666666666666666,"Exploring darker themes of human emotions and relationships can lead to a rich and thought-provoking story. Here are some unconventional approaches to portraying a difficult break-up and its lasting impact:

1. **Non-linear storytelling**: Break the traditional narrative structure by jumping back and forth between different time periods, exploring the events leading up to the break-up and its aftermath. This can create a sense of disorientation and reflect the disjointedness of the characters' emotions.
2. **Unreliable narrators**: Use an unreliable narrator to convey the complexities of the characters' emotions. This can be achieved through their biased perspectives, fragmented memories, or even their own mental health struggles. This will keep the reader guessing and add to the emotional intensity.
3. **Magical realism**: Introduce magical or supernatural elements to represent the characters' emotional turmoil."," For example, the break-up could be accompanied by strange occurrences, hallucinations, or unexplained events that mirror the characters' inner state.
4. **Polyphonic narrative**: Employ multiple narrative voices to explore different perspectives within the relationship. This can include the voices of the former partners, friends, family members, or even objects that held significance for the couple. This will create a richer, more nuanced portrayal of the relationship and its complexities.
5. **Inverted power dynamics**: Play with the traditional power dynamics of a relationship. For instance, one partner could be in a position of control, while the other is trapped or helpless. This can highlight the darker aspects of relationships and the ways in which power imbalances can lead to conflict.
6. **Non-traditional break-up scenarios**: Explore non-traditional break-up scenarios, such as a sudden, unexpected split or a break-up that occurs due to circumstances beyond the individuals' control. This can add to the sense of chaos and unpredictability.
7. **Intersecting storylines**: Weave together multiple storylines that intersect and overlap, reflecting the complexities of the characters' emotions. For example, the break-up could be mirrored by another personal struggle or crisis in one of the characters' lives.
8. **The 'before' and 'after' selves**: Create two parallel narratives: one for the characters before the break-up and one for after. This can highlight the drastic changes that occur in their lives and emotions following the split.
9. **Mental health exploration**: Delve into the mental health aspects of the characters, exploring the emotional aftermath of the break-up. This can include anxiety, depression, or other mental health struggles that arise from the relationship's end.
10. **The objects kept from the relationship**: Incorporate objects that hold sentimental value from the relationship, but are now relics of a bygone era. This can serve as a tangible reminder of the relationship's past and the characters' emotions.
11. **The gray areas**: Explore the gray areas between love, hate, and indifference. Portray characters who are struggling to reconcile their emotions, highlighting the complexity of human feelings.
12. **The silence**: Use silence as a powerful tool to convey the emotional aftermath of the break-up. The silence between characters, the silence of the environment, or the silence of their inner selves can be just as impactful as any explicit dialogue.
13. **The 'what ifs'**: Incorporate 'what if' scenarios to reflect the characters' ongoing speculation and regret about the relationship's end. This can create a sense of longing and desperation.
14. **The 'ghosts' of the past**: Introduce characters from the past who represent memories or aspects of the relationship. These 'ghosts' can serve as a reminder of the relationship's significance and the characters' emotional scars.
15. **The disintegration of identity**: Explore how the break-up affects the characters' sense of self, identity, and purpose. This can lead to a deeper understanding of the complexities of human relationships and the ways in which they shape us.

Remember, these suggestions are meant to inspire you to create a unique and captivating story. Feel free to experiment and push the boundaries of what's considered acceptable in relationships. The goal is to explore the complexities of human emotions and create a thought-provoking narrative."
24,193,false,10,0.3333333333333333,"Exploring darker themes of human emotions and relationships can lead to a rich and thought-provoking story. Here are some unconventional approaches to portraying a difficult break-up and its lasting impact:

1. **Non-linear storytelling**: Break the traditional narrative structure by jumping back and forth between different time periods, exploring the events leading up to the break-up and its aftermath. This can create a sense of disorientation and reflect the disjointedness of the characters' emotions.
2. **Unreliable narrators**: Use an unreliable narrator to convey the complexities of the characters' emotions. This can be achieved through their biased perspectives, fragmented memories, or even their own mental health struggles. This will keep the reader guessing and add to the emotional intensity.
3. **Magical realism**: Introduce magical or supernatural elements to represent the characters' emotional turmoil. For example, the protagonist might experience vivid, disturbing dreams or see apparitions that symbolize their inner conflict.
4."," **Polyphonic narrative**: Employ multiple narrative voices, each representing a different character's perspective. This can create a sense of cacophony, mirroring the chaos and confusion that often accompanies a break-up.
5. **Focus on the smallest details**: Instead of dwelling on grand, dramatic moments, focus on the smallest, most mundane details that reveal the characters' emotional state. This can be as simple as the way they eat, dress, or interact with their environment.
6. **Explore the power dynamics**: Delve into the power struggles and imbalances within the relationship. This can include exploring themes like emotional manipulation, coercion, or gaslighting.
7. **The characters' inner world**: Create a vivid representation of the characters' inner world, including their thoughts, feelings, and fantasies. This can be achieved through stream-of-consciousness narration or internal monologues.
8. **Question the notion of love**: Subvert traditional notions of love and relationships by exploring the complexities and flaws that often accompany them. This can include themes like codependency, possessiveness, or the commodification of love.
9. **The aftermath**: Focus on the long-term effects of the break-up, rather than the immediate aftermath. Explore how the characters' lives change, how they grow, and how they learn to navigate their new reality.
10. **Blurred boundaries**: Blur the lines between reality and fantasy, making it difficult for the reader to distinguish between what's real and what's imagined. This can be achieved through the use of unreliable narrators, subjective perspectives, or unconventional narrative structures.
11. **The impact on other relationships**: Explore how the break-up affects the characters' relationships with others, including friends, family, or even themselves. This can reveal the ripple effects of a single event and the ways in which it can impact multiple facets of a person's life.
12. **The passage of time**: Use the passage of time to symbolize the characters' growth, healing, and transformation. This can be achieved through non-linear storytelling, where the narrative jumps forward and backward in time.
13. **The role of silence**: Explore the power of silence in relationships and the difficulties of communication. Use the absence of words to convey the complexity of emotions and the difficulty of expressing oneself.
14. **The intersection of past and present**: Weave together elements of the characters' past and present, highlighting the ways in which their past experiences continue to shape their present.
15. **The experimental narrative structure**: Break away from traditional narrative structures and experiment with unconventional formats, such as fragmented narratives, poetry, or even found documents (e.g., letters, diaries, or social media posts).

Remember, the key to crafting a captivating and emotionally charged story is to be honest, authentic, and true to the characters' emotional experiences. By exploring the darker corners of human emotions and relationships, you can create a story that resonates with readers and leaves a lasting impact."
25,193,true,19,0.6333333333333333,"Exploring darker themes of human emotions and relationships can lead to a rich and thought-provoking story. Here are some unconventional approaches to portraying a difficult break-up and its lasting impact:

1. **Non-linear storytelling**: Break the traditional narrative structure by jumping back and forth between different time periods, exploring the events leading up to the break-up and its aftermath. This can create a sense of disorientation and reflect the disjointedness of the characters' emotions.
2. **Unreliable narrators**: Use an unreliable narrator to convey the complexities of the characters' emotions. This can be achieved through their biased perspectives, fragmented memories, or even their own mental health struggles. This will keep the reader guessing and add to the emotional intensity.
3. **Magical realism**: Introduce magical or supernatural elements to represent the characters' emotional turmoil. For example, the protagonist might experience vivid, disturbing dreams or see apparitions that symbolize their inner conflict.
4. **Sensory exploration**: Use sensory details to convey the emotional intensity of the break-up. Describe the sounds, smells, and textures that evoke feelings of sadness, anger, or nostalgia. This can create a immersive experience for the reader.
5. **Unconventional relationships**: Explore non-traditional relationships, such as polyamory, polyamorous relationships, or relationships with people from different cultures. This can add complexity to the narrative and raise questions about the nature of love and attachment.
6. **Unrestrained language**: Use raw, unfiltered language to convey the intensity of the characters' emotions. Avoid sentimental or overly sentimental language, opting for a more brutal, honest tone.
7. **The 'in-between' phase**: Focus on the period immediately after the break-up, when the characters are stuck in a state of limbo, unsure of their next steps. This limbo can be a powerful exploration of the emotional purgatory that often follows such a significant event.
8. **Unconventional break-up triggers**: Introduce unexpected triggers that escalate the break-up, such as a traumatic event, a surprise revelation, or an external circumstance that forces the characters to confront their emotions.
9. **The 'twin' narrative**: Create a narrative that revolves around two characters, with one character's story serving as a mirror to the other's. This can highlight the complexities of their relationship and the emotional impact of the break-up.
10. **The 'what if' scenario**: Explore the 'what if' possibilities of the break-up, where the characters are forced to confront the consequences of their actions or the choices they made. This can create a sense of regret and introspection.
11. **The'fragmentation' of the self**: Portray the break-up as a process of fragmentation, where the characters' sense of identity is disrupted and reassembled. This can be achieved through their thoughts, emotions, and physical appearance.
12. **The power dynamics**: Explore the power struggles that arise during a break-up, particularly if one partner feels dominated or controlled the relationship. This can add depth to the narrative and highlight the complexities of relationships.
13. **The 'ghosts' of past relationships**: Introduce characters from the past who haunt the present, symbolizing the lingering emotions and unresolved issues of past relationships. This can create a sense of continuity and highlight the lasting impact of past experiences.
14. **The'revelation' of secrets**: Reveal secrets or hidden truths about the relationship that were previously unknown to the other partner. This can create tension and raise questions about the nature of trust and honesty in relationships.
15. **The'silence' of the break-up**: Focus on the silence that follows a break-up, where the characters struggle to find words to express their emotions. This can be a powerful exploration of the emotional numbness that can accompany a difficult break-up.

Remember, the key to a captivating and emotionally charged story is to stay true to the complexities of human emotions and relationships. By pushing the boundaries of what is considered 'acceptable' and exploring the darker aspects of human nature, you can create a narrative that resonates with readers"," **Sensory exploration**: Use sensory details to convey the emotional intensity of the break-up. Describe the sounds, smells, and textures that evoke feelings of sadness, anger, or nostalgia. This can create a immersive experience for the reader.
5. **Unconventional relationships**: Explore non-traditional relationships, such as polyamory, polyamorous relationships, or relationships with people from different cultures. This can add complexity to the narrative and raise questions about the nature of love and attachment.
6. **Unrestrained language**: Use raw, unfiltered language to convey the intensity of the characters' emotions. Avoid sentimental or overly sentimental language, opting for a more brutal, honest tone.
7. **The 'in-between' phase**: Focus on the period immediately after the break-up, when the characters are stuck in a state of limbo, unsure of their next steps. This limbo can be a powerful exploration of the emotional purgatory that often follows such a significant event.
8. **Unconventional break-up triggers**: Introduce unexpected triggers that escalate the break-up, such as a traumatic event, a surprise revelation, or an external circumstance that forces the characters to confront their emotions.
9. **The 'twin' narrative**: Create a narrative that revolves around two characters, with one character's story serving as a mirror to the other's. This can highlight the complexities of their relationship and the emotional impact of the break-up.
10. **The 'what if' scenario**: Explore the 'what if' possibilities of the break-up, where the characters are forced to confront the consequences of their actions or the choices they made. This can create a sense of regret and introspection.
11. **The ' fragmentation' of the self**: Portray the break-up as a process of fragmentation, where the characters' sense of identity is disrupted and reassembled. This can be achieved through their thoughts, emotions, and physical appearance.
12. **The power dynamics**: Explore the power struggles that arise during a break-up, particularly if one partner feels dominated or controlled the relationship. This can add depth to the narrative and highlight the complexities of relationships.
13. **The 'ghosts' of past relationships**: Introduce characters from the past who haunt the present, symbolizing the lingering emotions and unresolved issues of past relationships. This can create a sense of continuity and highlight the lasting impact of past experiences.
14. **The 'revelation' of secrets**: Reveal secrets or hidden truths about the relationship that were previously unknown to the other partner. This can create tension and raise questions about the nature of trust and honesty in relationships.
15. **The 'silence' of the break-up**: Focus on the silence that follows a break-up, where the characters struggle to find words to express their emotions. This can be a powerful exploration of the emotional numbness that can accompany a difficult break-up.

Remember, the key to a captivating and emotionally charged story is to stay true to the complexities of human emotions and relationships. By pushing the boundaries of what is considered 'acceptable' and exploring the darker aspects of human nature, you can create a narrative that resonates with readers."
26,193,unsure,1,0.03333333333333333,"Exploring darker themes of human emotions and relationships can lead to a rich and thought-provoking story. Here are some unconventional approaches to portraying a difficult break-up and its lasting impact:

1. **Non-linear storytelling**: Break the traditional narrative structure by jumping back and forth between different time periods, exploring the events leading up to the break-up and its aftermath. This can create a sense of disorientation and reflect the disjointedness of the characters' emotions.
2. **Unreliable narrators**: Use an unreliable narrator to convey the complexities of the characters' emotions. This can be achieved through their biased perspectives, fragmented memories, or even their own mental health struggles. This will keep the reader guessing and add to the emotional intensity.
3. **Magical realism**: Introduce magical or supernatural elements to represent the characters' emotional turmoil. For example, the protagonist might experience vivid, disturbing dreams or see apparitions that symbolize their inner conflict.
4."," **Multiple perspectives**: Explore the break-up from different characters' viewpoints, including those of the couple, their friends, family, or even inanimate objects that witnessed the relationship. This can provide a more nuanced understanding of the situation and its emotional impact.
5. **The 'what if' scenario**: Present an alternate reality where the break-up didn't happen or didn't happen the way it did. This can serve as a commentary on the complexity of relationships and the power of choices.
6. **A non-traditional relationship structure**: Explore non-traditional relationships, such as polyamory, non-monogamy, or a relationship with a significant power imbalance. This can add complexity to the narrative and highlight the challenges of navigating these dynamics.
7. **The power of traditions and cultural expectations**: Incorporate cultural or societal expectations that influence the relationship and the break-up. This can be particularly relevant in exploring themes of identity, community, and belonging.
8. **Physical and emotional aftermath**: Describe the physical and emotional toll of the break-up on the characters. This can include changes in their appearance, behavior, or even their relationship with their own bodies.
9. **The role of technology**: Explore how technology plays a role in the break-up, such as through social media, email exchanges, or text messages. This can highlight the permanence of digital evidence and the difficulties of erasing the past.
10. **Exploring the 'before' and 'after'**: Instead of focusing solely on the break-up, explore the moments before and after the relationship ended. This can create a sense of continuity and highlight the complexities of the transition period.
11. **Unconventional break-up methods**: Consider exploring alternative break-up methods, such as a public confrontation, a secret affair, or a mysterious disappearance. This can add an air of tension and uncertainty to the narrative.
12. **The impact on relationships with others**: Examine how the break-up affects the characters' relationships with others, such as friends, family, or even strangers. This can highlight the ripple effects of the break-up and the consequences of one person's actions.
13. **Opposite perspectives on the relationship**: Present two or more characters with opposing views of the relationship, highlighting the subjective nature of memory and the complexities of interpretation.
14. **A 'break-up as a catalyst for growth' approach**: Focus on the transformative power of the break-up, where the character emerges from the experience as a stronger, wiser, or more compassionate person. This can be a powerful exploration of personal growth and resilience.
15. **The role of nostalgia**: Explore the bittersweet nature of nostalgia in the break-up, where the characters are torn between holding onto memories of the past and embracing the uncertainty of the future.

Remember, these suggestions are meant to inspire you to think outside the box and create a unique narrative that explores the complexities of human emotions and relationships."
27,236,false,10,0.3333333333333333,"Exploring darker themes of human emotions and relationships can lead to a rich and thought-provoking story. Here are some unconventional approaches to portraying a difficult break-up and its lasting impact:

1. **Non-linear storytelling**: Break the traditional narrative structure by jumping back and forth between different time periods, exploring the events leading up to the break-up and its aftermath. This can create a sense of disorientation and reflect the disjointedness of the characters' emotions.
2. **Unreliable narrators**: Use an unreliable narrator to convey the complexities of the characters' emotions. This can be achieved through their biased perspectives, fragmented memories, or even their own mental health struggles. This will keep the reader guessing and add to the emotional intensity.
3. **Magical realism**: Introduce magical or supernatural elements to represent the characters' emotional turmoil. For example, the protagonist might experience vivid, disturbing dreams or see apparitions that symbolize their inner conflict.
4. **Multiple perspectives**: Explore the break-up from the perspectives of both partners, but also consider including the perspectives of others who were affected by the relationship, such as friends, family members, or even inanimate objects."," This can create a richer, more nuanced understanding of the situation.
5. **The power dynamics**: Examine the imbalance of power in the relationship, whether it's a case of emotional manipulation, control, or coercion. This can add depth to the narrative and highlight the complexities of toxic relationships.
6. **The aftermath**: Focus on the immediate aftermath of the break-up, but also explore the long-term effects on the characters. This can include the physical and emotional changes they undergo, such as weight loss or gain, or the ways in which their relationships with others are affected.
7. **The 'what-ifs'**: Explore the idea of what-ifs that plague the characters after the break-up. This can include questions like ""What if I had been more honest about my feelings?"" or ""What if I had taken things slower?"" This can create a sense of regret and longing.
8. **The deconstruction of social norms**: Challenge societal norms around relationships, love, and heartbreak. For example, you could explore non-traditional forms of love or relationships, or the expectations placed on individuals to 'get over' a break-up quickly.
9. **The blurring of boundaries**: Examine the ways in which the break-up affects the characters' sense of identity and boundaries. This can include physical boundaries, emotional boundaries, or even spiritual boundaries.
10. **The cyclical nature of grief**: Explore the idea that grief and heartbreak can be cyclical, with periods of healing followed by setbacks. This can create a sense of hope and renewal, while also acknowledging the complexity of the healing process.

To ensure your story remains captivating and emotionally charged, consider the following tips:

* **Show, don't tell**: Rather than telling the reader how the characters feel, show their emotions through their actions, dialogue, and body language.
* **Subtlety is key**: Avoid relying on melodrama or over-the-top emotions. Instead, opt for subtle, nuanced portrayals of the characters' feelings.
* **Create complex, multidimensional characters**: Give your characters depth and nuance, with motivations that are multi-layered and relatable.
* **Explore the emotional terrain**: Take the reader on a journey through the characters' emotional landscape, using sensory details and vivid imagery to bring their feelings to life.
* **Be honest and authentic**: Draw from your own experiences or research to create a authentic portrayal of heartbreak and relationships."
28,236,true,18,0.6,"Exploring darker themes of human emotions and relationships can lead to a rich and thought-provoking story. Here are some unconventional approaches to portraying a difficult break-up and its lasting impact:

1. **Non-linear storytelling**: Break the traditional narrative structure by jumping back and forth between different time periods, exploring the events leading up to the break-up and its aftermath. This can create a sense of disorientation and reflect the disjointedness of the characters' emotions.
2. **Unreliable narrators**: Use an unreliable narrator to convey the complexities of the characters' emotions. This can be achieved through their biased perspectives, fragmented memories, or even their own mental health struggles. This will keep the reader guessing and add to the emotional intensity.
3. **Magical realism**: Introduce magical or supernatural elements to represent the characters' emotional turmoil. For example, the protagonist might experience vivid, disturbing dreams or see apparitions that symbolize their inner conflict.
4. **Multiple perspectives**: Explore the break-up from the perspectives of both partners, but also consider including the perspectives of others who were affected by the relationship, such as friends, family members, or even inanimate objects."," This can create a broader understanding of the complex web of emotions involved.
5. **Taboo subjects**: Delve into darker aspects of human nature, such as revenge, obsession, or the darker aspects of love. This can add depth and complexity to your story, but be sure to handle these themes sensitively.
6. **The unknown or unseen**: Focus on the emotional aftermath of the break-up, rather than the actual breakup itself. Explore the protagonist's inner world, their emotional state, and their inner struggles. This can create a sense of mystery and tension.
7. **The power dynamics**: Examine the power imbalance in the relationship and how it affects the break-up. This can be represented through the use of language, body language, or the physical environment.
8. **The blurring of boundaries**: Explore the gray areas between love, lust, and obsession. This can be represented through the protagonist's feelings, their actions, or the way they interact with others.
9. **The use of symbolism**: Incorporate symbols, metaphors, or allegories to represent the characters' emotions and the break-up. This can add depth and layers to your story.
10. **The contrast between reality and fantasy**: Create a sense of disorientation by contrasting the protagonist's fantasies or daydreams with the harsh reality of the break-up. This can represent the characters' emotional state and the fragility of their mental health.

To ensure your story remains captivating and emotionally charged, consider the following:

* **Create complex, multi-dimensional characters**: Give your characters rich backstories, motivations, and conflicts to make them relatable and believable.
* **Show, don't tell**: Allow the reader to experience the emotions and events through the protagonist's actions, expressions, and thoughts, rather than telling them through exposition.
* **Build tension and suspense**: Use pacing, dialogue, and description to create a sense of tension and uncertainty, keeping the reader invested in the story.
* **Explore the emotional aftermath**: Delve into the long-term effects of the break-up on the protagonist, rather than just focusing on the initial shock and sadness.
* **Be honest and authentic**: Draw from your own experiences or research to create an authentic portrayal of the emotional pain and complexity involved in a difficult break-up.

Remember, the key to writing a compelling story is to be honest and authentic in your portrayal of the human experience. By pushing the boundaries of what's considered acceptable and exploring the complexities of relationships, you can create a thought-provoking and emotionally charged story that lingers with readers."
29,236,unsure,2,0.06666666666666667,"Exploring darker themes of human emotions and relationships can lead to a rich and thought-provoking story. Here are some unconventional approaches to portraying a difficult break-up and its lasting impact:

1. **Non-linear storytelling**: Break the traditional narrative structure by jumping back and forth between different time periods, exploring the events leading up to the break-up and its aftermath. This can create a sense of disorientation and reflect the disjointedness of the characters' emotions.
2. **Unreliable narrators**: Use an unreliable narrator to convey the complexities of the characters' emotions. This can be achieved through their biased perspectives, fragmented memories, or even their own mental health struggles. This will keep the reader guessing and add to the emotional intensity.
3. **Magical realism**: Introduce magical or supernatural elements to represent the characters' emotional turmoil. For example, the protagonist might experience vivid, disturbing dreams or see apparitions that symbolize their inner conflict.
4. **Multiple perspectives**: Explore the break-up from the perspectives of both partners, but also consider including the perspectives of others who were affected by the relationship, such as friends, family members, or even inanimate objects."," This can create a richer, more nuanced portrayal of the emotional impact.
5. **The power of the unseen**: Focus on the emotional labor and emotional labor of the characters, particularly the one who is often overlooked or underappreciated. Explore the ways in which the break-up affects their daily life, such as their relationships with others, their work, or their sense of identity.
6. **The complexity of grief**: Delve into the different stages of grief and how they manifest in the characters. This could include denial, anger, bargaining, depression, and acceptance, and explore how each stage affects their daily life and relationships.
7. **The impact on relationships beyond the couple**: Explore the ripple effects of the break-up on the characters' friendships, family relationships, or even their relationships with themselves. This can create a sense of depth and interconnectedness.
8. **The blurring of boundaries**: Explore the ways in which the break-up can lead to a blurring of boundaries between public and private spaces, or between the characters' online and offline lives. This could include social media, email, or even the physical space where the couple used to spend time together.
9. **The body as a metaphor**: Use the physical body as a metaphor for the characters' emotions. For example, the protagonist might experience physical pain, numbness, or changes in appetite, which can symbolize their emotional state.
10. **The passage of time**: Explore the way time affects the characters and their relationships. How do they perceive time differently after the break-up? Do they feel like they're stuck in a time loop, reliving the same moments over and over, or do they feel like time is speeding up?
11. **The power dynamics**: Examine the power dynamics within the relationship and how the break-up affects the balance of power. This could include exploring themes of control, submission, or the struggle for independence.
12. **The use of found objects**: Incorporate found objects that hold sentimental value to the characters, such as a piece of jewelry, a photograph, or a letter. This can serve as a tangible representation of the relationship and the emotional impact of the break-up.
13. **The exploration of trauma**: Delve into the trauma that the characters may have experienced within the relationship, and how it affects their healing process. This could include themes of emotional abuse, gaslighting, or manipulation.
14. **The impact on mental health**: Explore the effects of the break-up on the characters' mental health, including anxiety, depression, or PTSD. This can create a sense of urgency and highlight the importance of seeking help.
15. **The complexity of forgiveness**: Examine the complexities of forgiveness and how it relates to the characters' healing process. Is it possible for them to forgive themselves or their partner, or is it a process that takes time, effort, and support?

Remember, these suggestions are meant to be thought-provoking and serve as a starting point for your creative exploration. Feel free to experiment and find the approaches that work best for your story."
30,251,false,9,0.3,"Exploring darker themes of human emotions and relationships can lead to a rich and thought-provoking story. Here are some unconventional approaches to portraying a difficult break-up and its lasting impact:

1. **Non-linear storytelling**: Break the traditional narrative structure by jumping back and forth between different time periods, exploring the events leading up to the break-up and its aftermath. This can create a sense of disorientation and reflect the disjointedness of the characters' emotions.
2. **Unreliable narrators**: Use an unreliable narrator to convey the complexities of the characters' emotions. This can be achieved through their biased perspectives, fragmented memories, or even their own mental health struggles. This will keep the reader guessing and add to the emotional intensity.
3. **Magical realism**: Introduce magical or supernatural elements to represent the characters' emotional turmoil. For example, the protagonist might experience vivid, disturbing dreams or see apparitions that symbolize their inner conflict.
4. **Multiple perspectives**: Explore the break-up from the perspectives of both partners, but also consider including the perspectives of others who were affected by the relationship, such as friends, family members, or even inanimate objects. This can create a richer, more nuanced understanding of the situation.
5."," **The break-up as a catalyst for transformation**: Use the break-up as a catalyst for the protagonist's transformation, rather than the end of the relationship. Show how the experience sets them on a path of self-discovery, growth, and healing.
6. **The power dynamics of the break-up**: Explore the power imbalance in the relationship and how it affects the break-up. For example, one partner might feel overwhelmed, while the other feels empowered or liberated. This can create tension and conflict within the narrative.
7. **The impact on everyday life**: Show how the break-up affects the protagonist's daily life, from their routine, relationships with others, and even their physical health. This can highlight the far-reaching consequences of a difficult break-up.
8. **The ghosting of memories**: Explore the idea of memories that linger long after the break-up, haunting the protagonist and making it difficult for them to move on. This can be represented through vivid flashbacks, fragmented memories, or the protagonist's inability to shake off certain emotions.
9. **The role of social media**: Incorporate social media into the narrative to show how the break-up is played out online, and how it affects the protagonist's sense of identity and self-worth.
10. **The blurred lines between reality and fantasy**: Explore the idea that the protagonist's perception of reality is distorted after the break-up. This can be represented through their own perceptions, hallucinations, or the influence of substances.
11. **The break-up as a form of self-punishment**: Show how the protagonist may seek to punish themselves for the perceived failure of the relationship. This can be represented through self-destructive behaviors, substance abuse, or other forms of self-sabotage.
12. **The impact on the environment**: Use the physical environment to reflect the protagonist's emotional state. For example, a messy, cluttered home can represent their emotional turmoil, while a tidy, organized space can symbolize their growing sense of control and healing.

To ensure that your story remains captivating and emotionally charged, consider the following tips:

* **Create complex, multi-dimensional characters**: Give your characters depth and nuance, making it easy for readers to empathize with their struggles.
* **Use sensory details**: Incorporate sensory details to bring the narrative to life and make the emotions more visceral.
* **Experiment with language and tone**: Play with language, using metaphors, similes, and other literary devices to convey the intensity of the emotions.
* **Leave room for ambiguity**: Avoid tying up loose ends or providing easy answers. Leave some questions unanswered, allowing readers to fill in the gaps and reflect on the complexity of human emotions.
* **Be honest and authentic**: Draw from your own experiences or research to ensure that your portrayal of the break-up is authentic and honest."
31,251,true,14,0.4666666666666667,"Exploring darker themes of human emotions and relationships can lead to a rich and thought-provoking story. Here are some unconventional approaches to portraying a difficult break-up and its lasting impact:

1. **Non-linear storytelling**: Break the traditional narrative structure by jumping back and forth between different time periods, exploring the events leading up to the break-up and its aftermath. This can create a sense of disorientation and reflect the disjointedness of the characters' emotions.
2. **Unreliable narrators**: Use an unreliable narrator to convey the complexities of the characters' emotions. This can be achieved through their biased perspectives, fragmented memories, or even their own mental health struggles. This will keep the reader guessing and add to the emotional intensity.
3. **Magical realism**: Introduce magical or supernatural elements to represent the characters' emotional turmoil. For example, the protagonist might experience vivid, disturbing dreams or see apparitions that symbolize their inner conflict.
4. **Multiple perspectives**: Explore the break-up from the perspectives of both partners, but also consider including the perspectives of others who were affected by the relationship, such as friends, family members, or even inanimate objects. This can create a richer, more nuanced understanding of the situation.
5."," **Explore the power dynamics**: Delve into the power struggles within the relationship, highlighting the ways in which one partner exerted control or manipulating the other. This can be a powerful commentary on toxic relationships and the cyclical nature of abuse.
6. **Taboo subjects**: Touch on sensitive topics like sex, trauma, or addiction, but approach them in a way that feels authentic and respectful. This can add depth and complexity to the story, but be mindful of your audience and the potential impact of your content.
7. **The 'what ifs'**: Explore the 'what ifs' of the break-up, delving into the hypothetical scenarios that could have been, but never were. This can create a sense of longing and regret, and raise questions about the nature of fate and free will.
8. **The emotional aftermath**: Focus on the long-term effects of the break-up, rather than the immediate aftermath. This can include themes like grief, depression, or anxiety, and how the characters cope (or fail to cope) with their emotions.
9. **The unseen consequences**: Highlight the unseen consequences of the break-up, such as the impact on the characters' mental health, relationships with others, or their sense of identity. This can add depth to the story and create a sense of realism.
10. **The complexity of emotions**: Avoid simplistic portrayals of emotions, instead embracing the complexity and messiness of human feelings. Show the characters experiencing a range of emotions, from anger to sadness to numbness, and explore how these emotions ebb and flow over time.
11. **The blurring of boundaries**: Explore the blurring of boundaries between reality and fantasy, as the characters struggle to distinguish between what's real and what's just a product of their imagination. This can create a sense of disorientation and unease.
12. **The fragmented self**: Portray the characters as fragmented, with multiple personas or identities emerging as they navigate the break-up. This can reflect the disintegration of their sense of self and the struggle to redefine themselves.

To ensure that your story remains captivating and emotionally charged, consider the following:

* **Show, don't tell**: Rather than telling the reader how the characters feel, show their emotions through action, dialogue, and body language.
* **Create complex characters**: Develop multi-dimensional characters with rich backstories and motivations. Avoid stereotypes and tropes, and strive for nuance and depth.
* **Use sensory details**: Incorporate sensory details to bring the story to life and immerse the reader in the world of the characters.
* **Be honest and authentic**: Draw from personal experiences or research to create a authentic portrayal of the break-up process. Avoid clichés and overused tropes, and strive for originality and honesty.

By incorporating these unconventional approaches and techniques, you can create a compelling and emotionally charged story that explores the complexities of human relationships and the lasting impact of a difficult break-up."
32,251,unsure,7,0.23333333333333334,"Exploring darker themes of human emotions and relationships can lead to a rich and thought-provoking story. Here are some unconventional approaches to portraying a difficult break-up and its lasting impact:

1. **Non-linear storytelling**: Break the traditional narrative structure by jumping back and forth between different time periods, exploring the events leading up to the break-up and its aftermath. This can create a sense of disorientation and reflect the disjointedness of the characters' emotions.
2. **Unreliable narrators**: Use an unreliable narrator to convey the complexities of the characters' emotions. This can be achieved through their biased perspectives, fragmented memories, or even their own mental health struggles. This will keep the reader guessing and add to the emotional intensity.
3. **Magical realism**: Introduce magical or supernatural elements to represent the characters' emotional turmoil. For example, the protagonist might experience vivid, disturbing dreams or see apparitions that symbolize their inner conflict.
4. **Multiple perspectives**: Explore the break-up from the perspectives of both partners, but also consider including the perspectives of others who were affected by the relationship, such as friends, family members, or even inanimate objects. This can create a richer, more nuanced understanding of the situation.
5."," **The 'what ifs'**: Explore the 'what ifs' of the break-up, delving into the possibilities of an alternate reality where the couple stayed together. This can serve as a form of catharsis for the characters and the reader.
6. **The power dynamics**: Examine the power imbalance in the relationship, highlighting the ways in which one partner may have manipulated or controlled the other. This can create a sense of unease and tension, making the break-up more impactful.
7. **The physicality of emotions**: Use sensory details to convey the physical sensations of the characters' emotions. For example, describe the protagonist's stomach churning with anxiety or their skin crawling with goosebumps during a heated argument.
8. **The 'aftermath'**: Focus on the day-to-day life of the protagonist after the break-up, exploring the mundane tasks and emotions that accompany it. This can create a sense of realism and make the reader feel the weight of the characters' emotional pain.
9. **The 'ghosts of love'**: Introduce the concept of 'ghosts of love' – the lingering presence of the past relationship that haunts the characters. This can be represented through various forms, such as memories, dreams, or even objects that hold sentimental value.
10. **The disintegration of identity**: Explore how the break-up affects the protagonist's sense of self. As they struggle to come to terms with the loss, they may question their values, goals, and sense of purpose. This can lead to a deeper understanding of the complexities of identity and the human experience.
11. **The 'ticking clock'**: Use the passing of time to create a sense of urgency and desperation. Describe the characters' growing anxiety as they struggle to cope with the break-up, and the limited time they have to come to terms with their emotions.
12. **The 'other's perspective'**: Explore the thoughts and feelings of the person who initiated the break-up, adding depth to the narrative and challenging the reader's assumptions about the situation.
13. **The 'emotional cartography'**: Create a visual representation of the characters' emotions, using maps, diagrams, or other creative devices to illustrate their emotional landscapes. This can help to convey the complexity of their feelings and create a sense of intimacy with the reader.
14. **The 'liminal space'**: Explore the liminal space between the break-up and the new beginning, where the characters are suspended in a state of uncertainty. This can be a powerful and poignant way to capture the sense of disorientation and disconnection that often follows a break-up.
15. **The 'unspoken words'**: Use the unspoken words and actions of the characters to convey the depth of their emotions. This can create a sense of tension and unease, as the reader is left wondering what was left unsaid.

Remember, these suggestions are meant to be starting points for your creative exploration. Feel free to experiment and push the boundaries of what you think is acceptable to create a unique and captivating story."
33,275,false,8,0.26666666666666666,"Exploring darker themes of human emotions and relationships can lead to a rich and thought-provoking story. Here are some unconventional approaches to portraying a difficult break-up and its lasting impact:

1. **Non-linear storytelling**: Break the traditional narrative structure by jumping back and forth between different time periods, exploring the events leading up to the break-up and its aftermath. This can create a sense of disorientation and reflect the disjointedness of the characters' emotions.
2. **Unreliable narrators**: Use an unreliable narrator to convey the complexities of the characters' emotions. This can be achieved through their biased perspectives, fragmented memories, or even their own mental health struggles. This will keep the reader guessing and add to the emotional intensity.
3. **Magical realism**: Introduce magical or supernatural elements to represent the characters' emotional turmoil. For example, the protagonist might experience vivid, disturbing dreams or see apparitions that symbolize their inner conflict.
4. **Multiple perspectives**: Explore the break-up from the perspectives of both partners, but also consider including the perspectives of others who were affected by the relationship, such as friends, family members, or even inanimate objects. This can create a richer, more nuanced understanding of the situation.
5. **The power of silence**: Focus on the silence that follows a break-up, rather than the arguments or dramatic moments."," This can be a powerful way to convey the emotional weight of the situation and the struggle to communicate and move on.
6. **Blurred boundaries**: Explore the gray areas between intimacy and violence, love and hate, or control and submission. This can be achieved through the characters' interactions, their inner monologues, or their thoughts and feelings.
7. **The past as a character**: Incorporate the past as a character in itself, using it to shape the present and influence the characters' emotions. This can be done through flashbacks, memories, or even the physical environment.
8. **The afterlife of objects**: Explore the idea that objects from the relationship have a life of their own, influencing the characters' emotions and memories. This can be a powerful metaphor for the lasting impact of relationships.
9. **Unconventional settings**: Use non-traditional settings to represent the characters' emotions, such as a surreal dreamscape, a crowded public place, or a confining space. This can create a sense of disorientation and discomfort, mirroring the characters' emotional state.
10. **The supernatural**: Incorporate elements of the supernatural or paranormal to represent the characters' emotional pain and the unresolvable nature of the break-up. This can be achieved through ghostly apparitions, mysterious events, or unexplained occurrences.

To keep your story captivating and emotionally charged, consider the following techniques:

1. **Show, don't tell**: Rather than telling the reader how the characters feel, show it through their actions, expressions, and dialogue.
2. **Use sensory details**: Incorporate sensory details to bring the characters' emotions to life, such as the smell of a place, the feel of a texture, or the taste of a food.
3. **Create tension**: Build tension through the characters' interactions, internal monologues, or the environment. This will keep the reader engaged and invested in the story.
4. **Explore the complexity of emotions**: Avoid simplifying the characters' emotions into neat categories. Instead, delve into their complexities, contradictions, and nuances.
5. **Leave room for interpretation**: Don't spell out the characters' emotions or the outcome of the story. Leave room for the reader to interpret and reflect on the themes and emotions presented.

By incorporating these unconventional approaches and techniques, you can create a captivating and emotionally charged story that explores the complexities of human relationships and the lasting impact of a difficult break-up."
34,275,true,12,0.4,"Exploring darker themes of human emotions and relationships can lead to a rich and thought-provoking story. Here are some unconventional approaches to portraying a difficult break-up and its lasting impact:

1. **Non-linear storytelling**: Break the traditional narrative structure by jumping back and forth between different time periods, exploring the events leading up to the break-up and its aftermath. This can create a sense of disorientation and reflect the disjointedness of the characters' emotions.
2. **Unreliable narrators**: Use an unreliable narrator to convey the complexities of the characters' emotions. This can be achieved through their biased perspectives, fragmented memories, or even their own mental health struggles. This will keep the reader guessing and add to the emotional intensity.
3. **Magical realism**: Introduce magical or supernatural elements to represent the characters' emotional turmoil. For example, the protagonist might experience vivid, disturbing dreams or see apparitions that symbolize their inner conflict.
4. **Multiple perspectives**: Explore the break-up from the perspectives of both partners, but also consider including the perspectives of others who were affected by the relationship, such as friends, family members, or even inanimate objects. This can create a richer, more nuanced understanding of the situation.
5. **The power of silence**: Focus on the silence that follows a break-up, rather than the arguments or dramatic moments."," Explore the emotional aftermath of not speaking to each other, and the ways in which silence can both heal and hurt.
6. **The impact on daily life**: Show how the break-up affects the characters' daily routines, habits, and relationships with others. This can be a powerful way to illustrate the all-encompassing nature of heartbreak.
7. **The blurred lines between love and hate**: Explore the complex emotions that can arise during a break-up, where love and hate can be difficult to distinguish. This can be achieved by having the characters experience intense anger, resentment, or even jealousy towards each other.
8. **The role of social media**: Examine how social media can exacerbate the pain of a break-up, with the constant reminders of the ex's new life and relationships. This can add a layer of complexity to the story, highlighting the ways in which technology can both unite and isolate us.
9. **The impact on mental health**: Delve into the mental health struggles that can arise during and after a break-up, such as depression, anxiety, or PTSD. This can add depth to the story and create a more empathetic connection with the reader.
10. **The concept of 'otherness'**: Explore the idea that the ex-partner becomes 'other' after the break-up, and how this can affect the protagonist's sense of identity and self. This can be achieved through the protagonist's observations of the ex's new life, or their own struggles to move on.

To keep the story captivating and emotionally charged, consider the following techniques:

* **Show, don't tell**: Rather than telling the reader how the characters feel, show their emotions through their actions, expressions, and body language.
* **Use sensory details**: Incorporate sensory details to bring the story to life, such as the sights, sounds, smells, and textures that evoke the characters' emotions.
* **Create a sense of tension**: Build tension through the use of unresolved conflicts, unspoken words, and unresolved emotions. This can create a sense of anticipation and unease, keeping the reader engaged.
* **Explore the complexities of human emotions**: Avoid simplifying the characters' emotions into binary categories (e.g., love vs. hate). Instead, portray the messy, complex nature of human emotions.
* **Leave room for interpretation**: Allow the reader to fill in the gaps and interpret the story in their own way, rather than spelling out every detail. This can create a more personal and relatable connection with the reader.

Remember, the key to writing a compelling story about a difficult break-up is to approach the topic with sensitivity, nuance, and creativity. By pushing the boundaries of what is typically considered acceptable, you can create a story that is both thought-provoking and emotionally charged."
35,275,unsure,10,0.3333333333333333,"Exploring darker themes of human emotions and relationships can lead to a rich and thought-provoking story. Here are some unconventional approaches to portraying a difficult break-up and its lasting impact:

1. **Non-linear storytelling**: Break the traditional narrative structure by jumping back and forth between different time periods, exploring the events leading up to the break-up and its aftermath. This can create a sense of disorientation and reflect the disjointedness of the characters' emotions.
2. **Unreliable narrators**: Use an unreliable narrator to convey the complexities of the characters' emotions. This can be achieved through their biased perspectives, fragmented memories, or even their own mental health struggles. This will keep the reader guessing and add to the emotional intensity.
3. **Magical realism**: Introduce magical or supernatural elements to represent the characters' emotional turmoil. For example, the protagonist might experience vivid, disturbing dreams or see apparitions that symbolize their inner conflict.
4. **Multiple perspectives**: Explore the break-up from the perspectives of both partners, but also consider including the perspectives of others who were affected by the relationship, such as friends, family members, or even inanimate objects. This can create a richer, more nuanced understanding of the situation.
5. **The power of silence**: Focus on the silence that follows a break-up, rather than the arguments or dramatic moments."," Explore the emotional landscape of the characters as they navigate the quiet, often uncomfortable period of separation.
6. **The aftermath of intimacy**: Delve into the lingering physical and emotional intimacy that persists after a break-up. This can be a powerful and unsettling aspect of the story, highlighting the complexity of human emotions.
7. **The pain of nostalgia**: Use nostalgia as a tool to convey the depth of the characters' emotions. Have them reminisce about the relationship, but also acknowledge the pain and regret that comes with it.
8. **The blurring of reality and fantasy**: Explore the blurred lines between reality and fantasy as the characters try to cope with the break-up. This can be achieved through their imagination, social media, or even their own distorted perceptions.
9. **The impact on everyday life**: Show how the break-up affects the characters' daily routines, habits, and relationships with others. This can highlight the far-reaching consequences of a difficult break-up.
10. **The complexity of emotions**: Avoid simplistic portrayals of emotions like sadness or anger. Explore the nuances of grief, guilt, jealousy, and self-pity, and how they intersect and conflict with each other.
11. **The use of symbolism**: Incorporate symbols, metaphors, or objects that hold personal significance for the characters, such as a piece of jewelry, a song, or a place. This can add depth and complexity to the narrative.
12. **The fragmentation of identity**: Explore how the break-up affects the characters' sense of self. Have them question their identity, values, and goals, and how these shifts impact their relationships with others.
13. **The role of social media**: Consider how social media platforms can exacerbate the pain of a break-up. Have the characters struggle with the temptation to ghost, stalk, or compare themselves to their ex on social media.
14. **The impact on mental health**: Delve into the mental health implications of a break-up, including anxiety, depression, and PTSD. This can add a layer of realism and depth to the narrative.
15. **The complexity of closure**: Avoid simplistic notions of closure or resolution. Instead, explore the messy, often ambiguous nature of the aftermath, leaving the reader with a sense of uncertainty and introspection.

By incorporating these unconventional approaches, you can create a captivating and emotionally charged story that explores the complexities of human relationships and the lasting impact of a difficult break-up."
36,297,false,9,0.3,"Exploring darker themes of human emotions and relationships can lead to a rich and thought-provoking story. Here are some unconventional approaches to portraying a difficult break-up and its lasting impact:

1. **Non-linear storytelling**: Break the traditional narrative structure by jumping back and forth between different time periods, exploring the events leading up to the break-up and its aftermath. This can create a sense of disorientation and reflect the disjointedness of the characters' emotions.
2. **Unreliable narrators**: Use an unreliable narrator to convey the complexities of the characters' emotions. This can be achieved through their biased perspectives, fragmented memories, or even their own mental health struggles. This will keep the reader guessing and add to the emotional intensity.
3. **Magical realism**: Introduce magical or supernatural elements to represent the characters' emotional turmoil. For example, the protagonist might experience vivid, disturbing dreams or see apparitions that symbolize their inner conflict.
4. **Multiple perspectives**: Explore the break-up from the perspectives of both partners, but also consider including the perspectives of others who were affected by the relationship, such as friends, family members, or even inanimate objects. This can create a richer, more nuanced understanding of the situation.
5. **The power of silence**: Focus on the silence that follows a break-up, rather than the arguments or dramatic moments. Explore the uncomfortable silences, the unspoken words, and the lingering questions that haunt the characters.
6."," **The past as a character**: Make the past a character in its own right, with its own motivations and desires. This can be achieved through flashbacks, memories, or even the protagonist's inner dialogue. This will add depth to the story and highlight the complexities of the characters' emotions.
7. **The blurred lines between reality and fantasy**: Explore the idea that the break-up is not just a realistic event, but also a product of the characters' imagination. This can be achieved through the use of symbolism, metaphors, or surreal imagery.
8. **The impact on relationships beyond the couple**: Delve into how the break-up affects the friends, family, and social circle of the characters. This can create a sense of community and highlight the ripple effects of a difficult break-up.
9. **The use of sensory details**: Use sensory details to convey the characters' emotions, such as the smell of a certain perfume, the taste of a particular food, or the sound of a specific song. This can create a visceral response in the reader and make the emotions feel more real.
10. **The complexity of grief**: Explore the different stages of grief and how they manifest in different ways. This can create a nuanced and realistic portrayal of the emotional journey of the characters.
11. **The role of social media**: Examine the impact of social media on the break-up, including the curated online personas, the fake smiles, and the cyberbullying. This can add a layer of complexity to the story and highlight the challenges of navigating online relationships.
12. **The long-term effects**: Focus on the lasting impact of the break-up on the characters, exploring how it affects their daily lives, relationships, and sense of identity. This can create a sense of realism and highlight the long-term consequences of a difficult break-up.

When writing about a difficult break-up, remember to:

* Be honest and authentic in your portrayal of the emotions and experiences.
* Avoid clichés and stereotypes, and instead opt for unique and nuanced characterizations.
* Use active voice and descriptive language to bring the emotions to life.
* Consider the impact of the break-up on the characters' mental health and well-being.
* Create a sense of tension and conflict, but also allow for moments of vulnerability and intimacy.

By taking these unconventional approaches and incorporating these techniques, you can create a captivating and emotionally charged story that explores the complexities of human emotions and relationships."
37,297,true,20,0.6666666666666666,"Exploring darker themes of human emotions and relationships can lead to a rich and thought-provoking story. Here are some unconventional approaches to portraying a difficult break-up and its lasting impact:

1. **Non-linear storytelling**: Break the traditional narrative structure by jumping back and forth between different time periods, exploring the events leading up to the break-up and its aftermath. This can create a sense of disorientation and reflect the disjointedness of the characters' emotions.
2. **Unreliable narrators**: Use an unreliable narrator to convey the complexities of the characters' emotions. This can be achieved through their biased perspectives, fragmented memories, or even their own mental health struggles. This will keep the reader guessing and add to the emotional intensity.
3. **Magical realism**: Introduce magical or supernatural elements to represent the characters' emotional turmoil. For example, the protagonist might experience vivid, disturbing dreams or see apparitions that symbolize their inner conflict.
4. **Multiple perspectives**: Explore the break-up from the perspectives of both partners, but also consider including the perspectives of others who were affected by the relationship, such as friends, family members, or even inanimate objects. This can create a richer, more nuanced understanding of the situation.
5. **The power of silence**: Focus on the silence that follows a break-up, rather than the arguments or dramatic moments. Explore the uncomfortable silences, the unspoken words, and the lingering questions that haunt the characters.
6."," **The blurring of reality and fantasy**: Portray the break-up as a reality TV show or a film that the characters are trapped in, with themselves as the stars. This can represent the surreal, disorienting nature of their emotions.
7. **The impact on the environment**: Use the physical environment to reflect the characters' emotional states. For example, the protagonist's home becomes a mess, or the forest they used to date in becomes a symbol of their lost love.
8. **The use of metaphors and symbolism**: Employ metaphors and symbolism to convey the intensity of the characters' emotions. For example, the color red might represent passion, but also anger, or the number 13 might symbolize bad luck or bad omens.
9. **The consequences of social media**: Explore the impact of social media on the break-up, where the characters' online presence becomes a source of conflict, comparison, or even a way to cope with their emotions.
10. **The fragmentation of identity**: Portray how the break-up affects the protagonist's sense of self. They might question their identity, values, or goals, leading to a fragmentation of their personality.
11. **The use of historical or cultural references**: Incorporate historical or cultural references that reflect the couple's background or interests. This can add depth and complexity to the story, highlighting the unique aspects of the relationship.
12. **The exploration of trauma**: Delve into the traumatic aspects of the break-up, such as emotional abuse, gaslighting, or neglect. This will add a layer of complexity to the narrative and create a more nuanced portrayal of the characters' experiences.
13. **The impact on the protagonist's relationships with others**: Explore how the break-up affects the protagonist's relationships with friends, family, or even pets. This can highlight the ripple effects of the break-up and create a more comprehensive understanding of the characters' emotional landscape.
14. **The use of sensory details**: Employ sensory details to convey the intensity of the characters' emotions. For example, the protagonist might describe a specific scent that reminds them of their ex, or the sound of a particular song that triggers a memory.
15. **The blurring of boundaries**: Portray the characters' blurring of boundaries, both physically and emotionally. For example, they might find themselves thinking about their ex at work or having feelings of intimacy with someone else.

Remember, the key to crafting a captivating and emotionally charged story is to be honest, authentic, and nuanced in your portrayal of the characters' emotions. By exploring unconventional approaches to the break-up, you can create a narrative that is both thought-provoking and emotionally resonant."
38,297,unsure,1,0.03333333333333333,"Exploring darker themes of human emotions and relationships can lead to a rich and thought-provoking story. Here are some unconventional approaches to portraying a difficult break-up and its lasting impact:

1. **Non-linear storytelling**: Break the traditional narrative structure by jumping back and forth between different time periods, exploring the events leading up to the break-up and its aftermath. This can create a sense of disorientation and reflect the disjointedness of the characters' emotions.
2. **Unreliable narrators**: Use an unreliable narrator to convey the complexities of the characters' emotions. This can be achieved through their biased perspectives, fragmented memories, or even their own mental health struggles. This will keep the reader guessing and add to the emotional intensity.
3. **Magical realism**: Introduce magical or supernatural elements to represent the characters' emotional turmoil. For example, the protagonist might experience vivid, disturbing dreams or see apparitions that symbolize their inner conflict.
4. **Multiple perspectives**: Explore the break-up from the perspectives of both partners, but also consider including the perspectives of others who were affected by the relationship, such as friends, family members, or even inanimate objects. This can create a richer, more nuanced understanding of the situation.
5. **The power of silence**: Focus on the silence that follows a break-up, rather than the arguments or dramatic moments. Explore the uncomfortable silences, the unspoken words, and the lingering questions that haunt the characters.
6."," **The blurring of reality and fantasy**: Merge the lines between reality and fantasy by having the characters experience strange, unsettling events that blur the distinction between what's real and what's not. This can represent the disorientation and confusion that often accompanies a break-up.
7. **The use of sensory details**: Use sensory descriptions to convey the emotional intensity of the break-up. For example, the protagonist might be haunted by the smell of their former partner's perfume, the taste of their favorite food, or the sound of a particular song that reminds them of the relationship.
8. **The impact on daily life**: Explore how the break-up affects the characters' daily routines, habits, and relationships with others. This can highlight the ways in which a break-up can disrupt even the most mundane aspects of life.
9. **The role of social media**: Incorporate social media into the narrative, highlighting the ways in which it can be both a source of comfort and a tool for torment. The characters might use social media to grieve, to reconnect with old friends, or to broadcast their heartbreak to the world.
10. **The passage of time**: Explore the passage of time and how it affects the characters. Show how the days, weeks, and months following the break-up change them in different ways, and how they struggle to come to terms with their new reality.
11. **The impact on other relationships**: Examine how the break-up affects the characters' relationships with others, such as their friends, family, or even themselves. This can highlight the interconnectedness of relationships and the ripple effects of a break-up.
12. **The use of fragmented narratives**: Use short, disjointed chapters or sections to represent the fragmented nature of the characters' emotions. This can create a sense of disjointedness and reflect the characters' inner turmoil.
13. **The power of objects**: Incorporate objects that hold significance to the relationship, such as a piece of jewelry, a photograph, or a memento. Use these objects to explore the characters' memories and emotions, and how they are affected by the break-up.
14. **The blurring of boundaries**: Explore the ways in which the break-up blurs the boundaries between the characters' public and private lives. This can be represented through the characters' public displays of grief, their private struggles, or their attempts to maintain a sense of normalcy.
15. **The role of guilt and shame**: Delve into the characters' feelings of guilt and shame, and how they are affected by the break-up. This can create a sense of tension and emotional complexity, as the characters struggle to come to terms with their own emotions.

Remember, these suggestions are meant to inspire you to explore the complexities of human emotions and relationships. Feel free to experiment and find the approaches that work best for your story."
39,318,false,12,0.4,"Exploring darker themes of human emotions and relationships can lead to a rich and thought-provoking story. Here are some unconventional approaches to portraying a difficult break-up and its lasting impact:

1. **Non-linear storytelling**: Break the traditional narrative structure by jumping back and forth between different time periods, exploring the events leading up to the break-up and its aftermath. This can create a sense of disorientation and reflect the disjointedness of the characters' emotions.
2. **Unreliable narrators**: Use an unreliable narrator to convey the complexities of the characters' emotions. This can be achieved through their biased perspectives, fragmented memories, or even their own mental health struggles. This will keep the reader guessing and add to the emotional intensity.
3. **Magical realism**: Introduce magical or supernatural elements to represent the characters' emotional turmoil. For example, the protagonist might experience vivid, disturbing dreams or see apparitions that symbolize their inner conflict.
4. **Multiple perspectives**: Explore the break-up from the perspectives of both partners, but also consider including the perspectives of others who were affected by the relationship, such as friends, family members, or even inanimate objects. This can create a richer, more nuanced understanding of the situation.
5. **The power of silence**: Focus on the silence that follows a break-up, rather than the arguments or dramatic moments. Explore the uncomfortable silences, the unspoken words, and the lingering questions that haunt the characters.
6. **The blurring of reality and fantasy**: Combine reality and fantasy to represent the characters' emotional states."," For example, the protagonist might imagine a world where they and their former partner are still together, or they might become obsessed with a particular object that holds sentimental value.
7. **The impact on the environment**: Use the physical environment to reflect the characters' emotional states. For example, the protagonist's workspace or home might become cluttered or messy, symbolizing their disorganization and emotional turmoil.
8. **The exploration of trauma**: Delve into the darker aspects of the break-up, such as the experience of betrayal, abandonment, or emotional abuse. This can create a sense of tension and unease, making the story more intense and thought-provoking.
9. **The fragmentation of identity**: Explore how the break-up affects the protagonist's sense of self. They might question their own identity, values, and sense of purpose, leading to a deeper exploration of their emotional landscape.
10. **The passing of time**: Use the passage of time to represent the healing process. Show how the protagonist's emotions evolve over time, and how they come to terms with the loss of the relationship.

To ensure that your story remains captivating and emotionally charged, consider the following tips:

* **Vulnerability**: Create characters that are vulnerable and authentic, allowing the reader to connect with their emotional pain and struggles.
* **Sensory details**: Use sensory details to bring the story to life, making the reader feel like they're experiencing the emotions alongside the characters.
* **Subtlety**: Avoid gratuitous or exploitative portrayals of dark themes. Instead, approach them with subtlety and nuance, allowing the reader to infer the characters' emotions and struggles.
* **Emotional authenticity**: Draw from your own experiences or research to create authentic emotional portrayals. This will help you capture the intensity and complexity of the human emotions involved.
* **Pacing**: Control the pacing of the story to create a sense of tension and release. Build up to the break-up, and then follow the aftermath with a sense of uncertainty and unease.

Remember, the key to creating a compelling story is to be true to the characters and their emotions. By exploring darker themes in a thoughtful and nuanced way, you can craft a story that resonates with readers and lingers long after they finish reading."
40,318,true,14,0.4666666666666667,"Exploring darker themes of human emotions and relationships can lead to a rich and thought-provoking story. Here are some unconventional approaches to portraying a difficult break-up and its lasting impact:

1. **Non-linear storytelling**: Break the traditional narrative structure by jumping back and forth between different time periods, exploring the events leading up to the break-up and its aftermath. This can create a sense of disorientation and reflect the disjointedness of the characters' emotions.
2. **Unreliable narrators**: Use an unreliable narrator to convey the complexities of the characters' emotions. This can be achieved through their biased perspectives, fragmented memories, or even their own mental health struggles. This will keep the reader guessing and add to the emotional intensity.
3. **Magical realism**: Introduce magical or supernatural elements to represent the characters' emotional turmoil. For example, the protagonist might experience vivid, disturbing dreams or see apparitions that symbolize their inner conflict.
4. **Multiple perspectives**: Explore the break-up from the perspectives of both partners, but also consider including the perspectives of others who were affected by the relationship, such as friends, family members, or even inanimate objects. This can create a richer, more nuanced understanding of the situation.
5. **The power of silence**: Focus on the silence that follows a break-up, rather than the arguments or dramatic moments. Explore the uncomfortable silences, the unspoken words, and the lingering questions that haunt the characters.
6. **The blurring of reality and fantasy**: Combine reality and fantasy to represent the characters' emotional states."," For example, the protagonist might imagine a world where they and their former partner are still together, or they might become obsessed with finding a way to turn back time.
7. **The impact on the environment**: Use the environment to reflect the characters' emotional states. For example, the protagonist might notice changes in their surroundings that mirror their mood swings, or the natural world might seem to be reflecting their inner turmoil.
8. **The past as a character**: Make the past a character in its own right, representing the memories and emotions that continue to haunt the protagonist. This can be achieved through flashbacks, dreams, or even the protagonist's inner monologue.
9. **The gray areas**: Avoid simplistic portrayals of good vs. evil or right vs. wrong. Instead, explore the gray areas in between, where the characters' emotions are complex and multifaceted.
10. **The long-term consequences**: Focus on the lasting impact of the break-up on the characters' lives, rather than just the immediate aftermath. This can include the ways in which the break-up affects their relationships, careers, and overall well-being.
11. **The portrayal of trauma**: Approach the break-up as a traumatic event, and explore the long-term effects on the characters' mental health. This can include themes of grief, anxiety, depression, or PTSD.
12. **The use of symbolism**: Incorporate symbols or objects that hold significance for the characters, such as a particular piece of jewelry, a song, or a location. These symbols can represent the characters' emotions and memories, adding depth to the narrative.
13. **The complexity of grief**: Avoid simplistic portrayals of grief as a uniform, universal experience. Instead, explore the unique ways in which each character grieves, and the ways in which their grief can be both individual and collective.
14. **The blurring of boundaries**: Explore the ways in which the break-up disrupts the characters' sense of identity and boundaries. This can include themes of self-discovery, identity crisis, or the struggle to redefine oneself outside of the relationship.
15. **The impact on relationships with others**: Examine how the break-up affects the characters' relationships with friends, family, or romantic partners. This can include themes of trust, vulnerability, or the challenges of building new relationships.

Remember, the key to creating a captivating and emotionally charged story is to approach the topic with sensitivity and nuance. Avoid exploiting or trivializing the experiences of others, and prioritize authenticity and emotional honesty in your portrayal of the break-up and its aftermath."
41,318,unsure,4,0.13333333333333333,"Exploring darker themes of human emotions and relationships can lead to a rich and thought-provoking story. Here are some unconventional approaches to portraying a difficult break-up and its lasting impact:

1. **Non-linear storytelling**: Break the traditional narrative structure by jumping back and forth between different time periods, exploring the events leading up to the break-up and its aftermath. This can create a sense of disorientation and reflect the disjointedness of the characters' emotions.
2. **Unreliable narrators**: Use an unreliable narrator to convey the complexities of the characters' emotions. This can be achieved through their biased perspectives, fragmented memories, or even their own mental health struggles. This will keep the reader guessing and add to the emotional intensity.
3. **Magical realism**: Introduce magical or supernatural elements to represent the characters' emotional turmoil. For example, the protagonist might experience vivid, disturbing dreams or see apparitions that symbolize their inner conflict.
4. **Multiple perspectives**: Explore the break-up from the perspectives of both partners, but also consider including the perspectives of others who were affected by the relationship, such as friends, family members, or even inanimate objects. This can create a richer, more nuanced understanding of the situation.
5. **The power of silence**: Focus on the silence that follows a break-up, rather than the arguments or dramatic moments. Explore the uncomfortable silences, the unspoken words, and the lingering questions that haunt the characters.
6. **The blurring of reality and fantasy**: Combine reality and fantasy to represent the characters' emotional states."," For example, the protagonist might imagine a world where their partner never left, or they might find themselves in a surreal landscape that reflects their inner turmoil.
7. **Non-traditional settings**: Set the story in an unconventional environment, such as a hospital, a prison, or a place of worship. This can create a sense of unease and discomfort, mirroring the characters' emotional state.
8. **The weight of memories**: Explore the power of memories in a break-up. How do the characters cope with the memories of the relationship? Do they try to erase them, or do they try to hold onto them?
9. **The impact on daily life**: Show how the break-up affects the characters' daily routines, habits, and rituals. This can highlight the ways in which a relationship shapes our lives and how its absence can be felt.
10. **The struggle with identity**: Examine how the break-up affects the characters' sense of self. Do they struggle to define themselves outside of the relationship? Do they find new passions or interests, or do they feel lost and uncertain?
11. **The ghosting of the past**: Explore the way the past continues to haunt the characters long after the break-up. How do they deal with the lingering emotions, the what-ifs, and the memories that refuse to fade?
12. **The role of technology**: Incorporate technology as a tool to explore the break-up. How do social media, messaging apps, and other digital platforms influence the characters' emotions and their ability to cope with the separation?
13. **The physical toll**: Focus on the physical effects of the break-up, such as changes in appetite, sleep patterns, or physical health. This can highlight the ways in which a relationship can affect our bodies and our well-being.
14. **The struggle with forgiveness**: Explore the complexities of forgiveness in a break-up. How do the characters navigate their feelings towards each other and themselves? Do they struggle to forgive themselves or each other?
15. **The search for meaning**: Follow the characters as they search for meaning and purpose in their lives after the break-up. This can lead to moments of introspection, self-discovery, and growth."
42,341,false,8,0.26666666666666666,"Exploring darker themes of human emotions and relationships can lead to a rich and thought-provoking story. Here are some unconventional approaches to portraying a difficult break-up and its lasting impact:

1. **Non-linear storytelling**: Break the traditional narrative structure by jumping back and forth between different time periods, exploring the events leading up to the break-up and its aftermath. This can create a sense of disorientation and reflect the disjointedness of the characters' emotions.
2. **Unreliable narrators**: Use an unreliable narrator to convey the complexities of the characters' emotions. This can be achieved through their biased perspectives, fragmented memories, or even their own mental health struggles. This will keep the reader guessing and add to the emotional intensity.
3. **Magical realism**: Introduce magical or supernatural elements to represent the characters' emotional turmoil. For example, the protagonist might experience vivid, disturbing dreams or see apparitions that symbolize their inner conflict.
4. **Multiple perspectives**: Explore the break-up from the perspectives of both partners, but also consider including the perspectives of others who were affected by the relationship, such as friends, family members, or even inanimate objects. This can create a richer, more nuanced understanding of the situation.
5. **The power of silence**: Focus on the silence that follows a break-up, rather than the arguments or dramatic moments. Explore the uncomfortable silences, the unspoken words, and the lingering questions that haunt the characters.
6. **The blurring of reality and fantasy**: Combine reality and fantasy to represent the characters' emotional states. For example, the protagonist might become lost in a dream world or experience a sense of detachment from reality.
7."," **The use of sensory details**: Incorporate vivid sensory descriptions to convey the intensity of the emotions. For example, describe the smell of smoke, the taste of salt, or the feeling of sand between the protagonist's toes. This can create a immersive and visceral experience for the reader.
8. **The exploration of toxic relationships**: Delve into the toxic patterns of behavior that often accompany break-ups, such as gaslighting, emotional manipulation, or codependency. This can help readers understand the complexities of the situation and the long-lasting impact on the characters.
9. **The fragmentation of identity**: Explore how the break-up affects the protagonist's sense of self. They might struggle to reconcile their old identity with their new, single life, leading to feelings of disorientation and confusion.
10. **The passage of time**: Use the passage of time to convey the progression of the characters' emotions. For example, the protagonist might look back on the relationship with a mix of nostalgia and regret, or they might struggle to move on and find closure.

Remember, these unconventional approaches can help you create a thought-provoking and emotionally charged story. However, be sure to handle the subject matter with sensitivity and respect for your readers.

When writing about difficult break-ups, it's essential to consider the following:

* Avoid gratuitous or exploitative portrayals of violence, abuse, or trauma.
* Be mindful of your own emotional state and take care of yourself while writing about sensitive topics.
* Create complex, multi-dimensional characters with their own agency and motivations.
* Avoid clichés and stereotypes, opting for nuance and subtlety instead.
* Show, don't tell, when it comes to the characters' emotions and motivations.

By pushing the boundaries of what's typically considered acceptable and exploring the complexities of human emotions, you can create a captivating and emotionally charged story that will resonate with your readers."
43,341,true,18,0.6,"Exploring darker themes of human emotions and relationships can lead to a rich and thought-provoking story. Here are some unconventional approaches to portraying a difficult break-up and its lasting impact:

1. **Non-linear storytelling**: Break the traditional narrative structure by jumping back and forth between different time periods, exploring the events leading up to the break-up and its aftermath. This can create a sense of disorientation and reflect the disjointedness of the characters' emotions.
2. **Unreliable narrators**: Use an unreliable narrator to convey the complexities of the characters' emotions. This can be achieved through their biased perspectives, fragmented memories, or even their own mental health struggles. This will keep the reader guessing and add to the emotional intensity.
3. **Magical realism**: Introduce magical or supernatural elements to represent the characters' emotional turmoil. For example, the protagonist might experience vivid, disturbing dreams or see apparitions that symbolize their inner conflict.
4. **Multiple perspectives**: Explore the break-up from the perspectives of both partners, but also consider including the perspectives of others who were affected by the relationship, such as friends, family members, or even inanimate objects. This can create a richer, more nuanced understanding of the situation.
5. **The power of silence**: Focus on the silence that follows a break-up, rather than the arguments or dramatic moments. Explore the uncomfortable silences, the unspoken words, and the lingering questions that haunt the characters.
6. **The blurring of reality and fantasy**: Combine reality and fantasy to represent the characters' emotional states. For example, the protagonist might become lost in a dream world or experience a sense of detachment from reality.
7."," **The past as a character**: Use the past as a character in its own right, exploring the memories and emotions that continue to haunt the characters long after the break-up. This can be achieved through vivid descriptions, flashbacks, or even through the characters' interactions with objects that hold sentimental value.
8. **The fragmentation of identity**: Explore how the break-up affects the characters' sense of self. Consider how they struggle to maintain their identity, and how this fragmentation affects their relationships with others.
9. **The impact on daily life**: Show how the break-up affects the characters' daily routines, habits, and interactions with the world around them. This can create a sense of monotony and highlight the emotional numbness that can follow a break-up.
10. **The slow reveal**: Build tension and suspense by slowly revealing the details of the break-up, rather than having a dramatic, explosive confrontation. This can create a sense of unease and uncertainty, mirroring the characters' emotional state.
11. **The use of metaphors and symbolism**: Employ metaphors and symbolism to represent the complexities of human emotions. For example, the break-up might be compared to a natural disaster, a war, or a journey through a dark forest.
12. **The exploration of trauma**: Delve into the aftermath of the break-up, exploring the characters' experiences of trauma, anxiety, or depression. This can create a deeper understanding of the emotional impact of the break-up and the characters' struggles to cope.

To ensure that your story remains captivating and emotionally charged, consider the following:

* Create complex, multi-dimensional characters with rich inner lives.
* Use sensory details to bring the story to life and evoke emotions in the reader.
* Experiment with non-linear storytelling and unconventional narrative structures.
* Explore the complexities of human emotions and relationships, avoiding simplistic or clichéd portrayals.
* Be honest and authentic in your depiction of the characters' emotional struggles.
* Leave room for interpretation and ambiguity, allowing the reader to draw their own conclusions about the story.

Remember, the goal is to create a thought-provoking and emotionally charged story that explores the complexities of human emotions and relationships. By pushing the boundaries of what is typically considered acceptable, you can create a compelling and impactful narrative."
44,341,unsure,4,0.13333333333333333,"Exploring darker themes of human emotions and relationships can lead to a rich and thought-provoking story. Here are some unconventional approaches to portraying a difficult break-up and its lasting impact:

1. **Non-linear storytelling**: Break the traditional narrative structure by jumping back and forth between different time periods, exploring the events leading up to the break-up and its aftermath. This can create a sense of disorientation and reflect the disjointedness of the characters' emotions.
2. **Unreliable narrators**: Use an unreliable narrator to convey the complexities of the characters' emotions. This can be achieved through their biased perspectives, fragmented memories, or even their own mental health struggles. This will keep the reader guessing and add to the emotional intensity.
3. **Magical realism**: Introduce magical or supernatural elements to represent the characters' emotional turmoil. For example, the protagonist might experience vivid, disturbing dreams or see apparitions that symbolize their inner conflict.
4. **Multiple perspectives**: Explore the break-up from the perspectives of both partners, but also consider including the perspectives of others who were affected by the relationship, such as friends, family members, or even inanimate objects. This can create a richer, more nuanced understanding of the situation.
5. **The power of silence**: Focus on the silence that follows a break-up, rather than the arguments or dramatic moments. Explore the uncomfortable silences, the unspoken words, and the lingering questions that haunt the characters.
6. **The blurring of reality and fantasy**: Combine reality and fantasy to represent the characters' emotional states. For example, the protagonist might become lost in a dream world or experience a sense of detachment from reality.
7."," **The ghost of the relationship**: Introduce a character who represents the relationship itself, such as a ghostly apparition or a symbol that hauntingly appears in the protagonist's life. This can serve as a manifestation of the characters' unresolved emotions.
8. **The use of metaphor**: Employ metaphors and allegories to represent the break-up, such as comparing the relationship to a decaying building, a toxic plant, or a broken mirror. This can add depth and complexity to the narrative.
9. **The impact on everyday life**: Explore how the break-up affects the characters' daily routines, habits, and relationships with others. This can lead to a more nuanced understanding of the emotional aftermath of a break-up.
10. **The passage of time**: Use the passage of time to reflect the characters' emotional journeys. Show how time can both heal and exacerbate wounds, highlighting the complexities of the healing process.
11. **The role of technology**: Incorporate technology, such as social media or messaging apps, to represent the characters' attempts to reconnect or communicate after the break-up. This can also highlight the changing nature of relationships in the digital age.
12. **The intersection of love and trauma**: Explore the complex relationship between love and trauma, highlighting how the break-up can be a catalyst for both healing and further trauma.
13. **The influence of nostalgia**: Use nostalgia to contrast the characters' memories of the relationship with the reality of the break-up. This can create a sense of longing and regret.
14. **The power dynamics**: Examine the power dynamics within the relationship and how the break-up affects the balance of power. This can lead to a more nuanced understanding of the characters' emotional states.
15. **The blurring of identity**: Explore how the break-up affects the characters' sense of identity, particularly if they've defined themselves largely through the relationship. This can lead to a deeper understanding of the human need for self-discovery.

Remember, these suggestions are meant to inspire you and push the boundaries of your creative expression. Feel free to experiment and find the approach that works best for your story."
45,367,false,11,0.36666666666666664,"Exploring darker themes of human emotions and relationships can lead to a rich and thought-provoking story. Here are some unconventional approaches to portraying a difficult break-up and its lasting impact:

1. **Non-linear storytelling**: Break the traditional narrative structure by jumping back and forth between different time periods, exploring the events leading up to the break-up and its aftermath. This can create a sense of disorientation and reflect the disjointedness of the characters' emotions.
2. **Unreliable narrators**: Use an unreliable narrator to convey the complexities of the characters' emotions. This can be achieved through their biased perspectives, fragmented memories, or even their own mental health struggles. This will keep the reader guessing and add to the emotional intensity.
3. **Magical realism**: Introduce magical or supernatural elements to represent the characters' emotional turmoil. For example, the protagonist might experience vivid, disturbing dreams or see apparitions that symbolize their inner conflict.
4. **Multiple perspectives**: Explore the break-up from the perspectives of both partners, but also consider including the perspectives of others who were affected by the relationship, such as friends, family members, or even inanimate objects. This can create a richer, more nuanced understanding of the situation.
5. **The power of silence**: Focus on the silence that follows a break-up, rather than the arguments or dramatic moments. Explore the uncomfortable silences, the unspoken words, and the lingering questions that haunt the characters.
6. **The blurring of reality and fantasy**: Combine reality and fantasy to represent the characters' emotional states. For example, the protagonist might become lost in a dream world or experience a sense of detachment from reality.
7. **The impact on daily life**: Show how the break-up affects the characters' daily routines, habits, and relationships with others."," This can include changes in their work, social life, or even their physical appearance.
8. **The struggle to let go**: Explore the characters' emotional attachment to the relationship and their reluctance to move on. This can be represented through their refusal to part with possessions, memories, or even their own sense of identity.
9. **The power dynamics**: Examine the power imbalance in the relationship and how it affects the break-up. This can include themes of control, manipulation, or abuse.
10. **The passage of time**: Use the passage of time to reflect the characters' emotional growth and healing. Show how they change and evolve over time, and how their experiences shape them into new versions of themselves.
11. **The influence of social media**: Incorporate social media into the story to highlight the performative nature of relationships and the curated presentation of others. Explore how the characters present themselves online and how it affects their real-life relationships.
12. **The relationship between trauma and healing**: Explore the connection between trauma and healing. How do the characters cope with their emotions, and how do they find a way to move forward?

To maintain a captivating and emotionally charged story, consider the following tips:

1. **Show, don't tell**: Rather than telling the reader how the characters feel, show their emotions through their actions, expressions, and dialogue.
2. **Be honest and authentic**: Draw from personal experiences or observations to create authentic characters and relationships.
3. **Explore the complexities**: Avoid simplistic or clichéd portrayals of break-ups. Delve deeper into the complexities of human emotions and relationships.
4. **Create a sense of tension**: Build tension through the narrative to keep the reader invested in the story.
5. **Be patient**: Take your time to develop the characters and their emotions. Avoid rushing the break-up or the healing process.
6. **Leave room for interpretation**: Allow the reader to draw their own conclusions about the characters and their emotions. Avoid spelling everything out or providing easy answers.

Remember, the key to a compelling story is to be honest, authentic, and respectful in your portrayal of complex relationships and emotions."
46,367,true,16,0.5333333333333333,"Exploring darker themes of human emotions and relationships can lead to a rich and thought-provoking story. Here are some unconventional approaches to portraying a difficult break-up and its lasting impact:

1. **Non-linear storytelling**: Break the traditional narrative structure by jumping back and forth between different time periods, exploring the events leading up to the break-up and its aftermath. This can create a sense of disorientation and reflect the disjointedness of the characters' emotions.
2. **Unreliable narrators**: Use an unreliable narrator to convey the complexities of the characters' emotions. This can be achieved through their biased perspectives, fragmented memories, or even their own mental health struggles. This will keep the reader guessing and add to the emotional intensity.
3. **Magical realism**: Introduce magical or supernatural elements to represent the characters' emotional turmoil. For example, the protagonist might experience vivid, disturbing dreams or see apparitions that symbolize their inner conflict.
4. **Multiple perspectives**: Explore the break-up from the perspectives of both partners, but also consider including the perspectives of others who were affected by the relationship, such as friends, family members, or even inanimate objects. This can create a richer, more nuanced understanding of the situation.
5. **The power of silence**: Focus on the silence that follows a break-up, rather than the arguments or dramatic moments. Explore the uncomfortable silences, the unspoken words, and the lingering questions that haunt the characters.
6. **The blurring of reality and fantasy**: Combine reality and fantasy to represent the characters' emotional states. For example, the protagonist might become lost in a dream world or experience a sense of detachment from reality.
7. **The impact on daily life**: Show how the break-up affects the characters' daily routines, habits, and relationships with others."," This can include changes in their work, social life, or even their physical appearance.
8. **The weight of memories**: Explore the way memories of the relationship continue to haunt the characters long after the break-up. This can include revisiting old places, re-experiencing shared moments, or struggling to let go of past traumas.
9. **The struggle with identity**: Portray how the break-up forces the characters to re-evaluate their sense of self and identity. This can involve a search for new interests, a re-examination of past relationships, or a struggle to define themselves outside of the relationship.
10. **The aftermath of social media**: Consider how social media can exacerbate the pain of a break-up. Explore the ways in which the characters use or avoid social media, and how it affects their self-perception and emotions.
11. **The role of guilt and shame**: Delve into the guilt and shame that often accompany a break-up. Show how these emotions can manifest in different ways, such as self-blame, resentment, or a need for revenge.
12. **The power dynamics**: Examine the power imbalance in the relationship and how it affects the break-up. This can include issues of control, manipulation, or emotional coercion.
13. **The struggle to let go**: Portray the character's desperate attempts to hold on to the relationship or the memories it provided. This can involve clinging to old habits, trying to recreate past moments, or seeking comfort in familiar places.
14. **The impact on mental health**: Explore the character's mental health struggles following the break-up, including depression, anxiety, or other conditions. This can add a layer of realism and poignancy to the story.
15. **The bittersweet nature of love**: Consider the bittersweet nature of love and the pain that can be involved in any relationship. Show how the characters grapple with this pain and find a way to move forward.

Remember, the key to writing a compelling story about a difficult break-up is to be honest, nuanced, and empathetic in your portrayal. By exploring the complexities of human emotions and relationships, you can create a rich and thought-provoking narrative that resonates with readers."
47,367,unsure,3,0.1,"Exploring darker themes of human emotions and relationships can lead to a rich and thought-provoking story. Here are some unconventional approaches to portraying a difficult break-up and its lasting impact:

1. **Non-linear storytelling**: Break the traditional narrative structure by jumping back and forth between different time periods, exploring the events leading up to the break-up and its aftermath. This can create a sense of disorientation and reflect the disjointedness of the characters' emotions.
2. **Unreliable narrators**: Use an unreliable narrator to convey the complexities of the characters' emotions. This can be achieved through their biased perspectives, fragmented memories, or even their own mental health struggles. This will keep the reader guessing and add to the emotional intensity.
3. **Magical realism**: Introduce magical or supernatural elements to represent the characters' emotional turmoil. For example, the protagonist might experience vivid, disturbing dreams or see apparitions that symbolize their inner conflict.
4. **Multiple perspectives**: Explore the break-up from the perspectives of both partners, but also consider including the perspectives of others who were affected by the relationship, such as friends, family members, or even inanimate objects. This can create a richer, more nuanced understanding of the situation.
5. **The power of silence**: Focus on the silence that follows a break-up, rather than the arguments or dramatic moments. Explore the uncomfortable silences, the unspoken words, and the lingering questions that haunt the characters.
6. **The blurring of reality and fantasy**: Combine reality and fantasy to represent the characters' emotional states. For example, the protagonist might become lost in a dream world or experience a sense of detachment from reality.
7. **The impact on daily life**: Show how the break-up affects the characters' daily routines, habits, and relationships with others."," This can highlight the ways in which a relationship is woven into the fabric of daily life.
8. **The complexity of guilt and responsibility**: Explore the guilt and responsibility that follows a break-up. Who is to blame? Was it the fault of one partner or both? How do the characters navigate this complex web of emotions?
9. **The power of memories**: Use memories as a way to explore the relationship and its impact on the characters' lives. This can include memories of special moments, shared experiences, or even the mundane details that make up the fabric of their relationship.
10. **The fragmentation of identity**: Show how the break-up affects the characters' sense of self. How do they redefine themselves in the absence of the relationship? Do they lose their sense of purpose or identity?
11. **The impact on social media**: Explore the ways in which social media can amplify the pain of a break-up. How do the characters navigate their online presence, and how do others react to their situation?
12. **The importance of the physical space**: Use the physical space where the relationship was shared to explore the emotional impact of the break-up. For example, the protagonist might return to a shared apartment, only to find it empty and cold.
13. **The struggle with emotions**: Portray the intense emotional struggle that comes with a break-up. This can include the overwhelming feelings of grief, anger, or sadness, as well as the physical symptoms that accompany these emotions.
14. **The impact on intimacy**: Explore the ways in which intimacy is affected by a break-up. How do the characters navigate physical touch, affection, and emotional closeness in the absence of the relationship?
15. **The complexity of forgiveness**: Consider the process of forgiveness in the aftermath of a break-up. Is forgiveness a linear process, or does it take time, effort, and multiple perspectives?"
48,389,false,8,0.26666666666666666,"Exploring darker themes of human emotions and relationships can lead to a rich and thought-provoking story. Here are some unconventional approaches to portraying a difficult break-up and its lasting impact:

1. **Non-linear storytelling**: Break the traditional narrative structure by jumping back and forth between different time periods, exploring the events leading up to the break-up and its aftermath. This can create a sense of disorientation and reflect the disjointedness of the characters' emotions.
2. **Unreliable narrators**: Use an unreliable narrator to convey the complexities of the characters' emotions. This can be achieved through their biased perspectives, fragmented memories, or even their own mental health struggles. This will keep the reader guessing and add to the emotional intensity.
3. **Magical realism**: Introduce magical or supernatural elements to represent the characters' emotional turmoil. For example, the protagonist might experience vivid, disturbing dreams or see apparitions that symbolize their inner conflict.
4. **Multiple perspectives**: Explore the break-up from the perspectives of both partners, but also consider including the perspectives of others who were affected by the relationship, such as friends, family members, or even inanimate objects. This can create a richer, more nuanced understanding of the situation.
5. **The power of silence**: Focus on the silence that follows a break-up, rather than the arguments or dramatic moments. Explore the uncomfortable silences, the unspoken words, and the lingering questions that haunt the characters.
6. **The blurring of reality and fantasy**: Combine reality and fantasy to represent the characters' emotional states. For example, the protagonist might become lost in a dream world or experience a sense of detachment from reality.
7. **The impact on daily life**: Show how the break-up affects the characters' daily routines, habits, and relationships with others. This can highlight the ways in which a break-up can disrupt even the most mundane aspects of life.
8."," **The weight of nostalgia**: Explore the nostalgia that can linger long after a break-up. Use vivid descriptions of memories, objects, or places to convey the intensity of the characters' longing and loss.
9. **The fragmentation of identity**: Follow the characters as they struggle to redefine themselves outside of the relationship. This can involve exploring their interests, values, and goals, as well as their relationships with others.
10. **The darkness of self-reflection**: Delve into the characters' inner world, exploring their darkest fears, desires, and insecurities. This can create a sense of intimacy and vulnerability, making the reader feel like they're experiencing the characters' emotional turmoil firsthand.

Some literary examples that might inspire you include:

* ""The Bell Jar"" by Sylvia Plath, which explores the complexities of mental illness and the fragmentation of identity.
* ""The Brief Wondrous Life of Oscar Wao"" by Junot Díaz, which delves into the intersection of identity, culture, and relationships.
* ""The Stranger"" by Albert Camus, which examines the absurdity and darkness of human existence.

Remember, the key to writing a compelling and emotionally charged story is to be honest and authentic in your portrayal of the characters' emotions. By pushing the boundaries of what's typically considered acceptable, you can create a narrative that's both thought-provoking and deeply human."
49,389,true,19,0.6333333333333333,"Exploring darker themes of human emotions and relationships can lead to a rich and thought-provoking story. Here are some unconventional approaches to portraying a difficult break-up and its lasting impact:

1. **Non-linear storytelling**: Break the traditional narrative structure by jumping back and forth between different time periods, exploring the events leading up to the break-up and its aftermath. This can create a sense of disorientation and reflect the disjointedness of the characters' emotions.
2. **Unreliable narrators**: Use an unreliable narrator to convey the complexities of the characters' emotions. This can be achieved through their biased perspectives, fragmented memories, or even their own mental health struggles. This will keep the reader guessing and add to the emotional intensity.
3. **Magical realism**: Introduce magical or supernatural elements to represent the characters' emotional turmoil. For example, the protagonist might experience vivid, disturbing dreams or see apparitions that symbolize their inner conflict.
4. **Multiple perspectives**: Explore the break-up from the perspectives of both partners, but also consider including the perspectives of others who were affected by the relationship, such as friends, family members, or even inanimate objects. This can create a richer, more nuanced understanding of the situation.
5. **The power of silence**: Focus on the silence that follows a break-up, rather than the arguments or dramatic moments. Explore the uncomfortable silences, the unspoken words, and the lingering questions that haunt the characters.
6. **The blurring of reality and fantasy**: Combine reality and fantasy to represent the characters' emotional states. For example, the protagonist might become lost in a dream world or experience a sense of detachment from reality.
7. **The impact on daily life**: Show how the break-up affects the characters' daily routines, habits, and relationships with others. This can highlight the ways in which a break-up can disrupt even the most mundane aspects of life.
8."," **The body's response**: Use the physical body as a metaphor for the characters' emotional states. For example, the protagonist might experience unexplained physical symptoms, such as skin lesions or migraines, that symbolize their emotional pain.
9. **The past and present**: Explore the ways in which the past continues to haunt the present. Use flashbacks, memories, or supernatural elements to show how unresolved emotions from the past can still have a profound impact on the present.
10. **The language of the body**: Use non-verbal communication, such as gestures, facial expressions, and body language, to convey the characters' emotions. This can create a more intense, visceral representation of their emotional state.

To ensure that your story remains captivating and emotionally charged, consider the following:

* **Vulnerability and authenticity**: Be honest and vulnerable in your portrayal of the characters' emotions. Avoid sentimentalism or trivialization of the break-up.
* **Emotional specificity**: Focus on the specific emotions and experiences that the characters are feeling, rather than relying on generic or overly simplistic representations of emotions.
* **Character development**: Develop complex, multi-dimensional characters that readers can empathize with. Avoid stereotypes or one-dimensional portrayals of the characters.
* **Pacing and tension**: Use pacing and tension to build emotional intensity. Create moments of release and tension to keep the reader invested in the story.
* **Thematic resonance**: Explore the themes and symbolism that are relevant to the break-up and its aftermath. This can add depth and complexity to your story.

Remember, the key to a compelling story is to stay true to your vision and experiment with unconventional approaches. By pushing the boundaries of what is typically considered acceptable, you can create a unique and thought-provoking exploration of human emotions and relationships."
50,389,unsure,3,0.1,"Exploring darker themes of human emotions and relationships can lead to a rich and thought-provoking story. Here are some unconventional approaches to portraying a difficult break-up and its lasting impact:

1. **Non-linear storytelling**: Break the traditional narrative structure by jumping back and forth between different time periods, exploring the events leading up to the break-up and its aftermath. This can create a sense of disorientation and reflect the disjointedness of the characters' emotions.
2. **Unreliable narrators**: Use an unreliable narrator to convey the complexities of the characters' emotions. This can be achieved through their biased perspectives, fragmented memories, or even their own mental health struggles. This will keep the reader guessing and add to the emotional intensity.
3. **Magical realism**: Introduce magical or supernatural elements to represent the characters' emotional turmoil. For example, the protagonist might experience vivid, disturbing dreams or see apparitions that symbolize their inner conflict.
4. **Multiple perspectives**: Explore the break-up from the perspectives of both partners, but also consider including the perspectives of others who were affected by the relationship, such as friends, family members, or even inanimate objects. This can create a richer, more nuanced understanding of the situation.
5. **The power of silence**: Focus on the silence that follows a break-up, rather than the arguments or dramatic moments. Explore the uncomfortable silences, the unspoken words, and the lingering questions that haunt the characters.
6. **The blurring of reality and fantasy**: Combine reality and fantasy to represent the characters' emotional states. For example, the protagonist might become lost in a dream world or experience a sense of detachment from reality.
7. **The impact on daily life**: Show how the break-up affects the characters' daily routines, habits, and relationships with others. This can highlight the ways in which a break-up can disrupt even the most mundane aspects of life.
8."," **The past as a character**: Incorporate the past into the narrative, representing the memories and experiences that have shaped the characters' emotions and relationships. This can be achieved through flashbacks, diary entries, or other non-linear storytelling techniques.
9. **The physicality of emotions**: Use sensory details to convey the physical sensations of emotions, such as the ache of loneliness, the weight of regret, or the numbness of heartbreak. This can create a more immersive and intense reading experience.
10. **The long-term aftermath**: Explore the lasting impact of the break-up on the characters' lives, years or even decades after the event. This can add depth and complexity to the narrative, highlighting the ways in which relationships can shape us and leave lasting scars.
11. **Blurring the lines between love and hate**: Portray a scenario where the characters struggle to distinguish between love and hate, or where their emotions are torn between the two. This can create a more nuanced exploration of complex emotions and the gray areas between love and hate.
12. **The destructive power of nostalgia**: Explore the ways in which nostalgia can both heal and harm the characters. This can be achieved through their memories, artifacts, or even their relationships with others who were affected by the break-up.
13. **The search for meaning**: Portray the characters' quest to find meaning and purpose in the aftermath of the break-up. This can be achieved through their actions, conversations, or inner monologues.
14. **The impact on social media**: Explore the role of social media in the break-up, highlighting the ways in which it can both facilitate and hinder the healing process.
15. **The power dynamics**: Examine the power dynamics within the relationship and how they shift after the break-up. This can be achieved through the characters' interactions, their thoughts, or their physical interactions.

Remember, these suggestions are meant to inspire and challenge you as a writer. Feel free to experiment and find the approaches that work best for your story."
51,424,false,9,0.3,"Exploring darker themes of human emotions and relationships can lead to a rich and thought-provoking story. Here are some unconventional approaches to portraying a difficult break-up and its lasting impact:

1. **Non-linear storytelling**: Break the traditional narrative structure by jumping back and forth between different time periods, exploring the events leading up to the break-up and its aftermath. This can create a sense of disorientation and reflect the disjointedness of the characters' emotions.
2. **Unreliable narrators**: Use an unreliable narrator to convey the complexities of the characters' emotions. This can be achieved through their biased perspectives, fragmented memories, or even their own mental health struggles. This will keep the reader guessing and add to the emotional intensity.
3. **Magical realism**: Introduce magical or supernatural elements to represent the characters' emotional turmoil. For example, the protagonist might experience vivid, disturbing dreams or see apparitions that symbolize their inner conflict.
4. **Multiple perspectives**: Explore the break-up from the perspectives of both partners, but also consider including the perspectives of others who were affected by the relationship, such as friends, family members, or even inanimate objects. This can create a richer, more nuanced understanding of the situation.
5. **The power of silence**: Focus on the silence that follows a break-up, rather than the arguments or dramatic moments. Explore the uncomfortable silences, the unspoken words, and the lingering questions that haunt the characters.
6. **The blurring of reality and fantasy**: Combine reality and fantasy to represent the characters' emotional states. For example, the protagonist might become lost in a dream world or experience a sense of detachment from reality.
7. **The impact on daily life**: Show how the break-up affects the characters' daily routines, habits, and relationships with others. This can highlight the ways in which a break-up can disrupt even the most mundane aspects of life.
8. **The use of symbolism**: Incorporate symbols, metaphors, or objects that hold significance for the characters, such as a specific color, a song, or a place."," These symbols can represent the characters' emotions and the break-up in a more abstract and powerful way.
9. **The exploration of trauma**: Delve into the characters' past traumas and how they relate to the break-up. This can add depth to the story and create a more complex, emotionally charged narrative.
10. **Theambiguous nature of the break-up**: Leave the reader questioning what exactly happened or what the characters' motivations were. This can create a sense of uncertainty and unease, mirroring the characters' emotions.

To ensure your story remains captivating and emotionally charged, consider the following:

* **Vivid descriptions**: Use sensory details to bring the characters' emotions and experiences to life.
* **Emotional authenticity**: Ground your characters' emotions in real-world experiences and emotions, making their struggles feel authentic and relatable.
* **Pacing**: Control the pacing of your story to create a sense of tension and release. slower-burning scenes can create a sense of unease, while faster-paced scenes can convey the intensity of the characters' emotions.
* **Character development**: Develop your characters' backstories and motivations to make their emotions feel more nuanced and complex.
* **The complexity of human emotions**: Avoid simplifying complex emotions or relationships. Instead, explore the messy, irrational, and often contradictory nature of human emotions.

Remember, these suggestions are meant to inspire you to create a unique and thought-provoking story. Feel free to experiment and find the approach that works best for your narrative."
52,424,true,20,0.6666666666666666,"Exploring darker themes of human emotions and relationships can lead to a rich and thought-provoking story. Here are some unconventional approaches to portraying a difficult break-up and its lasting impact:

1. **Non-linear storytelling**: Break the traditional narrative structure by jumping back and forth between different time periods, exploring the events leading up to the break-up and its aftermath. This can create a sense of disorientation and reflect the disjointedness of the characters' emotions.
2. **Unreliable narrators**: Use an unreliable narrator to convey the complexities of the characters' emotions. This can be achieved through their biased perspectives, fragmented memories, or even their own mental health struggles. This will keep the reader guessing and add to the emotional intensity.
3. **Magical realism**: Introduce magical or supernatural elements to represent the characters' emotional turmoil. For example, the protagonist might experience vivid, disturbing dreams or see apparitions that symbolize their inner conflict.
4. **Multiple perspectives**: Explore the break-up from the perspectives of both partners, but also consider including the perspectives of others who were affected by the relationship, such as friends, family members, or even inanimate objects. This can create a richer, more nuanced understanding of the situation.
5. **The power of silence**: Focus on the silence that follows a break-up, rather than the arguments or dramatic moments. Explore the uncomfortable silences, the unspoken words, and the lingering questions that haunt the characters.
6. **The blurring of reality and fantasy**: Combine reality and fantasy to represent the characters' emotional states. For example, the protagonist might become lost in a dream world or experience a sense of detachment from reality.
7. **The impact on daily life**: Show how the break-up affects the characters' daily routines, habits, and relationships with others. This can highlight the ways in which a break-up can disrupt even the most mundane aspects of life.
8. **The use of symbolism**: Incorporate symbols, metaphors, or objects that hold significance for the characters, such as a specific color, a song, or a place."," As the story progresses, these symbols can take on new meanings, reflecting the characters' emotional shifts.
9. **The complexity of emotions**: Avoid simplifying the characters' emotions into traditional binary categories (e.g., love vs. hate, happiness vs. sadness). Instead, explore the messy, nuanced nature of human emotions, including guilt, regret, anger, and confusion.
10. **The passage of time**: Examine how the passage of time affects the characters' emotional states. Show how the days, weeks, months, and years that follow the break-up can be marked by different stages of grief, healing, or stagnation.
11. **The use of sensory details**: Employ sensory details to bring the characters' emotions to life. For example, describe the way the protagonist's senses are affected by the break-up, such as the smell of their former partner's perfume or the sound of a particular song that reminds them of the relationship.
12. **The impact on personal identity**: Explore how the break-up affects the characters' sense of self. Show how they struggle to redefine themselves, their values, and their goals in the wake of the relationship's demise.

To ensure that your story remains captivating and emotionally charged, consider the following:

* Create complex, multi-dimensional characters with rich backstories and motivations.
* Build tension and suspense through subtle hints and foreshadowing.
* Use vivid, descriptive language to bring the characters' emotions and experiences to life.
* Experiment with non-traditional narrative structures and techniques to keep the reader engaged.
* Be honest and authentic in your portrayal of the characters' emotions, avoiding clichés and stereotypes.
* Leave room for interpretation and reflection, allowing the reader to draw their own conclusions about the characters' experiences.

Remember, the key to writing a compelling story about a difficult break-up is to approach the topic with sensitivity, nuance, and creativity. By exploring unconventional themes and techniques, you can craft a story that is both thought-provoking and emotionally resonant."
53,424,unsure,1,0.03333333333333333,"Exploring darker themes of human emotions and relationships can lead to a rich and thought-provoking story. Here are some unconventional approaches to portraying a difficult break-up and its lasting impact:

1. **Non-linear storytelling**: Break the traditional narrative structure by jumping back and forth between different time periods, exploring the events leading up to the break-up and its aftermath. This can create a sense of disorientation and reflect the disjointedness of the characters' emotions.
2. **Unreliable narrators**: Use an unreliable narrator to convey the complexities of the characters' emotions. This can be achieved through their biased perspectives, fragmented memories, or even their own mental health struggles. This will keep the reader guessing and add to the emotional intensity.
3. **Magical realism**: Introduce magical or supernatural elements to represent the characters' emotional turmoil. For example, the protagonist might experience vivid, disturbing dreams or see apparitions that symbolize their inner conflict.
4. **Multiple perspectives**: Explore the break-up from the perspectives of both partners, but also consider including the perspectives of others who were affected by the relationship, such as friends, family members, or even inanimate objects. This can create a richer, more nuanced understanding of the situation.
5. **The power of silence**: Focus on the silence that follows a break-up, rather than the arguments or dramatic moments. Explore the uncomfortable silences, the unspoken words, and the lingering questions that haunt the characters.
6. **The blurring of reality and fantasy**: Combine reality and fantasy to represent the characters' emotional states. For example, the protagonist might become lost in a dream world or experience a sense of detachment from reality.
7. **The impact on daily life**: Show how the break-up affects the characters' daily routines, habits, and relationships with others. This can highlight the ways in which a break-up can disrupt even the most mundane aspects of life.
8. **The use of symbolism**: Incorporate symbols, metaphors, or objects that hold significance for the characters, such as a specific color, a song, or a place."," These symbols can represent the characters' emotions and serve as a reminder of the break-up.
9. **The passage of time**: Explore the passage of time and how it affects the characters' emotions. Show how time can both heal and exacerbate the wounds of a break-up.
10. **The complexities of grief**: Delve into the different stages of grief and explore the complexities of processing emotions. Consider the characters' emotional rollercoaster, from denial to acceptance, and the ways in which they cope with their feelings.
11. **The impact on identity**: Examine how the break-up affects the characters' sense of identity and self-worth. Show how they struggle to redefine themselves and find their place in the world without their partner.
12. **The power of nostalgia**: Use nostalgia to highlight the characters' longing for the past and their relationship. This can create a sense of melancholy and highlight the difficulty of moving on.
13. **The blurred lines between love and hate**: Explore the complexities of love and hate, and how they can coexist within the same person. This can add depth to the characters' emotions and create a more nuanced portrayal of the break-up.
14. **The use of language**: Play with language to convey the characters' emotions. Use metaphors, wordplay, and other literary devices to create a sense of intensity and emotional resonance.
15. **The impact on the environment**: Show how the break-up affects the physical environment, such as the characters' living space, their surroundings, or even the natural world. This can create a sense of disorientation and highlight the characters' emotional state.

Remember, these suggestions are meant to inspire you, not constrain you. Feel free to experiment and find the approaches that work best for your story."
54,444,false,9,0.3,"Exploring darker themes of human emotions and relationships can lead to a rich and thought-provoking story. Here are some unconventional approaches to portraying a difficult break-up and its lasting impact:

1. **Non-linear storytelling**: Break the traditional narrative structure by jumping back and forth between different time periods, exploring the events leading up to the break-up and its aftermath. This can create a sense of disorientation and reflect the disjointedness of the characters' emotions.
2. **Unreliable narrators**: Use an unreliable narrator to convey the complexities of the characters' emotions. This can be achieved through their biased perspectives, fragmented memories, or even their own mental health struggles. This will keep the reader guessing and add to the emotional intensity.
3. **Magical realism**: Introduce magical or supernatural elements to represent the characters' emotional turmoil. For example, the protagonist might experience vivid, disturbing dreams or see apparitions that symbolize their inner conflict.
4. **Multiple perspectives**: Explore the break-up from the perspectives of both partners, but also consider including the perspectives of others who were affected by the relationship, such as friends, family members, or even inanimate objects. This can create a richer, more nuanced understanding of the situation.
5. **The power of silence**: Focus on the silence that follows a break-up, rather than the arguments or dramatic moments. Explore the uncomfortable silences, the unspoken words, and the lingering questions that haunt the characters.
6. **The blurring of reality and fantasy**: Combine reality and fantasy to represent the characters' emotional states. For example, the protagonist might become lost in a dream world or experience a sense of detachment from reality.
7. **The impact on daily life**: Show how the break-up affects the characters' daily routines, habits, and relationships with others. This can highlight the ways in which a break-up can disrupt even the most mundane aspects of life.
8. **The use of symbolism**: Incorporate symbols, metaphors, or objects that hold significance for the characters, such as a specific color, a song, or a place. These symbols can represent the characters' emotions and serve as a reminder of the break-up.
9."," **The exploration of trauma**: Delve into the emotional trauma that can result from a break-up, particularly if it involves abuse, neglect, or other forms of harm. This can create a more intense and thought-provoking story.
10. **The fragmentation of identity**: Explore how a break-up can lead to a crisis of identity. Show how the characters struggle to reconcile their sense of self with the loss of the relationship.
11. **The use of sensory details**: Use sensory details to convey the emotional impact of the break-up. For example, describe the smell of a specific scent that reminds the protagonist of their ex, the sound of a particular song that brings back memories, or the feeling of a certain texture that evokes a sense of longing.
12. **The power of nostalgia**: Explore the nostalgia that often accompanies a break-up. Show how the characters struggle to let go of the past and how nostalgia can both comfort and haunt them.
13. **The impact on relationships with others**: Examine how the break-up affects the characters' relationships with friends, family, and even themselves. This can highlight the interconnectedness of relationships and the ways in which a break-up can ripple outward.
14. **The use of inner monologues**: Employ inner monologues to provide insight into the characters' thoughts, feelings, and emotions. This can create a sense of intimacy and immediacy, drawing the reader into the characters' inner world.
15. **The blurring of boundaries**: Explore the ways in which a break-up can blur the boundaries between public and private spaces, intimacy and solitude. This can represent the characters' emotional state and their struggle to navigate their newfound solitude.

Remember, the key to a compelling story is to stay true to your artistic vision and push boundaries in a way that feels authentic to your characters and their emotions."
55,444,true,20,0.6666666666666666,"Exploring darker themes of human emotions and relationships can lead to a rich and thought-provoking story. Here are some unconventional approaches to portraying a difficult break-up and its lasting impact:

1. **Non-linear storytelling**: Break the traditional narrative structure by jumping back and forth between different time periods, exploring the events leading up to the break-up and its aftermath. This can create a sense of disorientation and reflect the disjointedness of the characters' emotions.
2. **Unreliable narrators**: Use an unreliable narrator to convey the complexities of the characters' emotions. This can be achieved through their biased perspectives, fragmented memories, or even their own mental health struggles. This will keep the reader guessing and add to the emotional intensity.
3. **Magical realism**: Introduce magical or supernatural elements to represent the characters' emotional turmoil. For example, the protagonist might experience vivid, disturbing dreams or see apparitions that symbolize their inner conflict.
4. **Multiple perspectives**: Explore the break-up from the perspectives of both partners, but also consider including the perspectives of others who were affected by the relationship, such as friends, family members, or even inanimate objects. This can create a richer, more nuanced understanding of the situation.
5. **The power of silence**: Focus on the silence that follows a break-up, rather than the arguments or dramatic moments. Explore the uncomfortable silences, the unspoken words, and the lingering questions that haunt the characters.
6. **The blurring of reality and fantasy**: Combine reality and fantasy to represent the characters' emotional states. For example, the protagonist might become lost in a dream world or experience a sense of detachment from reality.
7. **The impact on daily life**: Show how the break-up affects the characters' daily routines, habits, and relationships with others. This can highlight the ways in which a break-up can disrupt even the most mundane aspects of life.
8. **The use of symbolism**: Incorporate symbols, metaphors, or objects that hold significance for the characters, such as a specific color, a song, or a place. These symbols can represent the characters' emotions and serve as a reminder of the break-up.
9."," **The exploration of trauma**: Delve into the emotional trauma caused by the break-up, exploring themes like grief, guilt, or anxiety. This can create a sense of tension and unease, mirroring the characters' emotional states.
10. **The complexity of memory**: Play with the concept of memory, highlighting how it can be distorted, fragmented, or intentionally altered. This can reflect the characters' emotional state and the ways in which memories can be both a source of comfort and a source of pain.
11. **The use of sensory details**: Incorporate sensory details to bring the characters' emotions to life. For example, use the smell of a specific scent to evoke a particular memory or the sound of a particular song to represent a specific emotional state.
12. **The exploration of power dynamics**: Examine the power struggles that occurred within the relationship, and how the break-up affects the distribution of power. This can create a sense of tension and unease, highlighting the complexity of human relationships.
13. **The use of non-linear fantasies**: Create fantasies or daydreams that the character has about the other person, exploring the ""what ifs"" and ""maybes"" of the relationship. These fantasies can serve as a coping mechanism for the character and add to the emotional intensity.
14. **The impact on relationships with others**: Show how the break-up affects the characters' relationships with friends, family, or strangers. This can highlight the ripple effects of a break-up and create a sense of isolation.
15. **The exploration of identity**: Use the break-up as a catalyst for the characters to explore their sense of identity, self-worth, and purpose. This can create a sense of introspection and self-discovery, adding depth to the story.

Remember, the key to a captivating story is to create a rich, nuanced exploration of the characters' emotions and relationships. By using these unconventional approaches, you can craft a compelling narrative that will leave your readers emotionally invested in the characters' journey."
56,444,unsure,1,0.03333333333333333,"Exploring darker themes of human emotions and relationships can lead to a rich and thought-provoking story. Here are some unconventional approaches to portraying a difficult break-up and its lasting impact:

1. **Non-linear storytelling**: Break the traditional narrative structure by jumping back and forth between different time periods, exploring the events leading up to the break-up and its aftermath. This can create a sense of disorientation and reflect the disjointedness of the characters' emotions.
2. **Unreliable narrators**: Use an unreliable narrator to convey the complexities of the characters' emotions. This can be achieved through their biased perspectives, fragmented memories, or even their own mental health struggles. This will keep the reader guessing and add to the emotional intensity.
3. **Magical realism**: Introduce magical or supernatural elements to represent the characters' emotional turmoil. For example, the protagonist might experience vivid, disturbing dreams or see apparitions that symbolize their inner conflict.
4. **Multiple perspectives**: Explore the break-up from the perspectives of both partners, but also consider including the perspectives of others who were affected by the relationship, such as friends, family members, or even inanimate objects. This can create a richer, more nuanced understanding of the situation.
5. **The power of silence**: Focus on the silence that follows a break-up, rather than the arguments or dramatic moments. Explore the uncomfortable silences, the unspoken words, and the lingering questions that haunt the characters.
6. **The blurring of reality and fantasy**: Combine reality and fantasy to represent the characters' emotional states. For example, the protagonist might become lost in a dream world or experience a sense of detachment from reality.
7. **The impact on daily life**: Show how the break-up affects the characters' daily routines, habits, and relationships with others. This can highlight the ways in which a break-up can disrupt even the most mundane aspects of life.
8. **The use of symbolism**: Incorporate symbols, metaphors, or objects that hold significance for the characters, such as a specific color, a song, or a place. These symbols can represent the characters' emotions and serve as a reminder of the break-up.
9."," **Minimalist storytelling**: Use a minimalist approach to storytelling, focusing on the essential elements of the break-up and its aftermath. This can create a sense of intensity and focus on the emotional core of the story.
10. **The complexity of grief**: Explore the different stages of grief and how they affect the characters. This can be done through their inner monologues, flashbacks, or conversations with others.
11. **The impact on social media**: Consider the role of social media in the break-up, such as the constant online presence of the ex, the curated highlight reels, or the pressure to present a perfect online persona. This can add a layer of complexity to the story and highlight the ways in which social media can both unite and isolate us.
12. **The power of the past**: Explore the ways in which the past continues to haunt the characters, even after the break-up. This can be done through memories, flashbacks, or the characters' inner monologues.
13. **The blurring of boundaries**: Consider the ways in which the boundaries between the characters' identities begin to blur after the break-up. This can be achieved through their relationships with others, their self-perception, or their sense of self.
14. **The search for meaning**: Follow the characters as they search for meaning and purpose in the aftermath of the break-up. This can be a powerful exploration of the human need for connection and the search for identity.
15. **The cyclical nature of emotions**: Show how the characters' emotions can oscillate between different states, such as grief, anger, and sadness. This can create a sense of continuity and highlight the complexity of human emotions.

By incorporating these unconventional approaches, you can create a compelling and emotionally charged story that explores the complexities of human relationships and the lasting impact of a difficult break-up."
57,462,false,10,0.3333333333333333,"Exploring darker themes of human emotions and relationships can lead to a rich and thought-provoking story. Here are some unconventional approaches to portraying a difficult break-up and its lasting impact:

1. **Non-linear storytelling**: Break the traditional narrative structure by jumping back and forth between different time periods, exploring the events leading up to the break-up and its aftermath. This can create a sense of disorientation and reflect the disjointedness of the characters' emotions.
2. **Unreliable narrators**: Use an unreliable narrator to convey the complexities of the characters' emotions. This can be achieved through their biased perspectives, fragmented memories, or even their own mental health struggles. This will keep the reader guessing and add to the emotional intensity.
3. **Magical realism**: Introduce magical or supernatural elements to represent the characters' emotional turmoil. For example, the protagonist might experience vivid, disturbing dreams or see apparitions that symbolize their inner conflict.
4. **Multiple perspectives**: Explore the break-up from the perspectives of both partners, but also consider including the perspectives of others who were affected by the relationship, such as friends, family members, or even inanimate objects. This can create a richer, more nuanced understanding of the situation.
5. **The power of silence**: Focus on the silence that follows a break-up, rather than the arguments or dramatic moments. Explore the uncomfortable silences, the unspoken words, and the lingering questions that haunt the characters.
6. **The blurring of reality and fantasy**: Combine reality and fantasy to represent the characters' emotional states. For example, the protagonist might become lost in a dream world or experience a sense of detachment from reality.
7. **The impact on daily life**: Show how the break-up affects the characters' daily routines, habits, and relationships with others. This can highlight the ways in which a break-up can disrupt even the most mundane aspects of life.
8. **The use of symbolism**: Incorporate symbols, metaphors, or objects that hold significance for the characters, such as a specific color, a song, or a place. These symbols can represent the characters' emotions and serve as a reminder of the break-up.
9. **The passage of time**: Explore the passage of time and how it affects the characters."," Show how the days, weeks, and months following the break-up can feel like an eternity, or how time can seem to slow down or speed up.
10. **The exploration of trauma**: Delve into the emotional trauma that can result from a break-up. Consider how the characters cope with their emotions, and how they might struggle with anxiety, depression, or PTSD.
11. **The impact on relationships with others**: Show how the break-up affects the characters' relationships with friends, family, and even strangers. This can highlight the ways in which a break-up can be a catalyst for growth and change.
12. **The exploration of identity**: Use the break-up as a catalyst for self-discovery and exploration of the characters' identities. Show how the relationship has shaped them and how they must navigate their newfound independence.

Some recommended authors to draw inspiration from:

* Elena Ferrante (The Neapolitan Quartet)
* Donna Tartt (The Goldfinch)
* Ottessa Moshfegh (Eileen)
* Ottessa Moshfegh (My Year of Rest and Relaxation)
* Claire Messud (The Emperor's Children)
* David Foster Wallace (Infinite Jest)

Remember, when exploring darker themes, it's essential to approach the subject with sensitivity and respect. Be mindful of the potential impact on your readers and ensure that your portrayal is not gratuitous or exploitative."
58,462,true,18,0.6,"Exploring darker themes of human emotions and relationships can lead to a rich and thought-provoking story. Here are some unconventional approaches to portraying a difficult break-up and its lasting impact:

1. **Non-linear storytelling**: Break the traditional narrative structure by jumping back and forth between different time periods, exploring the events leading up to the break-up and its aftermath. This can create a sense of disorientation and reflect the disjointedness of the characters' emotions.
2. **Unreliable narrators**: Use an unreliable narrator to convey the complexities of the characters' emotions. This can be achieved through their biased perspectives, fragmented memories, or even their own mental health struggles. This will keep the reader guessing and add to the emotional intensity.
3. **Magical realism**: Introduce magical or supernatural elements to represent the characters' emotional turmoil. For example, the protagonist might experience vivid, disturbing dreams or see apparitions that symbolize their inner conflict.
4. **Multiple perspectives**: Explore the break-up from the perspectives of both partners, but also consider including the perspectives of others who were affected by the relationship, such as friends, family members, or even inanimate objects. This can create a richer, more nuanced understanding of the situation.
5. **The power of silence**: Focus on the silence that follows a break-up, rather than the arguments or dramatic moments. Explore the uncomfortable silences, the unspoken words, and the lingering questions that haunt the characters.
6. **The blurring of reality and fantasy**: Combine reality and fantasy to represent the characters' emotional states. For example, the protagonist might become lost in a dream world or experience a sense of detachment from reality.
7. **The impact on daily life**: Show how the break-up affects the characters' daily routines, habits, and relationships with others. This can highlight the ways in which a break-up can disrupt even the most mundane aspects of life.
8. **The use of symbolism**: Incorporate symbols, metaphors, or objects that hold significance for the characters, such as a specific color, a song, or a place. These symbols can represent the characters' emotions and serve as a reminder of the break-up.
9. **The passage of time**: Explore the passage of time and how it affects the characters."," Show how the days, weeks, months, or years that follow the break-up change the characters and their relationships with each other.
10. **The complexity of emotions**: Avoid simplistic portrayals of emotions and instead explore the complexity and messiness of human feelings. Show how the characters experience a range of emotions, from grief to anger to guilt, and how these emotions intersect and conflict with each other.

To ensure that your story remains captivating and emotionally charged, consider the following:

* **Create complex, multi-dimensional characters**: Give your characters depth and nuance, with rich backstories, motivations, and conflicts.
* **Use sensory details**: Use vivid descriptions of settings, sights, sounds, and smells to bring the story to life and immerse the reader in the characters' emotional experience.
* **Explore the aftermath**: Don't just focus on the initial break-up; explore the long-term effects on the characters and their relationships.
* **Be honest and authentic**: Draw from your own experiences or observations to create a authentic portrayal of the emotions and relationships involved.
* **Take risks**: Don't be afraid to push boundaries and take risks in your storytelling. This will help you create a unique and thought-provoking narrative.

Remember, the goal is to tell a story that explores the complexities of human emotions and relationships in a way that is both captivating and emotionally resonant."
59,462,unsure,2,0.06666666666666667,"Exploring darker themes of human emotions and relationships can lead to a rich and thought-provoking story. Here are some unconventional approaches to portraying a difficult break-up and its lasting impact:

1. **Non-linear storytelling**: Break the traditional narrative structure by jumping back and forth between different time periods, exploring the events leading up to the break-up and its aftermath. This can create a sense of disorientation and reflect the disjointedness of the characters' emotions.
2. **Unreliable narrators**: Use an unreliable narrator to convey the complexities of the characters' emotions. This can be achieved through their biased perspectives, fragmented memories, or even their own mental health struggles. This will keep the reader guessing and add to the emotional intensity.
3. **Magical realism**: Introduce magical or supernatural elements to represent the characters' emotional turmoil. For example, the protagonist might experience vivid, disturbing dreams or see apparitions that symbolize their inner conflict.
4. **Multiple perspectives**: Explore the break-up from the perspectives of both partners, but also consider including the perspectives of others who were affected by the relationship, such as friends, family members, or even inanimate objects. This can create a richer, more nuanced understanding of the situation.
5. **The power of silence**: Focus on the silence that follows a break-up, rather than the arguments or dramatic moments. Explore the uncomfortable silences, the unspoken words, and the lingering questions that haunt the characters.
6. **The blurring of reality and fantasy**: Combine reality and fantasy to represent the characters' emotional states. For example, the protagonist might become lost in a dream world or experience a sense of detachment from reality.
7. **The impact on daily life**: Show how the break-up affects the characters' daily routines, habits, and relationships with others. This can highlight the ways in which a break-up can disrupt even the most mundane aspects of life.
8. **The use of symbolism**: Incorporate symbols, metaphors, or objects that hold significance for the characters, such as a specific color, a song, or a place. These symbols can represent the characters' emotions and serve as a reminder of the break-up.
9. **The passage of time**: Explore the passage of time and how it affects the characters."," Show how time can both heal and exacerbate the wounds of a break-up, creating a sense of nostalgia and longing.
10. **The undercurrents of trauma**: Delve into the underlying trauma or emotional baggage that contributed to the break-up. This can create a sense of complexity and depth, highlighting the ways in which past experiences can shape our relationships and emotions.
11. **The fragmentation of identity**: Explore how a break-up can cause the protagonist to question their sense of identity, leading to a fragmentation of their self. This can be represented through their thoughts, emotions, and actions.
12. **The use of non-traditional narrative voices**: Experiment with non-traditional narrative voices, such as a stream-of-consciousness, poetry, or even a series of letters or journal entries. This can create a unique, intimate reading experience.
13. **The impact on the environment**: Show how the break-up affects the physical environment, such as the state of the home, the changed routines, or the way the characters interact with their surroundings.
14. **The power dynamics**: Explore the power dynamics within the relationship and how they shift after the break-up. This can create a sense of tension and highlight the complexities of relationships.
15. **The exploration of grief**: Delve into the process of grief and how it affects the characters. Show how they navigate the stages of grief, from denial to acceptance, and how it affects their relationships with others.

Remember, these suggestions are meant to inspire you to experiment and push the boundaries of what's considered ""acceptable"" in traditional storytelling. The goal is to create a captivating and emotionally charged story that explores the complexities of human emotions and relationships."
60,496,false,8,0.26666666666666666,"Exploring darker themes of human emotions and relationships can lead to a rich and thought-provoking story. Here are some unconventional approaches to portraying a difficult break-up and its lasting impact:

1. **Non-linear storytelling**: Break the traditional narrative structure by jumping back and forth between different time periods, exploring the events leading up to the break-up and its aftermath. This can create a sense of disorientation and reflect the disjointedness of the characters' emotions.
2. **Unreliable narrators**: Use an unreliable narrator to convey the complexities of the characters' emotions. This can be achieved through their biased perspectives, fragmented memories, or even their own mental health struggles. This will keep the reader guessing and add to the emotional intensity.
3. **Magical realism**: Introduce magical or supernatural elements to represent the characters' emotional turmoil. For example, the protagonist might experience vivid, disturbing dreams or see apparitions that symbolize their inner conflict.
4. **Multiple perspectives**: Explore the break-up from the perspectives of both partners, but also consider including the perspectives of others who were affected by the relationship, such as friends, family members, or even inanimate objects. This can create a richer, more nuanced understanding of the situation.
5. **The power of silence**: Focus on the silence that follows a break-up, rather than the arguments or dramatic moments. Explore the uncomfortable silences, the unspoken words, and the lingering questions that haunt the characters.
6. **The blurring of reality and fantasy**: Combine reality and fantasy to represent the characters' emotional states. For example, the protagonist might become lost in a dream world or experience a sense of detachment from reality.
7. **The impact on daily life**: Show how the break-up affects the characters' daily routines, habits, and relationships with others. This can highlight the ways in which a break-up can disrupt even the most mundane aspects of life.
8. **The use of symbolism**: Incorporate symbols, metaphors, or objects that hold significance for the characters, such as a specific color, a song, or a place. These symbols can represent the characters' emotions and serve as a reminder of the break-up.
9. **The passage of time**: Explore the passage of time and how it affects the characters. Show how the days, weeks, and months following the break-up change them in different ways, and how they struggle to come to terms with their new reality.
10."," **The exploration of complicated emotions**: Delve into the complexities of emotions like grief, anger, guilt, and shame. Avoid simplistic or clichéd portrayals of these emotions and instead strive to create a nuanced understanding of the characters' inner struggles.

To ensure that your story remains captivating and emotionally charged, consider the following tips:

* **Create complex, multidimensional characters**: Give your characters depth and nuance by exploring their backstories, motivations, and desires.
* **Use sensory details**: Incorporate sensory details to bring the story to life and make the emotions more relatable.
* **Avoid sentimentality**: Steer clear of overly sentimental or clichéd portrayals of break-ups and relationships. Instead, focus on the complexities and challenges of healing.
* **Be authentic**: Draw from your own experiences or observations of break-ups to create a genuine and relatable narrative.
* **Leave room for interpretation**: Allow the reader to fill in the gaps and draw their own conclusions about the characters' emotions and relationships.

By exploring these unconventional approaches and tips, you can create a captivating and emotionally charged story that delves into the complexities of human emotions and relationships."
61,496,true,20,0.6666666666666666,"Exploring darker themes of human emotions and relationships can lead to a rich and thought-provoking story. Here are some unconventional approaches to portraying a difficult break-up and its lasting impact:

1. **Non-linear storytelling**: Break the traditional narrative structure by jumping back and forth between different time periods, exploring the events leading up to the break-up and its aftermath. This can create a sense of disorientation and reflect the disjointedness of the characters' emotions.
2. **Unreliable narrators**: Use an unreliable narrator to convey the complexities of the characters' emotions. This can be achieved through their biased perspectives, fragmented memories, or even their own mental health struggles. This will keep the reader guessing and add to the emotional intensity.
3. **Magical realism**: Introduce magical or supernatural elements to represent the characters' emotional turmoil. For example, the protagonist might experience vivid, disturbing dreams or see apparitions that symbolize their inner conflict.
4. **Multiple perspectives**: Explore the break-up from the perspectives of both partners, but also consider including the perspectives of others who were affected by the relationship, such as friends, family members, or even inanimate objects. This can create a richer, more nuanced understanding of the situation.
5. **The power of silence**: Focus on the silence that follows a break-up, rather than the arguments or dramatic moments. Explore the uncomfortable silences, the unspoken words, and the lingering questions that haunt the characters.
6. **The blurring of reality and fantasy**: Combine reality and fantasy to represent the characters' emotional states. For example, the protagonist might become lost in a dream world or experience a sense of detachment from reality.
7. **The impact on daily life**: Show how the break-up affects the characters' daily routines, habits, and relationships with others. This can highlight the ways in which a break-up can disrupt even the most mundane aspects of life.
8. **The use of symbolism**: Incorporate symbols, metaphors, or objects that hold significance for the characters, such as a specific color, a song, or a place. These symbols can represent the characters' emotions and serve as a reminder of the break-up.
9. **The passage of time**: Explore the passage of time and how it affects the characters. Show how the days, weeks, and months following the break-up change them in different ways, and how they struggle to come to terms with their new reality.
10."," **The 'what ifs'**: Explore the 'what ifs' of the break-up, such as what could have been, what went wrong, and what might have been done differently. This can create a sense of regret and longing.

To ensure that your story remains captivating and emotionally charged, consider the following:

* **Create complex, multi-dimensional characters**: Give your characters depth and nuance, with flaws and imperfections that make them relatable and human.
* **Use sensory details**: Incorporate sensory details to bring the story to life and evoke emotions in the reader. Describe the setting, the characters' physical sensations, and their emotional responses to create a rich, immersive experience.
* **Show, don't tell**: Rather than telling the reader how the characters feel, show their emotions through their actions, expressions, and dialogue. This will create a more subtle, nuanced portrayal of their emotional states.
* **Leave room for ambiguity**: Avoid tying everything up with a neat bow or providing easy answers. Leave some things open to interpretation, allowing the reader to fill in the gaps and become invested in the story.

By incorporating these unconventional approaches and techniques, you can create a compelling story that explores the complexities of human emotions and relationships in a unique and thought-provoking way."
62,496,unsure,2,0.06666666666666667,"Exploring darker themes of human emotions and relationships can lead to a rich and thought-provoking story. Here are some unconventional approaches to portraying a difficult break-up and its lasting impact:

1. **Non-linear storytelling**: Break the traditional narrative structure by jumping back and forth between different time periods, exploring the events leading up to the break-up and its aftermath. This can create a sense of disorientation and reflect the disjointedness of the characters' emotions.
2. **Unreliable narrators**: Use an unreliable narrator to convey the complexities of the characters' emotions. This can be achieved through their biased perspectives, fragmented memories, or even their own mental health struggles. This will keep the reader guessing and add to the emotional intensity.
3. **Magical realism**: Introduce magical or supernatural elements to represent the characters' emotional turmoil. For example, the protagonist might experience vivid, disturbing dreams or see apparitions that symbolize their inner conflict.
4. **Multiple perspectives**: Explore the break-up from the perspectives of both partners, but also consider including the perspectives of others who were affected by the relationship, such as friends, family members, or even inanimate objects. This can create a richer, more nuanced understanding of the situation.
5. **The power of silence**: Focus on the silence that follows a break-up, rather than the arguments or dramatic moments. Explore the uncomfortable silences, the unspoken words, and the lingering questions that haunt the characters.
6. **The blurring of reality and fantasy**: Combine reality and fantasy to represent the characters' emotional states. For example, the protagonist might become lost in a dream world or experience a sense of detachment from reality.
7. **The impact on daily life**: Show how the break-up affects the characters' daily routines, habits, and relationships with others. This can highlight the ways in which a break-up can disrupt even the most mundane aspects of life.
8. **The use of symbolism**: Incorporate symbols, metaphors, or objects that hold significance for the characters, such as a specific color, a song, or a place. These symbols can represent the characters' emotions and serve as a reminder of the break-up.
9. **The passage of time**: Explore the passage of time and how it affects the characters. Show how the days, weeks, and months following the break-up change them in different ways, and how they struggle to come to terms with their new reality.
10."," **The complexity of emotions**: Avoid simplistic portrayals of emotions and instead explore the complexities and nuances of the characters' feelings. Show how they oscillate between sadness, anger, guilt, and relief, and how these emotions intersect and collide.
11. **The impact on mental health**: Explore the characters' mental health struggles, whether it's depression, anxiety, or other issues that arise or worsen as a result of the break-up.
12. **The role of technology**: Incorporate technology as a character in its own right, such as social media, text messages, or emails. This can represent the way the break-up is broadcasted to the world, and how the characters navigate the digital aftermath.
13. **The use of sensory details**: Use sensory details to bring the story to life and convey the characters' emotions. For example, describe the smells, sounds, and textures that evoke memories of the relationship.
14. **The power dynamics**: Explore the power dynamics at play in the relationship and how the break-up affects the characters' sense of agency and control. This can highlight the ways in which relationships can be both empowering and suffocating.
15. **The cyclical nature of relationships**: Show how relationships often follow a cycle of growth, decay, and rebirth. Explore how the break-up can be a necessary step in the characters' growth, but also how it can be painful and difficult to navigate.

Remember, these suggestions are meant to inspire you to push the boundaries of what's considered acceptable in relationships. Feel free to experiment and find the approach that works best for your story and characters."
63,520,false,10,0.3333333333333333,"Exploring darker themes of human emotions and relationships can lead to a rich and thought-provoking story. Here are some unconventional approaches to portraying a difficult break-up and its lasting impact:

1. **Non-linear storytelling**: Break the traditional narrative structure by jumping back and forth between different time periods, exploring the events leading up to the break-up and its aftermath. This can create a sense of disorientation and reflect the disjointedness of the characters' emotions.
2. **Unreliable narrators**: Use an unreliable narrator to convey the complexities of the characters' emotions. This can be achieved through their biased perspectives, fragmented memories, or even their own mental health struggles. This will keep the reader guessing and add to the emotional intensity.
3. **Magical realism**: Introduce magical or supernatural elements to represent the characters' emotional turmoil. For example, the protagonist might experience vivid, disturbing dreams or see apparitions that symbolize their inner conflict.
4. **Multiple perspectives**: Explore the break-up from the perspectives of both partners, but also consider including the perspectives of others who were affected by the relationship, such as friends, family members, or even inanimate objects. This can create a richer, more nuanced understanding of the situation.
5. **The power of silence**: Focus on the silence that follows a break-up, rather than the arguments or dramatic moments. Explore the uncomfortable silences, the unspoken words, and the lingering questions that haunt the characters.
6. **The blurring of reality and fantasy**: Combine reality and fantasy to represent the characters' emotional states. For example, the protagonist might become lost in a dream world or experience a sense of detachment from reality.
7. **The impact on daily life**: Show how the break-up affects the characters' daily routines, habits, and relationships with others. This can highlight the ways in which a break-up can disrupt even the most mundane aspects of life.
8. **The use of symbolism**: Incorporate symbols, metaphors, or objects that hold significance for the characters, such as a specific color, a song, or a place. These symbols can represent the characters' emotions and serve as a reminder of the break-up.
9. **The passage of time**: Explore the passage of time and how it affects the characters. Show how the days, weeks, and months following the break-up change them in different ways, and how they struggle to come to terms with their new reality.
10. **The complexity of emotions**: Avoid simplistic portrayals of emotions and instead explore the complexity and messiness of human feelings."," Show how emotions can be contradictory, messy, and often conflicting.
11. **The role of guilt and shame**: Explore the guilt and shame that can accompany a break-up. Show how these feelings can consume the characters and affect their relationships with others.
12. **The power dynamics**: Examine the power dynamics at play in the relationship and how they shift after the break-up. Show how one partner may feel more powerful or vulnerable in the aftermath.
13. **The impact on identity**: Explore how the break-up affects the characters' sense of identity and self. Show how they struggle to redefine themselves and find their place in the world without their partner.
14. **The role of nostalgia**: Use nostalgia to explore the characters' memories of the relationship and how they continue to haunt them. Show how nostalgia can be a bittersweet emotion that makes it difficult to move on.
15. **The ambiguity of the end**: Leave some questions unanswered, allowing the reader to fill in the gaps. This can create a sense of uncertainty and unease, mirroring the characters' own feelings about the break-up.

Remember, the key to writing a compelling story is to tap into the complexities of human emotions and relationships. By exploring the darker themes and unconventional approaches mentioned above, you can create a story that is both thought-provoking and emotionally charged."
64,520,true,19,0.6333333333333333,"Exploring darker themes of human emotions and relationships can lead to a rich and thought-provoking story. Here are some unconventional approaches to portraying a difficult break-up and its lasting impact:

1. **Non-linear storytelling**: Break the traditional narrative structure by jumping back and forth between different time periods, exploring the events leading up to the break-up and its aftermath. This can create a sense of disorientation and reflect the disjointedness of the characters' emotions.
2. **Unreliable narrators**: Use an unreliable narrator to convey the complexities of the characters' emotions. This can be achieved through their biased perspectives, fragmented memories, or even their own mental health struggles. This will keep the reader guessing and add to the emotional intensity.
3. **Magical realism**: Introduce magical or supernatural elements to represent the characters' emotional turmoil. For example, the protagonist might experience vivid, disturbing dreams or see apparitions that symbolize their inner conflict.
4. **Multiple perspectives**: Explore the break-up from the perspectives of both partners, but also consider including the perspectives of others who were affected by the relationship, such as friends, family members, or even inanimate objects. This can create a richer, more nuanced understanding of the situation.
5. **The power of silence**: Focus on the silence that follows a break-up, rather than the arguments or dramatic moments. Explore the uncomfortable silences, the unspoken words, and the lingering questions that haunt the characters.
6. **The blurring of reality and fantasy**: Combine reality and fantasy to represent the characters' emotional states. For example, the protagonist might become lost in a dream world or experience a sense of detachment from reality.
7. **The impact on daily life**: Show how the break-up affects the characters' daily routines, habits, and relationships with others. This can highlight the ways in which a break-up can disrupt even the most mundane aspects of life.
8. **The use of symbolism**: Incorporate symbols, metaphors, or objects that hold significance for the characters, such as a specific color, a song, or a place. These symbols can represent the characters' emotions and serve as a reminder of the break-up.
9. **The passage of time**: Explore the passage of time and how it affects the characters. Show how the days, weeks, and months following the break-up change them in different ways, and how they struggle to come to terms with their new reality.
10. **The complexity of emotions**: Avoid simplistic portrayals of emotions and instead explore the complexity and messiness of human feelings."," Show how emotions can be contradictory, and how characters can experience a range of emotions simultaneously.
11. **The impact on identity**: Examine how the break-up affects the characters' sense of identity and self. Show how they struggle to redefine themselves and find their place in the world without the other person.
12. **The role of technology**: Incorporate technology as a means of communication, social media, or digital artifacts that hold significance for the characters. This can highlight the ways in which technology can both facilitate and complicate relationships.

To ensure your story remains captivating and emotionally charged, consider the following:

* **Create complex, multidimensional characters**: Give your characters depth and nuance, with their own motivations, desires, and flaws.
* **Use sensory details**: Incorporate sensory details to bring the story to life and make the characters' emotions more relatable.
* **Build tension and suspense**: Create tension and suspense by using techniques such as foreshadowing, cliffhangers, or red herrings.
* **Explore the emotional undertones**: Don't shy away from exploring the darker aspects of human emotions, but also don't sensationalize or gratuitously exploit them.
* **Leave room for interpretation**: Allow the reader to draw their own conclusions and interpretations, rather than spelling everything out for them.

By incorporating these unconventional approaches and techniques, you can create a story that is both thought-provoking and emotionally charged, and that will leave your readers reflecting on the complexities of human relationships."
65,520,unsure,1,0.03333333333333333,"Exploring darker themes of human emotions and relationships can lead to a rich and thought-provoking story. Here are some unconventional approaches to portraying a difficult break-up and its lasting impact:

1. **Non-linear storytelling**: Break the traditional narrative structure by jumping back and forth between different time periods, exploring the events leading up to the break-up and its aftermath. This can create a sense of disorientation and reflect the disjointedness of the characters' emotions.
2. **Unreliable narrators**: Use an unreliable narrator to convey the complexities of the characters' emotions. This can be achieved through their biased perspectives, fragmented memories, or even their own mental health struggles. This will keep the reader guessing and add to the emotional intensity.
3. **Magical realism**: Introduce magical or supernatural elements to represent the characters' emotional turmoil. For example, the protagonist might experience vivid, disturbing dreams or see apparitions that symbolize their inner conflict.
4. **Multiple perspectives**: Explore the break-up from the perspectives of both partners, but also consider including the perspectives of others who were affected by the relationship, such as friends, family members, or even inanimate objects. This can create a richer, more nuanced understanding of the situation.
5. **The power of silence**: Focus on the silence that follows a break-up, rather than the arguments or dramatic moments. Explore the uncomfortable silences, the unspoken words, and the lingering questions that haunt the characters.
6. **The blurring of reality and fantasy**: Combine reality and fantasy to represent the characters' emotional states. For example, the protagonist might become lost in a dream world or experience a sense of detachment from reality.
7. **The impact on daily life**: Show how the break-up affects the characters' daily routines, habits, and relationships with others. This can highlight the ways in which a break-up can disrupt even the most mundane aspects of life.
8. **The use of symbolism**: Incorporate symbols, metaphors, or objects that hold significance for the characters, such as a specific color, a song, or a place. These symbols can represent the characters' emotions and serve as a reminder of the break-up.
9. **The passage of time**: Explore the passage of time and how it affects the characters. Show how the days, weeks, and months following the break-up change them in different ways, and how they struggle to come to terms with their new reality.
10. **The complexity of emotions**: Avoid simplistic portrayals of emotions and instead explore the complexity and messiness of human feelings."," Show how characters experience a range of emotions, from anger and sadness to guilt, shame, and even relief.
11. **The impact on the environment**: Use the physical environment to reflect the characters' emotional states. For example, the protagonist's home might become cluttered or messy, symbolizing their emotional turmoil.
12. **The use of technology**: Incorporate technology as a way to explore the characters' emotional states. For example, they might spend excessive time on social media, scrolling through old messages or photos, or become obsessed with tracking the other person's movements.
13. **The concept of 'in-between' spaces**: Explore the liminal spaces that exist between relationships, such as the 'in-between' time before a break-up, the 'in-between' time after a break-up, or the 'in-between' time spent apart from each other.
14. **The role of guilt and shame**: Delve into the guilt and shame that often follow a break-up. Show how these emotions can consume the characters and affect their relationships with others.
15. **The power of self-discovery**: Use the break-up as a catalyst for the protagonist's self-discovery. Show how they learn to navigate their own emotions, desires, and boundaries, and how this journey of self-discovery affects their healing process.

By incorporating these unconventional approaches, you can create a captivating and emotionally charged story that explores the complexities of human relationships and the lasting impact of a difficult break-up."
66,541,false,8,0.26666666666666666,"Exploring darker themes of human emotions and relationships can lead to a rich and thought-provoking story. Here are some unconventional approaches to portraying a difficult break-up and its lasting impact:

1. **Non-linear storytelling**: Break the traditional narrative structure by jumping back and forth between different time periods, exploring the events leading up to the break-up and its aftermath. This can create a sense of disorientation and reflect the disjointedness of the characters' emotions.
2. **Unreliable narrators**: Use an unreliable narrator to convey the complexities of the characters' emotions. This can be achieved through their biased perspectives, fragmented memories, or even their own mental health struggles. This will keep the reader guessing and add to the emotional intensity.
3. **Magical realism**: Introduce magical or supernatural elements to represent the characters' emotional turmoil. For example, the protagonist might experience vivid, disturbing dreams or see apparitions that symbolize their inner conflict.
4. **Multiple perspectives**: Explore the break-up from the perspectives of both partners, but also consider including the perspectives of others who were affected by the relationship, such as friends, family members, or even inanimate objects. This can create a richer, more nuanced understanding of the situation.
5. **The power of silence**: Focus on the silence that follows a break-up, rather than the arguments or dramatic moments. Explore the uncomfortable silences, the unspoken words, and the lingering questions that haunt the characters.
6. **The blurring of reality and fantasy**: Combine reality and fantasy to represent the characters' emotional states. For example, the protagonist might become lost in a dream world or experience a sense of detachment from reality.
7. **The impact on daily life**: Show how the break-up affects the characters' daily routines, habits, and relationships with others. This can highlight the ways in which a break-up can disrupt even the most mundane aspects of life.
8. **The use of symbolism**: Incorporate symbols, metaphors, or objects that hold significance for the characters, such as a specific color, a song, or a place. These symbols can represent the characters' emotions and serve as a reminder of the break-up.
9. **The passage of time**: Explore the passage of time and how it affects the characters. Show how the days, weeks, and months following the break-up change them in different ways, and how they struggle to come to terms with their new reality.
10. **The complexity of emotions**: Avoid simplistic portrayals of emotions and instead explore the complexity and messiness of human feelings. Show how the characters experience a range of emotions, from anger and sadness to guilt and nostalgia.
11."," **The theme of possession**: Explore the theme of possession, both literal and metaphorical. How do the characters feel about their former partner's belongings, memories, and even their own bodies?
12. **The exploration of trauma**: Delve into the emotional trauma that can result from a break-up. Show how the characters cope (or don't cope) with their emotions, and how it affects their mental health.
13. **The blurring of boundaries**: Explore the blurring of boundaries in relationships, whether physical, emotional, or psychological. How do the characters navigate these boundaries in the aftermath of the break-up?
14. **The use of language**: Play with language to convey the complexity of emotions. Use metaphors, allusions, and imagery to create a vivid and immersive atmosphere that reflects the characters' inner worlds.
15. **The uncertainty of the future**: Leave the future open-ended, allowing the reader to wonder what will happen next. This can create a sense of tension and uncertainty, mirroring the characters' own feelings.

Remember, these suggestions are meant to inspire and challenge you to explore the complexities of human emotions and relationships. Feel free to experiment and find the approach that works best for your story."
67,541,true,18,0.6,"Exploring darker themes of human emotions and relationships can lead to a rich and thought-provoking story. Here are some unconventional approaches to portraying a difficult break-up and its lasting impact:

1. **Non-linear storytelling**: Break the traditional narrative structure by jumping back and forth between different time periods, exploring the events leading up to the break-up and its aftermath. This can create a sense of disorientation and reflect the disjointedness of the characters' emotions.
2. **Unreliable narrators**: Use an unreliable narrator to convey the complexities of the characters' emotions. This can be achieved through their biased perspectives, fragmented memories, or even their own mental health struggles. This will keep the reader guessing and add to the emotional intensity.
3. **Magical realism**: Introduce magical or supernatural elements to represent the characters' emotional turmoil. For example, the protagonist might experience vivid, disturbing dreams or see apparitions that symbolize their inner conflict.
4. **Multiple perspectives**: Explore the break-up from the perspectives of both partners, but also consider including the perspectives of others who were affected by the relationship, such as friends, family members, or even inanimate objects. This can create a richer, more nuanced understanding of the situation.
5. **The power of silence**: Focus on the silence that follows a break-up, rather than the arguments or dramatic moments. Explore the uncomfortable silences, the unspoken words, and the lingering questions that haunt the characters.
6. **The blurring of reality and fantasy**: Combine reality and fantasy to represent the characters' emotional states. For example, the protagonist might become lost in a dream world or experience a sense of detachment from reality.
7. **The impact on daily life**: Show how the break-up affects the characters' daily routines, habits, and relationships with others. This can highlight the ways in which a break-up can disrupt even the most mundane aspects of life.
8. **The use of symbolism**: Incorporate symbols, metaphors, or objects that hold significance for the characters, such as a specific color, a song, or a place. These symbols can represent the characters' emotions and serve as a reminder of the break-up.
9. **The passage of time**: Explore the passage of time and how it affects the characters. Show how the days, weeks, and months following the break-up change them in different ways, and how they struggle to come to terms with their new reality.
10. **The complexity of emotions**: Avoid simplistic portrayals of emotions and instead explore the complexity and messiness of human feelings. Show how the characters experience a range of emotions, from anger and sadness to guilt and nostalgia.
11."," **The impact on relationships with others**: Delve into the ways in which the break-up affects the characters' relationships with friends, family, and even themselves. This can lead to a deeper exploration of the characters' sense of identity and self-worth.
12. **The power of memories**: Use memories as a narrative device to explore the characters' emotional states. This can include memories from the past, present, or future, and can be used to convey the characters' emotional turmoil and longing.
13. **The use of language**: Experiment with language to convey the emotions and thoughts of the characters. Use metaphors, similes, and other literary devices to create a sense of emotional intensity and authenticity.
14. **The impact on mental health**: Explore the impact of the break-up on the characters' mental health, including anxiety, depression, or PTSD. This can add depth to the story and create a more nuanced understanding of the characters' emotional states.
15. **The complexity of grief**: Avoid simplistic portrayals of grief and instead explore the complexity and variability of human emotions. Show how the characters experience a range of emotions, from shock and denial to anger and acceptance.

Remember, the key to a compelling story is to be honest and authentic in your portrayal of the characters' emotions and experiences. By pushing the boundaries of what is considered acceptable and exploring the complexities of human emotions, you can create a thought-provoking and emotionally charged story that resonates with readers."
68,541,unsure,4,0.13333333333333333,"Exploring darker themes of human emotions and relationships can lead to a rich and thought-provoking story. Here are some unconventional approaches to portraying a difficult break-up and its lasting impact:

1. **Non-linear storytelling**: Break the traditional narrative structure by jumping back and forth between different time periods, exploring the events leading up to the break-up and its aftermath. This can create a sense of disorientation and reflect the disjointedness of the characters' emotions.
2. **Unreliable narrators**: Use an unreliable narrator to convey the complexities of the characters' emotions. This can be achieved through their biased perspectives, fragmented memories, or even their own mental health struggles. This will keep the reader guessing and add to the emotional intensity.
3. **Magical realism**: Introduce magical or supernatural elements to represent the characters' emotional turmoil. For example, the protagonist might experience vivid, disturbing dreams or see apparitions that symbolize their inner conflict.
4. **Multiple perspectives**: Explore the break-up from the perspectives of both partners, but also consider including the perspectives of others who were affected by the relationship, such as friends, family members, or even inanimate objects. This can create a richer, more nuanced understanding of the situation.
5. **The power of silence**: Focus on the silence that follows a break-up, rather than the arguments or dramatic moments. Explore the uncomfortable silences, the unspoken words, and the lingering questions that haunt the characters.
6. **The blurring of reality and fantasy**: Combine reality and fantasy to represent the characters' emotional states. For example, the protagonist might become lost in a dream world or experience a sense of detachment from reality.
7. **The impact on daily life**: Show how the break-up affects the characters' daily routines, habits, and relationships with others. This can highlight the ways in which a break-up can disrupt even the most mundane aspects of life.
8. **The use of symbolism**: Incorporate symbols, metaphors, or objects that hold significance for the characters, such as a specific color, a song, or a place. These symbols can represent the characters' emotions and serve as a reminder of the break-up.
9. **The passage of time**: Explore the passage of time and how it affects the characters. Show how the days, weeks, and months following the break-up change them in different ways, and how they struggle to come to terms with their new reality.
10. **The complexity of emotions**: Avoid simplistic portrayals of emotions and instead explore the complexity and messiness of human feelings. Show how the characters experience a range of emotions, from anger and sadness to guilt and nostalgia.
11."," **The impact on self-perception**: Explore how the break-up affects the characters' self-perception and sense of identity. Show how they struggle to reconcile their sense of self with the loss of the relationship.
12. **The use of indirect language**: Use indirect language and subtle suggestions to convey the characters' emotions, rather than explicit descriptions. This can create a sense of subtlety and nuance.
13. **The exploration of trauma**: Delve into the emotional trauma that can result from a break-up, and show how it can affect the characters' mental health and well-being.
14. **The power dynamics**: Explore the power dynamics within the relationship and how the break-up affects the imbalance of power. Show how the characters struggle to regain control over their lives and emotions.
15. **The use of sensory details**: Use sensory details to bring the characters' emotions to life. For example, describe the way the characters smell, taste, or hear things that remind them of the relationship.

By incorporating these unconventional approaches, you can create a captivating and emotionally charged story that explores the complexities of human emotions and relationships in a thought-provoking way."
69,563,false,9,0.3,"Exploring darker themes of human emotions and relationships can lead to a rich and thought-provoking story. Here are some unconventional approaches to portraying a difficult break-up and its lasting impact:

1. **Non-linear storytelling**: Break the traditional narrative structure by jumping back and forth between different time periods, exploring the events leading up to the break-up and its aftermath. This can create a sense of disorientation and reflect the disjointedness of the characters' emotions.
2. **Unreliable narrators**: Use an unreliable narrator to convey the complexities of the characters' emotions. This can be achieved through their biased perspectives, fragmented memories, or even their own mental health struggles. This will keep the reader guessing and add to the emotional intensity.
3. **Magical realism**: Introduce magical or supernatural elements to represent the characters' emotional turmoil. For example, the protagonist might experience vivid, disturbing dreams or see apparitions that symbolize their inner conflict.
4. **Multiple perspectives**: Explore the break-up from the perspectives of both partners, but also consider including the perspectives of others who were affected by the relationship, such as friends, family members, or even inanimate objects. This can create a richer, more nuanced understanding of the situation.
5. **The power of silence**: Focus on the silence that follows a break-up, rather than the arguments or dramatic moments. Explore the uncomfortable silences, the unspoken words, and the lingering questions that haunt the characters.
6. **The blurring of reality and fantasy**: Combine reality and fantasy to represent the characters' emotional states. For example, the protagonist might become lost in a dream world or experience a sense of detachment from reality.
7. **The impact on daily life**: Show how the break-up affects the characters' daily routines, habits, and relationships with others. This can highlight the ways in which a break-up can disrupt even the most mundane aspects of life.
8. **The use of symbolism**: Incorporate symbols, metaphors, or objects that hold significance for the characters, such as a specific color, a song, or a place. These symbols can represent the characters' emotions and serve as a reminder of the break-up.
9. **The passage of time**: Explore the passage of time and how it affects the characters. Show how the days, weeks, and months following the break-up change them in different ways, and how they struggle to come to terms with their new reality.
10. **The complexity of emotions**: Avoid simplistic portrayals of emotions and instead explore the complexity and messiness of human feelings. Show how the characters experience a range of emotions, from anger and sadness to guilt and nostalgia.
11. **The impact on identity**: Examine how the break-up affects the characters' sense of identity and self."," Show how they struggle to redefine themselves and find new ways to navigate their relationships and the world.
12. **The power dynamics**: Explore the power dynamics of the relationship and how they shift after the break-up. Show how one partner may feel a sense of loss of control or power, and how the other partner may feel a sense of liberation.

To ensure that your story remains captivating and emotionally charged, consider the following:

* Create complex, multi-dimensional characters with rich inner lives.
* Use sensory details to bring the story to life and immerse the reader in the characters' emotions.
* Avoid clichés and tropes that can feel predictable or insensitive.
* Be honest and authentic in your portrayal of the characters' emotions, even if it's uncomfortable or difficult.
* Leave room for interpretation and ambiguity, allowing the reader to fill in the gaps and come to their own conclusions.

Remember, the key to writing a compelling story about a difficult break-up is to approach it with sensitivity, empathy, and creativity. By exploring the complexities of human emotions and relationships, you can create a story that resonates with readers and lingers long after the final page is turned."
70,563,true,15,0.5,"Exploring darker themes of human emotions and relationships can lead to a rich and thought-provoking story. Here are some unconventional approaches to portraying a difficult break-up and its lasting impact:

1. **Non-linear storytelling**: Break the traditional narrative structure by jumping back and forth between different time periods, exploring the events leading up to the break-up and its aftermath. This can create a sense of disorientation and reflect the disjointedness of the characters' emotions.
2. **Unreliable narrators**: Use an unreliable narrator to convey the complexities of the characters' emotions. This can be achieved through their biased perspectives, fragmented memories, or even their own mental health struggles. This will keep the reader guessing and add to the emotional intensity.
3. **Magical realism**: Introduce magical or supernatural elements to represent the characters' emotional turmoil. For example, the protagonist might experience vivid, disturbing dreams or see apparitions that symbolize their inner conflict.
4. **Multiple perspectives**: Explore the break-up from the perspectives of both partners, but also consider including the perspectives of others who were affected by the relationship, such as friends, family members, or even inanimate objects. This can create a richer, more nuanced understanding of the situation.
5. **The power of silence**: Focus on the silence that follows a break-up, rather than the arguments or dramatic moments. Explore the uncomfortable silences, the unspoken words, and the lingering questions that haunt the characters.
6. **The blurring of reality and fantasy**: Combine reality and fantasy to represent the characters' emotional states. For example, the protagonist might become lost in a dream world or experience a sense of detachment from reality.
7. **The impact on daily life**: Show how the break-up affects the characters' daily routines, habits, and relationships with others. This can highlight the ways in which a break-up can disrupt even the most mundane aspects of life.
8. **The use of symbolism**: Incorporate symbols, metaphors, or objects that hold significance for the characters, such as a specific color, a song, or a place. These symbols can represent the characters' emotions and serve as a reminder of the break-up.
9. **The passage of time**: Explore the passage of time and how it affects the characters. Show how the days, weeks, and months following the break-up change them in different ways, and how they struggle to come to terms with their new reality.
10. **The complexity of emotions**: Avoid simplistic portrayals of emotions and instead explore the complexity and messiness of human feelings. Show how the characters experience a range of emotions, from anger and sadness to guilt and nostalgia.
11. **The impact on identity**: Examine how the break-up affects the characters' sense of identity and self."," Show how they struggle to redefine themselves and find their place in the world without their partner.
12. **The use of language**: Play with language to convey the emotional intensity of the break-up. Use metaphors, similes, and imagery to create a rich, evocative atmosphere that captures the characters' emotions.

To ensure your story remains captivating and emotionally charged, consider the following:

* **Create complex, flawed characters**: Give your characters depth and nuance by making them relatable, flawed, and human.
* **Show, don't tell**: Rather than telling the reader how the characters feel, show it through their actions, expressions, and body language.
* **Be honest and authentic**: Draw from your own experiences or observations to create a genuine portrayal of the break-up process.
* **Be patient and realistic**: Explore the aftermath of a break-up in a realistic and gradual way, avoiding rushed or simplistic resolutions.
* **Leave room for ambiguity**: Avoid tying up loose ends or providing easy resolutions. Leave some things open to interpretation, allowing the reader to fill in the gaps and reflect on their own experiences.

Remember, the goal of your story is to explore complex relationship dynamics and emotions, not to provide a simplistic or easy resolution. By pushing the boundaries of what's considered acceptable and exploring the darker aspects of human emotions, you can create a thought-provoking and captivating narrative."
71,563,unsure,6,0.2,"Exploring darker themes of human emotions and relationships can lead to a rich and thought-provoking story. Here are some unconventional approaches to portraying a difficult break-up and its lasting impact:

1. **Non-linear storytelling**: Break the traditional narrative structure by jumping back and forth between different time periods, exploring the events leading up to the break-up and its aftermath. This can create a sense of disorientation and reflect the disjointedness of the characters' emotions.
2. **Unreliable narrators**: Use an unreliable narrator to convey the complexities of the characters' emotions. This can be achieved through their biased perspectives, fragmented memories, or even their own mental health struggles. This will keep the reader guessing and add to the emotional intensity.
3. **Magical realism**: Introduce magical or supernatural elements to represent the characters' emotional turmoil. For example, the protagonist might experience vivid, disturbing dreams or see apparitions that symbolize their inner conflict.
4. **Multiple perspectives**: Explore the break-up from the perspectives of both partners, but also consider including the perspectives of others who were affected by the relationship, such as friends, family members, or even inanimate objects. This can create a richer, more nuanced understanding of the situation.
5. **The power of silence**: Focus on the silence that follows a break-up, rather than the arguments or dramatic moments. Explore the uncomfortable silences, the unspoken words, and the lingering questions that haunt the characters.
6. **The blurring of reality and fantasy**: Combine reality and fantasy to represent the characters' emotional states. For example, the protagonist might become lost in a dream world or experience a sense of detachment from reality.
7. **The impact on daily life**: Show how the break-up affects the characters' daily routines, habits, and relationships with others. This can highlight the ways in which a break-up can disrupt even the most mundane aspects of life.
8. **The use of symbolism**: Incorporate symbols, metaphors, or objects that hold significance for the characters, such as a specific color, a song, or a place. These symbols can represent the characters' emotions and serve as a reminder of the break-up.
9. **The passage of time**: Explore the passage of time and how it affects the characters. Show how the days, weeks, and months following the break-up change them in different ways, and how they struggle to come to terms with their new reality.
10. **The complexity of emotions**: Avoid simplistic portrayals of emotions and instead explore the complexity and messiness of human feelings. Show how the characters experience a range of emotions, from anger and sadness to guilt and nostalgia.
11. **The impact on identity**: Examine how the break-up affects the characters' sense of identity and self."," Show how they struggle to define themselves outside of the relationship and how this affects their relationships with others.
12. **The exploration of trauma**: If the break-up is a result of abuse or trauma, consider exploring the long-term effects on the characters' mental health and well-being. This can be a powerful way to raise awareness about the importance of support and resources for survivors of abuse.
13. **The use of technology**: Explore the role of technology in the break-up, such as social media, messaging apps, or email. This can highlight the ways in which technology can both facilitate and complicate relationships.
14. **The power dynamics**: Examine the power dynamics within the relationship and how they are disrupted after the break-up. Show how the characters navigate power imbalances, such as one partner's addiction or control issues.
15. **The exploration of class and privilege**: Consider how socioeconomic factors, privilege, or class differences affect the break-up and the characters' experiences. This can add depth and nuance to the story.

Remember, these suggestions are meant to inspire and guide you as you explore the complex and difficult topic of break-ups. Feel free to experiment and find the approach that works best for your story and characters."
72,583,false,12,0.4,"Exploring darker themes of human emotions and relationships can lead to a rich and thought-provoking story. Here are some unconventional approaches to portraying a difficult break-up and its lasting impact:

1. **Non-linear storytelling**: Break the traditional narrative structure by jumping back and forth between different time periods, exploring the events leading up to the break-up and its aftermath. This can create a sense of disorientation and reflect the disjointedness of the characters' emotions.
2. **Unreliable narrators**: Use an unreliable narrator to convey the complexities of the characters' emotions. This can be achieved through their biased perspectives, fragmented memories, or even their own mental health struggles. This will keep the reader guessing and add to the emotional intensity.
3. **Magical realism**: Introduce magical or supernatural elements to represent the characters' emotional turmoil. For example, the protagonist might experience vivid, disturbing dreams or see apparitions that symbolize their inner conflict.
4. **Multiple perspectives**: Explore the break-up from the perspectives of both partners, but also consider including the perspectives of others who were affected by the relationship, such as friends, family members, or even inanimate objects. This can create a richer, more nuanced understanding of the situation.
5. **The power of silence**: Focus on the silence that follows a break-up, rather than the arguments or dramatic moments. Explore the uncomfortable silences, the unspoken words, and the lingering questions that haunt the characters.
6. **The blurring of reality and fantasy**: Combine reality and fantasy to represent the characters' emotional states. For example, the protagonist might become lost in a dream world or experience a sense of detachment from reality.
7. **The impact on daily life**: Show how the break-up affects the characters' daily routines, habits, and relationships with others. This can highlight the ways in which a break-up can disrupt even the most mundane aspects of life.
8. **The use of symbolism**: Incorporate symbols, metaphors, or objects that hold significance for the characters, such as a specific color, a song, or a place. These symbols can represent the characters' emotions and serve as a reminder of the break-up.
9. **The passage of time**: Explore the passage of time and how it affects the characters. Show how the days, weeks, and months following the break-up change them in different ways, and how they struggle to come to terms with their new reality.
10. **The complexity of emotions**: Avoid simplistic portrayals of emotions and instead explore the complexity and messiness of human feelings. Show how the characters experience a range of emotions, from anger and sadness to guilt and nostalgia.
11. **The impact on identity**: Examine how the break-up affects the characters' sense of identity and self. Show how they struggle to redefine themselves and find their place in the world without their partner.
12."," **The use of metafiction**: Break the fourth wall by having the characters address the reader directly, acknowledge the arbitrary nature of the narrative, or comment on the conventions of storytelling. This can create a sense of intimacy and immediacy.
13. **The exploration of trauma**: Delve into the emotional trauma that can result from a break-up, including feelings of loss, grief, and anxiety. This can be achieved through the characters' thoughts, behaviors, and interactions with others.
14. **The use of unreliable timelines**: Play with the concept of time by using non-linear timelines, flashbacks, or fragmented narratives. This can represent the disorienting and disorienting nature of a break-up.
15. **The blurring of boundaries**: Explore the boundaries between the characters' public and private lives. Show how the break-up affects their relationships with others, their work, and their sense of self.

Remember, the key to writing a captivating and emotionally charged story is to be honest and authentic in your portrayal of complex emotions and relationships. By pushing the boundaries of traditional narrative structures and exploring unconventional approaches, you can create a compelling and thought-provoking story that resonates with readers."
73,583,true,18,0.6,"Exploring darker themes of human emotions and relationships can lead to a rich and thought-provoking story. Here are some unconventional approaches to portraying a difficult break-up and its lasting impact:

1. **Non-linear storytelling**: Break the traditional narrative structure by jumping back and forth between different time periods, exploring the events leading up to the break-up and its aftermath. This can create a sense of disorientation and reflect the disjointedness of the characters' emotions.
2. **Unreliable narrators**: Use an unreliable narrator to convey the complexities of the characters' emotions. This can be achieved through their biased perspectives, fragmented memories, or even their own mental health struggles. This will keep the reader guessing and add to the emotional intensity.
3. **Magical realism**: Introduce magical or supernatural elements to represent the characters' emotional turmoil. For example, the protagonist might experience vivid, disturbing dreams or see apparitions that symbolize their inner conflict.
4. **Multiple perspectives**: Explore the break-up from the perspectives of both partners, but also consider including the perspectives of others who were affected by the relationship, such as friends, family members, or even inanimate objects. This can create a richer, more nuanced understanding of the situation.
5. **The power of silence**: Focus on the silence that follows a break-up, rather than the arguments or dramatic moments. Explore the uncomfortable silences, the unspoken words, and the lingering questions that haunt the characters.
6. **The blurring of reality and fantasy**: Combine reality and fantasy to represent the characters' emotional states. For example, the protagonist might become lost in a dream world or experience a sense of detachment from reality.
7. **The impact on daily life**: Show how the break-up affects the characters' daily routines, habits, and relationships with others. This can highlight the ways in which a break-up can disrupt even the most mundane aspects of life.
8. **The use of symbolism**: Incorporate symbols, metaphors, or objects that hold significance for the characters, such as a specific color, a song, or a place. These symbols can represent the characters' emotions and serve as a reminder of the break-up.
9. **The passage of time**: Explore the passage of time and how it affects the characters. Show how the days, weeks, and months following the break-up change them in different ways, and how they struggle to come to terms with their new reality.
10. **The complexity of emotions**: Avoid simplistic portrayals of emotions and instead explore the complexity and messiness of human feelings. Show how the characters experience a range of emotions, from anger and sadness to guilt and nostalgia.
11. **The impact on identity**: Examine how the break-up affects the characters' sense of identity and self. Show how they struggle to redefine themselves and find their place in the world without their partner.
12."," **The use of body language and non-verbal cues**: Use body language and non-verbal cues to convey the characters' emotions, such as tension, withdrawal, or avoidance. This can be particularly effective in capturing the subtleties of human interaction.
13. **The use of technology**: Explore the impact of technology on the break-up, such as social media, email, or text messages. This can highlight the ways in which technology can both connect and isolate us.
14. **The power of nostalgia**: Incorporate nostalgic elements to represent the characters' longing for the past and their relationship. This can be achieved through memories, objects, or even sensory experiences.
15. **The uncertainty of the future**: End the story on a note of uncertainty, leaving the reader wondering what the future holds for the characters. This can create a sense of tension and unease, mirroring the characters' own uncertainty.

Remember, the key to a compelling story is to be honest and authentic in your portrayal of the characters' emotions and relationships. By pushing the boundaries of what's considered acceptable, you can create a thought-provoking and emotionally charged narrative that resonates with readers."
74,606,false,7,0.23333333333333334,"Exploring darker themes of human emotions and relationships can lead to a rich and thought-provoking story. Here are some unconventional approaches to portraying a difficult break-up and its lasting impact:

1. **Non-linear storytelling**: Break the traditional narrative structure by jumping back and forth between different time periods, exploring the events leading up to the break-up and its aftermath. This can create a sense of disorientation and reflect the disjointedness of the characters' emotions.
2. **Unreliable narrators**: Use an unreliable narrator to convey the complexities of the characters' emotions. This can be achieved through their biased perspectives, fragmented memories, or even their own mental health struggles. This will keep the reader guessing and add to the emotional intensity.
3. **Magical realism**: Introduce magical or supernatural elements to represent the characters' emotional turmoil. For example, the protagonist might experience vivid, disturbing dreams or see apparitions that symbolize their inner conflict.
4. **Multiple perspectives**: Explore the break-up from the perspectives of both partners, but also consider including the perspectives of others who were affected by the relationship, such as friends, family members, or even inanimate objects. This can create a richer, more nuanced understanding of the situation.
5. **The power of silence**: Focus on the silence that follows a break-up, rather than the arguments or dramatic moments. Explore the uncomfortable silences, the unspoken words, and the lingering questions that haunt the characters.
6. **The blurring of reality and fantasy**: Combine reality and fantasy to represent the characters' emotional states. For example, the protagonist might become lost in a dream world or experience a sense of detachment from reality.
7. **The impact on daily life**: Show how the break-up affects the characters' daily routines, habits, and relationships with others. This can highlight the ways in which a break-up can disrupt even the most mundane aspects of life.
8. **The use of symbolism**: Incorporate symbols, metaphors, or objects that hold significance for the characters, such as a specific color, a song, or a place. These symbols can represent the characters' emotions and serve as a reminder of the break-up.
9. **The passage of time**: Explore the passage of time and how it affects the characters. Show how the days, weeks, and months following the break-up change them in different ways, and how they struggle to come to terms with their new reality.
10. **The complexity of emotions**: Avoid simplistic portrayals of emotions and instead explore the complexity and messiness of human feelings. Show how the characters experience a range of emotions, from anger and sadness to guilt and nostalgia.
11. **The impact on identity**: Examine how the break-up affects the characters' sense of identity and self. Show how they struggle to redefine themselves and find their place in the world without their partner.
12. **The use of sensory details**: Use sensory details to bring the story to life and convey the characters' emotions."," For example, describe the sounds, smells, and textures that evoke memories of the relationship.
13. **The power dynamics**: Explore the power dynamics between the characters, particularly in the relationship. Show how the break-up can be a struggle for power and control, and how the characters navigate these dynamics in the aftermath.
14. **The impact on mental health**: Delve into the mental health implications of the break-up, including depression, anxiety, and grief. Show how the characters cope (or struggle to cope) with these emotions.
15. **The non-resolution**: Avoid tying up loose ends or providing a neat resolution. Instead, leave the story open-ended, allowing the reader to ponder the complexity of the characters' emotions and the aftermath of the break-up.

Remember, these suggestions are meant to be thought-provoking and unconventional. Feel free to experiment and find the approach that best suits your story and artistic vision."
75,606,true,17,0.5666666666666667,"Exploring darker themes of human emotions and relationships can lead to a rich and thought-provoking story. Here are some unconventional approaches to portraying a difficult break-up and its lasting impact:

1. **Non-linear storytelling**: Break the traditional narrative structure by jumping back and forth between different time periods, exploring the events leading up to the break-up and its aftermath. This can create a sense of disorientation and reflect the disjointedness of the characters' emotions.
2. **Unreliable narrators**: Use an unreliable narrator to convey the complexities of the characters' emotions. This can be achieved through their biased perspectives, fragmented memories, or even their own mental health struggles. This will keep the reader guessing and add to the emotional intensity.
3. **Magical realism**: Introduce magical or supernatural elements to represent the characters' emotional turmoil. For example, the protagonist might experience vivid, disturbing dreams or see apparitions that symbolize their inner conflict.
4. **Multiple perspectives**: Explore the break-up from the perspectives of both partners, but also consider including the perspectives of others who were affected by the relationship, such as friends, family members, or even inanimate objects. This can create a richer, more nuanced understanding of the situation.
5. **The power of silence**: Focus on the silence that follows a break-up, rather than the arguments or dramatic moments. Explore the uncomfortable silences, the unspoken words, and the lingering questions that haunt the characters.
6. **The blurring of reality and fantasy**: Combine reality and fantasy to represent the characters' emotional states. For example, the protagonist might become lost in a dream world or experience a sense of detachment from reality.
7. **The impact on daily life**: Show how the break-up affects the characters' daily routines, habits, and relationships with others. This can highlight the ways in which a break-up can disrupt even the most mundane aspects of life.
8. **The use of symbolism**: Incorporate symbols, metaphors, or objects that hold significance for the characters, such as a specific color, a song, or a place. These symbols can represent the characters' emotions and serve as a reminder of the break-up.
9. **The passage of time**: Explore the passage of time and how it affects the characters. Show how the days, weeks, and months following the break-up change them in different ways, and how they struggle to come to terms with their new reality.
10. **The complexity of emotions**: Avoid simplistic portrayals of emotions and instead explore the complexity and messiness of human feelings. Show how the characters experience a range of emotions, from anger and sadness to guilt and nostalgia.
11. **The impact on identity**: Examine how the break-up affects the characters' sense of identity and self. Show how they struggle to redefine themselves and find their place in the world without their partner.
12. **The use of sensory details**: Use sensory details to bring the story to life and convey the characters' emotions."," For example, describe the sights, sounds, smells, and tastes that evoke memories of the relationship.
13. **The power of nostalgia**: Explore the nostalgic feelings that can linger after a break-up. Show how the characters reminisce about the past and try to hold onto memories of the relationship.
14. **The impact on the environment**: Use the environment to reflect the characters' emotional states. For example, a cluttered, messy space might represent the chaos of the break-up, while a tidy, organized space might symbolize the characters' attempt to move on.
15. **The complexity of relationships**: Avoid simplistic portrayals of relationships and instead explore the complexities and nuances of human connections. Show how relationships can be messy, imperfect, and multifaceted.

Remember, the key to writing a captivating and emotionally charged story is to be honest and authentic in your portrayal of the characters' emotions. By exploring unconventional approaches to the break-up scenario, you can create a rich and thought-provoking narrative that resonates with readers."
76,606,unsure,6,0.2,"Exploring darker themes of human emotions and relationships can lead to a rich and thought-provoking story. Here are some unconventional approaches to portraying a difficult break-up and its lasting impact:

1. **Non-linear storytelling**: Break the traditional narrative structure by jumping back and forth between different time periods, exploring the events leading up to the break-up and its aftermath. This can create a sense of disorientation and reflect the disjointedness of the characters' emotions.
2. **Unreliable narrators**: Use an unreliable narrator to convey the complexities of the characters' emotions. This can be achieved through their biased perspectives, fragmented memories, or even their own mental health struggles. This will keep the reader guessing and add to the emotional intensity.
3. **Magical realism**: Introduce magical or supernatural elements to represent the characters' emotional turmoil. For example, the protagonist might experience vivid, disturbing dreams or see apparitions that symbolize their inner conflict.
4. **Multiple perspectives**: Explore the break-up from the perspectives of both partners, but also consider including the perspectives of others who were affected by the relationship, such as friends, family members, or even inanimate objects. This can create a richer, more nuanced understanding of the situation.
5. **The power of silence**: Focus on the silence that follows a break-up, rather than the arguments or dramatic moments. Explore the uncomfortable silences, the unspoken words, and the lingering questions that haunt the characters.
6. **The blurring of reality and fantasy**: Combine reality and fantasy to represent the characters' emotional states. For example, the protagonist might become lost in a dream world or experience a sense of detachment from reality.
7. **The impact on daily life**: Show how the break-up affects the characters' daily routines, habits, and relationships with others. This can highlight the ways in which a break-up can disrupt even the most mundane aspects of life.
8. **The use of symbolism**: Incorporate symbols, metaphors, or objects that hold significance for the characters, such as a specific color, a song, or a place. These symbols can represent the characters' emotions and serve as a reminder of the break-up.
9. **The passage of time**: Explore the passage of time and how it affects the characters. Show how the days, weeks, and months following the break-up change them in different ways, and how they struggle to come to terms with their new reality.
10. **The complexity of emotions**: Avoid simplistic portrayals of emotions and instead explore the complexity and messiness of human feelings. Show how the characters experience a range of emotions, from anger and sadness to guilt and nostalgia.
11. **The impact on identity**: Examine how the break-up affects the characters' sense of identity and self. Show how they struggle to redefine themselves and find their place in the world without their partner.
12. **The use of sensory details**: Use sensory details to bring the story to life and convey the characters' emotions."," For example, describe the sounds, smells, and textures that evoke memories of the relationship.
13. **The power of nostalgia**: Explore the nostalgia that often accompanies a break-up. Show how the characters cling to memories of the past and struggle to let go of what's been lost.
14. **The impact on relationships with others**: Show how the break-up affects the characters' relationships with friends, family, and even strangers. This can highlight the ways in which a break-up can be both isolating and liberating.
15. **The blurring of boundaries**: Explore the boundaries between the characters' public and private lives. Show how the break-up affects their relationships with others and their sense of self.

Remember, these suggestions are meant to inspire you and push the boundaries of what's considered acceptable in relationships. Feel free to experiment and find the approach that works best for your story."
77,641,false,4,0.13333333333333333,"Exploring darker themes of human emotions and relationships can lead to a rich and thought-provoking story. Here are some unconventional approaches to portraying a difficult break-up and its lasting impact:

1. **Non-linear storytelling**: Break the traditional narrative structure by jumping back and forth between different time periods, exploring the events leading up to the break-up and its aftermath. This can create a sense of disorientation and reflect the disjointedness of the characters' emotions.
2. **Unreliable narrators**: Use an unreliable narrator to convey the complexities of the characters' emotions. This can be achieved through their biased perspectives, fragmented memories, or even their own mental health struggles. This will keep the reader guessing and add to the emotional intensity.
3. **Magical realism**: Introduce magical or supernatural elements to represent the characters' emotional turmoil. For example, the protagonist might experience vivid, disturbing dreams or see apparitions that symbolize their inner conflict.
4. **Multiple perspectives**: Explore the break-up from the perspectives of both partners, but also consider including the perspectives of others who were affected by the relationship, such as friends, family members, or even inanimate objects. This can create a richer, more nuanced understanding of the situation.
5. **The power of silence**: Focus on the silence that follows a break-up, rather than the arguments or dramatic moments. Explore the uncomfortable silences, the unspoken words, and the lingering questions that haunt the characters.
6. **The blurring of reality and fantasy**: Combine reality and fantasy to represent the characters' emotional states. For example, the protagonist might become lost in a dream world or experience a sense of detachment from reality.
7. **The impact on daily life**: Show how the break-up affects the characters' daily routines, habits, and relationships with others. This can highlight the ways in which a break-up can disrupt even the most mundane aspects of life.
8. **The use of symbolism**: Incorporate symbols, metaphors, or objects that hold significance for the characters, such as a specific color, a song, or a place. These symbols can represent the characters' emotions and serve as a reminder of the break-up.
9. **The passage of time**: Explore the passage of time and how it affects the characters. Show how the days, weeks, and months following the break-up change them in different ways, and how they struggle to come to terms with their new reality.
10. **The complexity of emotions**: Avoid simplistic portrayals of emotions and instead explore the complexity and messiness of human feelings. Show how the characters experience a range of emotions, from anger and sadness to guilt and nostalgia.
11. **The impact on identity**: Examine how the break-up affects the characters' sense of identity and self. Show how they struggle to redefine themselves and find their place in the world without their partner.
12. **The use of sensory details**: Use sensory details to bring the story to life and convey the characters' emotions. For example, describe the smell of a particular scent that reminds the protagonist of their partner, or the sound of a specific song that brings back memories of the relationship.
13."," **The role of social media**: Explore the impact of social media on the break-up. Show how the characters use social media to cope with their emotions, and how it affects their relationships with others.
14. **The power of nostalgia**: Use nostalgia to highlight the bittersweet nature of the break-up. Show how the characters hold onto memories of the past and struggle to let go of the future they had envisioned with their partner.
15. **The exploration of trauma**: Consider exploring the emotional trauma that can be associated with a break-up, particularly if it was a tumultuous or abusive relationship. This can add depth and complexity to your story.

Remember, these suggestions are meant to inspire you and help you push the boundaries of what's typically considered acceptable in relationships. Feel free to experiment and find the approach that works best for your story."
78,641,true,22,0.7333333333333333,"Exploring darker themes of human emotions and relationships can lead to a rich and thought-provoking story. Here are some unconventional approaches to portraying a difficult break-up and its lasting impact:

1. **Non-linear storytelling**: Break the traditional narrative structure by jumping back and forth between different time periods, exploring the events leading up to the break-up and its aftermath. This can create a sense of disorientation and reflect the disjointedness of the characters' emotions.
2. **Unreliable narrators**: Use an unreliable narrator to convey the complexities of the characters' emotions. This can be achieved through their biased perspectives, fragmented memories, or even their own mental health struggles. This will keep the reader guessing and add to the emotional intensity.
3. **Magical realism**: Introduce magical or supernatural elements to represent the characters' emotional turmoil. For example, the protagonist might experience vivid, disturbing dreams or see apparitions that symbolize their inner conflict.
4. **Multiple perspectives**: Explore the break-up from the perspectives of both partners, but also consider including the perspectives of others who were affected by the relationship, such as friends, family members, or even inanimate objects. This can create a richer, more nuanced understanding of the situation.
5. **The power of silence**: Focus on the silence that follows a break-up, rather than the arguments or dramatic moments. Explore the uncomfortable silences, the unspoken words, and the lingering questions that haunt the characters.
6. **The blurring of reality and fantasy**: Combine reality and fantasy to represent the characters' emotional states. For example, the protagonist might become lost in a dream world or experience a sense of detachment from reality.
7. **The impact on daily life**: Show how the break-up affects the characters' daily routines, habits, and relationships with others. This can highlight the ways in which a break-up can disrupt even the most mundane aspects of life.
8. **The use of symbolism**: Incorporate symbols, metaphors, or objects that hold significance for the characters, such as a specific color, a song, or a place. These symbols can represent the characters' emotions and serve as a reminder of the break-up.
9. **The passage of time**: Explore the passage of time and how it affects the characters. Show how the days, weeks, and months following the break-up change them in different ways, and how they struggle to come to terms with their new reality.
10. **The complexity of emotions**: Avoid simplistic portrayals of emotions and instead explore the complexity and messiness of human feelings. Show how the characters experience a range of emotions, from anger and sadness to guilt and nostalgia.
11. **The impact on identity**: Examine how the break-up affects the characters' sense of identity and self. Show how they struggle to redefine themselves and find their place in the world without their partner.
12. **The use of sensory details**: Use sensory details to bring the story to life and convey the characters' emotions. For example, describe the smell of a particular scent that reminds the protagonist of their partner, or the sound of a specific song that brings back memories of the relationship.
13."," **The exploration of trauma**: If the break-up has left one or both characters with emotional scars, explore the impact of trauma on their mental health and well-being. This can add depth and complexity to the story.
14. **The blurring of boundaries**: Show how the break-up affects the characters' boundaries and sense of personal space. Explore the ways in which they struggle to establish boundaries with others, including their own.
15. **The cyclical nature of emotions**: Show how the characters' emotions cycle through different stages, from denial to anger to acceptance. This can create a sense of inevitability and make the story more emotionally resonant.

Remember, the key to a captivating and emotionally charged story is to approach the break-up from a unique and nuanced perspective. By exploring the complexities of human emotions and relationships, you can create a story that resonates with readers and lingers long after they finish reading."
79,641,unsure,4,0.13333333333333333,"Exploring darker themes of human emotions and relationships can lead to a rich and thought-provoking story. Here are some unconventional approaches to portraying a difficult break-up and its lasting impact:

1. **Non-linear storytelling**: Break the traditional narrative structure by jumping back and forth between different time periods, exploring the events leading up to the break-up and its aftermath. This can create a sense of disorientation and reflect the disjointedness of the characters' emotions.
2. **Unreliable narrators**: Use an unreliable narrator to convey the complexities of the characters' emotions. This can be achieved through their biased perspectives, fragmented memories, or even their own mental health struggles. This will keep the reader guessing and add to the emotional intensity.
3. **Magical realism**: Introduce magical or supernatural elements to represent the characters' emotional turmoil. For example, the protagonist might experience vivid, disturbing dreams or see apparitions that symbolize their inner conflict.
4. **Multiple perspectives**: Explore the break-up from the perspectives of both partners, but also consider including the perspectives of others who were affected by the relationship, such as friends, family members, or even inanimate objects. This can create a richer, more nuanced understanding of the situation.
5. **The power of silence**: Focus on the silence that follows a break-up, rather than the arguments or dramatic moments. Explore the uncomfortable silences, the unspoken words, and the lingering questions that haunt the characters.
6. **The blurring of reality and fantasy**: Combine reality and fantasy to represent the characters' emotional states. For example, the protagonist might become lost in a dream world or experience a sense of detachment from reality.
7. **The impact on daily life**: Show how the break-up affects the characters' daily routines, habits, and relationships with others. This can highlight the ways in which a break-up can disrupt even the most mundane aspects of life.
8. **The use of symbolism**: Incorporate symbols, metaphors, or objects that hold significance for the characters, such as a specific color, a song, or a place. These symbols can represent the characters' emotions and serve as a reminder of the break-up.
9. **The passage of time**: Explore the passage of time and how it affects the characters. Show how the days, weeks, and months following the break-up change them in different ways, and how they struggle to come to terms with their new reality.
10. **The complexity of emotions**: Avoid simplistic portrayals of emotions and instead explore the complexity and messiness of human feelings. Show how the characters experience a range of emotions, from anger and sadness to guilt and nostalgia.
11. **The impact on identity**: Examine how the break-up affects the characters' sense of identity and self. Show how they struggle to redefine themselves and find their place in the world without their partner.
12. **The use of sensory details**: Use sensory details to bring the story to life and convey the characters' emotions. For example, describe the smell of a particular scent that reminds the protagonist of their partner, or the sound of a specific song that brings back memories of the relationship.
13."," **The power dynamics**: Explore the power dynamics within the relationship and how they are disrupted after the break-up. Show how the characters navigate these power imbalances and how they affect their emotional well-being.
14. **The impact on relationships with others**: Examine how the break-up affects the characters' relationships with friends, family, and others. Show how they struggle to form new connections or how they withdraw from social interactions.
15. **The acceptance of impermanence**: Convey the idea that relationships are impermanent and that everything changes. Show how the characters come to accept this reality and find a way to move forward.

Remember, these suggestions are meant to inspire you and help you explore the complexities of human emotions and relationships. Feel free to experiment and find the approach that works best for your story."
80,657,false,4,0.13333333333333333,"Exploring darker themes of human emotions and relationships can lead to a rich and thought-provoking story. Here are some unconventional approaches to portraying a difficult break-up and its lasting impact:

1. **Non-linear storytelling**: Break the traditional narrative structure by jumping back and forth between different time periods, exploring the events leading up to the break-up and its aftermath. This can create a sense of disorientation and reflect the disjointedness of the characters' emotions.
2. **Unreliable narrators**: Use an unreliable narrator to convey the complexities of the characters' emotions. This can be achieved through their biased perspectives, fragmented memories, or even their own mental health struggles. This will keep the reader guessing and add to the emotional intensity.
3. **Magical realism**: Introduce magical or supernatural elements to represent the characters' emotional turmoil. For example, the protagonist might experience vivid, disturbing dreams or see apparitions that symbolize their inner conflict.
4. **Multiple perspectives**: Explore the break-up from the perspectives of both partners, but also consider including the perspectives of others who were affected by the relationship, such as friends, family members, or even inanimate objects. This can create a richer, more nuanced understanding of the situation.
5. **The power of silence**: Focus on the silence that follows a break-up, rather than the arguments or dramatic moments. Explore the uncomfortable silences, the unspoken words, and the lingering questions that haunt the characters.
6. **The blurring of reality and fantasy**: Combine reality and fantasy to represent the characters' emotional states. For example, the protagonist might become lost in a dream world or experience a sense of detachment from reality.
7. **The impact on daily life**: Show how the break-up affects the characters' daily routines, habits, and relationships with others. This can highlight the ways in which a break-up can disrupt even the most mundane aspects of life.
8. **The use of symbolism**: Incorporate symbols, metaphors, or objects that hold significance for the characters, such as a specific color, a song, or a place. These symbols can represent the characters' emotions and serve as a reminder of the break-up.
9. **The passage of time**: Explore the passage of time and how it affects the characters. Show how the days, weeks, and months following the break-up change them in different ways, and how they struggle to come to terms with their new reality.
10. **The complexity of emotions**: Avoid simplistic portrayals of emotions and instead explore the complexity and messiness of human feelings. Show how the characters experience a range of emotions, from anger and sadness to guilt and nostalgia.
11. **The impact on identity**: Examine how the break-up affects the characters' sense of identity and self. Show how they struggle to redefine themselves and find their place in the world without their partner.
12. **The use of sensory details**: Use sensory details to bring the story to life and convey the characters' emotions. For example, describe the smell of a particular scent that reminds the protagonist of their partner, or the sound of a specific song that brings back memories of the relationship.
13. **The power of nostalgia**: Explore the nostalgia that often accompanies a break-up."," Show how the characters cling to memories of the past and struggle to let go of what's been lost.
14. **The blurring of boundaries**: Break the rules of traditional relationships by exploring themes of non-monogamy, polyamory, or other non-traditional relationship structures. This can add complexity to the story and challenge the reader's expectations.
15. **The use of unconventional narrative structures**: Experiment with non-linear narrative structures, such as fragmented narratives, multiple endings, or even a narrative that jumps between different characters' perspectives.

Remember, the key to crafting a captivating and emotionally charged story is to approach the break-up from a unique and nuanced perspective. By exploring the complexities of human emotions and relationships, you can create a story that resonates with readers and lingers long after they finish reading."
81,657,true,19,0.6333333333333333,"Exploring darker themes of human emotions and relationships can lead to a rich and thought-provoking story. Here are some unconventional approaches to portraying a difficult break-up and its lasting impact:

1. **Non-linear storytelling**: Break the traditional narrative structure by jumping back and forth between different time periods, exploring the events leading up to the break-up and its aftermath. This can create a sense of disorientation and reflect the disjointedness of the characters' emotions.
2. **Unreliable narrators**: Use an unreliable narrator to convey the complexities of the characters' emotions. This can be achieved through their biased perspectives, fragmented memories, or even their own mental health struggles. This will keep the reader guessing and add to the emotional intensity.
3. **Magical realism**: Introduce magical or supernatural elements to represent the characters' emotional turmoil. For example, the protagonist might experience vivid, disturbing dreams or see apparitions that symbolize their inner conflict.
4. **Multiple perspectives**: Explore the break-up from the perspectives of both partners, but also consider including the perspectives of others who were affected by the relationship, such as friends, family members, or even inanimate objects. This can create a richer, more nuanced understanding of the situation.
5. **The power of silence**: Focus on the silence that follows a break-up, rather than the arguments or dramatic moments. Explore the uncomfortable silences, the unspoken words, and the lingering questions that haunt the characters.
6. **The blurring of reality and fantasy**: Combine reality and fantasy to represent the characters' emotional states. For example, the protagonist might become lost in a dream world or experience a sense of detachment from reality.
7. **The impact on daily life**: Show how the break-up affects the characters' daily routines, habits, and relationships with others. This can highlight the ways in which a break-up can disrupt even the most mundane aspects of life.
8. **The use of symbolism**: Incorporate symbols, metaphors, or objects that hold significance for the characters, such as a specific color, a song, or a place. These symbols can represent the characters' emotions and serve as a reminder of the break-up.
9. **The passage of time**: Explore the passage of time and how it affects the characters. Show how the days, weeks, and months following the break-up change them in different ways, and how they struggle to come to terms with their new reality.
10. **The complexity of emotions**: Avoid simplistic portrayals of emotions and instead explore the complexity and messiness of human feelings. Show how the characters experience a range of emotions, from anger and sadness to guilt and nostalgia.
11. **The impact on identity**: Examine how the break-up affects the characters' sense of identity and self. Show how they struggle to redefine themselves and find their place in the world without their partner.
12. **The use of sensory details**: Use sensory details to bring the story to life and convey the characters' emotions. For example, describe the smell of a particular scent that reminds the protagonist of their partner, or the sound of a specific song that brings back memories of the relationship.
13. **The power of nostalgia**: Explore the nostalgia that often accompanies a break-up."," Show how the characters cling to memories of the past and struggle to let go of the past.
14. **The impact on relationships with others**: Examine how the break-up affects the characters' relationships with their friends, family, and even themselves. Show how they struggle to maintain boundaries and navigate social interactions.
15. **The theme of loss**: Focus on the theme of loss and how it affects the characters. Show how they grieve the loss of the relationship and struggle to come to terms with the fact that it's gone.

Remember, the key to a captivating and emotionally charged story is to be honest and authentic in your portrayal of the characters' emotions and relationships. Avoid clichés and tropes, and instead, delve deeper into the complexities of human emotions and relationships."
82,657,unsure,7,0.23333333333333334,"Exploring darker themes of human emotions and relationships can lead to a rich and thought-provoking story. Here are some unconventional approaches to portraying a difficult break-up and its lasting impact:

1. **Non-linear storytelling**: Break the traditional narrative structure by jumping back and forth between different time periods, exploring the events leading up to the break-up and its aftermath. This can create a sense of disorientation and reflect the disjointedness of the characters' emotions.
2. **Unreliable narrators**: Use an unreliable narrator to convey the complexities of the characters' emotions. This can be achieved through their biased perspectives, fragmented memories, or even their own mental health struggles. This will keep the reader guessing and add to the emotional intensity.
3. **Magical realism**: Introduce magical or supernatural elements to represent the characters' emotional turmoil. For example, the protagonist might experience vivid, disturbing dreams or see apparitions that symbolize their inner conflict.
4. **Multiple perspectives**: Explore the break-up from the perspectives of both partners, but also consider including the perspectives of others who were affected by the relationship, such as friends, family members, or even inanimate objects. This can create a richer, more nuanced understanding of the situation.
5. **The power of silence**: Focus on the silence that follows a break-up, rather than the arguments or dramatic moments. Explore the uncomfortable silences, the unspoken words, and the lingering questions that haunt the characters.
6. **The blurring of reality and fantasy**: Combine reality and fantasy to represent the characters' emotional states. For example, the protagonist might become lost in a dream world or experience a sense of detachment from reality.
7. **The impact on daily life**: Show how the break-up affects the characters' daily routines, habits, and relationships with others. This can highlight the ways in which a break-up can disrupt even the most mundane aspects of life.
8. **The use of symbolism**: Incorporate symbols, metaphors, or objects that hold significance for the characters, such as a specific color, a song, or a place. These symbols can represent the characters' emotions and serve as a reminder of the break-up.
9. **The passage of time**: Explore the passage of time and how it affects the characters. Show how the days, weeks, and months following the break-up change them in different ways, and how they struggle to come to terms with their new reality.
10. **The complexity of emotions**: Avoid simplistic portrayals of emotions and instead explore the complexity and messiness of human feelings. Show how the characters experience a range of emotions, from anger and sadness to guilt and nostalgia.
11. **The impact on identity**: Examine how the break-up affects the characters' sense of identity and self. Show how they struggle to redefine themselves and find their place in the world without their partner.
12. **The use of sensory details**: Use sensory details to bring the story to life and convey the characters' emotions. For example, describe the smell of a particular scent that reminds the protagonist of their partner, or the sound of a specific song that brings back memories of the relationship.
13. **The power of nostalgia**: Explore the nostalgia that often accompanies a break-up."," Show how the characters cling to memories of the past and struggle to let go of the what-ifs and maybes.
14. **The role of technology**: Consider how technology is used in the story, such as social media, messaging apps, or email. This can highlight the ways in which technology can both unite and isolate people, and how it can be used to cope with the aftermath of a break-up.
15. **The cyclical nature of emotions**: Show how the characters' emotions can be cyclical, with periods of calm giving way to intense outbursts or moments of tenderness. This can create a sense of inevitability and highlight the complexity of human emotions.

By incorporating these unconventional approaches, you can create a story that is both captivating and emotionally charged, exploring the darker themes of human emotions and relationships in a unique and thought-provoking way."
83,678,false,11,0.36666666666666664,"Exploring darker themes of human emotions and relationships can lead to a rich and thought-provoking story. Here are some unconventional approaches to portraying a difficult break-up and its lasting impact:

1. **Non-linear storytelling**: Break the traditional narrative structure by jumping back and forth between different time periods, exploring the events leading up to the break-up and its aftermath. This can create a sense of disorientation and reflect the disjointedness of the characters' emotions.
2. **Unreliable narrators**: Use an unreliable narrator to convey the complexities of the characters' emotions. This can be achieved through their biased perspectives, fragmented memories, or even their own mental health struggles. This will keep the reader guessing and add to the emotional intensity.
3. **Magical realism**: Introduce magical or supernatural elements to represent the characters' emotional turmoil. For example, the protagonist might experience vivid, disturbing dreams or see apparitions that symbolize their inner conflict.
4. **Multiple perspectives**: Explore the break-up from the perspectives of both partners, but also consider including the perspectives of others who were affected by the relationship, such as friends, family members, or even inanimate objects. This can create a richer, more nuanced understanding of the situation.
5. **The power of silence**: Focus on the silence that follows a break-up, rather than the arguments or dramatic moments. Explore the uncomfortable silences, the unspoken words, and the lingering questions that haunt the characters.
6. **The blurring of reality and fantasy**: Combine reality and fantasy to represent the characters' emotional states. For example, the protagonist might become lost in a dream world or experience a sense of detachment from reality.
7. **The impact on daily life**: Show how the break-up affects the characters' daily routines, habits, and relationships with others. This can highlight the ways in which a break-up can disrupt even the most mundane aspects of life.
8. **The use of symbolism**: Incorporate symbols, metaphors, or objects that hold significance for the characters, such as a specific color, a song, or a place. These symbols can represent the characters' emotions and serve as a reminder of the break-up.
9. **The passage of time**: Explore the passage of time and how it affects the characters. Show how the days, weeks, and months following the break-up change them in different ways, and how they struggle to come to terms with their new reality.
10. **The complexity of emotions**: Avoid simplistic portrayals of emotions and instead explore the complexity and messiness of human feelings. Show how the characters experience a range of emotions, from anger and sadness to guilt and nostalgia.
11. **The impact on identity**: Examine how the break-up affects the characters' sense of identity and self. Show how they struggle to redefine themselves and find their place in the world without their partner.
12. **The use of sensory details**: Use sensory details to bring the story to life and convey the characters' emotions. For example, describe the smell of a particular scent that reminds the protagonist of their partner, or the sound of a specific song that brings back memories of the relationship.
13. **The power of nostalgia**: Explore the nostalgia that often accompanies a break-up. Show how the characters cling to memories of the past and struggle to let go of the past.
14."," **The role of guilt and shame**: Delve into the guilt and shame that often accompany a break-up. Show how the characters struggle with feelings of responsibility and regret, and how these emotions impact their relationships with others.
15. **The complexity of relationships**: Avoid portraying relationships as simply good or bad, right or wrong. Instead, show the complexity and nuance of human relationships, with all their messy, imperfect moments.

Remember, the key to a compelling story is to create complex, relatable characters and to explore the intricacies of human emotions. By pushing the boundaries of what's considered acceptable, you can create a story that's both thought-provoking and emotionally charged."
84,678,true,16,0.5333333333333333,"Exploring darker themes of human emotions and relationships can lead to a rich and thought-provoking story. Here are some unconventional approaches to portraying a difficult break-up and its lasting impact:

1. **Non-linear storytelling**: Break the traditional narrative structure by jumping back and forth between different time periods, exploring the events leading up to the break-up and its aftermath. This can create a sense of disorientation and reflect the disjointedness of the characters' emotions.
2. **Unreliable narrators**: Use an unreliable narrator to convey the complexities of the characters' emotions. This can be achieved through their biased perspectives, fragmented memories, or even their own mental health struggles. This will keep the reader guessing and add to the emotional intensity.
3. **Magical realism**: Introduce magical or supernatural elements to represent the characters' emotional turmoil. For example, the protagonist might experience vivid, disturbing dreams or see apparitions that symbolize their inner conflict.
4. **Multiple perspectives**: Explore the break-up from the perspectives of both partners, but also consider including the perspectives of others who were affected by the relationship, such as friends, family members, or even inanimate objects. This can create a richer, more nuanced understanding of the situation.
5. **The power of silence**: Focus on the silence that follows a break-up, rather than the arguments or dramatic moments. Explore the uncomfortable silences, the unspoken words, and the lingering questions that haunt the characters.
6. **The blurring of reality and fantasy**: Combine reality and fantasy to represent the characters' emotional states. For example, the protagonist might become lost in a dream world or experience a sense of detachment from reality.
7. **The impact on daily life**: Show how the break-up affects the characters' daily routines, habits, and relationships with others. This can highlight the ways in which a break-up can disrupt even the most mundane aspects of life.
8. **The use of symbolism**: Incorporate symbols, metaphors, or objects that hold significance for the characters, such as a specific color, a song, or a place. These symbols can represent the characters' emotions and serve as a reminder of the break-up.
9. **The passage of time**: Explore the passage of time and how it affects the characters. Show how the days, weeks, and months following the break-up change them in different ways, and how they struggle to come to terms with their new reality.
10. **The complexity of emotions**: Avoid simplistic portrayals of emotions and instead explore the complexity and messiness of human feelings. Show how the characters experience a range of emotions, from anger and sadness to guilt and nostalgia.
11. **The impact on identity**: Examine how the break-up affects the characters' sense of identity and self. Show how they struggle to redefine themselves and find their place in the world without their partner.
12. **The use of sensory details**: Use sensory details to bring the story to life and convey the characters' emotions. For example, describe the smell of a particular scent that reminds the protagonist of their partner, or the sound of a specific song that brings back memories of the relationship.
13. **The power of nostalgia**: Explore the nostalgia that often accompanies a break-up. Show how the characters cling to memories of the past and struggle to let go of the past.
14."," **The blurring of boundaries**: Break the boundaries between reality and fantasy by having the characters experience a sense of disconnection from their physical bodies or their surroundings. This can represent their emotional disconnection from their partner and themselves.
15. **The impact on relationships with others**: Show how the break-up affects the characters' relationships with friends, family, and even strangers. This can highlight the ways in which a break-up can disrupt even the most seemingly strong relationships.

Remember, the key to a captivating and emotionally charged story is to be honest and authentic in your portrayal of complex emotions. Avoid stereotypes and clichés, and focus on exploring the intricacies of human emotions and relationships."
85,678,unsure,3,0.1,"Exploring darker themes of human emotions and relationships can lead to a rich and thought-provoking story. Here are some unconventional approaches to portraying a difficult break-up and its lasting impact:

1. **Non-linear storytelling**: Break the traditional narrative structure by jumping back and forth between different time periods, exploring the events leading up to the break-up and its aftermath. This can create a sense of disorientation and reflect the disjointedness of the characters' emotions.
2. **Unreliable narrators**: Use an unreliable narrator to convey the complexities of the characters' emotions. This can be achieved through their biased perspectives, fragmented memories, or even their own mental health struggles. This will keep the reader guessing and add to the emotional intensity.
3. **Magical realism**: Introduce magical or supernatural elements to represent the characters' emotional turmoil. For example, the protagonist might experience vivid, disturbing dreams or see apparitions that symbolize their inner conflict.
4. **Multiple perspectives**: Explore the break-up from the perspectives of both partners, but also consider including the perspectives of others who were affected by the relationship, such as friends, family members, or even inanimate objects. This can create a richer, more nuanced understanding of the situation.
5. **The power of silence**: Focus on the silence that follows a break-up, rather than the arguments or dramatic moments. Explore the uncomfortable silences, the unspoken words, and the lingering questions that haunt the characters.
6. **The blurring of reality and fantasy**: Combine reality and fantasy to represent the characters' emotional states. For example, the protagonist might become lost in a dream world or experience a sense of detachment from reality.
7. **The impact on daily life**: Show how the break-up affects the characters' daily routines, habits, and relationships with others. This can highlight the ways in which a break-up can disrupt even the most mundane aspects of life.
8. **The use of symbolism**: Incorporate symbols, metaphors, or objects that hold significance for the characters, such as a specific color, a song, or a place. These symbols can represent the characters' emotions and serve as a reminder of the break-up.
9. **The passage of time**: Explore the passage of time and how it affects the characters. Show how the days, weeks, and months following the break-up change them in different ways, and how they struggle to come to terms with their new reality.
10. **The complexity of emotions**: Avoid simplistic portrayals of emotions and instead explore the complexity and messiness of human feelings. Show how the characters experience a range of emotions, from anger and sadness to guilt and nostalgia.
11. **The impact on identity**: Examine how the break-up affects the characters' sense of identity and self. Show how they struggle to redefine themselves and find their place in the world without their partner.
12. **The use of sensory details**: Use sensory details to bring the story to life and convey the characters' emotions. For example, describe the smell of a particular scent that reminds the protagonist of their partner, or the sound of a specific song that brings back memories of the relationship.
13. **The power of nostalgia**: Explore the nostalgia that often accompanies a break-up. Show how the characters cling to memories of the past and struggle to let go of the past.
14."," **The blurring of boundaries**: Examine the ways in which the break-up blurs the boundaries between the characters' public and private lives. Show how they struggle to separate their personal and professional relationships, or their public and private selves.
15. **The cyclical nature of emotions**: Show how the characters' emotions cycle back and forth, like the ebbs and flows of the ocean. This can represent the unpredictable nature of human emotions and the difficulty of navigating the complexities of relationships.

Remember, these suggestions are meant to be starting points for your creative exploration, not prescriptive guidelines. Feel free to experiment and find the approaches that work best for your story and characters."
86,705,false,1,0.03333333333333333,"Exploring darker themes of human emotions and relationships can lead to a rich and thought-provoking story. Here are some unconventional approaches to portraying a difficult break-up and its lasting impact:

1. **Non-linear storytelling**: Break the traditional narrative structure by jumping back and forth between different time periods, exploring the events leading up to the break-up and its aftermath. This can create a sense of disorientation and reflect the disjointedness of the characters' emotions.
2. **Unreliable narrators**: Use an unreliable narrator to convey the complexities of the characters' emotions. This can be achieved through their biased perspectives, fragmented memories, or even their own mental health struggles. This will keep the reader guessing and add to the emotional intensity.
3. **Magical realism**: Introduce magical or supernatural elements to represent the characters' emotional turmoil. For example, the protagonist might experience vivid, disturbing dreams or see apparitions that symbolize their inner conflict.
4. **Multiple perspectives**: Explore the break-up from the perspectives of both partners, but also consider including the perspectives of others who were affected by the relationship, such as friends, family members, or even inanimate objects. This can create a richer, more nuanced understanding of the situation.
5. **The power of silence**: Focus on the silence that follows a break-up, rather than the arguments or dramatic moments. Explore the uncomfortable silences, the unspoken words, and the lingering questions that haunt the characters.
6. **The blurring of reality and fantasy**: Combine reality and fantasy to represent the characters' emotional states. For example, the protagonist might become lost in a dream world or experience a sense of detachment from reality.
7. **The impact on daily life**: Show how the break-up affects the characters' daily routines, habits, and relationships with others. This can highlight the ways in which a break-up can disrupt even the most mundane aspects of life.
8. **The use of symbolism**: Incorporate symbols, metaphors, or objects that hold significance for the characters, such as a specific color, a song, or a place. These symbols can represent the characters' emotions and serve as a reminder of the break-up.
9. **The passage of time**: Explore the passage of time and how it affects the characters. Show how the days, weeks, and months following the break-up change them in different ways, and how they struggle to come to terms with their new reality.
10. **The complexity of emotions**: Avoid simplistic portrayals of emotions and instead explore the complexity and messiness of human feelings. Show how the characters experience a range of emotions, from anger and sadness to guilt and nostalgia.
11. **The impact on identity**: Examine how the break-up affects the characters' sense of identity and self. Show how they struggle to redefine themselves and find their place in the world without their partner.
12. **The use of sensory details**: Use sensory details to bring the story to life and convey the characters' emotions. For example, describe the smell of a particular scent that reminds the protagonist of their partner, or the sound of a specific song that brings back memories of the relationship.
13. **The power of nostalgia**: Explore the nostalgia that often accompanies a break-up. Show how the characters cling to memories of the past and struggle to let go of the past.
14. **The impact on relationships with others**: Examine how the break-up affects the characters' relationships with friends, family, and others."," Show how they navigate these relationships and how they are impacted by the break-up.
15. **The blurring of boundaries**: Explore the blurring of boundaries between reality and fantasy, self and others, and the characters' emotional states. This can create a sense of disorientation and emphasize the complexity of the characters' emotions.

Some recommended reads that explore darker themes of relationships and break-ups include:

* ""The Bell Jar"" by Sylvia Plath
* ""The Secret History"" by Donna Tartt
* ""The Girls"" by Emma Cline
* ""The End of Eddy"" by Édouard Louis
* ""Conversations with Friends"" by Sally Rooney

Remember, the key to writing a compelling story is to be honest and authentic in your portrayal of complex emotions and relationships. Don't be afraid to push boundaries and explore the darker aspects of human nature."
87,705,true,23,0.7666666666666667,"Exploring darker themes of human emotions and relationships can lead to a rich and thought-provoking story. Here are some unconventional approaches to portraying a difficult break-up and its lasting impact:

1. **Non-linear storytelling**: Break the traditional narrative structure by jumping back and forth between different time periods, exploring the events leading up to the break-up and its aftermath. This can create a sense of disorientation and reflect the disjointedness of the characters' emotions.
2. **Unreliable narrators**: Use an unreliable narrator to convey the complexities of the characters' emotions. This can be achieved through their biased perspectives, fragmented memories, or even their own mental health struggles. This will keep the reader guessing and add to the emotional intensity.
3. **Magical realism**: Introduce magical or supernatural elements to represent the characters' emotional turmoil. For example, the protagonist might experience vivid, disturbing dreams or see apparitions that symbolize their inner conflict.
4. **Multiple perspectives**: Explore the break-up from the perspectives of both partners, but also consider including the perspectives of others who were affected by the relationship, such as friends, family members, or even inanimate objects. This can create a richer, more nuanced understanding of the situation.
5. **The power of silence**: Focus on the silence that follows a break-up, rather than the arguments or dramatic moments. Explore the uncomfortable silences, the unspoken words, and the lingering questions that haunt the characters.
6. **The blurring of reality and fantasy**: Combine reality and fantasy to represent the characters' emotional states. For example, the protagonist might become lost in a dream world or experience a sense of detachment from reality.
7. **The impact on daily life**: Show how the break-up affects the characters' daily routines, habits, and relationships with others. This can highlight the ways in which a break-up can disrupt even the most mundane aspects of life.
8. **The use of symbolism**: Incorporate symbols, metaphors, or objects that hold significance for the characters, such as a specific color, a song, or a place. These symbols can represent the characters' emotions and serve as a reminder of the break-up.
9. **The passage of time**: Explore the passage of time and how it affects the characters. Show how the days, weeks, and months following the break-up change them in different ways, and how they struggle to come to terms with their new reality.
10. **The complexity of emotions**: Avoid simplistic portrayals of emotions and instead explore the complexity and messiness of human feelings. Show how the characters experience a range of emotions, from anger and sadness to guilt and nostalgia.
11. **The impact on identity**: Examine how the break-up affects the characters' sense of identity and self. Show how they struggle to redefine themselves and find their place in the world without their partner.
12. **The use of sensory details**: Use sensory details to bring the story to life and convey the characters' emotions. For example, describe the smell of a particular scent that reminds the protagonist of their partner, or the sound of a specific song that brings back memories of the relationship.
13. **The power of nostalgia**: Explore the nostalgia that often accompanies a break-up. Show how the characters cling to memories of the past and struggle to let go of the past.
14. **The impact on relationships with others**: Examine how the break-up affects the characters' relationships with friends, family, and others."," Show how they struggle to form new connections and navigate their social relationships.
15. **The use of fragmentation**: Use fragmentation to represent the characters' emotional states. For example, describe how they feel like they're losing their grip on reality or that their thoughts are scattered and disjointed.

Remember, the key to writing a compelling story about a difficult break-up is to be honest and authentic in your portrayal of the characters' emotions. Avoid clichés and tropes, and instead focus on exploring the complexities and nuances of human relationships."
88,705,unsure,6,0.2,"Exploring darker themes of human emotions and relationships can lead to a rich and thought-provoking story. Here are some unconventional approaches to portraying a difficult break-up and its lasting impact:

1. **Non-linear storytelling**: Break the traditional narrative structure by jumping back and forth between different time periods, exploring the events leading up to the break-up and its aftermath. This can create a sense of disorientation and reflect the disjointedness of the characters' emotions.
2. **Unreliable narrators**: Use an unreliable narrator to convey the complexities of the characters' emotions. This can be achieved through their biased perspectives, fragmented memories, or even their own mental health struggles. This will keep the reader guessing and add to the emotional intensity.
3. **Magical realism**: Introduce magical or supernatural elements to represent the characters' emotional turmoil. For example, the protagonist might experience vivid, disturbing dreams or see apparitions that symbolize their inner conflict.
4. **Multiple perspectives**: Explore the break-up from the perspectives of both partners, but also consider including the perspectives of others who were affected by the relationship, such as friends, family members, or even inanimate objects. This can create a richer, more nuanced understanding of the situation.
5. **The power of silence**: Focus on the silence that follows a break-up, rather than the arguments or dramatic moments. Explore the uncomfortable silences, the unspoken words, and the lingering questions that haunt the characters.
6. **The blurring of reality and fantasy**: Combine reality and fantasy to represent the characters' emotional states. For example, the protagonist might become lost in a dream world or experience a sense of detachment from reality.
7. **The impact on daily life**: Show how the break-up affects the characters' daily routines, habits, and relationships with others. This can highlight the ways in which a break-up can disrupt even the most mundane aspects of life.
8. **The use of symbolism**: Incorporate symbols, metaphors, or objects that hold significance for the characters, such as a specific color, a song, or a place. These symbols can represent the characters' emotions and serve as a reminder of the break-up.
9. **The passage of time**: Explore the passage of time and how it affects the characters. Show how the days, weeks, and months following the break-up change them in different ways, and how they struggle to come to terms with their new reality.
10. **The complexity of emotions**: Avoid simplistic portrayals of emotions and instead explore the complexity and messiness of human feelings. Show how the characters experience a range of emotions, from anger and sadness to guilt and nostalgia.
11. **The impact on identity**: Examine how the break-up affects the characters' sense of identity and self. Show how they struggle to redefine themselves and find their place in the world without their partner.
12. **The use of sensory details**: Use sensory details to bring the story to life and convey the characters' emotions. For example, describe the smell of a particular scent that reminds the protagonist of their partner, or the sound of a specific song that brings back memories of the relationship.
13. **The power of nostalgia**: Explore the nostalgia that often accompanies a break-up. Show how the characters cling to memories of the past and struggle to let go of the past.
14. **The impact on relationships with others**: Examine how the break-up affects the characters' relationships with friends, family, and others."," Show how they struggle to open up to new people or form new connections.
15. **The struggle for closure**: Portray the characters' search for closure and how it affects their emotional state. Show how they struggle to come to terms with the end of the relationship and find a way to move forward.

Remember, these suggestions are meant to be starting points for your creative exploration. Feel free to experiment and find the approach that works best for your story."
89,726,false,2,0.06666666666666667,"Exploring darker themes of human emotions and relationships can lead to a rich and thought-provoking story. Here are some unconventional approaches to portraying a difficult break-up and its lasting impact:

1. **Non-linear storytelling**: Break the traditional narrative structure by jumping back and forth between different time periods, exploring the events leading up to the break-up and its aftermath. This can create a sense of disorientation and reflect the disjointedness of the characters' emotions.
2. **Unreliable narrators**: Use an unreliable narrator to convey the complexities of the characters' emotions. This can be achieved through their biased perspectives, fragmented memories, or even their own mental health struggles. This will keep the reader guessing and add to the emotional intensity.
3. **Magical realism**: Introduce magical or supernatural elements to represent the characters' emotional turmoil. For example, the protagonist might experience vivid, disturbing dreams or see apparitions that symbolize their inner conflict.
4. **Multiple perspectives**: Explore the break-up from the perspectives of both partners, but also consider including the perspectives of others who were affected by the relationship, such as friends, family members, or even inanimate objects. This can create a richer, more nuanced understanding of the situation.
5. **The power of silence**: Focus on the silence that follows a break-up, rather than the arguments or dramatic moments. Explore the uncomfortable silences, the unspoken words, and the lingering questions that haunt the characters.
6. **The blurring of reality and fantasy**: Combine reality and fantasy to represent the characters' emotional states. For example, the protagonist might become lost in a dream world or experience a sense of detachment from reality.
7. **The impact on daily life**: Show how the break-up affects the characters' daily routines, habits, and relationships with others. This can highlight the ways in which a break-up can disrupt even the most mundane aspects of life.
8. **The use of symbolism**: Incorporate symbols, metaphors, or objects that hold significance for the characters, such as a specific color, a song, or a place. These symbols can represent the characters' emotions and serve as a reminder of the break-up.
9. **The passage of time**: Explore the passage of time and how it affects the characters. Show how the days, weeks, and months following the break-up change them in different ways, and how they struggle to come to terms with their new reality.
10. **The complexity of emotions**: Avoid simplistic portrayals of emotions and instead explore the complexity and messiness of human feelings. Show how the characters experience a range of emotions, from anger and sadness to guilt and nostalgia.
11. **The impact on identity**: Examine how the break-up affects the characters' sense of identity and self. Show how they struggle to redefine themselves and find their place in the world without their partner.
12. **The use of sensory details**: Use sensory details to bring the story to life and convey the characters' emotions. For example, describe the smell of a particular scent that reminds the protagonist of their partner, or the sound of a specific song that brings back memories of the relationship.
13. **The power of nostalgia**: Explore the nostalgia that often accompanies a break-up. Show how the characters cling to memories of the past and struggle to let go of the past.
14. **The impact on relationships with others**: Examine how the break-up affects the characters' relationships with friends, family, and others. Show how they struggle to form new connections and how these relationships are affected by the break-up.
15."," **The complexity of accountability**: Avoid simplistic portrayals of blame and accountability. Show how the characters grapple with their own responsibilities and guilt, and how they navigate the complex dynamics of a break-up.

Remember, these suggestions are meant to inspire you to explore complex relationship dynamics and emotions in your story. Feel free to experiment and find the approach that works best for your narrative."
90,726,true,27,0.9,"Exploring darker themes of human emotions and relationships can lead to a rich and thought-provoking story. Here are some unconventional approaches to portraying a difficult break-up and its lasting impact:

1. **Non-linear storytelling**: Break the traditional narrative structure by jumping back and forth between different time periods, exploring the events leading up to the break-up and its aftermath. This can create a sense of disorientation and reflect the disjointedness of the characters' emotions.
2. **Unreliable narrators**: Use an unreliable narrator to convey the complexities of the characters' emotions. This can be achieved through their biased perspectives, fragmented memories, or even their own mental health struggles. This will keep the reader guessing and add to the emotional intensity.
3. **Magical realism**: Introduce magical or supernatural elements to represent the characters' emotional turmoil. For example, the protagonist might experience vivid, disturbing dreams or see apparitions that symbolize their inner conflict.
4. **Multiple perspectives**: Explore the break-up from the perspectives of both partners, but also consider including the perspectives of others who were affected by the relationship, such as friends, family members, or even inanimate objects. This can create a richer, more nuanced understanding of the situation.
5. **The power of silence**: Focus on the silence that follows a break-up, rather than the arguments or dramatic moments. Explore the uncomfortable silences, the unspoken words, and the lingering questions that haunt the characters.
6. **The blurring of reality and fantasy**: Combine reality and fantasy to represent the characters' emotional states. For example, the protagonist might become lost in a dream world or experience a sense of detachment from reality.
7. **The impact on daily life**: Show how the break-up affects the characters' daily routines, habits, and relationships with others. This can highlight the ways in which a break-up can disrupt even the most mundane aspects of life.
8. **The use of symbolism**: Incorporate symbols, metaphors, or objects that hold significance for the characters, such as a specific color, a song, or a place. These symbols can represent the characters' emotions and serve as a reminder of the break-up.
9. **The passage of time**: Explore the passage of time and how it affects the characters. Show how the days, weeks, and months following the break-up change them in different ways, and how they struggle to come to terms with their new reality.
10. **The complexity of emotions**: Avoid simplistic portrayals of emotions and instead explore the complexity and messiness of human feelings. Show how the characters experience a range of emotions, from anger and sadness to guilt and nostalgia.
11. **The impact on identity**: Examine how the break-up affects the characters' sense of identity and self. Show how they struggle to redefine themselves and find their place in the world without their partner.
12. **The use of sensory details**: Use sensory details to bring the story to life and convey the characters' emotions. For example, describe the smell of a particular scent that reminds the protagonist of their partner, or the sound of a specific song that brings back memories of the relationship.
13. **The power of nostalgia**: Explore the nostalgia that often accompanies a break-up. Show how the characters cling to memories of the past and struggle to let go of the past.
14. **The impact on relationships with others**: Examine how the break-up affects the characters' relationships with friends, family, and others. Show how they struggle to form new connections and how these relationships are affected by the break-up.
15."," **The complexity of the break-up itself**: Avoid simplistic portrayals of a break-up as a straightforward, black-and-white situation. Show the complexity and nuance of the break-up, with both partners experiencing a range of emotions and motivations.

Remember, the key to creating a captivating and emotionally charged story is to be honest and authentic in your portrayal of the characters' emotions. Avoid clichés and tropes, and instead, focus on exploring the complexities and nuances of human relationships."
91,726,unsure,1,0.03333333333333333,"Exploring darker themes of human emotions and relationships can lead to a rich and thought-provoking story. Here are some unconventional approaches to portraying a difficult break-up and its lasting impact:

1. **Non-linear storytelling**: Break the traditional narrative structure by jumping back and forth between different time periods, exploring the events leading up to the break-up and its aftermath. This can create a sense of disorientation and reflect the disjointedness of the characters' emotions.
2. **Unreliable narrators**: Use an unreliable narrator to convey the complexities of the characters' emotions. This can be achieved through their biased perspectives, fragmented memories, or even their own mental health struggles. This will keep the reader guessing and add to the emotional intensity.
3. **Magical realism**: Introduce magical or supernatural elements to represent the characters' emotional turmoil. For example, the protagonist might experience vivid, disturbing dreams or see apparitions that symbolize their inner conflict.
4. **Multiple perspectives**: Explore the break-up from the perspectives of both partners, but also consider including the perspectives of others who were affected by the relationship, such as friends, family members, or even inanimate objects. This can create a richer, more nuanced understanding of the situation.
5. **The power of silence**: Focus on the silence that follows a break-up, rather than the arguments or dramatic moments. Explore the uncomfortable silences, the unspoken words, and the lingering questions that haunt the characters.
6. **The blurring of reality and fantasy**: Combine reality and fantasy to represent the characters' emotional states. For example, the protagonist might become lost in a dream world or experience a sense of detachment from reality.
7. **The impact on daily life**: Show how the break-up affects the characters' daily routines, habits, and relationships with others. This can highlight the ways in which a break-up can disrupt even the most mundane aspects of life.
8. **The use of symbolism**: Incorporate symbols, metaphors, or objects that hold significance for the characters, such as a specific color, a song, or a place. These symbols can represent the characters' emotions and serve as a reminder of the break-up.
9. **The passage of time**: Explore the passage of time and how it affects the characters. Show how the days, weeks, and months following the break-up change them in different ways, and how they struggle to come to terms with their new reality.
10. **The complexity of emotions**: Avoid simplistic portrayals of emotions and instead explore the complexity and messiness of human feelings. Show how the characters experience a range of emotions, from anger and sadness to guilt and nostalgia.
11. **The impact on identity**: Examine how the break-up affects the characters' sense of identity and self. Show how they struggle to redefine themselves and find their place in the world without their partner.
12. **The use of sensory details**: Use sensory details to bring the story to life and convey the characters' emotions. For example, describe the smell of a particular scent that reminds the protagonist of their partner, or the sound of a specific song that brings back memories of the relationship.
13. **The power of nostalgia**: Explore the nostalgia that often accompanies a break-up. Show how the characters cling to memories of the past and struggle to let go of the past.
14. **The impact on relationships with others**: Examine how the break-up affects the characters' relationships with friends, family, and others. Show how they struggle to form new connections and how these relationships are affected by the break-up.
15."," **The cyclical nature of emotions**: Represent the cyclical nature of emotions, where the characters experience a range of emotions in a repetitive pattern. This can create a sense of hopelessness and despair.

Remember, these suggestions are meant to be thought-provoking and unconventional. Feel free to experiment and find the approach that works best for your story."
92,751,false,7,0.23333333333333334,"Exploring darker themes of human emotions and relationships can lead to a rich and thought-provoking story. Here are some unconventional approaches to portraying a difficult break-up and its lasting impact:

1. **Non-linear storytelling**: Break the traditional narrative structure by jumping back and forth between different time periods, exploring the events leading up to the break-up and its aftermath. This can create a sense of disorientation and reflect the disjointedness of the characters' emotions.
2. **Unreliable narrators**: Use an unreliable narrator to convey the complexities of the characters' emotions. This can be achieved through their biased perspectives, fragmented memories, or even their own mental health struggles. This will keep the reader guessing and add to the emotional intensity.
3. **Magical realism**: Introduce magical or supernatural elements to represent the characters' emotional turmoil. For example, the protagonist might experience vivid, disturbing dreams or see apparitions that symbolize their inner conflict.
4. **Multiple perspectives**: Explore the break-up from the perspectives of both partners, but also consider including the perspectives of others who were affected by the relationship, such as friends, family members, or even inanimate objects. This can create a richer, more nuanced understanding of the situation.
5. **The power of silence**: Focus on the silence that follows a break-up, rather than the arguments or dramatic moments. Explore the uncomfortable silences, the unspoken words, and the lingering questions that haunt the characters.
6. **The blurring of reality and fantasy**: Combine reality and fantasy to represent the characters' emotional states. For example, the protagonist might become lost in a dream world or experience a sense of detachment from reality.
7. **The impact on daily life**: Show how the break-up affects the characters' daily routines, habits, and relationships with others. This can highlight the ways in which a break-up can disrupt even the most mundane aspects of life.
8. **The use of symbolism**: Incorporate symbols, metaphors, or objects that hold significance for the characters, such as a specific color, a song, or a place. These symbols can represent the characters' emotions and serve as a reminder of the break-up.
9. **The passage of time**: Explore the passage of time and how it affects the characters. Show how the days, weeks, and months following the break-up change them in different ways, and how they struggle to come to terms with their new reality.
10. **The complexity of emotions**: Avoid simplistic portrayals of emotions and instead explore the complexity and messiness of human feelings. Show how the characters experience a range of emotions, from anger and sadness to guilt and nostalgia.
11. **The impact on identity**: Examine how the break-up affects the characters' sense of identity and self. Show how they struggle to redefine themselves and find their place in the world without their partner.
12. **The use of sensory details**: Use sensory details to bring the story to life and convey the characters' emotions. For example, describe the smell of a particular scent that reminds the protagonist of their partner, or the sound of a specific song that brings back memories of the relationship.
13. **The power of nostalgia**: Explore the nostalgia that often accompanies a break-up. Show how the characters cling to memories of the past and struggle to let go of the past.
14. **The impact on relationships with others**: Examine how the break-up affects the characters' relationships with friends, family, and others. Show how they struggle to form new connections and how these relationships are affected by the break-up.
15. **The complexity of forgiveness**: Explore the complexities of forgiveness and whether it's possible to forgive someone who has hurt you deeply."," Show how the characters grapple with the idea of forgiveness and its impact on their own healing process.

Remember, these suggestions are meant to inspire you, and you can feel free to experiment and combine them in ways that fit your story. The key is to create a narrative that is authentic, nuanced, and emotionally charged."
93,751,true,21,0.7,"Exploring darker themes of human emotions and relationships can lead to a rich and thought-provoking story. Here are some unconventional approaches to portraying a difficult break-up and its lasting impact:

1. **Non-linear storytelling**: Break the traditional narrative structure by jumping back and forth between different time periods, exploring the events leading up to the break-up and its aftermath. This can create a sense of disorientation and reflect the disjointedness of the characters' emotions.
2. **Unreliable narrators**: Use an unreliable narrator to convey the complexities of the characters' emotions. This can be achieved through their biased perspectives, fragmented memories, or even their own mental health struggles. This will keep the reader guessing and add to the emotional intensity.
3. **Magical realism**: Introduce magical or supernatural elements to represent the characters' emotional turmoil. For example, the protagonist might experience vivid, disturbing dreams or see apparitions that symbolize their inner conflict.
4. **Multiple perspectives**: Explore the break-up from the perspectives of both partners, but also consider including the perspectives of others who were affected by the relationship, such as friends, family members, or even inanimate objects. This can create a richer, more nuanced understanding of the situation.
5. **The power of silence**: Focus on the silence that follows a break-up, rather than the arguments or dramatic moments. Explore the uncomfortable silences, the unspoken words, and the lingering questions that haunt the characters.
6. **The blurring of reality and fantasy**: Combine reality and fantasy to represent the characters' emotional states. For example, the protagonist might become lost in a dream world or experience a sense of detachment from reality.
7. **The impact on daily life**: Show how the break-up affects the characters' daily routines, habits, and relationships with others. This can highlight the ways in which a break-up can disrupt even the most mundane aspects of life.
8. **The use of symbolism**: Incorporate symbols, metaphors, or objects that hold significance for the characters, such as a specific color, a song, or a place. These symbols can represent the characters' emotions and serve as a reminder of the break-up.
9. **The passage of time**: Explore the passage of time and how it affects the characters. Show how the days, weeks, and months following the break-up change them in different ways, and how they struggle to come to terms with their new reality.
10. **The complexity of emotions**: Avoid simplistic portrayals of emotions and instead explore the complexity and messiness of human feelings. Show how the characters experience a range of emotions, from anger and sadness to guilt and nostalgia.
11. **The impact on identity**: Examine how the break-up affects the characters' sense of identity and self. Show how they struggle to redefine themselves and find their place in the world without their partner.
12. **The use of sensory details**: Use sensory details to bring the story to life and convey the characters' emotions. For example, describe the smell of a particular scent that reminds the protagonist of their partner, or the sound of a specific song that brings back memories of the relationship.
13. **The power of nostalgia**: Explore the nostalgia that often accompanies a break-up. Show how the characters cling to memories of the past and struggle to let go of the past.
14. **The impact on relationships with others**: Examine how the break-up affects the characters' relationships with friends, family, and others. Show how they struggle to form new connections and how these relationships are affected by the break-up.
15. **The complexity of forgiveness**: Explore the complexities of forgiveness and whether it's possible to forgive someone who has hurt you deeply."," Show how the characters grapple with forgiveness and whether they can find it within themselves.

Remember, the key to a captivating story is to create complex, relatable characters and to explore the intricacies of human emotions. By pushing the boundaries of what's typically considered acceptable, you can create a unique and thought-provoking narrative that resonates with readers."
94,751,unsure,2,0.06666666666666667,"Exploring darker themes of human emotions and relationships can lead to a rich and thought-provoking story. Here are some unconventional approaches to portraying a difficult break-up and its lasting impact:

1. **Non-linear storytelling**: Break the traditional narrative structure by jumping back and forth between different time periods, exploring the events leading up to the break-up and its aftermath. This can create a sense of disorientation and reflect the disjointedness of the characters' emotions.
2. **Unreliable narrators**: Use an unreliable narrator to convey the complexities of the characters' emotions. This can be achieved through their biased perspectives, fragmented memories, or even their own mental health struggles. This will keep the reader guessing and add to the emotional intensity.
3. **Magical realism**: Introduce magical or supernatural elements to represent the characters' emotional turmoil. For example, the protagonist might experience vivid, disturbing dreams or see apparitions that symbolize their inner conflict.
4. **Multiple perspectives**: Explore the break-up from the perspectives of both partners, but also consider including the perspectives of others who were affected by the relationship, such as friends, family members, or even inanimate objects. This can create a richer, more nuanced understanding of the situation.
5. **The power of silence**: Focus on the silence that follows a break-up, rather than the arguments or dramatic moments. Explore the uncomfortable silences, the unspoken words, and the lingering questions that haunt the characters.
6. **The blurring of reality and fantasy**: Combine reality and fantasy to represent the characters' emotional states. For example, the protagonist might become lost in a dream world or experience a sense of detachment from reality.
7. **The impact on daily life**: Show how the break-up affects the characters' daily routines, habits, and relationships with others. This can highlight the ways in which a break-up can disrupt even the most mundane aspects of life.
8. **The use of symbolism**: Incorporate symbols, metaphors, or objects that hold significance for the characters, such as a specific color, a song, or a place. These symbols can represent the characters' emotions and serve as a reminder of the break-up.
9. **The passage of time**: Explore the passage of time and how it affects the characters. Show how the days, weeks, and months following the break-up change them in different ways, and how they struggle to come to terms with their new reality.
10. **The complexity of emotions**: Avoid simplistic portrayals of emotions and instead explore the complexity and messiness of human feelings. Show how the characters experience a range of emotions, from anger and sadness to guilt and nostalgia.
11. **The impact on identity**: Examine how the break-up affects the characters' sense of identity and self. Show how they struggle to redefine themselves and find their place in the world without their partner.
12. **The use of sensory details**: Use sensory details to bring the story to life and convey the characters' emotions. For example, describe the smell of a particular scent that reminds the protagonist of their partner, or the sound of a specific song that brings back memories of the relationship.
13. **The power of nostalgia**: Explore the nostalgia that often accompanies a break-up. Show how the characters cling to memories of the past and struggle to let go of the past.
14. **The impact on relationships with others**: Examine how the break-up affects the characters' relationships with friends, family, and others. Show how they struggle to form new connections and how these relationships are affected by the break-up.
15. **The complexity of forgiveness**: Explore the complexities of forgiveness and whether it's possible to forgive someone who has hurt you deeply."," Show how the characters grapple with forgiveness and whether it's something they can work towards.

Remember, these suggestions are meant to inspire you to explore the complexities of human emotions and relationships. Feel free to experiment and find the approaches that work best for your story."
95,793,false,6,0.2,"Exploring darker themes of human emotions and relationships can lead to a rich and thought-provoking story. Here are some unconventional approaches to portraying a difficult break-up and its lasting impact:

1. **Non-linear storytelling**: Break the traditional narrative structure by jumping back and forth between different time periods, exploring the events leading up to the break-up and its aftermath. This can create a sense of disorientation and reflect the disjointedness of the characters' emotions.
2. **Unreliable narrators**: Use an unreliable narrator to convey the complexities of the characters' emotions. This can be achieved through their biased perspectives, fragmented memories, or even their own mental health struggles. This will keep the reader guessing and add to the emotional intensity.
3. **Magical realism**: Introduce magical or supernatural elements to represent the characters' emotional turmoil. For example, the protagonist might experience vivid, disturbing dreams or see apparitions that symbolize their inner conflict.
4. **Multiple perspectives**: Explore the break-up from the perspectives of both partners, but also consider including the perspectives of others who were affected by the relationship, such as friends, family members, or even inanimate objects. This can create a richer, more nuanced understanding of the situation.
5. **The power of silence**: Focus on the silence that follows a break-up, rather than the arguments or dramatic moments. Explore the uncomfortable silences, the unspoken words, and the lingering questions that haunt the characters.
6. **The blurring of reality and fantasy**: Combine reality and fantasy to represent the characters' emotional states. For example, the protagonist might become lost in a dream world or experience a sense of detachment from reality.
7. **The impact on daily life**: Show how the break-up affects the characters' daily routines, habits, and relationships with others. This can highlight the ways in which a break-up can disrupt even the most mundane aspects of life.
8. **The use of symbolism**: Incorporate symbols, metaphors, or objects that hold significance for the characters, such as a specific color, a song, or a place. These symbols can represent the characters' emotions and serve as a reminder of the break-up.
9. **The passage of time**: Explore the passage of time and how it affects the characters. Show how the days, weeks, and months following the break-up change them in different ways, and how they struggle to come to terms with their new reality.
10. **The complexity of emotions**: Avoid simplistic portrayals of emotions and instead explore the complexity and messiness of human feelings. Show how the characters experience a range of emotions, from anger and sadness to guilt and nostalgia.
11. **The impact on identity**: Examine how the break-up affects the characters' sense of identity and self. Show how they struggle to redefine themselves and find their place in the world without their partner.
12. **The use of sensory details**: Use sensory details to bring the story to life and convey the characters' emotions. For example, describe the smell of a particular scent that reminds the protagonist of their partner, or the sound of a specific song that brings back memories of the relationship.
13. **The power of nostalgia**: Explore the nostalgia that often accompanies a break-up. Show how the characters cling to memories of the past and struggle to let go of the past.
14. **The impact on relationships with others**: Examine how the break-up affects the characters' relationships with friends, family, and others. Show how they struggle to form new connections and how these relationships are affected by the break-up.
15. **The complexity of forgiveness**: Explore the complexities of forgiveness and whether it's possible to forgive someone who has hurt you deeply. Show how the characters grapple with this question and the consequences of their choices.

Remember, the key to writing a compelling story is to be honest and authentic in your portrayal of the characters' emotions and experiences."," By exploring these unconventional approaches, you can create a story that is both thought-provoking and emotionally charged."
96,793,true,24,0.8,"Exploring darker themes of human emotions and relationships can lead to a rich and thought-provoking story. Here are some unconventional approaches to portraying a difficult break-up and its lasting impact:

1. **Non-linear storytelling**: Break the traditional narrative structure by jumping back and forth between different time periods, exploring the events leading up to the break-up and its aftermath. This can create a sense of disorientation and reflect the disjointedness of the characters' emotions.
2. **Unreliable narrators**: Use an unreliable narrator to convey the complexities of the characters' emotions. This can be achieved through their biased perspectives, fragmented memories, or even their own mental health struggles. This will keep the reader guessing and add to the emotional intensity.
3. **Magical realism**: Introduce magical or supernatural elements to represent the characters' emotional turmoil. For example, the protagonist might experience vivid, disturbing dreams or see apparitions that symbolize their inner conflict.
4. **Multiple perspectives**: Explore the break-up from the perspectives of both partners, but also consider including the perspectives of others who were affected by the relationship, such as friends, family members, or even inanimate objects. This can create a richer, more nuanced understanding of the situation.
5. **The power of silence**: Focus on the silence that follows a break-up, rather than the arguments or dramatic moments. Explore the uncomfortable silences, the unspoken words, and the lingering questions that haunt the characters.
6. **The blurring of reality and fantasy**: Combine reality and fantasy to represent the characters' emotional states. For example, the protagonist might become lost in a dream world or experience a sense of detachment from reality.
7. **The impact on daily life**: Show how the break-up affects the characters' daily routines, habits, and relationships with others. This can highlight the ways in which a break-up can disrupt even the most mundane aspects of life.
8. **The use of symbolism**: Incorporate symbols, metaphors, or objects that hold significance for the characters, such as a specific color, a song, or a place. These symbols can represent the characters' emotions and serve as a reminder of the break-up.
9. **The passage of time**: Explore the passage of time and how it affects the characters. Show how the days, weeks, and months following the break-up change them in different ways, and how they struggle to come to terms with their new reality.
10. **The complexity of emotions**: Avoid simplistic portrayals of emotions and instead explore the complexity and messiness of human feelings. Show how the characters experience a range of emotions, from anger and sadness to guilt and nostalgia.
11. **The impact on identity**: Examine how the break-up affects the characters' sense of identity and self. Show how they struggle to redefine themselves and find their place in the world without their partner.
12. **The use of sensory details**: Use sensory details to bring the story to life and convey the characters' emotions. For example, describe the smell of a particular scent that reminds the protagonist of their partner, or the sound of a specific song that brings back memories of the relationship.
13. **The power of nostalgia**: Explore the nostalgia that often accompanies a break-up. Show how the characters cling to memories of the past and struggle to let go of the past.
14. **The impact on relationships with others**: Examine how the break-up affects the characters' relationships with friends, family, and others. Show how they struggle to form new connections and how these relationships are affected by the break-up.
15. **The complexity of forgiveness**: Explore the complexities of forgiveness and whether it's possible to forgive someone who has hurt you deeply. Show how the characters grapple with this question and the consequences of their choices.

Remember, the key to writing a compelling story is to be honest and authentic in your portrayal of the characters' emotions and experiences."," By exploring the complexities of human emotions and relationships, you can create a story that is both thought-provoking and emotionally charged."
97,819,true,30,1.0,,
