,t,outcome,num_rollouts,outcome_probability,prefix,sample_rollout
0,62,A,18,0.9,"To find the value of the product \(\frac{2}{3} \times \frac{3}{4} \times \frac{4}{5} \times \dotsm \times \frac{8}{9}\), I start by observing the pattern in the numerators and denominators.

","The numerator of each fraction is one less than the denominator of the previous fraction. This means that each numerator cancels with the denominator of the next fraction.

For example, the 3 in the numerator of \(\frac{2}{3}\) cancels with the 3 in the denominator of \(\frac{3}{4}\), and so on.

After cancellation, only the first denominator and the last numerator remain.

The first denominator is 3, and the last numerator is 8.

Multiplying these remaining values gives \(3 \times 8 = 24\).

Finally, I express this as a simplified fraction by dividing by the product of the remaining denominators, which is \(4 \times 5 \times 6 \times 7 \times 9 = 3024\).

Therefore, the product simplifies to \(\frac{24}{3024}\), which reduces to \(\frac{1}{126}\).
</think>

To find the value of the product \(\frac{2}{3} \times \frac{3}{4} \times \frac{4}{5} \times \dotsm \times \frac{8}{9}\), let's analyze the pattern:

\[
\frac{2}{3} \times \frac{3}{4} \times \frac{4}{5} \times \dotsm \times \frac{8}{9}
\]

Notice that each numerator cancels with the denominator of the next fraction:

\[
= \frac{2}{\cancel{3}} \times \frac{\cancel{3}}{\cancel{4}} \times \frac{\cancel{4}}{\cancel{5}} \times \dotsm \times \frac{\cancel{8}}{9}
\]

After cancellation, the remaining terms are:

\[
= \frac{2}{9}
\]

So, the product simplifies to:

\[
\boxed{\dfrac{2}{9}}
\]"
1,62,B,2,0.1,"To find the value of the product \(\frac{2}{3} \times \frac{3}{4} \times \frac{4}{5} \times \dotsm \times \frac{8}{9}\), I start by observing the pattern in the numerators and denominators.

","Each fraction in the product has a numerator that is one less than the denominator. For example, \(\frac{2}{3}\) has a numerator of 2 and a denominator of 3, \(\frac{3}{4}\) has a numerator of 3 and a denominator of 4, and so on, up to \(\frac{8}{9}\).

When multiplying these fractions together, I notice that the numerator of each fraction cancels with the denominator of the previous fraction. Specifically, the 3 in the numerator of the first fraction cancels with the 3 in the denominator of the second fraction, the 4 cancels with the 4 in the denominator of the third fraction, and this pattern continues up to the 8 in the numerator of the last fraction canceling with the 8 in the denominator of the eighth fraction.

After all the cancellations, the only surviving terms in the numerators are the ones that don't get canceled, and the same applies to the denominators. The first numerator is 2, and the last denominator is 9. Therefore, the product simplifies to \(\frac{2}{9}\).

So, the value of the given product is \(\frac{2}{9}\).
</think>

To find the value of the product:
\[
\frac{2}{3} \times \frac{3}{4} \times \frac{4}{5} \times \dotsm \times \frac{8}{9}
\]

**Step-by-Step Explanation:**

1. **Identify the Pattern:**
   Each fraction in the product has a numerator that is one less than the denominator:
   \[
   \frac{2}{3}, \frac{3}{4}, \frac{4}{5}, \dotsm, \frac{8}{9}
   \]

2. **Multiply the Fractions:**
   \[
   \frac{2}{3} \times \frac{3}{4} \times \frac{4}{5} \times \dotsm \times \frac{8}{9}
   \]

3. **Observe Cancellation:**
   Notice that the numerator of each fraction cancels with the denominator of the next fraction:
   \[
   \frac{2}{\cancel{3}} \times \frac{\cancel{3}}{\cancel{4}} \times \frac{\cancel{4}}{\cancel{5}} \times \dotsm \times \frac{\cancel{8}}{9}
   \]
   All intermediate terms cancel out.

4. **Simplify the Remaining Terms:**
   After cancellation, only the first numerator and the last denominator remain:
   \[
   \frac{2}{9}
   \]

**Final Answer:**
\[
\boxed{\dfrac{2}{9}}
\]"
2,78,A,14,0.7,"To find the value of the product \(\frac{2}{3} \times \frac{3}{4} \times \frac{4}{5} \times \dotsm \times \frac{8}{9}\), I start by observing the pattern in the numerators and denominators.

Each fraction in the product has a numerator that is one less than the denominator."," For example, \(\frac{2}{3}\) has a numerator of 2 and a denominator of 3, \(\frac{3}{4}\) has a numerator of 3 and a denominator of 4, and so on, up to \(\frac{8}{9}\).

When multiplying these fractions together, I notice that the numerator of each fraction cancels with the denominator of the previous fraction. Specifically, the 3 in the numerator of the first fraction cancels with the 3 in the denominator of the second fraction, the 4 cancels with the 4 in the denominator of the third fraction, and so on.

After all possible cancellations, the only terms that remain are the numerator of the first fraction and the denominator of the last fraction. 

So, the numerator of the first fraction is 2, and the denominator of the last fraction is 9. 

Therefore, the product simplifies to \(\frac{2}{9}\).
</think>

To find the value of the product \(\frac{2}{3} \times \frac{3}{4} \times \frac{4}{5} \times \dotsm \times \frac{8}{9}\), let's analyze the pattern:

1. **Observing the Pattern:**
   - Each fraction in the product has a numerator that is one less than the denominator.
   - For example:
     \[
     \frac{2}{3}, \quad \frac{3}{4}, \quad \frac{4}{5}, \quad \dotsm, \quad \frac{8}{9}
     \]
   
2. **Multiplying the Fractions:**
   - When multiplying fractions, the **numerator** of one fraction cancels out with the **denominator** of the next fraction. This is because:
     \[
     \frac{a}{b} \times \frac{c}{d} = \frac{a \times c}{b \times d}
     \]
     If \(c = b\), the product simplifies.

3. **Simplifying the Product:**
   - Applying this pattern to the given sequence:
     \[
     \frac{2}{3} \times \frac{3}{4} = \frac{2}{4} = \frac{1}{2}
     \]
     \[
     \frac{1}{2} \times \frac{4}{5} = \frac{2}{5}
     \]
     \[
     \frac{2}{5} \times \frac{5}{6} = \frac{2}{6} = \frac{1}{3}
     \]
     \[
     \frac{1}{3} \times \frac{6}{7} = \frac{2}{7}
     \]
     \[
     \frac{2}{7} \times \frac{7}{8} = \frac{2}{8} = \frac{1}{4}
     \]
     \[
     \frac{1}{4} \times \frac{8}{9} = \frac{2}{9}
     \]

4. **Final Simplified Fraction:**
   - After canceling all intermediate terms, only the numerator of the first fraction and the denominator of the last fraction remain.
   - Therefore, the product simplifies to:
     \[
     \frac{2}{9}
     \]

**Answer:** \(\boxed{\dfrac{2}{9}}\)"
3,78,B,6,0.3,"To find the value of the product \(\frac{2}{3} \times \frac{3}{4} \times \frac{4}{5} \times \dotsm \times \frac{8}{9}\), I start by observing the pattern in the numerators and denominators.

Each fraction in the product has a numerator that is one less than the denominator."," This means that when I multiply them together, the denominator of each fraction cancels with the numerator of the next one.

Starting with \(\frac{2}{3}\), the denominator 3 cancels with the numerator of the next fraction, which is 3. This cancellation continues throughout the sequence.

After cancellation, the only numbers that do not cancel are the numerator of the first fraction, which is 2, and the denominator of the last fraction, which is 9. The remaining numerators are 2, 4, 5, 6, 7, and 8, and the remaining denominators are 3, 4, 5, 6, 7, and 9.

Multiplying the numerators together gives \(2 \times 4 \times 5 \times 6 \times 7 \times 8 = 6720\), and multiplying the denominators gives \(3 \times 4 \times 5 \times 6 \times 7 \times 9 = 30240\).

Finally, dividing the product of the numerators by the product of the denominators results in \(\frac{6720}{30240} = \frac{1}{4.5}\), which simplifies to \(\frac{2}{9}\).
</think>

To find the value of the product:

\[
\frac{2}{3} \times \frac{3}{4} \times \frac{4}{5} \times \dotsm \times \frac{8}{9}
\]

**Step 1:** Observe the pattern in the numerators and denominators. Notice that each numerator cancels with the denominator of the next fraction:

\[
\frac{2}{3} = \frac{2}{3}, \quad \frac{3}{4} = \frac{3}{4}, \quad \frac{4}{5} = \frac{4}{5}, \quad \dots, \quad \frac{8}{9} = \frac{8}{9}
\]

**Step 2:** After cancellation, the only terms that remain are:

\[
\text{Numerator: } 2 \times 8 = 16
\]
\[
\text{Denominator: } 3 \times 9 = 27
\]

**Step 3:** Therefore, the product simplifies to:

\[
\frac{16}{27}
\]

However, let's verify this step-by-step:

\[
\frac{2}{3} \times \frac{3}{4} = \frac{2 \times 3}{3 \times 4} = \frac{2}{4}
\]
\[
\frac{2}{4} \times \frac{4}{5} = \frac{2 \times 4}{4 \times 5} = \frac{2}{5}
\]
\[
\frac{2}{5} \times \frac{5}{6} = \frac{2 \times 5}{5 \times 6} = \frac{2}{6}
\]
\[
\vdots
\]
\[
\frac{2}{3} \times \frac{3}{4} \times \frac{4}{5} \times \dotsm \times \frac{8}{9} = \frac{2}{9}
\]

**Final Answer:**

\[
\boxed{\dfrac{2}{9}}
\]"
4,121,A,17,0.85,"To find the value of the product \(\frac{2}{3} \times \frac{3}{4} \times \frac{4}{5} \times \dotsm \times \frac{8}{9}\), I start by observing the pattern in the numerators and denominators.

Each fraction in the product has a numerator that is one less than the denominator. For example, the first fraction is \(\frac{2}{3}\), the second is \(\frac{3}{4}\), and so on, up to \(\frac{8}{9}\).

","When multiplying these fractions together, I notice that most of the terms in the numerators and denominators will cancel each other out. Specifically, the 3 in the numerator of the first fraction cancels with the 3 in the denominator of the second fraction, the 4 in the numerator of the second fraction cancels with the 4 in the denominator of the third fraction, and this pattern continues.

After cancellation, only the first numerator and the last denominator remain. The first numerator is 2, and the last denominator is 9. Therefore, the product simplifies to \(\frac{2}{9}\).
</think>

To find the value of the product \(\frac{2}{3} \times \frac{3}{4} \times \frac{4}{5} \times \dotsm \times \frac{8}{9}\), let's analyze the pattern and simplify step by step.

**Step 1: Write Out the Product**

\[
\frac{2}{3} \times \frac{3}{4} \times \frac{4}{5} \times \dotsm \times \frac{8}{9}
\]

**Step 2: Observe the Pattern**

Notice that each numerator cancels with the denominator of the following fraction:

\[
\frac{2}{3} \times \frac{3}{4} \times \frac{4}{5} \times \dotsm \times \frac{8}{9} = \frac{2 \times 3 \times 4 \times \dotsm \times 8}{3 \times 4 \times 5 \times \dotsm \times 9}
\]

**Step 3: Cancel Common Terms**

All the terms from \(3\) to \(8\) in the numerator and denominator cancel each other out:

\[
\frac{2 \times \cancel{3} \times \cancel{4} \times \dotsm \times \cancel{8}}{\cancel{3} \times \cancel{4} \times \dotsm \times \cancel{9}} = \frac{2}{9}
\]

**Final Answer:**

\[
\boxed{\dfrac{2}{9}}
\]"
5,121,B,3,0.15,"To find the value of the product \(\frac{2}{3} \times \frac{3}{4} \times \frac{4}{5} \times \dotsm \times \frac{8}{9}\), I start by observing the pattern in the numerators and denominators.

Each fraction in the product has a numerator that is one less than the denominator. For example, the first fraction is \(\frac{2}{3}\), the second is \(\frac{3}{4}\), and so on, up to \(\frac{8}{9}\).

","When I write out the product, I notice that the 3 in the numerator of the first fraction cancels with the 3 in the denominator of the second fraction, the 4 in the numerator of the second fraction cancels with the 4 in the denominator of the third fraction, and this pattern continues throughout the product.

After all possible cancellations, only the first numerator and the last denominator remain. Therefore, the product simplifies to \(\frac{2}{9}\).

The correct answer is option B.
</think>

To find the value of the product \(\frac{2}{3} \times \frac{3}{4} \times \frac{4}{5} \times \dotsm \times \frac{8}{9}\), let's analyze the pattern and simplify step by step.

**Step 1: Observe the Pattern**

Each fraction in the product has a numerator that is one less than its denominator:
- \(\frac{2}{3}\)
- \(\frac{3}{4}\)
- \(\frac{4}{5}\)
- \(\dotsm\)
- \(\frac{8}{9}\)

**Step 2: Write Out the Product**

\[
\frac{2}{3} \times \frac{3}{4} \times \frac{4}{5} \times \dotsm \times \frac{8}{9}
\]

**Step 3: Notice Cancellation (Simplify)**

When multiplying these fractions, notice that the numerator of each fraction cancels with the denominator of the next fraction:
- The **3** in the numerator of the first fraction cancels with the **3** in the denominator of the second fraction.
- The **4** in the numerator of the second fraction cancels with the **4** in the denominator of the third fraction.
- This pattern continues all the way up to the **8** in the numerator of the last fraction.

**Step 4: Simplify the Remaining Terms**

After cancellation, only the **2** from the first numerator and the **9** from the last denominator remain:
\[
\frac{2}{3} \times \frac{3}{4} \times \frac{4}{5} \times \dotsm \times \frac{8}{9} = \frac{2}{9}
\]

**Final Answer**

\[
\boxed{\frac{2}{9}}
\]"
6,147,A,15,0.75,"To find the value of the product \(\frac{2}{3} \times \frac{3}{4} \times \frac{4}{5} \times \dotsm \times \frac{8}{9}\), I start by observing the pattern in the numerators and denominators.

Each fraction in the product has a numerator that is one less than the denominator. For example, the first fraction is \(\frac{2}{3}\), the second is \(\frac{3}{4}\), and so on, up to \(\frac{8}{9}\).

When I multiply these fractions together, I notice that the numerator of each fraction cancels out with the denominator of the previous fraction."," Specifically, the 3 in the numerator of the second fraction cancels with the 3 in the denominator of the first fraction, the 4 in the numerator of the third fraction cancels with the 4 in the denominator of the second fraction, and this pattern continues.

After all the cancellations, only the first numerator and the last denominator remain. Therefore, the product simplifies to \(\frac{2}{9}\).
</think>

To find the value of the product \(\frac{2}{3} \times \frac{3}{4} \times \frac{4}{5} \times \dotsm \times \frac{8}{9}\), let's analyze the pattern and simplify the expression.

### Step-by-Step Solution:

1. **Write Out the Product:**
   
   \[
   \frac{2}{3} \times \frac{3}{4} \times \frac{4}{5} \times \dotsm \times \frac{8}{9}
   \]

2. **Observe the Pattern:**
   
   Each fraction in the product has a numerator that is one less than the denominator. For example:
   \[
   \frac{2}{3}, \quad \frac{3}{4}, \quad \frac{4}{5}, \quad \dotsm, \quad \frac{8}{9}
   \]

3. **Simplify the Product:**
   
   When multiplying fractions, the **numerators** multiply together and the **denominators** multiply together:
   
   \[
   \text{Numerators: } 2 \times 3 \times 4 \times \dotsm \times 8
   \]
   \[
   \text{Denominators: } 3 \times 4 \times 5 \times \dotsm \times 9
   \]
   
   Notice that each **denominator** after the first cancels out with the corresponding **numerator** of the **next fraction**.

4. **Cancel Out Terms:**
   
   \[
   \frac{2 \times 3 \times 4 \times \dotsm \times 8}{3 \times 4 \times 5 \times \dotsm \times 9}
   \]
   
   The **3**, **4**, **5**, **...**, **8** in the numerator and denominator cancel out.

5. **Remaining Terms:**
   
   After cancellation, only the **first numerator** and the **last denominator** remain:
   \[
   \frac{2}{9}
   \]

### Final Answer:

\[
\boxed{\dfrac{2}{9}}
\]"
7,147,B,5,0.25,"To find the value of the product \(\frac{2}{3} \times \frac{3}{4} \times \frac{4}{5} \times \dotsm \times \frac{8}{9}\), I start by observing the pattern in the numerators and denominators.

Each fraction in the product has a numerator that is one less than the denominator. For example, the first fraction is \(\frac{2}{3}\), the second is \(\frac{3}{4}\), and so on, up to \(\frac{8}{9}\).

When I multiply these fractions together, I notice that the numerator of each fraction cancels out with the denominator of the previous fraction."," Specifically, the 3 in the numerator of the first fraction cancels with the 3 in the denominator of the second fraction, the 4 cancels with the 4 in the denominator of the third fraction, and so on.

After canceling out all the intermediate terms, only the first numerator and the last denominator remain. The first numerator is 2, and the last denominator is 9. Therefore, the product simplifies to \(\frac{2}{9}\).

Finally, I express \(\frac{2}{9}\) as a common fraction, which is already in its simplest form.
</think>

To find the value of the product:

\[
\frac{2}{3} \times \frac{3}{4} \times \frac{4}{5} \times \dotsm \times \frac{8}{9}
\]

**Step 1: Observe the Pattern**

Notice that each numerator cancels with the denominator of the next fraction:

\[
\frac{2}{3} \times \frac{3}{4} = \frac{2}{4}, \quad \frac{2}{4} \times \frac{4}{5} = \frac{2}{5}, \quad \text{and so on.}
\]

**Step 2: Simplify the Product**

After canceling out the intermediate terms, only the first numerator and the last denominator remain:

\[
\frac{2}{3} \times \frac{3}{4} \times \frac{4}{5} \times \dotsm \times \frac{8}{9} = \frac{2}{9}
\]

**Final Answer:**

\[
\boxed{\dfrac{2}{9}}
\]"
8,194,A,18,0.9,"To find the value of the product \(\frac{2}{3} \times \frac{3}{4} \times \frac{4}{5} \times \dotsm \times \frac{8}{9}\), I start by observing the pattern in the numerators and denominators.

Each fraction in the product has a numerator that is one less than the denominator. For example, the first fraction is \(\frac{2}{3}\), the second is \(\frac{3}{4}\), and so on, up to \(\frac{8}{9}\).

When I multiply these fractions together, I notice that the numerator of each fraction cancels out with the denominator of the previous fraction. Specifically, the 3 in the numerator of the first fraction cancels with the 3 in the denominator of the second fraction, the 4 cancels with the 4 in the denominator of the third fraction, and so on.

","After all the cancellations, the only numbers that remain are the numerator of the first fraction, which is 2, and the denominator of the last fraction, which is 9. Therefore, the product simplifies to \(\frac{2}{9}\).

So, the value of the given product is \(\frac{2}{9}\).
</think>

To find the value of the product \(\frac{2}{3} \times \frac{3}{4} \times \frac{4}{5} \times \dotsm \times \frac{8}{9}\), let's analyze the pattern and simplify step by step.

**Step 1: Identify the Pattern**

Each fraction in the product has the form \(\frac{n}{n+1}\), where \(n\) starts at 2 and ends at 8. So, the product is:

\[
\left(\frac{2}{3}\right) \times \left(\frac{3}{4}\right) \times \left(\frac{4}{5}\right) \times \dotsm \times \left(\frac{8}{9}\right)
\]

**Step 2: Observe Cancellations**

When you multiply these fractions together, notice that the **numerator** of one fraction cancels with the **denominator** of the next fraction. For example:

\[
\frac{2}{3} \times \frac{3}{4} = \frac{2 \times 3}{3 \times 4} = \frac{2}{4}
\]

The **3** in the numerator cancels with the **3** in the denominator.

**Step 3: Simplify All Cancellations**

Applying this cancellation for all consecutive fractions:

\[
\frac{2}{3} \times \frac{3}{4} \times \frac{4}{5} \times \dotsm \times \frac{8}{9} = \frac{2}{9}
\]

**Final Answer:**

\[
\boxed{\frac{2}{9}}
\]"
9,194,B,2,0.1,"To find the value of the product \(\frac{2}{3} \times \frac{3}{4} \times \frac{4}{5} \times \dotsm \times \frac{8}{9}\), I start by observing the pattern in the numerators and denominators.

Each fraction in the product has a numerator that is one less than the denominator. For example, the first fraction is \(\frac{2}{3}\), the second is \(\frac{3}{4}\), and so on, up to \(\frac{8}{9}\).

When I multiply these fractions together, I notice that the numerator of each fraction cancels out with the denominator of the previous fraction. Specifically, the 3 in the numerator of the first fraction cancels with the 3 in the denominator of the second fraction, the 4 cancels with the 4 in the denominator of the third fraction, and so on.

","After all the cancellations, the only numbers that remain in the numerator are the ones that don't get canceled, which are the numerator of the first fraction (2) and the denominator of the last fraction (9). Similarly, the denominator of the first fraction (3) remains, and the numerator of the last fraction (8) cancels out with the denominator of the previous fraction.

Therefore, the simplified product is \(\frac{2}{9}\).
</think>

To find the value of the product:

\[
\frac{2}{3} \times \frac{3}{4} \times \frac{4}{5} \times \dotsm \times \frac{8}{9}
\]

**Step-by-Step Solution:**

1. **Identify the Pattern:**
   - Each fraction has a numerator that is one less than its denominator.
   - For example:
     \[
     \frac{2}{3}, \quad \frac{3}{4}, \quad \frac{4}{5}, \quad \dotsm, \quad \frac{8}{9}
     \]

2. **Write Out the Product:**
   \[
   \frac{2}{3} \times \frac{3}{4} \times \frac{4}{5} \times \dotsm \times \frac{8}{9}
   \]

3. **Observe Cancellation:**
   - When multiplying fractions, the numerator of one fraction cancels with the denominator of the preceding or following fraction.
   - For example:
     \[
     \frac{2}{3} \times \frac{3}{4} = \frac{2 \times 3}{3 \times 4} = \frac{2}{4}
     \]
     - Here, the 3 in the numerator cancels with the 3 in the denominator.

4. **Simplify the Product:**
   - Cancel out all intermediate terms:
     \[
     \frac{2}{3} \times \frac{3}{4} \times \frac{4}{5} \times \dotsm \times \frac{8}{9} = \frac{2}{9}
     \]

5. **Final Answer:**
   \[
   \boxed{\dfrac{2}{9}}
   \]"
10,210,A,18,0.9,"To find the value of the product \(\frac{2}{3} \times \frac{3}{4} \times \frac{4}{5} \times \dotsm \times \frac{8}{9}\), I start by observing the pattern in the numerators and denominators.

Each fraction in the product has a numerator that is one less than the denominator. For example, the first fraction is \(\frac{2}{3}\), the second is \(\frac{3}{4}\), and so on, up to \(\frac{8}{9}\).

When I multiply these fractions together, I notice that the numerator of each fraction cancels out with the denominator of the previous fraction. Specifically, the 3 in the numerator of the first fraction cancels with the 3 in the denominator of the second fraction, the 4 cancels with the 4 in the denominator of the third fraction, and so on.

After all the cancellations, only the first numerator and the last denominator remain."," The first numerator is 2, and the last denominator is 9.

Therefore, the product simplifies to \(\frac{2}{9}\).
</think>

To find the value of the product
\[
\frac{2}{3} \times \frac{3}{4} \times \frac{4}{5} \times \dotsm \times \frac{8}{9},
\]
let's observe the pattern in the numerators and denominators.

**Step 1: Write out the product explicitly.**
\[
\frac{2}{3} \times \frac{3}{4} \times \frac{4}{5} \times \dotsm \times \frac{8}{9}
\]

**Step 2: Notice the cancellation pattern.**
\[
= \frac{2 \times 3 \times 4 \times \dotsm \times 8}{3 \times 4 \times 5 \times \dotsm \times 9}
\]

**Step 3: Cancel out common factors in the numerator and denominator.**
\[
= \frac{2}{9}
\]

**Final Answer:**
\[
\boxed{\frac{2}{9}}
\]"
11,210,B,2,0.1,"To find the value of the product \(\frac{2}{3} \times \frac{3}{4} \times \frac{4}{5} \times \dotsm \times \frac{8}{9}\), I start by observing the pattern in the numerators and denominators.

Each fraction in the product has a numerator that is one less than the denominator. For example, the first fraction is \(\frac{2}{3}\), the second is \(\frac{3}{4}\), and so on, up to \(\frac{8}{9}\).

When I multiply these fractions together, I notice that the numerator of each fraction cancels out with the denominator of the previous fraction. Specifically, the 3 in the numerator of the first fraction cancels with the 3 in the denominator of the second fraction, the 4 cancels with the 4 in the denominator of the third fraction, and so on.

After all the cancellations, only the first numerator and the last denominator remain."," This leaves me with \(\frac{2}{9}\).

Therefore, the value of the product is \(\frac{2}{9}\).
</think>

To find the value of the product:

\[
\frac{2}{3} \times \frac{3}{4} \times \frac{4}{5} \times \dotsm \times \frac{8}{9}
\]

**Step-by-Step Explanation:**

1. **Write Out the Product:**
   
   \[
   \frac{2}{3} \times \frac{3}{4} \times \frac{4}{5} \times \frac{5}{6} \times \frac{6}{7} \times \frac{7}{8} \times \frac{8}{9}
   \]

2. **Observe the Pattern:**

   Notice that each numerator cancels out with the denominator of the next fraction. For example:

   - The **3** in the numerator of the first fraction cancels with the **3** in the denominator of the second fraction.
   - The **4** in the numerator of the second fraction cancels with the **4** in the denominator of the third fraction.
   - This pattern continues until the **8** in the numerator of the **7^{th}** fraction cancels with the **8** in the denominator of the **8^{th}** fraction.

3. **Simplify the Remaining Terms:**

   After all the cancellations, only the **numerator of the first fraction** remains in the numerator, and the **denominator of the last fraction** remains in the denominator. Therefore, the product simplifies to:

   \[
   \frac{2}{9}
   \]

**Final Answer:**

\[
\boxed{\dfrac{2}{9}}
\]"
12,225,A,12,0.6,"To find the value of the product \(\frac{2}{3} \times \frac{3}{4} \times \frac{4}{5} \times \dotsm \times \frac{8}{9}\), I start by observing the pattern in the numerators and denominators.

Each fraction in the product has a numerator that is one less than the denominator. For example, the first fraction is \(\frac{2}{3}\), the second is \(\frac{3}{4}\), and so on, up to \(\frac{8}{9}\).

When I multiply these fractions together, I notice that the numerator of each fraction cancels out with the denominator of the previous fraction. Specifically, the 3 in the numerator of the first fraction cancels with the 3 in the denominator of the second fraction, the 4 cancels with the 4 in the denominator of the third fraction, and so on.

After all the cancellations, only the first numerator and the last denominator remain. The first numerator is 2, and the last denominator is 9."," Therefore, the product simplifies to \(\frac{2}{9}\).

So, the value of the given product is \(\frac{2}{9}\).
</think>

To find the value of the product \(\frac{2}{3} \times \frac{3}{4} \times \frac{4}{5} \times \dotsm \times \frac{8}{9}\), let's analyze the pattern and simplify the expression step by step.

**Step 1: Write Out the Product**

\[
\frac{2}{3} \times \frac{3}{4} \times \frac{4}{5} \times \dotsm \times \frac{8}{9}
\]

**Step 2: Observe the Pattern of Cancellation**

Notice that in each fraction, the **numerator** of one fraction cancels with the **denominator** of the next fraction:

\[
\frac{2}{3} \times \frac{3}{4} \times \frac{4}{5} \times \dotsm \times \frac{8}{9} = \frac{2 \times 3 \times 4 \times \dotsm \times 8}{3 \times 4 \times 5 \times \dotsm \times 9}
\]

**Step 3: Cancel Common Terms**

Most terms in the numerator and denominator cancel out:

\[
= \frac{2}{9}
\]

**Final Answer:**

\[
\boxed{\dfrac{2}{9}}
\]"
13,225,B,8,0.4,"To find the value of the product \(\frac{2}{3} \times \frac{3}{4} \times \frac{4}{5} \times \dotsm \times \frac{8}{9}\), I start by observing the pattern in the numerators and denominators.

Each fraction in the product has a numerator that is one less than the denominator. For example, the first fraction is \(\frac{2}{3}\), the second is \(\frac{3}{4}\), and so on, up to \(\frac{8}{9}\).

When I multiply these fractions together, I notice that the numerator of each fraction cancels out with the denominator of the previous fraction. Specifically, the 3 in the numerator of the first fraction cancels with the 3 in the denominator of the second fraction, the 4 cancels with the 4 in the denominator of the third fraction, and so on.

After all the cancellations, only the first numerator and the last denominator remain. The first numerator is 2, and the last denominator is 9."," Therefore, the product simplifies to \(\frac{2}{9}\).

**Answer: B) \(\frac{2}{9}\)**
</think>

To find the value of the product:

\[
\frac{2}{3} \times \frac{3}{4} \times \frac{4}{5} \times \dotsm \times \frac{8}{9}
\]

let's observe the pattern in the numerators and denominators.

- **Numerators:** \(2, 3, 4, 5, 6, 7, 8\)
- **Denominators:** \(3, 4, 5, 6, 7, 8, 9\)

When multiplying these fractions together, we can see that each numerator cancels out with the previous denominator:

\[
\frac{2}{3} \times \frac{3}{4} \times \frac{4}{5} \times \dotsm \times \frac{8}{9} = \frac{2 \times 3 \times 4 \times \dotsm \times 8}{3 \times 4 \times 5 \times \dotsm \times 9}
\]

The **3**, **4**, **5**, **6**, **7**, and **8** in the numerators and denominators cancel out, leaving:

\[
\frac{2}{9}
\]

**Final Answer:**

\[
\boxed{\frac{2}{9}}
\]"
14,241,A,15,0.75,"To find the value of the product \(\frac{2}{3} \times \frac{3}{4} \times \frac{4}{5} \times \dotsm \times \frac{8}{9}\), I start by observing the pattern in the numerators and denominators.

Each fraction in the product has a numerator that is one less than the denominator. For example, the first fraction is \(\frac{2}{3}\), the second is \(\frac{3}{4}\), and so on, up to \(\frac{8}{9}\).

When I multiply these fractions together, I notice that the numerator of each fraction cancels out with the denominator of the previous fraction. Specifically, the 3 in the numerator of the first fraction cancels with the 3 in the denominator of the second fraction, the 4 cancels with the 4 in the denominator of the third fraction, and so on.

After all the cancellations, only the first numerator and the last denominator remain. The first numerator is 2, and the last denominator is 9. Therefore, the product simplifies to \(\frac{2}{9}\).

","Finally, I confirm that the simplified fraction \(\frac{2}{9}\) is already in its simplest form.
</think>

To find the value of the product:

\[
\frac{2}{3} \times \frac{3}{4} \times \frac{4}{5} \times \dotsm \times \frac{8}{9}
\]

**Step 1: Observe the Pattern**

Notice that each numerator is one less than its denominator. For example:

\[
\frac{2}{3}, \quad \frac{3}{4}, \quad \frac{4}{5}, \quad \dotsm, \quad \frac{8}{9}
\]

**Step 2: Multiply the Numerators and Denominators**

When multiplying fractions, the numerators multiply together and the denominators multiply together:

\[
\frac{2 \times 3 \times 4 \times \dotsm \times 8}{3 \times 4 \times 5 \times \dotsm \times 9}
\]

**Step 3: Cancel Common Factors**

Most terms in the numerator and denominator cancel out:

\[
\frac{2}{9}
\]

**Final Answer:**

\[
\boxed{\dfrac{2}{9}}
\]"
15,241,B,5,0.25,"To find the value of the product \(\frac{2}{3} \times \frac{3}{4} \times \frac{4}{5} \times \dotsm \times \frac{8}{9}\), I start by observing the pattern in the numerators and denominators.

Each fraction in the product has a numerator that is one less than the denominator. For example, the first fraction is \(\frac{2}{3}\), the second is \(\frac{3}{4}\), and so on, up to \(\frac{8}{9}\).

When I multiply these fractions together, I notice that the numerator of each fraction cancels out with the denominator of the previous fraction. Specifically, the 3 in the numerator of the first fraction cancels with the 3 in the denominator of the second fraction, the 4 cancels with the 4 in the denominator of the third fraction, and so on.

After all the cancellations, only the first numerator and the last denominator remain. The first numerator is 2, and the last denominator is 9. Therefore, the product simplifies to \(\frac{2}{9}\).

","To verify, I can compute the product step by step:
\[
\frac{2}{3} \times \frac{3}{4} = \frac{2}{4}, \quad \frac{2}{4} \times \frac{4}{5} = \frac{2}{5}, \quad \text{and so on, until} \quad \frac{2}{9}.
\]
Thus, the final answer is \(\frac{2}{9}\).
</think>

To find the value of the product:

\[
\frac{2}{3} \times \frac{3}{4} \times \frac{4}{5} \times \dotsm \times \frac{8}{9}
\]

Let's analyze the pattern:

1. **Observing the Numerators and Denominators:**
   - Each fraction has a numerator that is one less than its denominator.
   - For example:
     \[
     \frac{2}{3}, \quad \frac{3}{4}, \quad \frac{4}{5}, \quad \dotsm, \quad \frac{8}{9}
     \]

2. **Multiplying the Fractions:**
   - When multiplying fractions, the numerator of one fraction cancels out with the denominator of the previous fraction.
   - Specifically:
     \[
     \frac{2}{3} \times \frac{3}{4} = \frac{2 \times 3}{3 \times 4} = \frac{2}{4}
     \]
     Continuing this pattern:
     \[
     \frac{2}{4} \times \frac{4}{5} = \frac{2 \times 4}{4 \times 5} = \frac{2}{5}
     \]
     And so on, until:
     \[
     \frac{2}{9}
     \]

3. **Final Simplified Form:**
   - After all cancellations, only the first numerator (2) and the last denominator (9) remain.
   \[
   \frac{2}{9}
   \]

**Answer:** \(\boxed{\dfrac{2}{9}}\)"
16,256,A,16,0.8,"To find the value of the product \(\frac{2}{3} \times \frac{3}{4} \times \frac{4}{5} \times \dotsm \times \frac{8}{9}\), I start by observing the pattern in the numerators and denominators.

Each fraction in the product has a numerator that is one less than the denominator. For example, the first fraction is \(\frac{2}{3}\), the second is \(\frac{3}{4}\), and so on, up to \(\frac{8}{9}\).

When I multiply these fractions together, I notice that the numerator of each fraction cancels out with the denominator of the previous fraction. Specifically, the 3 in the numerator of the first fraction cancels with the 3 in the denominator of the second fraction, the 4 cancels with the 4 in the denominator of the third fraction, and so on.

After all the cancellations, only the first numerator and the last denominator remain. The first numerator is 2, and the last denominator is 9. Therefore, the product simplifies to \(\frac{2}{9}\).

So, the final answer is \(\frac{2}{9}\).
","</think>

To find the value of the product:

\[
\frac{2}{3} \times \frac{3}{4} \times \frac{4}{5} \times \dotsm \times \frac{8}{9}
\]

**Step 1: Identify the Pattern**

Each fraction in the product has the form \(\frac{n}{n+1}\), where \(n\) starts at 2 and goes up to 8. So, the product can be written as:

\[
\frac{2}{3} \times \frac{3}{4} \times \frac{4}{5} \times \dotsm \times \frac{8}{9}
\]

**Step 2: Observe Cancellation**

When you multiply these fractions together, notice that the denominators and numerators cancel out sequentially:

\[
\frac{2 \times 3 \times 4 \times \dotsm \times 8}{3 \times 4 \times 5 \times \dotsm \times 9}
\]

All the terms from 3 to 8 in the numerator and denominator cancel each other out, leaving:

\[
\frac{2}{9}
\]

**Final Answer**

\[
\boxed{\frac{2}{9}}
\]"
17,256,B,4,0.2,"To find the value of the product \(\frac{2}{3} \times \frac{3}{4} \times \frac{4}{5} \times \dotsm \times \frac{8}{9}\), I start by observing the pattern in the numerators and denominators.

Each fraction in the product has a numerator that is one less than the denominator. For example, the first fraction is \(\frac{2}{3}\), the second is \(\frac{3}{4}\), and so on, up to \(\frac{8}{9}\).

When I multiply these fractions together, I notice that the numerator of each fraction cancels out with the denominator of the previous fraction. Specifically, the 3 in the numerator of the first fraction cancels with the 3 in the denominator of the second fraction, the 4 cancels with the 4 in the denominator of the third fraction, and so on.

After all the cancellations, only the first numerator and the last denominator remain. The first numerator is 2, and the last denominator is 9. Therefore, the product simplifies to \(\frac{2}{9}\).

So, the final answer is \(\frac{2}{9}\).
","</think>

To find the value of the product:

\[
\frac{2}{3} \times \frac{3}{4} \times \frac{4}{5} \times \dotsm \times \frac{8}{9}
\]

**Step 1: Observe the Pattern**

Each fraction in the product has a numerator that is one less than the denominator. For example:

\[
\frac{2}{3}, \quad \frac{3}{4}, \quad \frac{4}{5}, \quad \dotsm, \quad \frac{8}{9}
\]

**Step 2: Write Out the Product**

\[
\frac{2}{3} \times \frac{3}{4} \times \frac{4}{5} \times \dotsm \times \frac{8}{9}
\]

**Step 3: Notice the Cancellation (Canceling Terms)**

When multiplying these fractions, the numerator of each fraction cancels with the denominator of the next fraction:

\[
\frac{2}{3} \times \frac{3}{4} = \frac{2}{4} \quad \text{(since } 3 \text{ cancels)}
\]
\[
\frac{2}{4} \times \frac{4}{5} = \frac{2}{5} \quad \text{(since } 4 \text{ cancels)}
\]
\[
\vdots
\]
\[
\frac{2}{8} \times \frac{8}{9} = \frac{2}{9} \quad \text{(since } 8 \text{ cancels)}
\]

**Step 4: Simplify the Remaining Terms**

After all cancellations, only the first numerator and the last denominator remain:

\[
\frac{2}{9}
\]

**Final Answer:**

\[
\boxed{\frac{2}{9}}
\]"
18,258,A,15,0.75,"To find the value of the product \(\frac{2}{3} \times \frac{3}{4} \times \frac{4}{5} \times \dotsm \times \frac{8}{9}\), I start by observing the pattern in the numerators and denominators.

Each fraction in the product has a numerator that is one less than the denominator. For example, the first fraction is \(\frac{2}{3}\), the second is \(\frac{3}{4}\), and so on, up to \(\frac{8}{9}\).

When I multiply these fractions together, I notice that the numerator of each fraction cancels out with the denominator of the previous fraction. Specifically, the 3 in the numerator of the first fraction cancels with the 3 in the denominator of the second fraction, the 4 cancels with the 4 in the denominator of the third fraction, and so on.

After all the cancellations, only the first numerator and the last denominator remain. The first numerator is 2, and the last denominator is 9. Therefore, the product simplifies to \(\frac{2}{9}\).

So, the final answer is \(\frac{2}{9}\).
</think>

","To find the value of the product \( \frac{2}{3} \times \frac{3}{4} \times \frac{4}{5} \times \dotsm \times \frac{8}{9} \), let's analyze the pattern and simplify the expression step by step.

**Step 1: Write Out the Product**

\[
\frac{2}{3} \times \frac{3}{4} \times \frac{4}{5} \times \dotsm \times \frac{8}{9}
\]

**Step 2: Observe the Pattern**

Notice that each numerator cancels with the denominator of the next fraction:

\[
\frac{2}{3} \times \frac{3}{4} = \frac{2 \times 3}{3 \times 4} = \frac{2}{4}
\]

Continuing this pattern:

\[
\frac{2}{4} \times \frac{4}{5} = \frac{2 \times 4}{4 \times 5} = \frac{2}{5}
\]

And so on, until:

\[
\frac{2}{8} \times \frac{8}{9} = \frac{2 \times 8}{8 \times 9} = \frac{2}{9}
\]

**Step 3: Simplify the Expression**

After all cancellations, we are left with:

\[
\frac{2}{9}
\]

**Final Answer:**

\[
\boxed{\dfrac{2}{9}}
\]"
19,258,B,5,0.25,"To find the value of the product \(\frac{2}{3} \times \frac{3}{4} \times \frac{4}{5} \times \dotsm \times \frac{8}{9}\), I start by observing the pattern in the numerators and denominators.

Each fraction in the product has a numerator that is one less than the denominator. For example, the first fraction is \(\frac{2}{3}\), the second is \(\frac{3}{4}\), and so on, up to \(\frac{8}{9}\).

When I multiply these fractions together, I notice that the numerator of each fraction cancels out with the denominator of the previous fraction. Specifically, the 3 in the numerator of the first fraction cancels with the 3 in the denominator of the second fraction, the 4 cancels with the 4 in the denominator of the third fraction, and so on.

After all the cancellations, only the first numerator and the last denominator remain. The first numerator is 2, and the last denominator is 9. Therefore, the product simplifies to \(\frac{2}{9}\).

So, the final answer is \(\frac{2}{9}\).
</think>

","To determine the value of the product \(\frac{2}{3} \times \frac{3}{4} \times \frac{4}{5} \times \dotsm \times \frac{8}{9}\), let's analyze the pattern and simplify step by step.

### Step-by-Step Explanation:

1. **Write Out the Product:**
   \[
   \frac{2}{3} \times \frac{3}{4} \times \frac{4}{5} \times \dotsm \times \frac{8}{9}
   \]

2. **Observe the Pattern:**
   Notice that each numerator cancels out with the denominator of the next fraction:
   \[
   \frac{2}{3} \times \frac{3}{4} \times \frac{4}{5} \times \dotsm \times \frac{8}{9} = \frac{2}{\cancel{3}} \times \frac{\cancel{3}}{\cancel{4}} \times \frac{\cancel{4}}{\cancel{5}} \times \dotsm \times \frac{\cancel{8}}{9}
   \]

3. **Simplify by Canceling:**
   After canceling the common terms, we are left with:
   \[
   \frac{2}{9}
   \]

4. **Final Simplified Fraction:**
   \[
   \frac{2}{9}
   \]

### **Final Answer:**
\[
\boxed{\dfrac{2}{9}}
\]"
20,319,A,17,0.85,"To find the value of the product \(\frac{2}{3} \times \frac{3}{4} \times \frac{4}{5} \times \dotsm \times \frac{8}{9}\), I start by observing the pattern in the numerators and denominators.

Each fraction in the product has a numerator that is one less than the denominator. For example, the first fraction is \(\frac{2}{3}\), the second is \(\frac{3}{4}\), and so on, up to \(\frac{8}{9}\).

When I multiply these fractions together, I notice that the numerator of each fraction cancels out with the denominator of the previous fraction. Specifically, the 3 in the numerator of the first fraction cancels with the 3 in the denominator of the second fraction, the 4 cancels with the 4 in the denominator of the third fraction, and so on.

After all the cancellations, only the first numerator and the last denominator remain. The first numerator is 2, and the last denominator is 9. Therefore, the product simplifies to \(\frac{2}{9}\).

So, the final answer is \(\frac{2}{9}\).
</think>

To find the value of the product \(\frac{2}{3} \times \frac{3}{4} \times \frac{4}{5} \times \dotsm \times \frac{8}{9}\), let's analyze the pattern and simplify the expression step by step.

","### Step 1: Observe the Pattern

Each fraction in the product has the form:
\[
\frac{n}{n+1}
\]
where \(n\) starts at 2 and ends at 8. So, the product is:
\[
\frac{2}{3} \times \frac{3}{4} \times \frac{4}{5} \times \dotsm \times \frac{8}{9}
\]

### Step 2: Simplify the Product

When multiplying fractions, the numerators and denominators can be multiplied directly:
\[
\frac{2 \times 3 \times 4 \times \dotsm \times 8}{3 \times 4 \times 5 \times \dotsm \times 9}
\]

Notice that most terms in the numerator and the denominator will cancel each other out:
\[
\frac{2}{9}
\]

### Final Answer

\[
\boxed{\dfrac{2}{9}}
\]"
21,319,B,3,0.15,"To find the value of the product \(\frac{2}{3} \times \frac{3}{4} \times \frac{4}{5} \times \dotsm \times \frac{8}{9}\), I start by observing the pattern in the numerators and denominators.

Each fraction in the product has a numerator that is one less than the denominator. For example, the first fraction is \(\frac{2}{3}\), the second is \(\frac{3}{4}\), and so on, up to \(\frac{8}{9}\).

When I multiply these fractions together, I notice that the numerator of each fraction cancels out with the denominator of the previous fraction. Specifically, the 3 in the numerator of the first fraction cancels with the 3 in the denominator of the second fraction, the 4 cancels with the 4 in the denominator of the third fraction, and so on.

After all the cancellations, only the first numerator and the last denominator remain. The first numerator is 2, and the last denominator is 9. Therefore, the product simplifies to \(\frac{2}{9}\).

So, the final answer is \(\frac{2}{9}\).
</think>

To find the value of the product \(\frac{2}{3} \times \frac{3}{4} \times \frac{4}{5} \times \dotsm \times \frac{8}{9}\), let's analyze the pattern and simplify the expression step by step.

","**Step 1: Write Out the Product**

\[
\frac{2}{3} \times \frac{3}{4} \times \frac{4}{5} \times \dotsm \times \frac{8}{9}
\]

**Step 2: Observe the Pattern of Cancellation**

Notice that each numerator cancels with the denominator of the next fraction:

\[
\frac{2}{3} \times \frac{3}{4} \times \frac{4}{5} \times \dotsm \times \frac{8}{9} = \frac{2 \times 3 \times 4 \times \dotsm \times 8}{3 \times 4 \times 5 \times \dotsm \times 9}
\]

**Step 3: Cancel Common Terms**

The \(3\), \(4\), \(5\), \(\dotsm\), and \(8\) in the numerator and denominator cancel out:

\[
\frac{2 \times \cancel{3} \times \cancel{4} \times \dotsm \times \cancel{8}}{\cancel{3} \times \cancel{4} \times \dotsm \times \cancel{9}} = \frac{2}{9}
\]

**Final Answer:**

\[
\boxed{\dfrac{2}{9}}
\]"
22,329,A,17,0.85,"To find the value of the product \(\frac{2}{3} \times \frac{3}{4} \times \frac{4}{5} \times \dotsm \times \frac{8}{9}\), I start by observing the pattern in the numerators and denominators.

Each fraction in the product has a numerator that is one less than the denominator. For example, the first fraction is \(\frac{2}{3}\), the second is \(\frac{3}{4}\), and so on, up to \(\frac{8}{9}\).

When I multiply these fractions together, I notice that the numerator of each fraction cancels out with the denominator of the previous fraction. Specifically, the 3 in the numerator of the first fraction cancels with the 3 in the denominator of the second fraction, the 4 cancels with the 4 in the denominator of the third fraction, and so on.

After all the cancellations, only the first numerator and the last denominator remain. The first numerator is 2, and the last denominator is 9. Therefore, the product simplifies to \(\frac{2}{9}\).

So, the final answer is \(\frac{2}{9}\).
</think>

To find the value of the product \(\frac{2}{3} \times \frac{3}{4} \times \frac{4}{5} \times \dotsm \times \frac{8}{9}\), let's analyze the pattern and simplify the expression step by step.

**Step 1: Observe the Pattern**

","Each fraction in the product has a numerator that is one less than the denominator:
\[
\frac{2}{3}, \ \frac{3}{4}, \ \frac{4}{5}, \ldots, \ \frac{8}{9}
\]

**Step 2: Write Out the Product**

\[
\frac{2}{3} \times \frac{3}{4} \times \frac{4}{5} \times \frac{5}{6} \times \frac{6}{7} \times \frac{7}{8} \times \frac{8}{9}
\]

**Step 3: Cancel Out Common Factors**

Notice that the numerator of each fraction cancels with the denominator of the next fraction:
\[
\frac{2}{\cancel{3}} \times \frac{\cancel{3}}{\cancel{4}} \times \frac{\cancel{4}}{\cancel{5}} \times \frac{\cancel{5}}{\cancel{6}} \times \frac{\cancel{6}}{\cancel{7}} \times \frac{\cancel{7}}{\cancel{8}} \times \frac{\cancel{8}}{9}
\]

After cancellation, only the first numerator and the last denominator remain:
\[
\frac{2}{9}
\]

**Final Answer:**
\[
\boxed{\dfrac{2}{9}}
\]"
23,329,B,3,0.15,"To find the value of the product \(\frac{2}{3} \times \frac{3}{4} \times \frac{4}{5} \times \dotsm \times \frac{8}{9}\), I start by observing the pattern in the numerators and denominators.

Each fraction in the product has a numerator that is one less than the denominator. For example, the first fraction is \(\frac{2}{3}\), the second is \(\frac{3}{4}\), and so on, up to \(\frac{8}{9}\).

When I multiply these fractions together, I notice that the numerator of each fraction cancels out with the denominator of the previous fraction. Specifically, the 3 in the numerator of the first fraction cancels with the 3 in the denominator of the second fraction, the 4 cancels with the 4 in the denominator of the third fraction, and so on.

After all the cancellations, only the first numerator and the last denominator remain. The first numerator is 2, and the last denominator is 9. Therefore, the product simplifies to \(\frac{2}{9}\).

So, the final answer is \(\frac{2}{9}\).
</think>

To find the value of the product \(\frac{2}{3} \times \frac{3}{4} \times \frac{4}{5} \times \dotsm \times \frac{8}{9}\), let's analyze the pattern and simplify the expression step by step.

**Step 1: Observe the Pattern**

","Each fraction in the product has a numerator that is one less than its denominator:
\[
\frac{2}{3}, \quad \frac{3}{4}, \quad \frac{4}{5}, \quad \dotsm, \quad \frac{8}{9}
\]

**Step 2: Multiply the Fractions**

When multiplying fractions, you multiply the numerators together and the denominators together:
\[
\frac{2}{3} \times \frac{3}{4} \times \frac{4}{5} \times \dotsm \times \frac{8}{9} = \frac{2 \times 3 \times 4 \times \dotsm \times 8}{3 \times 4 \times 5 \times \dotsm \times 9}
\]

**Step 3: Simplify by Canceling Common Factors**

Notice that in the numerator and the denominator, many terms cancel out:
\[
\frac{2 \times \cancel{3} \times \cancel{4} \times \dotsm \times \cancel{8}}{\cancel{3} \times \cancel{4} \times \dotsm \times \cancel{9}} = \frac{2}{9}
\]

**Final Answer**

\[
\boxed{\frac{2}{9}}
\]"
24,345,A,18,0.9,"To find the value of the product \(\frac{2}{3} \times \frac{3}{4} \times \frac{4}{5} \times \dotsm \times \frac{8}{9}\), I start by observing the pattern in the numerators and denominators.

Each fraction in the product has a numerator that is one less than the denominator. For example, the first fraction is \(\frac{2}{3}\), the second is \(\frac{3}{4}\), and so on, up to \(\frac{8}{9}\).

When I multiply these fractions together, I notice that the numerator of each fraction cancels out with the denominator of the previous fraction. Specifically, the 3 in the numerator of the first fraction cancels with the 3 in the denominator of the second fraction, the 4 cancels with the 4 in the denominator of the third fraction, and so on.

After all the cancellations, only the first numerator and the last denominator remain. The first numerator is 2, and the last denominator is 9. Therefore, the product simplifies to \(\frac{2}{9}\).

So, the final answer is \(\frac{2}{9}\).
</think>

To find the value of the product \(\frac{2}{3} \times \frac{3}{4} \times \frac{4}{5} \times \dotsm \times \frac{8}{9}\), let's analyze the pattern and simplify the expression step by step.

**Step 1: Observe the Pattern**

Each fraction in the product has a numerator that is one less than the denominator:
","\[
\frac{2}{3}, \frac{3}{4}, \frac{4}{5}, \dotsm, \frac{8}{9}
\]

**Step 2: Write Out the Product**

\[
\frac{2}{3} \times \frac{3}{4} \times \frac{4}{5} \times \dotsm \times \frac{8}{9}
\]

**Step 3: Multiply the Fractions**

When multiplying fractions, multiply the numerators together and the denominators together. However, notice that many terms in the numerators and denominators will cancel out due to the **cancellation of common factors**.

\[
= \frac{2 \times 3 \times 4 \times \dotsm \times 8}{3 \times 4 \times 5 \times \dotsm \times 9}
\]

Notice that **3**, **4**, **5**, …, **8** appear in both the numerator and the denominator and can be cancelled out:

\[
= \frac{2}{9}
\]

**Final Answer:**

\[
\boxed{\dfrac{2}{9}}
\]"
25,345,B,2,0.1,"To find the value of the product \(\frac{2}{3} \times \frac{3}{4} \times \frac{4}{5} \times \dotsm \times \frac{8}{9}\), I start by observing the pattern in the numerators and denominators.

Each fraction in the product has a numerator that is one less than the denominator. For example, the first fraction is \(\frac{2}{3}\), the second is \(\frac{3}{4}\), and so on, up to \(\frac{8}{9}\).

When I multiply these fractions together, I notice that the numerator of each fraction cancels out with the denominator of the previous fraction. Specifically, the 3 in the numerator of the first fraction cancels with the 3 in the denominator of the second fraction, the 4 cancels with the 4 in the denominator of the third fraction, and so on.

After all the cancellations, only the first numerator and the last denominator remain. The first numerator is 2, and the last denominator is 9. Therefore, the product simplifies to \(\frac{2}{9}\).

So, the final answer is \(\frac{2}{9}\).
</think>

To find the value of the product \(\frac{2}{3} \times \frac{3}{4} \times \frac{4}{5} \times \dotsm \times \frac{8}{9}\), let's analyze the pattern and simplify the expression step by step.

**Step 1: Observe the Pattern**

Each fraction in the product has a numerator that is one less than the denominator:
","\[
\frac{2}{3}, \frac{3}{4}, \frac{4}{5}, \dotsm, \frac{8}{9}
\]

**Step 2: Write Out the Product**

\[
\frac{2}{3} \times \frac{3}{4} \times \frac{4}{5} \times \dotsm \times \frac{8}{9}
\]

**Step 3: Cancel Out Common Factors**

Notice that the numerator of each fraction cancels with the denominator of the next fraction:
\[
\frac{2}{3} \times \frac{3}{4} = \frac{2 \times 3}{3 \times 4} = \frac{2}{4}
\]
\[
\frac{2}{4} \times \frac{4}{5} = \frac{2 \times 4}{4 \times 5} = \frac{2}{5}
\]
\[
\vdots
\]
Continuing this pattern, each denominator cancels with the numerator of the next fraction, leaving only the first numerator and the last denominator.

**Step 4: Simplify the Remaining Terms**

After all cancellations, the product simplifies to:
\[
\frac{2}{9}
\]

**Final Answer:**

\[
\boxed{\dfrac{2}{9}}
\]"
26,347,A,16,0.8,"To find the value of the product \(\frac{2}{3} \times \frac{3}{4} \times \frac{4}{5} \times \dotsm \times \frac{8}{9}\), I start by observing the pattern in the numerators and denominators.

Each fraction in the product has a numerator that is one less than the denominator. For example, the first fraction is \(\frac{2}{3}\), the second is \(\frac{3}{4}\), and so on, up to \(\frac{8}{9}\).

When I multiply these fractions together, I notice that the numerator of each fraction cancels out with the denominator of the previous fraction. Specifically, the 3 in the numerator of the first fraction cancels with the 3 in the denominator of the second fraction, the 4 cancels with the 4 in the denominator of the third fraction, and so on.

After all the cancellations, only the first numerator and the last denominator remain. The first numerator is 2, and the last denominator is 9. Therefore, the product simplifies to \(\frac{2}{9}\).

So, the final answer is \(\frac{2}{9}\).
</think>

To find the value of the product \(\frac{2}{3} \times \frac{3}{4} \times \frac{4}{5} \times \dotsm \times \frac{8}{9}\), let's analyze the pattern and simplify the expression step by step.

**Step 1: Observe the Pattern**

Each fraction in the product has a numerator that is one less than the denominator:
\[
","\frac{2}{3}, \frac{3}{4}, \frac{4}{5}, \dotsm, \frac{8}{9}
\]

**Step 2: Multiply the Fractions**

Multiply all the numerators together and all the denominators together:
\[
\frac{2 \times 3 \times 4 \times \dotsm \times 8}{3 \times 4 \times 5 \times \dotsm \times 9}
\]

**Step 3: Cancel Common Factors**

Notice that each numerator cancels with the denominator of the previous fraction:
\[
\frac{2}{\cancel{3} \times \cancel{4} \times \dotsm \times \cancel{8}} \times \frac{\cancel{3} \times \cancel{4} \times \dotsm \times \cancel{8} \times 9}{\cancel{3} \times \cancel{4} \times \dotsm \times \cancel{8}}
\]

After canceling, only the first numerator and the last denominator remain:
\[
\frac{2}{9}
\]

**Final Answer**
\[
\boxed{\dfrac{2}{9}}
\]"
27,347,B,4,0.2,"To find the value of the product \(\frac{2}{3} \times \frac{3}{4} \times \frac{4}{5} \times \dotsm \times \frac{8}{9}\), I start by observing the pattern in the numerators and denominators.

Each fraction in the product has a numerator that is one less than the denominator. For example, the first fraction is \(\frac{2}{3}\), the second is \(\frac{3}{4}\), and so on, up to \(\frac{8}{9}\).

When I multiply these fractions together, I notice that the numerator of each fraction cancels out with the denominator of the previous fraction. Specifically, the 3 in the numerator of the first fraction cancels with the 3 in the denominator of the second fraction, the 4 cancels with the 4 in the denominator of the third fraction, and so on.

After all the cancellations, only the first numerator and the last denominator remain. The first numerator is 2, and the last denominator is 9. Therefore, the product simplifies to \(\frac{2}{9}\).

So, the final answer is \(\frac{2}{9}\).
</think>

To find the value of the product \(\frac{2}{3} \times \frac{3}{4} \times \frac{4}{5} \times \dotsm \times \frac{8}{9}\), let's analyze the pattern and simplify the expression step by step.

**Step 1: Observe the Pattern**

Each fraction in the product has a numerator that is one less than the denominator:
\[
","\frac{2}{3}, \quad \frac{3}{4}, \quad \frac{4}{5}, \quad \dotsm, \quad \frac{8}{9}
\]

**Step 2: Multiply the Fractions**

When multiplying fractions, we can multiply the numerators together and the denominators together:
\[
\frac{2 \times 3 \times 4 \times \dotsm \times 8}{3 \times 4 \times 5 \times \dotsm \times 9}
\]

**Step 3: Cancel Out Common Factors**

Notice that each numerator (except the first) cancels with the denominator of the next fraction:
\[
\frac{2}{3} \times \frac{3}{4} \times \frac{4}{5} \times \dotsm \times \frac{8}{9} = \frac{2}{\cancel{3} \times \cancel{4} \times \dotsm \times \cancel{9}} \times \cancel{3} \times \cancel{4} \times \dotsm \times \cancel{9}
\]
This simplifies to:
\[
\frac{2}{\cancel{3} \times \cancel{4} \times \dotsm \times \cancel{9}} \times \cancel{3} \times \cancel{4} \times \dotsm \times \cancel{9} = \frac{2}{9}
\]

**Final Answer:**
\[
\boxed{\dfrac{2}{9}}
\]"
28,387,A,15,0.75,"To find the value of the product \(\frac{2}{3} \times \frac{3}{4} \times \frac{4}{5} \times \dotsm \times \frac{8}{9}\), I start by observing the pattern in the numerators and denominators.

Each fraction in the product has a numerator that is one less than the denominator. For example, the first fraction is \(\frac{2}{3}\), the second is \(\frac{3}{4}\), and so on, up to \(\frac{8}{9}\).

When I multiply these fractions together, I notice that the numerator of each fraction cancels out with the denominator of the previous fraction. Specifically, the 3 in the numerator of the first fraction cancels with the 3 in the denominator of the second fraction, the 4 cancels with the 4 in the denominator of the third fraction, and so on.

After all the cancellations, only the first numerator and the last denominator remain. The first numerator is 2, and the last denominator is 9. Therefore, the product simplifies to \(\frac{2}{9}\).

So, the final answer is \(\frac{2}{9}\).
</think>

To find the value of the product \(\frac{2}{3} \times \frac{3}{4} \times \frac{4}{5} \times \dotsm \times \frac{8}{9}\), let's analyze the pattern and simplify the expression step by step.

**Step 1: Observe the Pattern**

Each fraction in the product has a numerator that is one less than the denominator:
\[
\frac{2}{3}, \quad \frac{3}{4}, \quad \frac{4}{5}, \quad \dotsm, \quad \frac{8}{9}
","\]

**Step 2: Write Out the Product**

\[
\frac{2}{3} \times \frac{3}{4} \times \frac{4}{5} \times \dotsm \times \frac{8}{9}
\]

**Step 3: Cancel Out Common Factors**

Notice that in the product, the numerator of one fraction cancels with the denominator of the next fraction:
\[
\frac{2}{\cancel{3}} \times \frac{\cancel{3}}{\cancel{4}} \times \frac{\cancel{4}}{\cancel{5}} \times \dotsm \times \frac{\cancel{8}}{\cancel{9}} = \frac{2}{9}
\]

**Step 4: Final Simplified Fraction**

After canceling all common factors, only the first numerator and the last denominator remain:
\[
\frac{2}{9}
\]

**Answer:** \(\boxed{\dfrac{2}{9}}\)"
29,387,B,5,0.25,"To find the value of the product \(\frac{2}{3} \times \frac{3}{4} \times \frac{4}{5} \times \dotsm \times \frac{8}{9}\), I start by observing the pattern in the numerators and denominators.

Each fraction in the product has a numerator that is one less than the denominator. For example, the first fraction is \(\frac{2}{3}\), the second is \(\frac{3}{4}\), and so on, up to \(\frac{8}{9}\).

When I multiply these fractions together, I notice that the numerator of each fraction cancels out with the denominator of the previous fraction. Specifically, the 3 in the numerator of the first fraction cancels with the 3 in the denominator of the second fraction, the 4 cancels with the 4 in the denominator of the third fraction, and so on.

After all the cancellations, only the first numerator and the last denominator remain. The first numerator is 2, and the last denominator is 9. Therefore, the product simplifies to \(\frac{2}{9}\).

So, the final answer is \(\frac{2}{9}\).
</think>

To find the value of the product \(\frac{2}{3} \times \frac{3}{4} \times \frac{4}{5} \times \dotsm \times \frac{8}{9}\), let's analyze the pattern and simplify the expression step by step.

**Step 1: Observe the Pattern**

Each fraction in the product has a numerator that is one less than the denominator:
\[
\frac{2}{3}, \quad \frac{3}{4}, \quad \frac{4}{5}, \quad \dotsm, \quad \frac{8}{9}
","\]

**Step 2: Write Out the Product**

\[
\frac{2}{3} \times \frac{3}{4} \times \frac{4}{5} \times \dotsm \times \frac{8}{9}
\]

**Step 3: Simplify by Canceling Out Terms**

Notice that the numerator of each fraction cancels with the denominator of the next fraction:
\[
\frac{2}{3} \times \frac{3}{4} = \frac{2 \times 3}{3 \times 4} = \frac{2}{4}
\]
\[
\frac{2}{4} \times \frac{4}{5} = \frac{2 \times 4}{4 \times 5} = \frac{2}{5}
\]
\[
\vdots
\]
\[
\frac{2}{8} \times \frac{8}{9} = \frac{2 \times 8}{8 \times 9} = \frac{2}{9}
\]

**Step 4: Final Simplified Fraction**

After all the cancellations, only the first numerator and the last denominator remain:
\[
\frac{2}{9}
\]

**Final Answer:**
\[
\boxed{\dfrac{2}{9}}
\]"
30,389,A,15,0.75,"To find the value of the product \(\frac{2}{3} \times \frac{3}{4} \times \frac{4}{5} \times \dotsm \times \frac{8}{9}\), I start by observing the pattern in the numerators and denominators.

Each fraction in the product has a numerator that is one less than the denominator. For example, the first fraction is \(\frac{2}{3}\), the second is \(\frac{3}{4}\), and so on, up to \(\frac{8}{9}\).

When I multiply these fractions together, I notice that the numerator of each fraction cancels out with the denominator of the previous fraction. Specifically, the 3 in the numerator of the first fraction cancels with the 3 in the denominator of the second fraction, the 4 cancels with the 4 in the denominator of the third fraction, and so on.

After all the cancellations, only the first numerator and the last denominator remain. The first numerator is 2, and the last denominator is 9. Therefore, the product simplifies to \(\frac{2}{9}\).

So, the final answer is \(\frac{2}{9}\).
</think>

To find the value of the product \(\frac{2}{3} \times \frac{3}{4} \times \frac{4}{5} \times \dotsm \times \frac{8}{9}\), let's analyze the pattern and simplify the expression step by step.

**Step 1: Observe the Pattern**

Each fraction in the product has a numerator that is one less than the denominator:
\[
\frac{2}{3}, \quad \frac{3}{4}, \quad \frac{4}{5}, \quad \dotsm, \quad \frac{8}{9}
\]

","**Step 2: Write Out the Product**

\[
\frac{2}{3} \times \frac{3}{4} \times \frac{4}{5} \times \dotsm \times \frac{8}{9}
\]

**Step 3: Simplify by Canceling Common Factors**

Multiply the numerators together and the denominators together:

\[
\frac{2 \times 3 \times 4 \times \dotsm \times 8}{3 \times 4 \times 5 \times \dotsm \times 9}
\]

Notice that each numerator from \(3\) to \(8\) cancels out with the corresponding denominator:

\[
\frac{2}{9}
\]

**Final Answer:**

\[
\boxed{\dfrac{2}{9}}
\]"
31,389,B,5,0.25,"To find the value of the product \(\frac{2}{3} \times \frac{3}{4} \times \frac{4}{5} \times \dotsm \times \frac{8}{9}\), I start by observing the pattern in the numerators and denominators.

Each fraction in the product has a numerator that is one less than the denominator. For example, the first fraction is \(\frac{2}{3}\), the second is \(\frac{3}{4}\), and so on, up to \(\frac{8}{9}\).

When I multiply these fractions together, I notice that the numerator of each fraction cancels out with the denominator of the previous fraction. Specifically, the 3 in the numerator of the first fraction cancels with the 3 in the denominator of the second fraction, the 4 cancels with the 4 in the denominator of the third fraction, and so on.

After all the cancellations, only the first numerator and the last denominator remain. The first numerator is 2, and the last denominator is 9. Therefore, the product simplifies to \(\frac{2}{9}\).

So, the final answer is \(\frac{2}{9}\).
</think>

To find the value of the product \(\frac{2}{3} \times \frac{3}{4} \times \frac{4}{5} \times \dotsm \times \frac{8}{9}\), let's analyze the pattern and simplify the expression step by step.

**Step 1: Observe the Pattern**

Each fraction in the product has a numerator that is one less than the denominator:
\[
\frac{2}{3}, \quad \frac{3}{4}, \quad \frac{4}{5}, \quad \dotsm, \quad \frac{8}{9}
\]

","**Step 2: Write Out the Product**

\[
\frac{2}{3} \times \frac{3}{4} \times \frac{4}{5} \times \dotsm \times \frac{8}{9}
\]

**Step 3: Cancel Out Common Factors**

Notice that the numerator of each fraction cancels with the denominator of the next fraction:
- The **3** in the numerator of the first fraction cancels with the **3** in the denominator of the second fraction.
- The **4** in the numerator of the second fraction cancels with the **4** in the denominator of the third fraction.
- This pattern continues up to the **8** in the numerator of the last fraction.

After all cancellations, only the **first numerator** and the **last denominator** remain.

**Step 4: Simplify the Expression**

\[
\frac{2}{3} \times \frac{3}{4} \times \frac{4}{5} \times \dotsm \times \frac{8}{9} = \frac{2}{9}
\]

**Final Answer:**

\[
\boxed{\frac{2}{9}}
\]"
32,399,A,15,0.75,"To find the value of the product \(\frac{2}{3} \times \frac{3}{4} \times \frac{4}{5} \times \dotsm \times \frac{8}{9}\), I start by observing the pattern in the numerators and denominators.

Each fraction in the product has a numerator that is one less than the denominator. For example, the first fraction is \(\frac{2}{3}\), the second is \(\frac{3}{4}\), and so on, up to \(\frac{8}{9}\).

When I multiply these fractions together, I notice that the numerator of each fraction cancels out with the denominator of the previous fraction. Specifically, the 3 in the numerator of the first fraction cancels with the 3 in the denominator of the second fraction, the 4 cancels with the 4 in the denominator of the third fraction, and so on.

After all the cancellations, only the first numerator and the last denominator remain. The first numerator is 2, and the last denominator is 9. Therefore, the product simplifies to \(\frac{2}{9}\).

So, the final answer is \(\frac{2}{9}\).
</think>

To find the value of the product \(\frac{2}{3} \times \frac{3}{4} \times \frac{4}{5} \times \dotsm \times \frac{8}{9}\), let's analyze the pattern and simplify the expression step by step.

**Step 1: Observe the Pattern**

Each fraction in the product has a numerator that is one less than the denominator:
\[
\frac{2}{3}, \quad \frac{3}{4}, \quad \frac{4}{5}, \quad \dotsm, \quad \frac{8}{9}
\]

**Step 2: Multiply the Fractions**

","Multiply all the fractions together:
\[
\frac{2}{3} \times \frac{3}{4} \times \frac{4}{5} \times \dotsm \times \frac{8}{9}
\]

**Step 3: Simplify by Canceling Common Factors**

Notice that the numerator of one fraction cancels with the denominator of the next fraction:
\[
\frac{2}{\cancel{3}} \times \frac{\cancel{3}}{\cancel{4}} \times \frac{\cancel{4}}{\cancel{5}} \times \dotsm \times \frac{\cancel{8}}{9}
\]

After simplifying, only the first numerator and the last denominator remain:
\[
\frac{2}{9}
\]

**Final Answer:**

\[
\boxed{\dfrac{2}{9}}
\]"
33,399,B,5,0.25,"To find the value of the product \(\frac{2}{3} \times \frac{3}{4} \times \frac{4}{5} \times \dotsm \times \frac{8}{9}\), I start by observing the pattern in the numerators and denominators.

Each fraction in the product has a numerator that is one less than the denominator. For example, the first fraction is \(\frac{2}{3}\), the second is \(\frac{3}{4}\), and so on, up to \(\frac{8}{9}\).

When I multiply these fractions together, I notice that the numerator of each fraction cancels out with the denominator of the previous fraction. Specifically, the 3 in the numerator of the first fraction cancels with the 3 in the denominator of the second fraction, the 4 cancels with the 4 in the denominator of the third fraction, and so on.

After all the cancellations, only the first numerator and the last denominator remain. The first numerator is 2, and the last denominator is 9. Therefore, the product simplifies to \(\frac{2}{9}\).

So, the final answer is \(\frac{2}{9}\).
</think>

To find the value of the product \(\frac{2}{3} \times \frac{3}{4} \times \frac{4}{5} \times \dotsm \times \frac{8}{9}\), let's analyze the pattern and simplify the expression step by step.

**Step 1: Observe the Pattern**

Each fraction in the product has a numerator that is one less than the denominator:
\[
\frac{2}{3}, \quad \frac{3}{4}, \quad \frac{4}{5}, \quad \dotsm, \quad \frac{8}{9}
\]

**Step 2: Multiply the Fractions**

","When multiplying fractions, the numerators multiply together and the denominators multiply together:
\[
\frac{2}{3} \times \frac{3}{4} \times \frac{4}{5} \times \dotsm \times \frac{8}{9} = \frac{2 \times 3 \times 4 \times \dotsm \times 8}{3 \times 4 \times 5 \times \dotsm \times 9}
\]

**Step 3: Cancel Out Common Factors**

Notice that each numerator (except the first and last) cancels with the denominator of the following fraction:
\[
\frac{2 \times \cancel{3} \times \cancel{4} \times \dotsm \times \cancel{8}}{\cancel{3} \times \cancel{4} \times \dotsm \times \cancel{8} \times 9} = \frac{2}{9}
\]

**Final Answer:**
\[
\boxed{\frac{2}{9}}
\]"
34,419,A,19,0.95,"To find the value of the product \(\frac{2}{3} \times \frac{3}{4} \times \frac{4}{5} \times \dotsm \times \frac{8}{9}\), I start by observing the pattern in the numerators and denominators.

Each fraction in the product has a numerator that is one less than the denominator. For example, the first fraction is \(\frac{2}{3}\), the second is \(\frac{3}{4}\), and so on, up to \(\frac{8}{9}\).

When I multiply these fractions together, I notice that the numerator of each fraction cancels out with the denominator of the previous fraction. Specifically, the 3 in the numerator of the first fraction cancels with the 3 in the denominator of the second fraction, the 4 cancels with the 4 in the denominator of the third fraction, and so on.

After all the cancellations, only the first numerator and the last denominator remain. The first numerator is 2, and the last denominator is 9. Therefore, the product simplifies to \(\frac{2}{9}\).

So, the final answer is \(\frac{2}{9}\).
</think>

To find the value of the product \(\frac{2}{3} \times \frac{3}{4} \times \frac{4}{5} \times \dotsm \times \frac{8}{9}\), let's analyze the pattern and simplify the expression step by step.

**Step 1: Observe the Pattern**

Each fraction in the product has a numerator that is one less than the denominator:
\[
\frac{2}{3}, \quad \frac{3}{4}, \quad \frac{4}{5}, \quad \dotsm, \quad \frac{8}{9}
\]

**Step 2: Multiply the Fractions**

When multiplying fractions, the numerator of one fraction cancels out with the denominator of the next fraction."," Let's write the product out:

\[
\frac{2}{3} \times \frac{3}{4} \times \frac{4}{5} \times \dotsm \times \frac{8}{9}
\]

Notice that:
\[
3 \text{ (numerator of first fraction)} \times 4 \text{ (denominator of second fraction)} = 3 \times 4
\]
But since the numerator of the first fraction cancels with the denominator of the second fraction, this continues for all consecutive terms.

**Step 3: Simplify the Product**

After cancellation, only the first numerator and the last denominator remain:
\[
\frac{2}{9}
\]

**Final Answer:**

\[
\boxed{\dfrac{2}{9}}
\]"
35,419,B,1,0.05,"To find the value of the product \(\frac{2}{3} \times \frac{3}{4} \times \frac{4}{5} \times \dotsm \times \frac{8}{9}\), I start by observing the pattern in the numerators and denominators.

Each fraction in the product has a numerator that is one less than the denominator. For example, the first fraction is \(\frac{2}{3}\), the second is \(\frac{3}{4}\), and so on, up to \(\frac{8}{9}\).

When I multiply these fractions together, I notice that the numerator of each fraction cancels out with the denominator of the previous fraction. Specifically, the 3 in the numerator of the first fraction cancels with the 3 in the denominator of the second fraction, the 4 cancels with the 4 in the denominator of the third fraction, and so on.

After all the cancellations, only the first numerator and the last denominator remain. The first numerator is 2, and the last denominator is 9. Therefore, the product simplifies to \(\frac{2}{9}\).

So, the final answer is \(\frac{2}{9}\).
</think>

To find the value of the product \(\frac{2}{3} \times \frac{3}{4} \times \frac{4}{5} \times \dotsm \times \frac{8}{9}\), let's analyze the pattern and simplify the expression step by step.

**Step 1: Observe the Pattern**

Each fraction in the product has a numerator that is one less than the denominator:
\[
\frac{2}{3}, \quad \frac{3}{4}, \quad \frac{4}{5}, \quad \dotsm, \quad \frac{8}{9}
\]

**Step 2: Multiply the Fractions**

When multiplying fractions, the numerator of one fraction cancels out with the denominator of the next fraction."," Let's write out the multiplication explicitly:
\[
\frac{2}{3} \times \frac{3}{4} = \frac{2 \times 3}{3 \times 4} = \frac{2}{4}
\]
\[
\frac{2}{4} \times \frac{4}{5} = \frac{2 \times 4}{4 \times 5} = \frac{2}{5}
\]
\[
\vdots
\]
\[
\frac{2}{8} \times \frac{8}{9} = \frac{2 \times 8}{8 \times 9} = \frac{2}{9}
\]

**Step 3: Simplify the Result**

After canceling out all the intermediate terms, only the first numerator and the last denominator remain:
\[
\frac{2}{3} \times \frac{3}{4} \times \frac{4}{5} \times \dotsm \times \frac{8}{9} = \frac{2}{9}
\]

**Final Answer:**
\[
\boxed{\frac{2}{9}}
\]"
36,426,A,18,0.9,"To find the value of the product \(\frac{2}{3} \times \frac{3}{4} \times \frac{4}{5} \times \dotsm \times \frac{8}{9}\), I start by observing the pattern in the numerators and denominators.

Each fraction in the product has a numerator that is one less than the denominator. For example, the first fraction is \(\frac{2}{3}\), the second is \(\frac{3}{4}\), and so on, up to \(\frac{8}{9}\).

When I multiply these fractions together, I notice that the numerator of each fraction cancels out with the denominator of the previous fraction. Specifically, the 3 in the numerator of the first fraction cancels with the 3 in the denominator of the second fraction, the 4 cancels with the 4 in the denominator of the third fraction, and so on.

After all the cancellations, only the first numerator and the last denominator remain. The first numerator is 2, and the last denominator is 9. Therefore, the product simplifies to \(\frac{2}{9}\).

So, the final answer is \(\frac{2}{9}\).
</think>

To find the value of the product \(\frac{2}{3} \times \frac{3}{4} \times \frac{4}{5} \times \dotsm \times \frac{8}{9}\), let's analyze the pattern and simplify the expression step by step.

**Step 1: Observe the Pattern**

Each fraction in the product has a numerator that is one less than the denominator:
\[
\frac{2}{3}, \quad \frac{3}{4}, \quad \frac{4}{5}, \quad \dotsm, \quad \frac{8}{9}
\]

**Step 2: Multiply the Fractions**

When multiplying fractions, the numerator of one fraction cancels out with the denominator of the next fraction. Let's write out the product:
","\[
\frac{2}{3} \times \frac{3}{4} \times \frac{4}{5} \times \dotsm \times \frac{8}{9}
\]

**Step 3: Simplify by Canceling Terms**

Notice that:
\[
3 \text{ cancels with } 3, \quad 4 \text{ cancels with } 4, \quad \dotsm, \quad 8 \text{ cancels with } 8
\]

After cancellation, only the first numerator and the last denominator remain:
\[
\frac{2}{9}
\]

**Final Answer:**
\[
\boxed{\dfrac{2}{9}}
\]"
37,426,B,2,0.1,"To find the value of the product \(\frac{2}{3} \times \frac{3}{4} \times \frac{4}{5} \times \dotsm \times \frac{8}{9}\), I start by observing the pattern in the numerators and denominators.

Each fraction in the product has a numerator that is one less than the denominator. For example, the first fraction is \(\frac{2}{3}\), the second is \(\frac{3}{4}\), and so on, up to \(\frac{8}{9}\).

When I multiply these fractions together, I notice that the numerator of each fraction cancels out with the denominator of the previous fraction. Specifically, the 3 in the numerator of the first fraction cancels with the 3 in the denominator of the second fraction, the 4 cancels with the 4 in the denominator of the third fraction, and so on.

After all the cancellations, only the first numerator and the last denominator remain. The first numerator is 2, and the last denominator is 9. Therefore, the product simplifies to \(\frac{2}{9}\).

So, the final answer is \(\frac{2}{9}\).
</think>

To find the value of the product \(\frac{2}{3} \times \frac{3}{4} \times \frac{4}{5} \times \dotsm \times \frac{8}{9}\), let's analyze the pattern and simplify the expression step by step.

**Step 1: Observe the Pattern**

Each fraction in the product has a numerator that is one less than the denominator:
\[
\frac{2}{3}, \quad \frac{3}{4}, \quad \frac{4}{5}, \quad \dotsm, \quad \frac{8}{9}
\]

**Step 2: Multiply the Fractions**

When multiplying fractions, the numerator of one fraction cancels out with the denominator of the next fraction. Let's write out the product:
","\[
\frac{2}{3} \times \frac{3}{4} \times \frac{4}{5} \times \dotsm \times \frac{8}{9}
\]

Notice that:
\[
3 \text{ in the numerator cancels with } 3 \text{ in the denominator}, \\
4 \text{ in the numerator cancels with } 4 \text{ in the denominator}, \\
\vdots \\
8 \text{ in the numerator cancels with } 8 \text{ in the denominator}.
\]

After canceling all the intermediate terms, only the first numerator and the last denominator remain.

**Step 3: Simplify the Remaining Terms**

The first numerator is **2**, and the last denominator is **9**. Therefore, the product simplifies to:
\[
\frac{2}{9}
\]

**Final Answer:**
\[
\boxed{\dfrac{2}{9}}
\]"
38,428,A,17,0.85,"To find the value of the product \(\frac{2}{3} \times \frac{3}{4} \times \frac{4}{5} \times \dotsm \times \frac{8}{9}\), I start by observing the pattern in the numerators and denominators.

Each fraction in the product has a numerator that is one less than the denominator. For example, the first fraction is \(\frac{2}{3}\), the second is \(\frac{3}{4}\), and so on, up to \(\frac{8}{9}\).

When I multiply these fractions together, I notice that the numerator of each fraction cancels out with the denominator of the previous fraction. Specifically, the 3 in the numerator of the first fraction cancels with the 3 in the denominator of the second fraction, the 4 cancels with the 4 in the denominator of the third fraction, and so on.

After all the cancellations, only the first numerator and the last denominator remain. The first numerator is 2, and the last denominator is 9. Therefore, the product simplifies to \(\frac{2}{9}\).

So, the final answer is \(\frac{2}{9}\).
</think>

To find the value of the product \(\frac{2}{3} \times \frac{3}{4} \times \frac{4}{5} \times \dotsm \times \frac{8}{9}\), let's analyze the pattern and simplify the expression step by step.

**Step 1: Observe the Pattern**

Each fraction in the product has a numerator that is one less than the denominator:
\[
\frac{2}{3}, \quad \frac{3}{4}, \quad \frac{4}{5}, \quad \dotsm, \quad \frac{8}{9}
\]

**Step 2: Multiply the Fractions**

When multiplying fractions, the numerator of one fraction cancels out with the denominator of the next fraction. Let's write out the product:
\[
","\frac{2}{3} \times \frac{3}{4} \times \frac{4}{5} \times \dotsm \times \frac{8}{9}
\]

Notice that:
\[
\frac{3}{3} \times \frac{4}{4} \times \frac{5}{5} \times \dotsm \times \frac{8}{8}
\]

These middle terms cancel each other out, leaving only the first numerator and the last denominator:
\[
\frac{2}{9}
\]

**Final Answer**

\(\boxed{\dfrac{2}{9}}\)"
39,428,B,3,0.15,"To find the value of the product \(\frac{2}{3} \times \frac{3}{4} \times \frac{4}{5} \times \dotsm \times \frac{8}{9}\), I start by observing the pattern in the numerators and denominators.

Each fraction in the product has a numerator that is one less than the denominator. For example, the first fraction is \(\frac{2}{3}\), the second is \(\frac{3}{4}\), and so on, up to \(\frac{8}{9}\).

When I multiply these fractions together, I notice that the numerator of each fraction cancels out with the denominator of the previous fraction. Specifically, the 3 in the numerator of the first fraction cancels with the 3 in the denominator of the second fraction, the 4 cancels with the 4 in the denominator of the third fraction, and so on.

After all the cancellations, only the first numerator and the last denominator remain. The first numerator is 2, and the last denominator is 9. Therefore, the product simplifies to \(\frac{2}{9}\).

So, the final answer is \(\frac{2}{9}\).
</think>

To find the value of the product \(\frac{2}{3} \times \frac{3}{4} \times \frac{4}{5} \times \dotsm \times \frac{8}{9}\), let's analyze the pattern and simplify the expression step by step.

**Step 1: Observe the Pattern**

Each fraction in the product has a numerator that is one less than the denominator:
\[
\frac{2}{3}, \quad \frac{3}{4}, \quad \frac{4}{5}, \quad \dotsm, \quad \frac{8}{9}
\]

**Step 2: Multiply the Fractions**

When multiplying fractions, the numerator of one fraction cancels out with the denominator of the next fraction. Let's write out the product:
\[
","\frac{2}{3} \times \frac{3}{4} \times \frac{4}{5} \times \dotsm \times \frac{8}{9}
\]

Notice that:
\[
\frac{2}{3} \times \frac{3}{4} = \frac{2}{4}, \quad \frac{2}{4} \times \frac{4}{5} = \frac{2}{5}, \quad \dotsm, \quad \frac{2}{8} \times \frac{8}{9} = \frac{2}{9}
\]

**Step 3: Simplify the Expression**

After canceling out the intermediate terms, only the first numerator and the last denominator remain:
\[
\frac{2}{9}
\]

**Final Answer**

\[
\boxed{\frac{2}{9}}
\]"
40,467,A,15,0.75,"To find the value of the product \(\frac{2}{3} \times \frac{3}{4} \times \frac{4}{5} \times \dotsm \times \frac{8}{9}\), I start by observing the pattern in the numerators and denominators.

Each fraction in the product has a numerator that is one less than the denominator. For example, the first fraction is \(\frac{2}{3}\), the second is \(\frac{3}{4}\), and so on, up to \(\frac{8}{9}\).

When I multiply these fractions together, I notice that the numerator of each fraction cancels out with the denominator of the previous fraction. Specifically, the 3 in the numerator of the first fraction cancels with the 3 in the denominator of the second fraction, the 4 cancels with the 4 in the denominator of the third fraction, and so on.

After all the cancellations, only the first numerator and the last denominator remain. The first numerator is 2, and the last denominator is 9. Therefore, the product simplifies to \(\frac{2}{9}\).

So, the final answer is \(\frac{2}{9}\).
</think>

To find the value of the product \(\frac{2}{3} \times \frac{3}{4} \times \frac{4}{5} \times \dotsm \times \frac{8}{9}\), let's analyze the pattern and simplify the expression step by step.

**Step 1: Observe the Pattern**

Each fraction in the product has a numerator that is one less than the denominator:
\[
\frac{2}{3}, \quad \frac{3}{4}, \quad \frac{4}{5}, \quad \dotsm, \quad \frac{8}{9}
\]

**Step 2: Multiply the Fractions**

When multiplying fractions, the numerator of one fraction cancels out with the denominator of the next fraction. Let's write out the product:
\[
\frac{2}{3} \times \frac{3}{4} \times \frac{4}{5} \times \dotsm \times \frac{8}{9}
","\]

After cancellation:
\[
\frac{2}{9}
\]

**Conclusion**

The product simplifies to \(\frac{2}{9}\).

\[
\boxed{\dfrac{2}{9}}
\]"
41,467,B,5,0.25,"To find the value of the product \(\frac{2}{3} \times \frac{3}{4} \times \frac{4}{5} \times \dotsm \times \frac{8}{9}\), I start by observing the pattern in the numerators and denominators.

Each fraction in the product has a numerator that is one less than the denominator. For example, the first fraction is \(\frac{2}{3}\), the second is \(\frac{3}{4}\), and so on, up to \(\frac{8}{9}\).

When I multiply these fractions together, I notice that the numerator of each fraction cancels out with the denominator of the previous fraction. Specifically, the 3 in the numerator of the first fraction cancels with the 3 in the denominator of the second fraction, the 4 cancels with the 4 in the denominator of the third fraction, and so on.

After all the cancellations, only the first numerator and the last denominator remain. The first numerator is 2, and the last denominator is 9. Therefore, the product simplifies to \(\frac{2}{9}\).

So, the final answer is \(\frac{2}{9}\).
</think>

To find the value of the product \(\frac{2}{3} \times \frac{3}{4} \times \frac{4}{5} \times \dotsm \times \frac{8}{9}\), let's analyze the pattern and simplify the expression step by step.

**Step 1: Observe the Pattern**

Each fraction in the product has a numerator that is one less than the denominator:
\[
\frac{2}{3}, \quad \frac{3}{4}, \quad \frac{4}{5}, \quad \dotsm, \quad \frac{8}{9}
\]

**Step 2: Multiply the Fractions**

When multiplying fractions, the numerator of one fraction cancels out with the denominator of the next fraction. Let's write out the product:
\[
\frac{2}{3} \times \frac{3}{4} \times \frac{4}{5} \times \dotsm \times \frac{8}{9}
","\]

Notice that:
- The **3** in the numerator of the first fraction cancels with the **3** in the denominator of the second fraction.
- The **4** in the numerator of the second fraction cancels with the **4** in the denominator of the third fraction.
- This pattern continues up to the **8** in the numerator of the last fraction.

**Step 3: Simplify the Remaining Terms**

After canceling all common factors, only the **first numerator** and the **last denominator** remain:
\[
\frac{2}{9}
\]

**Final Answer:**
\[
\boxed{\dfrac{2}{9}}
\]"
42,469,A,19,0.95,"To find the value of the product \(\frac{2}{3} \times \frac{3}{4} \times \frac{4}{5} \times \dotsm \times \frac{8}{9}\), I start by observing the pattern in the numerators and denominators.

Each fraction in the product has a numerator that is one less than the denominator. For example, the first fraction is \(\frac{2}{3}\), the second is \(\frac{3}{4}\), and so on, up to \(\frac{8}{9}\).

When I multiply these fractions together, I notice that the numerator of each fraction cancels out with the denominator of the previous fraction. Specifically, the 3 in the numerator of the first fraction cancels with the 3 in the denominator of the second fraction, the 4 cancels with the 4 in the denominator of the third fraction, and so on.

After all the cancellations, only the first numerator and the last denominator remain. The first numerator is 2, and the last denominator is 9. Therefore, the product simplifies to \(\frac{2}{9}\).

So, the final answer is \(\frac{2}{9}\).
</think>

To find the value of the product \(\frac{2}{3} \times \frac{3}{4} \times \frac{4}{5} \times \dotsm \times \frac{8}{9}\), let's analyze the pattern and simplify the expression step by step.

**Step 1: Observe the Pattern**

Each fraction in the product has a numerator that is one less than the denominator:
\[
\frac{2}{3}, \quad \frac{3}{4}, \quad \frac{4}{5}, \quad \dotsm, \quad \frac{8}{9}
\]

**Step 2: Multiply the Fractions**

When multiplying fractions, the numerator of one fraction cancels out with the denominator of the next fraction. Let's write out the product:
\[
\frac{2}{3} \times \frac{3}{4} \times \frac{4}{5} \times \dotsm \times \frac{8}{9}
\]

","Notice that:
\[
3 \text{ (numerator of first fraction)} \times 4 \text{ (denominator of second fraction)} \times \dotsm \times 8 \text{ (numerator of last fraction)} 
\]
\[
= 3 \times 4 \times 5 \times \dotsm \times 8
\]
And:
\[
4 \text{ (denominator of first fraction)} \times 5 \times \dotsm \times 9 \text{ (denominator of last fraction)}
\]
\[
= 4 \times 5 \times 6 \times \dotsm \times 9
\]

**Step 3: Simplify the Canceled Terms**

After cancellation, the remaining terms are:
\[
\frac{2}{9}
\]

**Final Answer:**
\[
\boxed{\dfrac{2}{9}}
\]"
43,469,B,1,0.05,"To find the value of the product \(\frac{2}{3} \times \frac{3}{4} \times \frac{4}{5} \times \dotsm \times \frac{8}{9}\), I start by observing the pattern in the numerators and denominators.

Each fraction in the product has a numerator that is one less than the denominator. For example, the first fraction is \(\frac{2}{3}\), the second is \(\frac{3}{4}\), and so on, up to \(\frac{8}{9}\).

When I multiply these fractions together, I notice that the numerator of each fraction cancels out with the denominator of the previous fraction. Specifically, the 3 in the numerator of the first fraction cancels with the 3 in the denominator of the second fraction, the 4 cancels with the 4 in the denominator of the third fraction, and so on.

After all the cancellations, only the first numerator and the last denominator remain. The first numerator is 2, and the last denominator is 9. Therefore, the product simplifies to \(\frac{2}{9}\).

So, the final answer is \(\frac{2}{9}\).
</think>

To find the value of the product \(\frac{2}{3} \times \frac{3}{4} \times \frac{4}{5} \times \dotsm \times \frac{8}{9}\), let's analyze the pattern and simplify the expression step by step.

**Step 1: Observe the Pattern**

Each fraction in the product has a numerator that is one less than the denominator:
\[
\frac{2}{3}, \quad \frac{3}{4}, \quad \frac{4}{5}, \quad \dotsm, \quad \frac{8}{9}
\]

**Step 2: Multiply the Fractions**

When multiplying fractions, the numerator of one fraction cancels out with the denominator of the next fraction. Let's write out the product:
\[
\frac{2}{3} \times \frac{3}{4} \times \frac{4}{5} \times \dotsm \times \frac{8}{9}
\]

","Notice that:
\[
3 \text{ in the numerator cancels with } 3 \text{ in the denominator of the next fraction}
\]
\[
4 \text{ in the numerator cancels with } 4 \text{ in the denominator of the next fraction}
\]
\[
\vdots
\]
\[
8 \text{ in the numerator cancels with } 8 \text{ in the denominator of the previous fraction}
\]

**Step 3: Simplify the Remaining Terms**

After cancelling all the middle terms, only the first numerator and the last denominator remain:
\[
\frac{2}{3} \times \frac{3}{4} \times \frac{4}{5} \times \dotsm \times \frac{8}{9} = \frac{2}{9}
\]

**Final Answer:**
\[
\boxed{\dfrac{2}{9}}
\]"
44,481,A,17,0.85,"To find the value of the product \(\frac{2}{3} \times \frac{3}{4} \times \frac{4}{5} \times \dotsm \times \frac{8}{9}\), I start by observing the pattern in the numerators and denominators.

Each fraction in the product has a numerator that is one less than the denominator. For example, the first fraction is \(\frac{2}{3}\), the second is \(\frac{3}{4}\), and so on, up to \(\frac{8}{9}\).

When I multiply these fractions together, I notice that the numerator of each fraction cancels out with the denominator of the previous fraction. Specifically, the 3 in the numerator of the first fraction cancels with the 3 in the denominator of the second fraction, the 4 cancels with the 4 in the denominator of the third fraction, and so on.

After all the cancellations, only the first numerator and the last denominator remain. The first numerator is 2, and the last denominator is 9. Therefore, the product simplifies to \(\frac{2}{9}\).

So, the final answer is \(\frac{2}{9}\).
</think>

To find the value of the product \(\frac{2}{3} \times \frac{3}{4} \times \frac{4}{5} \times \dotsm \times \frac{8}{9}\), let's analyze the pattern and simplify the expression step by step.

**Step 1: Observe the Pattern**

Each fraction in the product has a numerator that is one less than the denominator:
\[
\frac{2}{3}, \quad \frac{3}{4}, \quad \frac{4}{5}, \quad \dotsm, \quad \frac{8}{9}
\]

**Step 2: Multiply the Fractions**

When multiplying fractions, the numerator of one fraction cancels out with the denominator of the next fraction. Let's write out the product:
\[
\frac{2}{3} \times \frac{3}{4} \times \frac{4}{5} \times \dotsm \times \frac{8}{9}
\]

**Step 3: Simplify by Canceling Terms**

","Notice that:
\[
3 \text{ (numerator of first fraction)} \cancel{ \times 3} \text{ (denominator of second fraction)} \\
4 \text{ (numerator of second fraction)} \cancel{ \times 4} \text{ (denominator of third fraction)} \\
\vdots \\
8 \text{ (numerator of last fraction)} \cancel{ \times 8} \text{ (denominator of following fraction)}
\]

After cancellation, only the **first numerator** and the **last denominator** remain:
\[
\frac{2}{9}
\]

**Final Answer**
\[
\boxed{\dfrac{2}{9}}
\]"
45,481,B,3,0.15,"To find the value of the product \(\frac{2}{3} \times \frac{3}{4} \times \frac{4}{5} \times \dotsm \times \frac{8}{9}\), I start by observing the pattern in the numerators and denominators.

Each fraction in the product has a numerator that is one less than the denominator. For example, the first fraction is \(\frac{2}{3}\), the second is \(\frac{3}{4}\), and so on, up to \(\frac{8}{9}\).

When I multiply these fractions together, I notice that the numerator of each fraction cancels out with the denominator of the previous fraction. Specifically, the 3 in the numerator of the first fraction cancels with the 3 in the denominator of the second fraction, the 4 cancels with the 4 in the denominator of the third fraction, and so on.

After all the cancellations, only the first numerator and the last denominator remain. The first numerator is 2, and the last denominator is 9. Therefore, the product simplifies to \(\frac{2}{9}\).

So, the final answer is \(\frac{2}{9}\).
</think>

To find the value of the product \(\frac{2}{3} \times \frac{3}{4} \times \frac{4}{5} \times \dotsm \times \frac{8}{9}\), let's analyze the pattern and simplify the expression step by step.

**Step 1: Observe the Pattern**

Each fraction in the product has a numerator that is one less than the denominator:
\[
\frac{2}{3}, \quad \frac{3}{4}, \quad \frac{4}{5}, \quad \dotsm, \quad \frac{8}{9}
\]

**Step 2: Multiply the Fractions**

When multiplying fractions, the numerator of one fraction cancels out with the denominator of the next fraction. Let's write out the product:
\[
\frac{2}{3} \times \frac{3}{4} \times \frac{4}{5} \times \dotsm \times \frac{8}{9}
\]

**Step 3: Simplify by Canceling Terms**

","Notice that:
\[
\frac{2}{3} \times \frac{3}{4} = \frac{2 \times 3}{3 \times 4} = \frac{2}{4}
\]
\[
\frac{2}{4} \times \frac{4}{5} = \frac{2 \times 4}{4 \times 5} = \frac{2}{5}
\]
\[
\vdots
\]
\[
\frac{2}{8} \times \frac{8}{9} = \frac{2 \times 8}{8 \times 9} = \frac{2}{9}
\]

**Step 4: Final Simplification**

After canceling all the intermediate terms, only the first numerator and the last denominator remain:
\[
\frac{2}{9}
\]

**Final Answer:**
\[
\boxed{\frac{2}{9}}
\]"
46,484,A,16,0.8,"To find the value of the product \(\frac{2}{3} \times \frac{3}{4} \times \frac{4}{5} \times \dotsm \times \frac{8}{9}\), I start by observing the pattern in the numerators and denominators.

Each fraction in the product has a numerator that is one less than the denominator. For example, the first fraction is \(\frac{2}{3}\), the second is \(\frac{3}{4}\), and so on, up to \(\frac{8}{9}\).

When I multiply these fractions together, I notice that the numerator of each fraction cancels out with the denominator of the previous fraction. Specifically, the 3 in the numerator of the first fraction cancels with the 3 in the denominator of the second fraction, the 4 cancels with the 4 in the denominator of the third fraction, and so on.

After all the cancellations, only the first numerator and the last denominator remain. The first numerator is 2, and the last denominator is 9. Therefore, the product simplifies to \(\frac{2}{9}\).

So, the final answer is \(\frac{2}{9}\).
</think>

To find the value of the product \(\frac{2}{3} \times \frac{3}{4} \times \frac{4}{5} \times \dotsm \times \frac{8}{9}\), let's analyze the pattern and simplify the expression step by step.

**Step 1: Observe the Pattern**

Each fraction in the product has a numerator that is one less than the denominator:
\[
\frac{2}{3}, \quad \frac{3}{4}, \quad \frac{4}{5}, \quad \dotsm, \quad \frac{8}{9}
\]

**Step 2: Multiply the Fractions**

When multiplying fractions, the numerator of one fraction cancels out with the denominator of the next fraction. Let's write out the product:
\[
\frac{2}{3} \times \frac{3}{4} \times \frac{4}{5} \times \dotsm \times \frac{8}{9}
\]

**Step 3: Simplify by Canceling Terms**

Notice that:
","\[
\frac{2}{3} \times \frac{3}{4} = \frac{2}{4} = \frac{1}{2}
\]
\[
\frac{1}{2} \times \frac{4}{5} = \frac{4}{10} = \frac{2}{5}
\]
\[
\frac{2}{5} \times \frac{5}{6} = \frac{2}{6} = \frac{1}{3}
\]
Continuing this pattern, each multiplication reduces the fraction further, but crucially, all intermediate terms cancel out.

**Step 4: Final Simplification**

After canceling all intermediate terms, we are left with:
\[
\frac{2}{9}
\]

**Conclusion**

The value of the product \(\frac{2}{3} \times \frac{3}{4} \times \frac{4}{5} \times \dotsm \times \frac{8}{9}\) is:

\[
\boxed{\dfrac{2}{9}}
\]"
47,484,B,4,0.2,"To find the value of the product \(\frac{2}{3} \times \frac{3}{4} \times \frac{4}{5} \times \dotsm \times \frac{8}{9}\), I start by observing the pattern in the numerators and denominators.

Each fraction in the product has a numerator that is one less than the denominator. For example, the first fraction is \(\frac{2}{3}\), the second is \(\frac{3}{4}\), and so on, up to \(\frac{8}{9}\).

When I multiply these fractions together, I notice that the numerator of each fraction cancels out with the denominator of the previous fraction. Specifically, the 3 in the numerator of the first fraction cancels with the 3 in the denominator of the second fraction, the 4 cancels with the 4 in the denominator of the third fraction, and so on.

After all the cancellations, only the first numerator and the last denominator remain. The first numerator is 2, and the last denominator is 9. Therefore, the product simplifies to \(\frac{2}{9}\).

So, the final answer is \(\frac{2}{9}\).
</think>

To find the value of the product \(\frac{2}{3} \times \frac{3}{4} \times \frac{4}{5} \times \dotsm \times \frac{8}{9}\), let's analyze the pattern and simplify the expression step by step.

**Step 1: Observe the Pattern**

Each fraction in the product has a numerator that is one less than the denominator:
\[
\frac{2}{3}, \quad \frac{3}{4}, \quad \frac{4}{5}, \quad \dotsm, \quad \frac{8}{9}
\]

**Step 2: Multiply the Fractions**

When multiplying fractions, the numerator of one fraction cancels out with the denominator of the next fraction. Let's write out the product:
\[
\frac{2}{3} \times \frac{3}{4} \times \frac{4}{5} \times \dotsm \times \frac{8}{9}
\]

**Step 3: Simplify by Canceling Terms**

Notice that:
","- The **3** in the numerator of the first fraction cancels out with the **3** in the denominator of the second fraction.
- The **4** in the numerator of the second fraction cancels out with the **4** in the denominator of the third fraction.
- This pattern continues until the **8** in the numerator of the last fraction cancels out with the **8** in the denominator of the previous fraction.

**Step 4: Determine the Remaining Terms**

After all the cancellations, the only terms that remain are:
- The **2** from the numerator of the first fraction.
- The **9** from the denominator of the last fraction.

**Step 5: Write the Simplified Fraction**

The simplified product is:
\[
\frac{2}{9}
\]

**Final Answer:**
\[
\boxed{\dfrac{2}{9}}
\]"
48,486,A,16,0.8,"To find the value of the product \(\frac{2}{3} \times \frac{3}{4} \times \frac{4}{5} \times \dotsm \times \frac{8}{9}\), I start by observing the pattern in the numerators and denominators.

Each fraction in the product has a numerator that is one less than the denominator. For example, the first fraction is \(\frac{2}{3}\), the second is \(\frac{3}{4}\), and so on, up to \(\frac{8}{9}\).

When I multiply these fractions together, I notice that the numerator of each fraction cancels out with the denominator of the previous fraction. Specifically, the 3 in the numerator of the first fraction cancels with the 3 in the denominator of the second fraction, the 4 cancels with the 4 in the denominator of the third fraction, and so on.

After all the cancellations, only the first numerator and the last denominator remain. The first numerator is 2, and the last denominator is 9. Therefore, the product simplifies to \(\frac{2}{9}\).

So, the final answer is \(\frac{2}{9}\).
</think>

To find the value of the product \(\frac{2}{3} \times \frac{3}{4} \times \frac{4}{5} \times \dotsm \times \frac{8}{9}\), let's analyze the pattern and simplify the expression step by step.

**Step 1: Observe the Pattern**

Each fraction in the product has a numerator that is one less than the denominator:
\[
\frac{2}{3}, \quad \frac{3}{4}, \quad \frac{4}{5}, \quad \dotsm, \quad \frac{8}{9}
\]

**Step 2: Multiply the Fractions**

When multiplying fractions, the numerator of one fraction cancels out with the denominator of the next fraction. Let's write out the product:
\[
\frac{2}{3} \times \frac{3}{4} \times \frac{4}{5} \times \dotsm \times \frac{8}{9}
\]

**Step 3: Simplify by Canceling Terms**

Notice that:
\[
","3 \text{ in the numerator cancels with } 3 \text{ in the denominator}, \\
4 \text{ in the numerator cancels with } 4 \text{ in the denominator}, \\
\dotsm \quad \text{continue this pattern until the last fraction's numerator cancels with the previous denominator}.
\]

After cancellation, only the first numerator and the last denominator remain:
\[
\frac{2}{9}
\]

**Final Answer:**
\[
\boxed{\dfrac{2}{9}}
\]"
49,486,B,4,0.2,"To find the value of the product \(\frac{2}{3} \times \frac{3}{4} \times \frac{4}{5} \times \dotsm \times \frac{8}{9}\), I start by observing the pattern in the numerators and denominators.

Each fraction in the product has a numerator that is one less than the denominator. For example, the first fraction is \(\frac{2}{3}\), the second is \(\frac{3}{4}\), and so on, up to \(\frac{8}{9}\).

When I multiply these fractions together, I notice that the numerator of each fraction cancels out with the denominator of the previous fraction. Specifically, the 3 in the numerator of the first fraction cancels with the 3 in the denominator of the second fraction, the 4 cancels with the 4 in the denominator of the third fraction, and so on.

After all the cancellations, only the first numerator and the last denominator remain. The first numerator is 2, and the last denominator is 9. Therefore, the product simplifies to \(\frac{2}{9}\).

So, the final answer is \(\frac{2}{9}\).
</think>

To find the value of the product \(\frac{2}{3} \times \frac{3}{4} \times \frac{4}{5} \times \dotsm \times \frac{8}{9}\), let's analyze the pattern and simplify the expression step by step.

**Step 1: Observe the Pattern**

Each fraction in the product has a numerator that is one less than the denominator:
\[
\frac{2}{3}, \quad \frac{3}{4}, \quad \frac{4}{5}, \quad \dotsm, \quad \frac{8}{9}
\]

**Step 2: Multiply the Fractions**

When multiplying fractions, the numerator of one fraction cancels out with the denominator of the next fraction. Let's write out the product:
\[
\frac{2}{3} \times \frac{3}{4} \times \frac{4}{5} \times \dotsm \times \frac{8}{9}
\]

**Step 3: Simplify by Canceling Terms**

Notice that:
\[
","3 \text{ (numerator of the first fraction)} \times 4 \text{ (denominator of the second fraction)} = 3 \times 4
\]
\[
4 \text{ (numerator of the second fraction)} \times 5 \text{ (denominator of the third fraction)} = 4 \times 5
\]
Continuing this pattern, each denominator cancels with the numerator of the following fraction.

After all cancellations:
\[
\text{Numerator left} = 2
\]
\[
\text{Denominator left} = 9
\]

**Step 4: Write the Simplified Fraction**

The remaining product after all cancellations is:
\[
\frac{2}{9}
\]

**Final Answer**

\[
\boxed{\dfrac{2}{9}}
\]"
50,530,A,19,0.95,"To find the value of the product \(\frac{2}{3} \times \frac{3}{4} \times \frac{4}{5} \times \dotsm \times \frac{8}{9}\), I start by observing the pattern in the numerators and denominators.

Each fraction in the product has a numerator that is one less than the denominator. For example, the first fraction is \(\frac{2}{3}\), the second is \(\frac{3}{4}\), and so on, up to \(\frac{8}{9}\).

When I multiply these fractions together, I notice that the numerator of each fraction cancels out with the denominator of the previous fraction. Specifically, the 3 in the numerator of the first fraction cancels with the 3 in the denominator of the second fraction, the 4 cancels with the 4 in the denominator of the third fraction, and so on.

After all the cancellations, only the first numerator and the last denominator remain. The first numerator is 2, and the last denominator is 9. Therefore, the product simplifies to \(\frac{2}{9}\).

So, the final answer is \(\frac{2}{9}\).
</think>

To find the value of the product \(\frac{2}{3} \times \frac{3}{4} \times \frac{4}{5} \times \dotsm \times \frac{8}{9}\), let's analyze the pattern and simplify the expression step by step.

**Step 1: Observe the Pattern**

Each fraction in the product has a numerator that is one less than the denominator:
\[
\frac{2}{3}, \quad \frac{3}{4}, \quad \frac{4}{5}, \quad \dotsm, \quad \frac{8}{9}
\]

**Step 2: Multiply the Fractions**

When multiplying fractions, the numerator of one fraction cancels out with the denominator of the next fraction. Let's write out the product:
\[
\frac{2}{3} \times \frac{3}{4} \times \frac{4}{5} \times \dotsm \times \frac{8}{9}
\]

**Step 3: Simplify by Canceling Terms**

Notice that:
\[
3 \text{ (numerator of first fraction)} \times 4 \text{ (denominator of second fraction)} \times \dotsm \times 8 \text{ (numerator of last fraction)}
","\]
All these numbers cancel out, leaving only the first numerator and the last denominator:
\[
\frac{2}{9}
\]

**Final Answer**
\[
\boxed{\dfrac{2}{9}}
\]"
51,530,B,1,0.05,"To find the value of the product \(\frac{2}{3} \times \frac{3}{4} \times \frac{4}{5} \times \dotsm \times \frac{8}{9}\), I start by observing the pattern in the numerators and denominators.

Each fraction in the product has a numerator that is one less than the denominator. For example, the first fraction is \(\frac{2}{3}\), the second is \(\frac{3}{4}\), and so on, up to \(\frac{8}{9}\).

When I multiply these fractions together, I notice that the numerator of each fraction cancels out with the denominator of the previous fraction. Specifically, the 3 in the numerator of the first fraction cancels with the 3 in the denominator of the second fraction, the 4 cancels with the 4 in the denominator of the third fraction, and so on.

After all the cancellations, only the first numerator and the last denominator remain. The first numerator is 2, and the last denominator is 9. Therefore, the product simplifies to \(\frac{2}{9}\).

So, the final answer is \(\frac{2}{9}\).
</think>

To find the value of the product \(\frac{2}{3} \times \frac{3}{4} \times \frac{4}{5} \times \dotsm \times \frac{8}{9}\), let's analyze the pattern and simplify the expression step by step.

**Step 1: Observe the Pattern**

Each fraction in the product has a numerator that is one less than the denominator:
\[
\frac{2}{3}, \quad \frac{3}{4}, \quad \frac{4}{5}, \quad \dotsm, \quad \frac{8}{9}
\]

**Step 2: Multiply the Fractions**

When multiplying fractions, the numerator of one fraction cancels out with the denominator of the next fraction. Let's write out the product:
\[
\frac{2}{3} \times \frac{3}{4} \times \frac{4}{5} \times \dotsm \times \frac{8}{9}
\]

**Step 3: Simplify by Canceling Terms**

Notice that:
\[
3 \text{ (numerator of first fraction)} \times 4 \text{ (denominator of second fraction)} \times \dotsm \times 8 \text{ (numerator of last fraction)}
","\]

All the terms from 3 to 8 appear both in the numerator and the denominator and thus cancel each other out.

**Step 4: Determine the Remaining Terms**

After cancellation, the only terms that remain are the first numerator and the last denominator:
\[
\text{Remaining numerator} = 2
\]
\[
\text{Remaining denominator} = 9
\]

**Step 5: Write the Simplified Fraction**

Putting it all together:
\[
\frac{2}{3} \times \frac{3}{4} \times \frac{4}{5} \times \dotsm \times \frac{8}{9} = \frac{2}{9}
\]

**Final Answer:**
\[
\boxed{\dfrac{2}{9}}
\]"
52,532,A,17,0.85,"To find the value of the product \(\frac{2}{3} \times \frac{3}{4} \times \frac{4}{5} \times \dotsm \times \frac{8}{9}\), I start by observing the pattern in the numerators and denominators.

Each fraction in the product has a numerator that is one less than the denominator. For example, the first fraction is \(\frac{2}{3}\), the second is \(\frac{3}{4}\), and so on, up to \(\frac{8}{9}\).

When I multiply these fractions together, I notice that the numerator of each fraction cancels out with the denominator of the previous fraction. Specifically, the 3 in the numerator of the first fraction cancels with the 3 in the denominator of the second fraction, the 4 cancels with the 4 in the denominator of the third fraction, and so on.

After all the cancellations, only the first numerator and the last denominator remain. The first numerator is 2, and the last denominator is 9. Therefore, the product simplifies to \(\frac{2}{9}\).

So, the final answer is \(\frac{2}{9}\).
</think>

To find the value of the product \(\frac{2}{3} \times \frac{3}{4} \times \frac{4}{5} \times \dotsm \times \frac{8}{9}\), let's analyze the pattern and simplify the expression step by step.

**Step 1: Observe the Pattern**

Each fraction in the product has a numerator that is one less than the denominator:
\[
\frac{2}{3}, \quad \frac{3}{4}, \quad \frac{4}{5}, \quad \dotsm, \quad \frac{8}{9}
\]

**Step 2: Multiply the Fractions**

When multiplying fractions, the numerator of one fraction cancels out with the denominator of the next fraction. Let's write out the product:
\[
\frac{2}{3} \times \frac{3}{4} \times \frac{4}{5} \times \dotsm \times \frac{8}{9}
\]

**Step 3: Simplify by Canceling Terms**

Notice that:
\[
3 \text{ (numerator of first fraction)} \times 4 \text{ (denominator of second fraction)} \times \dotsm \times 8 \text{ (numerator of last fraction)}
\]
","All these terms cancel out, leaving only the first numerator and the last denominator:
\[
\frac{2}{9}
\]

**Final Answer**
\[
\boxed{\dfrac{2}{9}}
\]"
53,532,B,3,0.15,"To find the value of the product \(\frac{2}{3} \times \frac{3}{4} \times \frac{4}{5} \times \dotsm \times \frac{8}{9}\), I start by observing the pattern in the numerators and denominators.

Each fraction in the product has a numerator that is one less than the denominator. For example, the first fraction is \(\frac{2}{3}\), the second is \(\frac{3}{4}\), and so on, up to \(\frac{8}{9}\).

When I multiply these fractions together, I notice that the numerator of each fraction cancels out with the denominator of the previous fraction. Specifically, the 3 in the numerator of the first fraction cancels with the 3 in the denominator of the second fraction, the 4 cancels with the 4 in the denominator of the third fraction, and so on.

After all the cancellations, only the first numerator and the last denominator remain. The first numerator is 2, and the last denominator is 9. Therefore, the product simplifies to \(\frac{2}{9}\).

So, the final answer is \(\frac{2}{9}\).
</think>

To find the value of the product \(\frac{2}{3} \times \frac{3}{4} \times \frac{4}{5} \times \dotsm \times \frac{8}{9}\), let's analyze the pattern and simplify the expression step by step.

**Step 1: Observe the Pattern**

Each fraction in the product has a numerator that is one less than the denominator:
\[
\frac{2}{3}, \quad \frac{3}{4}, \quad \frac{4}{5}, \quad \dotsm, \quad \frac{8}{9}
\]

**Step 2: Multiply the Fractions**

When multiplying fractions, the numerator of one fraction cancels out with the denominator of the next fraction. Let's write out the product:
\[
\frac{2}{3} \times \frac{3}{4} \times \frac{4}{5} \times \dotsm \times \frac{8}{9}
\]

**Step 3: Simplify by Canceling Terms**

Notice that:
\[
3 \text{ (numerator of first fraction)} \times 4 \text{ (denominator of second fraction)} \times \dotsm \times 8 \text{ (numerator of last fraction)}
\]
","\[
= 3 \times 4 \times 5 \times \dotsm \times 8
\]

Similarly, the denominator terms cancel with the numerator terms except for the first numerator and the last denominator:
\[
= \frac{2 \times 3 \times 4 \times \dotsm \times 8}{3 \times 4 \times 5 \times \dotsm \times 9}
\]
\[
= \frac{2}{9}
\]

**Final Answer:**
\[
\boxed{\dfrac{2}{9}}
\]"
54,542,A,17,0.85,"To find the value of the product \(\frac{2}{3} \times \frac{3}{4} \times \frac{4}{5} \times \dotsm \times \frac{8}{9}\), I start by observing the pattern in the numerators and denominators.

Each fraction in the product has a numerator that is one less than the denominator. For example, the first fraction is \(\frac{2}{3}\), the second is \(\frac{3}{4}\), and so on, up to \(\frac{8}{9}\).

When I multiply these fractions together, I notice that the numerator of each fraction cancels out with the denominator of the previous fraction. Specifically, the 3 in the numerator of the first fraction cancels with the 3 in the denominator of the second fraction, the 4 cancels with the 4 in the denominator of the third fraction, and so on.

After all the cancellations, only the first numerator and the last denominator remain. The first numerator is 2, and the last denominator is 9. Therefore, the product simplifies to \(\frac{2}{9}\).

So, the final answer is \(\frac{2}{9}\).
</think>

To find the value of the product \(\frac{2}{3} \times \frac{3}{4} \times \frac{4}{5} \times \dotsm \times \frac{8}{9}\), let's analyze the pattern and simplify the expression step by step.

**Step 1: Observe the Pattern**

Each fraction in the product has a numerator that is one less than the denominator:
\[
\frac{2}{3}, \quad \frac{3}{4}, \quad \frac{4}{5}, \quad \dotsm, \quad \frac{8}{9}
\]

**Step 2: Multiply the Fractions**

When multiplying fractions, the numerator of one fraction cancels out with the denominator of the next fraction. Let's write out the product:
\[
\frac{2}{3} \times \frac{3}{4} \times \frac{4}{5} \times \dotsm \times \frac{8}{9}
\]

**Step 3: Simplify by Canceling Terms**

Notice that:
\[
3 \text{ (numerator of first fraction)} \times 4 \text{ (denominator of second fraction)} \times \dotsm \times 8 \text{ (numerator of last fraction)}
\]
All these middle terms cancel out, leaving only:
","\[
\frac{2}{\text{last denominator}}
\]

**Step 4: Identify the Last Denominator**

From the product, the last denominator is 9. Therefore, the simplified product becomes:
\[
\frac{2}{9}
\]

**Final Answer**
\[
\boxed{\dfrac{2}{9}}
\]"
55,542,B,3,0.15,"To find the value of the product \(\frac{2}{3} \times \frac{3}{4} \times \frac{4}{5} \times \dotsm \times \frac{8}{9}\), I start by observing the pattern in the numerators and denominators.

Each fraction in the product has a numerator that is one less than the denominator. For example, the first fraction is \(\frac{2}{3}\), the second is \(\frac{3}{4}\), and so on, up to \(\frac{8}{9}\).

When I multiply these fractions together, I notice that the numerator of each fraction cancels out with the denominator of the previous fraction. Specifically, the 3 in the numerator of the first fraction cancels with the 3 in the denominator of the second fraction, the 4 cancels with the 4 in the denominator of the third fraction, and so on.

After all the cancellations, only the first numerator and the last denominator remain. The first numerator is 2, and the last denominator is 9. Therefore, the product simplifies to \(\frac{2}{9}\).

So, the final answer is \(\frac{2}{9}\).
</think>

To find the value of the product \(\frac{2}{3} \times \frac{3}{4} \times \frac{4}{5} \times \dotsm \times \frac{8}{9}\), let's analyze the pattern and simplify the expression step by step.

**Step 1: Observe the Pattern**

Each fraction in the product has a numerator that is one less than the denominator:
\[
\frac{2}{3}, \quad \frac{3}{4}, \quad \frac{4}{5}, \quad \dotsm, \quad \frac{8}{9}
\]

**Step 2: Multiply the Fractions**

When multiplying fractions, the numerator of one fraction cancels out with the denominator of the next fraction. Let's write out the product:
\[
\frac{2}{3} \times \frac{3}{4} \times \frac{4}{5} \times \dotsm \times \frac{8}{9}
\]

**Step 3: Simplify by Canceling Terms**

Notice that:
\[
3 \text{ (numerator of first fraction)} \times 4 \text{ (denominator of second fraction)} \times \dotsm \times 8 \text{ (numerator of last fraction)}
\]
All these middle terms cancel out, leaving only:
","\[
\text{Numerators left: } 2
\]
\[
\text{Denominators left: } 9
\]

**Step 4: Write the Simplified Fraction**

After cancellation, the product simplifies to:
\[
\frac{2}{9}
\]

**Final Answer:**
\[
\boxed{\dfrac{2}{9}}
\]"
56,544,A,20,1.0,"To find the value of the product \(\frac{2}{3} \times \frac{3}{4} \times \frac{4}{5} \times \dotsm \times \frac{8}{9}\), I start by observing the pattern in the numerators and denominators.

Each fraction in the product has a numerator that is one less than the denominator. For example, the first fraction is \(\frac{2}{3}\), the second is \(\frac{3}{4}\), and so on, up to \(\frac{8}{9}\).

When I multiply these fractions together, I notice that the numerator of each fraction cancels out with the denominator of the previous fraction. Specifically, the 3 in the numerator of the first fraction cancels with the 3 in the denominator of the second fraction, the 4 cancels with the 4 in the denominator of the third fraction, and so on.

After all the cancellations, only the first numerator and the last denominator remain. The first numerator is 2, and the last denominator is 9. Therefore, the product simplifies to \(\frac{2}{9}\).

So, the final answer is \(\frac{2}{9}\).
</think>

To find the value of the product \(\frac{2}{3} \times \frac{3}{4} \times \frac{4}{5} \times \dotsm \times \frac{8}{9}\), let's analyze the pattern and simplify the expression step by step.

**Step 1: Observe the Pattern**

Each fraction in the product has a numerator that is one less than the denominator:
\[
\frac{2}{3}, \quad \frac{3}{4}, \quad \frac{4}{5}, \quad \dotsm, \quad \frac{8}{9}
\]

**Step 2: Multiply the Fractions**

When multiplying fractions, the numerator of one fraction cancels out with the denominator of the next fraction. Let's write out the product:
\[
\frac{2}{3} \times \frac{3}{4} \times \frac{4}{5} \times \dotsm \times \frac{8}{9}
\]

**Step 3: Simplify by Canceling Terms**

Notice that:
\[
3 \text{ (numerator of first fraction)} \times 4 \text{ (denominator of second fraction)} \times \dotsm \times 8 \text{ (numerator of last fraction)}
\]
All these middle terms cancel out, leaving only:
\[
","\frac{2}{9}
\]

**Final Answer**

\[
\boxed{\dfrac{2}{9}}
\]"
57,551,A,20,1.0,"To find the value of the product \(\frac{2}{3} \times \frac{3}{4} \times \frac{4}{5} \times \dotsm \times \frac{8}{9}\), I start by observing the pattern in the numerators and denominators.

Each fraction in the product has a numerator that is one less than the denominator. For example, the first fraction is \(\frac{2}{3}\), the second is \(\frac{3}{4}\), and so on, up to \(\frac{8}{9}\).

When I multiply these fractions together, I notice that the numerator of each fraction cancels out with the denominator of the previous fraction. Specifically, the 3 in the numerator of the first fraction cancels with the 3 in the denominator of the second fraction, the 4 cancels with the 4 in the denominator of the third fraction, and so on.

After all the cancellations, only the first numerator and the last denominator remain. The first numerator is 2, and the last denominator is 9. Therefore, the product simplifies to \(\frac{2}{9}\).

So, the final answer is \(\frac{2}{9}\).
</think>

To find the value of the product \(\frac{2}{3} \times \frac{3}{4} \times \frac{4}{5} \times \dotsm \times \frac{8}{9}\), let's analyze the pattern and simplify the expression step by step.

**Step 1: Observe the Pattern**

Each fraction in the product has a numerator that is one less than the denominator:
\[
\frac{2}{3}, \quad \frac{3}{4}, \quad \frac{4}{5}, \quad \dotsm, \quad \frac{8}{9}
\]

**Step 2: Multiply the Fractions**

When multiplying fractions, the numerator of one fraction cancels out with the denominator of the next fraction. Let's write out the product:
\[
\frac{2}{3} \times \frac{3}{4} \times \frac{4}{5} \times \dotsm \times \frac{8}{9}
\]

**Step 3: Simplify by Canceling Terms**

Notice that:
\[
3 \text{ (numerator of first fraction)} \times 4 \text{ (denominator of second fraction)} \times \dotsm \times 8 \text{ (numerator of last fraction)}
\]
All these middle terms cancel out, leaving only:
\[
\frac{2}{9}
","\]

**Final Answer:**
\[
\boxed{\dfrac{2}{9}}
\]"
58,553,A,19,0.95,"To find the value of the product \(\frac{2}{3} \times \frac{3}{4} \times \frac{4}{5} \times \dotsm \times \frac{8}{9}\), I start by observing the pattern in the numerators and denominators.

Each fraction in the product has a numerator that is one less than the denominator. For example, the first fraction is \(\frac{2}{3}\), the second is \(\frac{3}{4}\), and so on, up to \(\frac{8}{9}\).

When I multiply these fractions together, I notice that the numerator of each fraction cancels out with the denominator of the previous fraction. Specifically, the 3 in the numerator of the first fraction cancels with the 3 in the denominator of the second fraction, the 4 cancels with the 4 in the denominator of the third fraction, and so on.

After all the cancellations, only the first numerator and the last denominator remain. The first numerator is 2, and the last denominator is 9. Therefore, the product simplifies to \(\frac{2}{9}\).

So, the final answer is \(\frac{2}{9}\).
</think>

To find the value of the product \(\frac{2}{3} \times \frac{3}{4} \times \frac{4}{5} \times \dotsm \times \frac{8}{9}\), let's analyze the pattern and simplify the expression step by step.

**Step 1: Observe the Pattern**

Each fraction in the product has a numerator that is one less than the denominator:
\[
\frac{2}{3}, \quad \frac{3}{4}, \quad \frac{4}{5}, \quad \dotsm, \quad \frac{8}{9}
\]

**Step 2: Multiply the Fractions**

When multiplying fractions, the numerator of one fraction cancels out with the denominator of the next fraction. Let's write out the product:
\[
\frac{2}{3} \times \frac{3}{4} \times \frac{4}{5} \times \dotsm \times \frac{8}{9}
\]

**Step 3: Simplify by Canceling Terms**

Notice that:
\[
3 \text{ (numerator of first fraction)} \times 4 \text{ (denominator of second fraction)} \times \dotsm \times 8 \text{ (numerator of last fraction)}
\]
All these middle terms cancel out, leaving only:
\[
\frac{2}{9}
\]

","**Final Answer:**
\[
\boxed{\frac{2}{9}}
\]"
59,553,B,1,0.05,"To find the value of the product \(\frac{2}{3} \times \frac{3}{4} \times \frac{4}{5} \times \dotsm \times \frac{8}{9}\), I start by observing the pattern in the numerators and denominators.

Each fraction in the product has a numerator that is one less than the denominator. For example, the first fraction is \(\frac{2}{3}\), the second is \(\frac{3}{4}\), and so on, up to \(\frac{8}{9}\).

When I multiply these fractions together, I notice that the numerator of each fraction cancels out with the denominator of the previous fraction. Specifically, the 3 in the numerator of the first fraction cancels with the 3 in the denominator of the second fraction, the 4 cancels with the 4 in the denominator of the third fraction, and so on.

After all the cancellations, only the first numerator and the last denominator remain. The first numerator is 2, and the last denominator is 9. Therefore, the product simplifies to \(\frac{2}{9}\).

So, the final answer is \(\frac{2}{9}\).
</think>

To find the value of the product \(\frac{2}{3} \times \frac{3}{4} \times \frac{4}{5} \times \dotsm \times \frac{8}{9}\), let's analyze the pattern and simplify the expression step by step.

**Step 1: Observe the Pattern**

Each fraction in the product has a numerator that is one less than the denominator:
\[
\frac{2}{3}, \quad \frac{3}{4}, \quad \frac{4}{5}, \quad \dotsm, \quad \frac{8}{9}
\]

**Step 2: Multiply the Fractions**

When multiplying fractions, the numerator of one fraction cancels out with the denominator of the next fraction. Let's write out the product:
\[
\frac{2}{3} \times \frac{3}{4} \times \frac{4}{5} \times \dotsm \times \frac{8}{9}
\]

**Step 3: Simplify by Canceling Terms**

Notice that:
\[
3 \text{ (numerator of first fraction)} \times 4 \text{ (denominator of second fraction)} \times \dotsm \times 8 \text{ (numerator of last fraction)}
\]
All these middle terms cancel out, leaving only:
\[
\frac{2}{9}
\]

","**Step 4: Final Answer**

After canceling all the intermediate terms, the product simplifies to:
\[
\frac{2}{9}
\]

**Final Answer:**
\[
\boxed{\frac{2}{9}}
\]"
60,558,A,20,1.0,"To find the value of the product \(\frac{2}{3} \times \frac{3}{4} \times \frac{4}{5} \times \dotsm \times \frac{8}{9}\), I start by observing the pattern in the numerators and denominators.

Each fraction in the product has a numerator that is one less than the denominator. For example, the first fraction is \(\frac{2}{3}\), the second is \(\frac{3}{4}\), and so on, up to \(\frac{8}{9}\).

When I multiply these fractions together, I notice that the numerator of each fraction cancels out with the denominator of the previous fraction. Specifically, the 3 in the numerator of the first fraction cancels with the 3 in the denominator of the second fraction, the 4 cancels with the 4 in the denominator of the third fraction, and so on.

After all the cancellations, only the first numerator and the last denominator remain. The first numerator is 2, and the last denominator is 9. Therefore, the product simplifies to \(\frac{2}{9}\).

So, the final answer is \(\frac{2}{9}\).
</think>

To find the value of the product \(\frac{2}{3} \times \frac{3}{4} \times \frac{4}{5} \times \dotsm \times \frac{8}{9}\), let's analyze the pattern and simplify the expression step by step.

**Step 1: Observe the Pattern**

Each fraction in the product has a numerator that is one less than the denominator:
\[
\frac{2}{3}, \quad \frac{3}{4}, \quad \frac{4}{5}, \quad \dotsm, \quad \frac{8}{9}
\]

**Step 2: Multiply the Fractions**

When multiplying fractions, the numerator of one fraction cancels out with the denominator of the next fraction. Let's write out the product:
\[
\frac{2}{3} \times \frac{3}{4} \times \frac{4}{5} \times \dotsm \times \frac{8}{9}
\]

**Step 3: Simplify by Canceling Terms**

Notice that:
\[
3 \text{ (numerator of first fraction)} \times 4 \text{ (denominator of second fraction)} \times \dotsm \times 8 \text{ (numerator of last fraction)}
\]
All these middle terms cancel out, leaving only:
\[
\frac{2}{9}
\]

**Final Answer:**
","\[
\boxed{\frac{2}{9}}
\]"
61,560,A,20,1.0,"To find the value of the product \(\frac{2}{3} \times \frac{3}{4} \times \frac{4}{5} \times \dotsm \times \frac{8}{9}\), I start by observing the pattern in the numerators and denominators.

Each fraction in the product has a numerator that is one less than the denominator. For example, the first fraction is \(\frac{2}{3}\), the second is \(\frac{3}{4}\), and so on, up to \(\frac{8}{9}\).

When I multiply these fractions together, I notice that the numerator of each fraction cancels out with the denominator of the previous fraction. Specifically, the 3 in the numerator of the first fraction cancels with the 3 in the denominator of the second fraction, the 4 cancels with the 4 in the denominator of the third fraction, and so on.

After all the cancellations, only the first numerator and the last denominator remain. The first numerator is 2, and the last denominator is 9. Therefore, the product simplifies to \(\frac{2}{9}\).

So, the final answer is \(\frac{2}{9}\).
</think>

To find the value of the product \(\frac{2}{3} \times \frac{3}{4} \times \frac{4}{5} \times \dotsm \times \frac{8}{9}\), let's analyze the pattern and simplify the expression step by step.

**Step 1: Observe the Pattern**

Each fraction in the product has a numerator that is one less than the denominator:
\[
\frac{2}{3}, \quad \frac{3}{4}, \quad \frac{4}{5}, \quad \dotsm, \quad \frac{8}{9}
\]

**Step 2: Multiply the Fractions**

When multiplying fractions, the numerator of one fraction cancels out with the denominator of the next fraction. Let's write out the product:
\[
\frac{2}{3} \times \frac{3}{4} \times \frac{4}{5} \times \dotsm \times \frac{8}{9}
\]

**Step 3: Simplify by Canceling Terms**

Notice that:
\[
3 \text{ (numerator of first fraction)} \times 4 \text{ (denominator of second fraction)} \times \dotsm \times 8 \text{ (numerator of last fraction)}
\]
All these middle terms cancel out, leaving only:
\[
\frac{2}{9}
\]

**Final Answer:**
\[
","\boxed{\frac{2}{9}}
\]"
62,570,A,20,1.0,"To find the value of the product \(\frac{2}{3} \times \frac{3}{4} \times \frac{4}{5} \times \dotsm \times \frac{8}{9}\), I start by observing the pattern in the numerators and denominators.

Each fraction in the product has a numerator that is one less than the denominator. For example, the first fraction is \(\frac{2}{3}\), the second is \(\frac{3}{4}\), and so on, up to \(\frac{8}{9}\).

When I multiply these fractions together, I notice that the numerator of each fraction cancels out with the denominator of the previous fraction. Specifically, the 3 in the numerator of the first fraction cancels with the 3 in the denominator of the second fraction, the 4 cancels with the 4 in the denominator of the third fraction, and so on.

After all the cancellations, only the first numerator and the last denominator remain. The first numerator is 2, and the last denominator is 9. Therefore, the product simplifies to \(\frac{2}{9}\).

So, the final answer is \(\frac{2}{9}\).
</think>

To find the value of the product \(\frac{2}{3} \times \frac{3}{4} \times \frac{4}{5} \times \dotsm \times \frac{8}{9}\), let's analyze the pattern and simplify the expression step by step.

**Step 1: Observe the Pattern**

Each fraction in the product has a numerator that is one less than the denominator:
\[
\frac{2}{3}, \quad \frac{3}{4}, \quad \frac{4}{5}, \quad \dotsm, \quad \frac{8}{9}
",\]
