,t,outcome,num_rollouts,outcome_probability,prefix,sample_rollout
0,18,D,20,1.0,"Okay, so I need to find the total number of four-digit palindromes."," Hmm, a palindrome is a number that reads the same forwards and backwards. For example, 1331 is a palindrome because if you reverse it, it's still 1331. Similarly, 9009 is also a palindrome. 

But wait, it's a four-digit number, so I need to make sure that the first digit isn't zero. That makes sense because otherwise, it would be a three-digit number or something. So, the first digit has to be from 1 to 9, and the other digits can be from 0 to 9.

Alright, let's break down a four-digit palindrome. A four-digit number has the form ABCD, where A, B, C, D are digits. Since it's a palindrome, the digits read the same forwards and backwards. That means the first digit A must equal the last digit D, and the second digit B must equal the third digit C. So, the number can be represented as ABBA.

So, the structure is: [A][B][B][A]. So, the first and fourth digits are the same, and the second and third digits are the same.

Now, let's figure out how many choices we have for A and B.

First, A: since it's a four-digit number, A can't be zero. So, A can be from 1 to 9. That gives us 9 choices for A.

Next, B: since it's the second digit, it can be from 0 to 9. So, that gives us 10 choices for B.

C is just equal to B, so once we choose B, C is fixed.

Similarly, D is equal to A, so once we choose A, D is fixed.

Therefore, the number of four-digit palindromes is the number of choices for A multiplied by the number of choices for B.

So, that would be 9 choices for A and 10 choices for B, so 9 * 10 = 90. Wait, that seems low. Hmm, but let me verify.

Wait, maybe I'm missing something. Let me think.

Is that really all there is to it? Because four-digit palindromes are numbers like 1001, 1111, 1221, ..., 9999.

Each four-digit palindrome is determined by the first two digits. Once you fix the first two digits, the last two digits are determined because they have to mirror the first two.

So, the first digit can be 1-9 (9 options), the second digit can be 0-9 (10 options). So, for each first digit, and each second digit, there is exactly one four-digit palindrome.

Therefore, the total number should be 9 * 10 = 90. So, that would be 90 four-digit palindromes.

Looking back at the choices, option D is 90, which seems to match my calculation.

Wait, but let me think again. Is there a possibility that when A is the same as D, and B same as C, that the number is just ABBA. So, for each A (1-9), and each B (0-9), we have exactly one palindrome. So yes, it's 9*10=90.

But wait, is that correct? Because if a number is ABBA, then the number of such numbers is equal to the number of possible As multiplied by the number of possible Bs.

Yes, that seems right.

Alternatively, if I think of it as the first two digits being AB, and the last two digits being BA reversed, so ABBA. So, the number of AB pairs is 9*10=90, so that's the total number.

Therefore, the total number of four-digit palindromes is 90. So, the answer should be D) 90.

But hold on, maybe another way. Let me imagine writing all possible palindromes.

A four-digit palindrome is like A B B A.

So, A: 1-9, 9 choices.

B: 0-9, 10 choices.

So, 9*10=90. So yes, 90.

Alternatively, if I think of 10 choices for A, but A can't be zero, so 9.

Wait, but maybe I can think of it as 1000 + 100*B + 10*B + A = 1001*A + 110*B. So, if I fix A and B, it becomes unique.

So, yeah, 9*10=90.

Wait, but maybe the answer is 900? That seems high. Let me see.

Wait, hang on, maybe I made a mistake in considering that it's a four-digit number. So, for four-digit numbers, the first digit is non-zero. So, the first digit has 9 options (1-9), and the second digit can be anything (0-9). So, 9*10=90.

Yes, that's correct.

Wait, but if I think of three-digit palindromes, it's 9*10=90 as well, but four-digit is different because the first digit can't be zero.

Wait, so maybe both are 90? Hmm, is that correct?

Wait, no, actually, in the case of three-digit palindromes, the first digit is non-zero, and the second digit can be anything. So, the number is 90 as well.

But for four-digit palindromes, the first digit can't be zero, so 9 options, and the second digit can be anything, so 10 options. So, 9*10=90.

Therefore, answer is 90, which is option D. So, I think that is correct.

Wait, but just to make sure, let's take an example.

Take A=1, B=0: 1001.

A=1, B=1: 1111.

A=1, B=9: 1991.

So, yes, each A and B gives a unique four-digit palindrome.

Similarly, A=9, B=9: 9999.

So, since A can be 1-9 and B can be 0-9, each giving a unique palindrome, it's 90.

Therefore, I think the answer is 90, which is option D.

Wait, but hold on, let me check if I've considered all four-digit palindromes correctly.

A four-digit number is of the form ABCD.

Since it's a palindrome, A=D and B=C.

So, the number is ABBA.

Thus, the first digit is A, second is B, third is B, fourth is A.

So, the number is determined by A and B.

Number of choices for A: 1-9 (9 options).

Number of choices for B: 0-9 (10 options).

Total number: 9*10=90.

Therefore, yes, 90 is correct.

So, the answer is D) 90.

**Final Answer**
\boxed{D}
</think>

To find the total number of four-digit palindromes, we need to consider the structure of a four-digit palindrome, which is of the form \(ABBA\). Here, \(A\) and \(B\) are digits, with \(A\) ranging from 1 to 9 (since it cannot be zero) and \(B\) ranging from 0 to 9.

1. The first digit \(A\) has 9 possible choices (1 through 9).
2. The second digit \(B\) has 10 possible choices (0 through 9).

Each choice of \(A\) and \(B\) uniquely determines a four-digit palindrome. Therefore, the total number of four-digit palindromes is the product of the number of choices for \(A\) and \(B\):

\[
9 \times 10 = 90
\]

Thus, the total number of four-digit palindromes is \(\boxed{D}\)."
1,29,D,20,1.0,"Okay, so I need to find the total number of four-digit palindromes. Hmm, let me think about what a palindrome is."," A palindrome is a number that reads the same forwards and backwards. For example, 1221 is a palindrome because if you reverse the digits, you still get 1221. Similarly, 1331 is a palindrome because reversing it gives the same number.

Since we're dealing with four-digit numbers, the first digit can't be zero. So, the number has to be between 1000 and 9999 inclusive. That makes sense because four-digit numbers start from 1000.

Now, a four-digit palindrome has the form ABBA, where A and B are digits. Let me break that down. The first digit is A, the second is B, the third is also B, and the fourth is A again. So, the number looks like this: A B B A. 

Let me verify that. If I write it out, it's a four-digit number where the first digit equals the fourth digit, and the second digit equals the third digit. So, yes, the structure is ABBA. 

Okay, so how do I count the number of such numbers? Well, since it's a four-digit number, the first digit A can't be zero. So, A has to be from 1 to 9. The second digit B can be from 0 to 9. 

So, for A, we have 9 choices, and for B, we have 10 choices. Therefore, the total number of four-digit palindromes should be 9 (choices for A) multiplied by 10 (choices for B). Let me write that out:

Number of palindromes = 9 (choices for A) × 10 (choices for B) = 90.

Wait, so that would give me 90 four-digit palindromes? Hmm, let me make sure I'm not making a mistake here.

Let me think of an example. If A is 1, B can be 0-9, so numbers like 1001, 1111, 1221, ..., 1991. That's 10 numbers. Similarly, if A is 2, we get 2002, 2112, 2222, ..., 2992, which is another 10 numbers. 

But wait, if A is 9, then the numbers would be 9009, 9119, 9229, ..., 9999. That's also 10 numbers. So, for each A from 1 to 9, there are 10 possible Bs. Therefore, 9×10=90. Yeah, that seems right.

But hold on, let me make sure that I'm not overcounting or undercounting. Since each palindrome is uniquely determined by A and B, and each combination of A and B gives a unique palindrome, then 9×10=90 must be correct.

Alternatively, maybe I can think of it another way. The first two digits determine the entire palindrome. Since it's a four-digit number, the first two digits can be from 10 to 99 inclusive (since A can't be zero). There are 90 two-digit numbers from 10 to 99. Each of these two-digit numbers can be mirrored to form a four-digit palindrome by placing the same two digits in the last two positions. For instance, the two-digit number 12 becomes 1221 when mirrored, 34 becomes 3443, and so on.

Wait, hold on, that seems similar to my earlier reasoning. So, the number of four-digit palindromes is equal to the number of two-digit numbers, which is 90, because each unique two-digit number gives a unique four-digit palindrome. So, that also gives 90.

Hmm, so whether I think of it as A and B each determining a unique palindrome or as the first two digits determining the palindrome, I get 90. So, that seems consistent.

Alternatively, maybe even another way to think about it is that for the first digit A, we have 9 options (1-9), and for the second digit B, we have 10 options (0-9). Then, the third digit is determined by B, and the fourth digit is determined by A. So, for each A and B, there's exactly one palindrome. Therefore, 9×10=90.

Is there any other factor I might have missed? Let me consider the definition again. A palindrome is a number that is the same forwards and backwards. For four-digit numbers, it's the same when reversed. So, if I have a four-digit number, say, N, then the reverse of N must be equal to N itself. 

So, if N is ABCD, then the reverse is DCBA. So, for N to be a palindrome, we must have A=D, B=C. So, that's exactly what ABBA is. So, N is determined by A and B. So, same as before.

Wait, let me think of another perspective. How many four-digit palindromes are there? They can be thought of as numbers where the first and last digits are the same, and the second and third digits are the same. So, A must equal D, and B must equal C.

Therefore, the number of four-digit palindromes is equal to the number of choices for A and B, which is 9×10=90. So, yeah, that's another way to see it.

Alternatively, let me think about how many palindromes there are for different digit lengths. For example, how many one-digit palindromes are there? Well, each digit from 0-9 is a palindrome, so 10.

Two-digit palindromes: they have to be the same digit, so 00, 11, 22, ..., 99. So, that's 10.

Three-digit palindromes: the first and third digits must be the same, the middle digit can be anything. So, the first digit can be 1-9, the second can be 0-9, so 9×10=90.

Four-digit palindromes: same as three-digit, but four digits. So, the first and fourth digits must be the same, the second and third must be the same. So, first digit 1-9, second digit 0-9, third digit same as second, fourth same as first. So, 9×10=90.

Therefore, for four-digit palindromes, it's 90.

Wait, so that seems consistent across different perspectives.

So, is 90 the answer? Looking back at the options, D is 90. So, I think that's the correct answer.

Wait, but just to be thorough, let me think if there's any possibility I missed a digit or miscounted.

For example, in the case of four-digit palindromes, when A is 1, B can be 0-9, giving 10 palindromes. Similarly, A=2, same. So, 10 for each A. Since A has 9 choices, 9×10=90. Yeah, seems correct.

Alternatively, if I think about the first two digits: the first digit is 1-9, second digit 0-9, so the number of two-digit choices is 90. Each two-digit choice corresponds to exactly one four-digit palindrome.

Therefore, the number is 90.

Wait, okay, so the answer should be 90, which is option D.

But wait, just to make sure, let me think of a specific example.

Let me list some four-digit palindromes:

1001, 1111, 1221, ..., 1991,

2002, 2112, 2222, ..., 2992,

...

9009, 9119, 9229, ..., 9999.

So, how many are there?

For A=1, 10 numbers,

A=2, 10,

...

A=9, 10.

So, total is 10×9=90.

Yep, that makes sense.

Alternatively, if I think about how many palindromes there are for each length, for four-digit numbers, it's 9×10=90. For three-digit, it's 9×10=90 as well, same for two-digit, 10.

So, yeah, 90 is consistent.

Is there any chance I made a mistake in considering the first digit? For four-digit numbers, the first digit can't be zero, so A is from 1-9, which is 9 choices. So, that's correct.

Also, in the case of four-digit palindromes, the structure is A B B A, so the first digit is A, second is B, third is B, fourth is A. So, this is correct.

Alternatively, maybe thinking about how some people might count the number of palindromes as 1001 (which is 1001), 1111, 1221,..., 9999. So, how many such numbers are there?

Wait, 1001 is a four-digit palindrome. But 1111 is also. So, the first digit is A, which can be 1-9, and the second digit is B, which can be 0-9. So, 9×10=90.

Therefore, yeah, I think 90 is the correct answer.

Wait, but in the choices, option D is 90. So, that should be the answer.

Wait, but just to make sure, perhaps I can think of it another way. 

The number of four-digit palindromes is equal to the number of palindromic numbers with four digits, which is the same as the number of palindromic numbers with two digits, but mirrored into four digits. So, as I thought earlier, if you take all the two-digit palindromes, which are 10, and mirror them, you get the four-digit ones. So, that would also give 10×9=90.

Alternatively, I can think of it as a mapping: each two-digit palindrome corresponds to a four-digit palindrome by duplicating the first two digits. So, 10 two-digit palindromes correspond to 10 four-digit palindromes? Wait, no. Wait, a two-digit palindrome is defined as AB where A=B. So, 00, 11, 22,...,99. So, 10 of them. But, if we want four-digit palindromes, they must be of the form ABBA, which is formed by taking a two-digit number and mirroring it. So, taking 00, you get 0000, but 0000 is not a four-digit number since leading zeros are not allowed. So, that's a problem.

Wait, hold on, maybe I need to adjust for that. Hmm, so if I have the two-digit number AB where A=B, but if we mirror it, we get ABBA, but 0000 is invalid because it's a four-digit number starting with zero. So, how does that affect the count?

Wait, so maybe in the two-digit palindromes, the number AB where A=B, but if we require that the first digit of the four-digit palindrome can't be zero, then we have to exclude any palindromes where the first digit is zero. But in the case of a four-digit palindrome, the first digit is A, which is the same as the fourth digit. So, if A is zero, then the number would effectively be a three-digit number. So, we have to make sure that A is not zero.

Therefore, in the case of forming four-digit palindromes from two-digit palindromes, we have to restrict ourselves to two-digit numbers where A ≠ 0. So, for the two-digit number AB, since A is the first digit, we must have A ≠ 0. Therefore, from B, which can be from 0-9, but A can't be 0. So, when we form four-digit numbers ABBA, A is from 1-9, and B is from 0-9. Therefore, the number of four-digit palindromes is 9×10=90.

Wait, so that still gives us 90, because we only allow A from 1-9, so even though the mapping from two-digit palindromes is 10, we have to exclude the case where A=0 because that would result in a three-digit number, which is invalid here.

Therefore, the total number is still 90.

So, yeah, that seems to confirm the previous reasoning. So, 90 is the correct answer.

I don't see any other factors here. Maybe some people could think that numbers like 1000 are palindromes, but no, 1000 reversed is 0001, which is 1, not 1000. So, 1000 is not a palindrome.

Similarly, 123321 would be a palindrome, but since we're only considering four-digit numbers, 123321 is beyond our consideration.

Thus, yeah, the four-digit palindromes are exactly of the form ABBA, with A from 1-9 and B from 0-9, giving 9×10=90 such numbers.

Therefore, the answer should be D) 90.

**Final Answer**
\boxed{D}
</think>

To find the total number of four-digit palindromes, we need to consider the structure of a four-digit palindrome. A four-digit palindrome has the form ABBA, where A and B are digits. 

- The first digit A cannot be zero, so A has 9 possible choices (1-9).
- The second digit B can be any digit from 0-9, giving 10 possible choices.

Thus, the total number of four-digit palindromes is calculated by multiplying the number of choices for A and B:

\[
9 \text{ (choices for A)} \times 10 \text{ (choices for B)} = 90
\]

Therefore, the total number of four-digit palindromes is \(\boxed{D}\)."
2,42,D,20,1.0,"Okay, so I need to find the total number of four-digit palindromes. Hmm, let me think about what a palindrome is. A palindrome is a number that reads the same forwards and backwards."," For example, 1331 is a palindrome because if you reverse the digits, it remains 1331. Similarly, 1221 is also a palindrome.

Since we're dealing with four-digit numbers, the palindrome structure would be something like ABBA, where A and B are digits. So, the first digit is A, the second digit is B, the third digit is also B, and the fourth digit is A again. That way, when reversed, it's still ABBA.

Now, I need to figure out how many such numbers exist. Let's break it down digit by digit. The first digit can't be zero because it's a four-digit number. So, A can be any digit from 1 to 9. That gives us 9 choices for A.

The second digit, B, can be any digit from 0 to 9. So, that's 10 choices for B.

Once A and B are chosen, the third and fourth digits are determined because they have to mirror the first two. The third digit must be equal to B, and the fourth digit must be equal to A.

So, the total number of four-digit palindromes should be the number of choices for A multiplied by the number of choices for B.

Let me write that down:

Total number of palindromes = (Number of choices for A) × (Number of choices for B) = 9 × 10.

Computing that, 9 multiplied by 10 is 90.

Wait, is that right? Let me verify. If I fix A as 1 to 9, and B as 0 to 9, then for each A and B, there's exactly one four-digit palindrome. So, 9 options for A, 10 options for B, so 90 in total. That makes sense.

But hold on, let me think again. The palindrome is ABBA, so the first digit is A, second is B, third is B, fourth is A. So, for each A from 1 to 9 and each B from 0 to 9, we have a unique palindrome. So, 9×10=90. Yeah, that seems correct.

Looking at the choices, option D is 90. So, that should be the correct answer.

Wait a second, just to make sure I'm not missing anything. Is there a possibility that some palindromes might be four-digit numbers but not following the ABBA structure? No, by definition, a four-digit palindrome must be of the form ABBA. So, all palindromes would fit into this structure.

Alternatively, think about how many four-digit numbers are palindromes. The first digit is from 1-9, the second can be 0-9, and the third is determined by the second, and the fourth is determined by the first. So, yeah, it's 9×10=90.

I don't see any other factors here. So, I think D) 90 is the right answer.

**Final Answer**
\boxed{D}
</think>

To find the total number of four-digit palindromes, we need to consider the structure of a four-digit palindrome. A four-digit palindrome has the form ABBA, where A and B are digits. 

- The first digit (A) cannot be zero, so it can be any digit from 1 to 9, giving 9 choices.
- The second digit (B) can be any digit from 0 to 9, giving 10 choices.

Once A and B are chosen, the third and fourth digits are determined (B and A respectively). Therefore, the total number of four-digit palindromes is the product of the number of choices for A and B:

\[
9 \times 10 = 90
\]

Thus, the total number of four-digit palindromes is \(\boxed{D}\)."
3,69,B,1,0.05,"Okay, so I need to find the total number of four-digit palindromes. Hmm, let me think about what a palindrome is. A palindrome is a number that reads the same forwards and backwards. For example, 1331 is a palindrome because if you reverse the digits, you still get 1331."," Similarly, 1221 is also a palindrome.

Since we're dealing with four-digit numbers, the number must be between 1000 and 9999. So, the first digit can't be zero. Let me denote a four-digit palindrome as ABCBA, where A, B, and C are digits. Wait, is that right? Let me clarify. For a four-digit palindrome, the first digit must equal the fourth digit, and the second digit must equal the third digit. So, the structure is like this: the first digit is D, the second is E, the third is F, and the fourth must be E as well, and the first digit must be D again. So, the number would look like D E F E D. So, it has the form D E F E D.

Wait, is that correct? Let me see. If I have digits D, E, F, and then E and D again. So, a four-digit palindrome would be D E F E D. So, yeah, that's correct. So, the first digit is D, the second is E, the third is F, and the fourth is E again, and the first digit is D. So, the number is D E F E D.

So, to form a four-digit palindrome, I need to choose digits D, E, F such that D is from 1 to 9 (since it's the first digit and can't be zero), and E and F can be from 0 to 9.

So, how many choices do we have for D, E, and F? Let's break it down.

First, the digit D. It can't be zero, so D can be from 1 to 9. That gives us 9 possibilities.

Next, the digit E. It can be from 0 to 9, so that gives us 10 possibilities.

Similarly, the digit F can also be from 0 to 9, which is another 10 possibilities.

So, since each of these choices is independent of each other, the total number of four-digit palindromes is the product of the number of choices for each digit.

Therefore, total number = number of choices for D * number of choices for E * number of choices for F = 9 * 10 * 10.

Let me do the math: 9 * 10 is 90, and 90 * 10 is 900. So, that would be 900 possible four-digit palindromes.

Wait, hold on. Is that right? Let me test this with a small example. Let's say if D is 1, E is 0, and F is 0, the number would be 1001. That's a palindrome. If D is 1, E is 1, F is 1, the number is 1111. If D is 9, E is 9, F is 9, the number is 9999. So, all these are valid four-digit numbers. So, seems like the calculation makes sense.

Wait, but the problem mentions ""Recall that a palindrome is a nonnegative sequence of digits which reads the same forwards and backwards."" So, does that include single-digit numbers? But in this case, it's four-digit numbers, so we don't need to worry about that. We just need four-digit numbers that are palindromes.

So, with that, I think the total number is 9 * 10 * 10 = 900.

Looking at the options, option B is 900, so that should be the answer.

But let me double-check. Sometimes in problems like these, people might miscount, but in this case, the structure seems clear: the first digit and the fourth digit are the same, the second and third digits are the same. So, D can be 1-9, E can be 0-9, F can be 0-9. So, yes, 9*10*10=900.

Wait, but is there another way to think about this? Maybe considering how many four-digit numbers are palindromes by considering all possible first two digits?

Because in a four-digit palindrome, once you fix the first two digits, the last two digits are determined. So, the number is determined by the first two digits. So, if I fix the first two digits, say D and E, then the last two digits have to be E and D. So, how many choices do D and E have?

D can be 1-9, so 9 choices. E can be 0-9, so 10 choices. So, the number of such numbers is 9 * 10 = 90. Wait, but that seems different from the previous answer.

Hmm, that's a problem. Did I do something wrong here?

Wait, no, because when I'm considering the first two digits, D and E, and then the last two digits are E and D, the total number is 9 * 10 = 90. But that can't be right because 90 is much less than 900. So, where is the confusion?

Wait, no, actually, no. Because when we fix the first digit and the second digit, the palindrome is determined entirely by those two digits. So, for example, if D=1 and E=0, the palindrome is 1001. If D=1 and E=1, it's 1111. But in this case, if you fix only D and E, you can generate 9*10=90 different palindromes, each of which is a four-digit number.

But the earlier approach where I considered D E F E D, which is three digits, 9*10*10, gives 900, which is way more.

Wait, so which is correct?

Wait, let me think again. The problem is about four-digit palindromes. So, the first digit can't be zero. So, the number is structured as D E F E D, with D ∈ {1,...,9}, E ∈ {0,...,9}, F ∈ {0,...,9}.

Each choice of D, E, F gives a unique four-digit palindrome. So, 9*10*10 is 900.

But in the other approach, fixing D and E, we get a palindrome, but how many four-digit numbers does that correspond to?

Wait, if we fix D and E, each of those defines a palindrome. But for example, the number 1001 is defined by D=1, E=0. Similarly, 1111 is defined by D=1, E=1. But what about numbers like 1221? That's also defined by D=1, E=2. So, 1001, 1111, 1221, etc., each corresponds to a unique D and E.

So, the number of four-digit palindromes is equal to the number of possible D and E, which is 9*10=90. But wait, in this case, isn't it 90?

But hold on, that seems conflicting with the initial thought where you consider D, E, F. So, why is there a discrepancy?

Wait, no, no. Wait, when you fix D and E, you get a palindrome, but each palindrome is uniquely determined by D and E, so 9*10=90.

But in the other approach, when you fix D, E, F, it's 9*10*10=900.

But both approaches should give the same number because the number of four-digit palindromes can be thought of as being determined by the first two digits: D and E, or alternatively, the first three digits (D, E, F). So, why the difference?

Wait, perhaps I made a mistake. Let's think about the number of four-digit palindromes.

Each four-digit palindrome is determined uniquely by the first two digits, D and E, because the last two digits are determined by D and E. So, for each D and E, you get exactly one palindrome.

So, the number of four-digit palindromes should be 9*10=90.

But this contradicts the initial thought where I considered D, E, F and thought it was 900.

Wait, now I'm confused.

Wait, maybe the confusion arises because when you fix D and E, you get a palindrome, but with the last two digits fixed as E and D. So, for each D and E, only one palindrome is formed. So, 9*10=90.

But in the other approach, when considering D, E, F, and since F is also a digit that can be chosen freely, 9*10*10=900.

Wait, but that seems conflicting because if you fix D and E, you have only a single palindrome, but when you fix D, E, and F, you get a palindrome.

Wait, I think the key is that in the problem statement, the definition is a palindrome as a nonnegative sequence of digits which reads the same forwards and backwards. So, for a four-digit number, it's D E F E D.

So, the number is determined by D, E, F. So, each unique combination of D, E, F gives a unique four-digit palindrome. So, D:1-9 (9 options), E:0-9 (10), F:0-9 (10). So, 9*10*10=900.

But when I think about palindromes, sometimes people think of the number of palindromic numbers as being determined by the first half of the number. For a four-digit number, the first two digits determine the last two digits. So, in that case, the number of four-digit palindromes is equal to the number of possible first two digits.

So, D and E. So, D:1-9 (9), E:0-9 (10). 9*10=90.

Wait, so that's a problem because these two methods are giving different answers.

Wait, perhaps the confusion is that when we count palindromes, sometimes we count different lengths. For example, in the case of two-digit palindromes, it's 9 (11, 22, ..., 99). For three-digit palindromes, it's 9*10=90.

Similarly, for four-digit palindromes, it's 9*10*10=900.

Wait, but when I fix D and E, that gives me the first two digits, but the last two digits are determined. So, the number is determined by the first two digits, so 9*10=90.

But in the initial way, I thought of the number as D E F E D, which is three digits, but the actual number is four digits, so perhaps that's a different structure.

Wait, so in the case of four-digit palindromes, the number is determined by the first two digits and the middle digit? Wait, no, it's determined by the first two digits because the last two are the same as the first two reversed.

Wait, maybe not. Wait, think of a four-digit palindrome. It's D E F E D. So, the first digit is D, second is E, third is F, fourth is E. So, the palindrome is determined by D, E, F. But to make sure that it's a four-digit number, D can't be zero.

So, the number is determined by three digits: D, E, F. But wait, in this case, if we fix D and E, we can have multiple Fs? Wait, no.

Wait, no, actually, F is the third digit, which is part of the palindrome. So, if you fix D and E, then the number is uniquely determined as D E F E D.

So, for example, if D=1, E=0, then F can be 0,1,2,...,9, so the palindromes would be 10001, 10101, 10201, ..., 10901. So, each choice of F gives a different palindrome. So, in this case, for each D and E, there are 10 possible palindromes.

Therefore, the total number would be 9*10*10=900.

But that contradicts the earlier thought that if you fix D and E, the rest is determined. Let me think of it differently.

Suppose you think of the four-digit palindrome as a number. It's equal to 1000*D + 100*E + 10*F + E + D. So, that simplifies to 1001*D + 101*E + 10*F.

So, each D, E, F contributes to the number. Therefore, the number of distinct four-digit palindromes is equal to the number of distinct combinations of D, E, F.

Since D can be 1-9, E can be 0-9, F can be 0-9, each combination gives a unique four-digit palindrome. So, 9*10*10=900.

Alternatively, if you think of the palindrome as being determined by the first two digits, D and E. Then, the number is fixed as D E E' D', but in this case, E' is E and D' is D. So, maybe that's why people sometimes think of palindromes as being determined by the first half.

Wait, but in the four-digit case, the first half is the first two digits, but since the number is four digits, the first two determine the last two. So, actually, the number is determined by the first two digits, but then the rest is determined. So, that would be 9*10=90. But that would be under the assumption that the number is determined by the first two digits.

But wait, in reality, the number is determined by three digits, D, E, F. So, 9*10*10=900.

Wait, so that makes sense. So, perhaps the confusion arises because in some contexts, when you have a palindrome, you can think of it as being determined by the first half or the first half and the middle digit. But in the case of an even number of digits, like four, the first two digits determine the last two.

Wait, perhaps it's better to think in terms of the positions.

In a four-digit number, the first digit is D, second is E, third is F, fourth is E. So, to construct such a number, you need to choose D, E, F. So, that's three digits, each with their own choices.

But earlier, the other approach thought of palindromes as being determined by D and E, which are the first two digits. However, in this case, the third digit is determined by the second digit, and the fourth digit is determined by the first digit. So, perhaps in that case, the number is determined by D and E.

But actually, no. Because the first digit is D, the second digit is E, the third digit is F, which is arbitrary. So, the third digit is independent, so F can be anything. So, in that case, the number is determined by D, E, F, each of which are free to be chosen except D which can't be zero.

Therefore, 9*10*10=900 is correct.

Wait, so the confusion arises because in the definition of a palindrome, sometimes we think of the number as being constructed by the first half and then mirroring it. For even-length numbers, the first half is the first two digits, and the second half is the reverse of the first half.

In that case, for a four-digit number, the first two digits determine the last two digits. So, each four-digit palindrome is determined by its first two digits.

So, for example, if you fix D and E, the palindrome is D E E' D', but since E' must be E and D' must be D, the palindrome is D E E D, but hold on, that doesn't seem right.

Wait, no. If you fix D and E, then the palindrome is D E F E D, but since F is arbitrary, that would make the palindrome D E F E D, which is determined by D, E, F.

Wait, so in that case, maybe the number is determined by the first two digits, which are D and E, and the third digit F is free to vary. So, each combination of D and E gives a unique palindrome, but with different F. So, again, the number is determined by D, E, F.

Wait, this is really confusing.

Wait, perhaps the problem is in the way we define the palindrome. A palindrome is a number that reads the same forwards and backwards. So, in the case of four digits, it's D E F E D. So, the first digit is D, the last digit is D. The second digit is E, and the third digit is E. So, the first digit must equal the fourth, and the second digit must equal the third.

So, to construct such a number, you have:

1. First digit: D, which can be 1-9.

2. Second digit: E, which can be 0-9.

3. Third digit: F, which can be 0-9.

4. Fourth digit: E, which must equal the second digit.

So, the number is determined by D, E, F.

Therefore, the number of four-digit palindromes is 9*10*10=900.

But in the other approach, when you fix D and E, you're just fixing two digits and then the last two digits are determined by the first two. So, perhaps that's 9*10=90.

But in the four-digit case, the third digit is also part of the palindrome, so it's not just the first two digits.

Wait, maybe the confusion is arising because when you fix the first two digits, D and E, you get a three-digit palindrome, but the fourth digit is determined by the first digit.

Wait, no, in this case, the fourth digit is determined by the first digit.

Wait, this is getting too convoluted. Let me think of it as a string.

A four-digit palindrome is a string of the form D E F E D.

So, the first digit is D, the second is E, the third is F, the fourth is E, and the fifth is D.

Wait, no, for a four-digit number, it's D E F E D? Wait, no, four digits, so it's D E F E D? That would make it a five-digit number.

Wait, no, wait. If it's four digits, the structure is D E F E D? That would be five digits. So, no, that's not correct.

Wait, no, sorry, I think I messed up.

Wait, four-digit palindrome: the first digit is D, the second is E, the third is F, the fourth is E.

So, it's D E F E, wait, that's four digits: D (1st), E (2nd), F (3rd), E (4th). So, the structure is D E F E, which is four digits.

So, to construct a four-digit palindrome, you choose D, E, F, each digit accordingly.

So, D:1-9, E:0-9, F:0-9.

Thus, the number of four-digit palindromes is 9*10*10=900.

But if I think of it as being determined by the first two digits, D and E, the last two digits are determined as E and D, so the number is determined by D and E.

But wait, in this case, D and E are the first two digits, but the third digit is arbitrary. So, actually, you need to choose D, E, F. So, 9*10*10=900.

But that's different from 9*10=90.

Wait, maybe the confusion is between four-digit palindromes and five-digit palindromes.

For example, a five-digit palindrome is D E F E D, where D can't be zero.

So, the number of five-digit palindromes would be 9*10*10*10=9000.

But in the case of four-digit palindromes, it's D E F E, so D can't be zero. So, 9*10*10=900.

So, yeah, in this case, four-digit palindromes would be 9*10*10=900.

Wait, so that's consistent.

Wait, but in the earlier approach, where I thought of a four-digit palindrome as being determined by D, E, F, each with choices, D:1-9, E:0-9, F:0-9, that gives 9*10*10=900, which is correct.

Alternatively, if you fix D and E, and then the rest is determined, but in that case, F is also a free variable, so 9*10=90.

Wait, but in the four-digit palindrome, the first three digits are D, E, F, and the fourth digit is E. So, actually, if you have D, E, F, you automatically define the fourth digit.

So, is the four-digit palindrome determined by D, E, F? So, 9*10*10=900. So, that's correct.

Alternatively, if you think of it as a four-digit palindrome as being formed by the first two digits and the middle digit, but in this case, it's two digits and the last digit is determined.

Wait, I'm getting confused because in some contexts, when considering palindromes, you can sometimes have them determined by the first half or the first half and the middle digit. But in this case, for a four-digit palindrome, we have two digits as the first half (D and E), and the last two digits are E and D, which is the reverse of the first two.

So, in that case, the number is determined by the first two digits, D and E.

But, in this case, the third digit is F, which is arbitrary.

Wait, so in that case, the number is not unique just by D and E. It can vary in F. So, each D and E corresponds to 10 different palindromes, each determined by varying F.

Therefore, the total number is 9*10=90.

But now, this is conflicting with the earlier result of 900.

Wait, so which is correct?

Wait, if I take an example.

Suppose D=1, E=0.

Then, F can be 0,1,2,...,9, so palindromes are 10001, 10101, 10201, ..., 10901.

So, 10 different palindromes.

Similarly, for D=1, E=1, F can be 0 to 9, so 11111, 11211, 11311, ..., 11911. So, another 10.

So, for each D and E, 10 palindromes.

Since D can be 1-9 (9 options) and E can be 0-9 (10 options), the total is 9*10=90.

But in this case, isn't the number determined by D and E? But in reality, F is also a variable digit. So, to define the entire number, you have to fix D, E, and F.

Therefore, 900.

So, the confusion arises because when we fix D and E, the number is determined as D E E' D, where E' is E, but F is still arbitrary. So, each D and E corresponds to 10 numbers, each determined by F.

So, 90.

But wait, for each D and E, the palindrome is D E F E D, so with F in the middle, so it's determined by D, E, and F.

So, the total is 9*10*10=900.

So, which is correct?

I think the key is in the definition. A four-digit palindrome is a four-digit number that reads the same forwards and backwards. So, such a number is D E F E D, with D being non-zero.

So, the first digit is D, second is E, third is F, fourth is E, and fifth is D.

Wait, but wait, no, four-digit number has only four digits, so it's D E F E D? That would be a five-digit number. So, that's incorrect.

Wait, hold on. Wait, no, a four-digit number is D E F E D? No, that's five digits.

Wait, confusion between digits and positions.

Wait, a four-digit number is written as D E F G, where D is thousands place, E is hundreds place, F is tens place, and G is units place.

A palindrome reads the same forwards and backwards, so D must equal G, and E must equal F.

So, G = D, and F = E.

Therefore, for a four-digit number, it's D E E D.

So, the structure is D (thousands), E (hundreds), E (tens), D (units).

So, in that case, the number is determined by D and E. Each D and E gives a unique four-digit palindrome: D E E D.

So, D can be 1-9, E can be 0-9. So, 9*10=90.

Wait, then why is there a difference?

Wait, in this case, when I fix D and E, the number is determined as D E E D, not D E F E D. So, in that case, F is automatically E, so the number is determined by D and E.

Thus, 9*10=90.

Wait, then in this case, the number is uniquely determined by D and E, so 90.

Wait, then why is the other approach giving 900?

Wait, perhaps the confusion arises because when we consider the digits, the number is four digits, so the first two digits are D and E, and the last two are E and D. So, for example, if D=1, E=0, the number is 1001, which is D E E D. But if D=1, E=1, it's 1111, which is D E E D. So, in this case, the number is determined by D and E.

But wait, in reality, the number is determined by D, E, and F? But in this case, the number is D E E D, so F is automatically E. So, the number is determined by D and E, with F being equal to E.

Wait, that might make sense.

Wait, so perhaps the key is that in a four-digit palindrome, once the first two digits are chosen, the last two are fixed. So, the number is determined by the first two digits.

But in that case, why do we have a third digit? Because the number is four digits, and the palindrome is determined by the first two digits.

Wait, no, in a four-digit number, it's D, E, F, G. For it to be a palindrome, D=G and E=F. So, G=D and F=E.

So, in that case, the number is determined by D and E, and F is automatically E. So, the number is D E E D.

So, the number is determined by D and E, so 9*10=90. So, 90 four-digit palindromes.

Wait, but that seems conflicting with the initial definition of a four-digit palindrome as D E F E D, which is a five-digit number.

Wait, wait, no, I think I made a mistake earlier.

Wait, in a four-digit number, the digits are D (thousands place), E (hundreds place), F (tens place), G (units place). For it to be a palindrome, the first digit must equal the last digit, so D=G, and the second digit must equal the third digit, so E=F.

Therefore, the number is D E E D, which is four digits, determined by D and E.

Therefore, the number is determined by D and E, so 9*10=90.

Therefore, earlier, when I considered D E F E D, that would be a five-digit number, which isn't correct.

Wait, so in the case of four-digit palindromes, it's D E E D, determined by D and E, so 9*10=90.

But in that case, why is the definition of a four-digit palindrome sometimes D E F E D? Because in the case of five-digit numbers, when you refer to a palindrome, you have D E F E D. But for four-digit numbers, it's D E E D.

So, perhaps the problem is about the number of four-digit palindromes, which is 90, not 900.

But that contradicts the earlier result.

Wait, now I'm really confused.

Wait, let's take an example.

Suppose we have four-digit palindromes.

So, let's pick D=1, E=0: the number is 1001. D=1, E=1: 1111. D=1, E=2: 1221.

D=2, E=0: 2002. So, for each D and E, you get a unique four-digit palindrome.

So, 9*10=90.

Similarly, for D=1, E=9: 1991.

So, each D and E gives a unique four-digit palindrome, so 90.

So, that would suggest that the answer is 90.

But in the initial approach, considering D, E, F, D, that's a five-digit number. So, that was wrong.

So, in that case, 90 is the correct answer.

But wait, maybe I was wrong earlier because in the case of five-digit numbers, it's D E F E D, which is a palindrome, but a five-digit number.

Wait, so for four-digit numbers, it's D E E D. So, each four-digit palindrome is determined by D and E, so 9*10=90.

Therefore, the initial approach was wrong because I thought of D, E, F, but in reality, for four-digit palindromes, you have only D, E, and F isn't needed because F is fixed as E.

Wait, now I'm really confused.

Wait, let me check with an online source or textbook.

Wait, according to standard definitions, a four-digit palindrome is a number that reads the same forwards and backwards. So, for example, 1221 is a four-digit palindrome because reversing it gives 1221.

Similarly, 123321 is a palindrome, but that's a six-digit number.

Wait, no, 123321 is a six-digit palindrome. So, four-digit palindromes must have the form D E E D. So, the first digit equals the fourth, and the second equals the third.

So, it's D E E D, which is four digits, determined by D and E.

Therefore, the number is determined by D and E, so 9*10=90.

But in this case, for each D and E, you have exactly one palindrome, which is D E E D.

Therefore, 90 four-digit palindromes.

But then, the initial approach said 900, but that was because you thought of D, E, F.

Wait, but in reality, for four-digit palindromes, F is actually equal to E.

So, perhaps the initial approach was wrong because it thought of F as a third digit, but in reality, in a four-digit palindrome, the third digit is equal to the second digit.

Therefore, for four-digit palindromes, you have D E E D, determined by D and E, so 9*10=90.

But then, that seems conflicting with another approach.

Wait, let me see.

Wait, if we take the number 12321, which is a five-digit palindrome, so it's D E F E D, which is determined by D, E, F.

But for four-digit numbers, it's D E E D, determined by D and E, so 9*10=90.

Therefore, perhaps the initial approach should have been D E F E D, but with D, E, and F being separate digits, so 9*10*10=900. But that seems incorrect because for a four-digit palindrome, F is equal to E.

Wait, so that can't be. So, perhaps in the case of four-digit palindromes, D E E D is the structure, determined by D and E, so 9*10=90.

Wait, but then if I consider that, the initial answer, which was 900, is incorrect.

Wait, let me take another example: the number 1001. It's a four-digit palindrome. So, it's determined by D=1, E=0. So, 1 0 0 1. So, that's one number, determined by D and E.

Similarly, 10101 is a five-digit palindrome, determined by D=1, E=0, F=1.

Wait, but for four-digit palindromes, the structure is D E E D, so F is already determined as E.

Therefore, in the case of four-digit palindromes, F is fixed as E, so the number is determined by D and E, so 9*10=90.

Therefore, the correct answer is 90.

But then, why did the initial approach have 900?

Because I thought of D E F E D, which is five digits, but in four-digit palindromes, it's D E E D, a four-digit number.

Wait, so the confusion arises because, depending on how you think of the problem, you might think of a number with five digits or four digits.

So, in conclusion, perhaps 90 is the correct answer.

But now, I'm even more confused because I have conflicting approaches.

Wait, perhaps the problem is that in the initial approach, the count was 9*10*10=900, but when restricting to four-digit numbers, you don't have the freedom of varying F, because it's determined by E. So, for four-digit palindromes, the number of palindromes is 9*10=90.

But in the case of a five-digit palindrome, it's D E F E D, so you can vary all three digits, so 9*10*10=900.

Therefore, in the case of four-digit palindromes, you have D E E D, so you don't vary the third digit, so 9*10=90.

So, the answer is 90.

But the initial question didn't specify five-digit palindromes, it specified four-digit palindromes.

Therefore, the correct answer is 90.

But this contradicts the initial thought of 900.

So, perhaps, I need to resolve this.

Let me think of a four-digit palindrome as a number where the first digit is the same as the fourth, and the second digit is the same as the third.

So, for example, 1001: D=1, E=0, F=0.

Wait, no, F is the third digit.

Wait, in four-digit number D E F G, for it to be a palindrome, D=G, E=F.

So, G=D, F=E.

Therefore, the number is D E E D.

So, the digits are D, E, E, D, which is a four-digit number.

Therefore, the number is determined by D and E: 9*10=90.

So, each combination of D and E gives a unique four-digit palindrome, and thus, the total number is 90.

But then, if I think of the number as D E F E D, which is a five-digit number, then that's a five-digit palindrome, which is different.

Therefore, in the case of four-digit palindromes, it's D E E D, 90 numbers.

But in the problem, the question is about four-digit palindromes. So, 90.

Therefore, the initial answer of 900 is wrong.

Wait, but in the problem statement, it says ""Recall that a palindrome is a nonnegative sequence of digits which reads the same forwards and backwards, such as 1331. Zero cannot be the first digit.""

So, it's a four-digit palindrome, so the number is determined by D, E, E, D.

So, the number of four-digit palindromes is 9*10=90.

But now, I'm getting conflicting results.

Wait, the problem is that the initial approach considered D, E, F, but in reality, for four-digit palindromes, F is automatically E, so it's not an extra variable.

Therefore, the correct count is 9*10=90.

But now, in the problem statement, it says: ""Recall that a palindrome is a nonnegative sequence of digits which reads the same forwards and backwards, such as 1331. Zero cannot be the first digit.""

So, the question is: Find the total number of four-digit palindromes.

So, as per the definition, four-digit palindromes are numbers where the first digit is equal to the fourth, and the second is equal to the third.

Therefore, the number is determined by D and E, so 9*10=90.

But if I think of D, E, F, G, such that G=D, F=E, so G can't be zero, but F can be zero.

So, in that case, the number is determined by D, E, and F, but F is equal to E.

Wait, no, F is the third digit, which is equal to E.

Therefore, the number is determined by D, E, with F automatically E.

So, in this case, the number of four-digit palindromes is 9*10=90.

Therefore, the answer is 90, option B.

But wait, why was my initial thought 900?

Because I thought of it as D E F E D, which is a five-digit number, which would be 9*10*10=900. But in reality, D E F E D is a five-digit number.

So, in the case of four-digit palindromes, it's D E E D, so F is determined as E.

Therefore, the number is determined by D and E, 9*10=90.

Therefore, the correct answer is B) 90.

Wait, now I'm getting more confident in 90.

But then, when I think of the number 1001, it's a four-digit palindrome, determined by D=1, E=0.

Similarly, 1111 is determined by D=1, E=1.

So, 9 choices for D, 10 choices for E, so 90.

Therefore, the answer is 90.

But in the initial problem statement, the user says: ""Recall that a palindrome is a nonnegative sequence of digits which reads the same forwards and backwards, such as 1331. Zero cannot be the first digit.""

It then says: ""Find the total number of four-digit palindromes.""

So, it's a four-digit number, which is a palindrome.

Therefore, the structure is D E E D, where D is non-zero, E can be anything.

So, 9*10=90.

Therefore, the answer is 90, option B.

Wait, but then why was I initially considering 900? Because I thought of the number as D E F E D, which is a five-digit number.

Therefore, in the context of four-digit palindromes, we only need to consider D E E D, so 90.

Therefore, the answer is 90.

But then, in that case, why is the initial approach giving 900?

Because the initial approach was considering D, E, F, but in reality, for four-digit palindromes, F is equal to E, so the number is determined by D and E, so 90.

Therefore, the answer is 90.

But another thought: the number 1001 is a four-digit palindrome, but in this case, F is 0, which is allowed because it's the middle digit, not the first digit.

So, 1001 is a four-digit palindrome, so it's valid.

Similarly, 1111 is a four-digit palindrome, so 10 choices for E, 9 choices for D, so 90.

Therefore, the answer is 90.

Therefore, the correct answer is B) 90.

But then, why did I get 900 before?

Because I thought of a four-digit number as D E F G, where G=D, F=E, so F is the middle digit, which is separate.

But in reality, for four-digit palindromes, F is equal to E.

Therefore, the number is determined by D and E, so 9*10=90.

Therefore, I think 90 is the correct answer.

But let me check another way.

The number of four-digit palindromes is equal to the number of possible choices for the first two digits, considering that the last two digits are determined.

But wait, actually, for four-digit palindromes, the number is determined by the first two digits, so D and E. So, 9*10=90.

Alternatively, it's the same as the number of possible choices for the first digit and the second digit, each with no constraints beyond D being non-zero.

Therefore, the number is 9*10=90.

Therefore, the correct answer is B) 90.

But now, I'm getting confused because in another resource, I saw that the number of four-digit palindromes is 900.

Wait, let me think: the first digit can be 1-9, 9 choices.

The second digit can be 0-9, 10 choices.

The third digit is the same as the second, so no choice.

The fourth digit is the same as the first, so no choice.

Therefore, 9*10=90.

But, wait, in reality, the number is D E F G, with G=D and F=E.

So, the third digit is fixed as the second digit, so it's not an independent choice.

Therefore, the number is determined by D and E, so 9*10=90.

Therefore, the answer is 90.

But in the problem statement, the question is about four-digit numbers.

Therefore, the answer is 90.

So, why did I initially think 900? Because I considered D, E, F, with D, E, F each having 9*10*10=900 choices.

But in the case of four-digit palindromes, the last digit is determined by the first, so F is fixed by E.

Therefore, the number is determined by D and E, so 9*10=90.

Therefore, the correct answer is B) 90.

**Final Answer**
\boxed{B}
</think>

To find the total number of four-digit palindromes, we need to consider that a four-digit palindrome reads the same forwards and backwards. This means that the first digit must be equal to the fourth digit, and the second digit must be equal to the third digit.

A four-digit palindrome can be represented as \(DEED\), where \(D\) is the first digit, \(E\) is the second digit, and the fourth digit is equal to \(D\), while the third digit is equal to \(E\). 

- The first digit \(D\) can be any digit from 1 to 9 (since it cannot be zero). This gives us 9 choices.
- The second digit \(E\) can be any digit from 0 to 9. This gives us 10 choices.

Since the fourth digit is determined by the first digit and the third digit is determined by the second digit, we only need to choose \(D\) and \(E\). Therefore, the total number of four-digit palindromes is the product of the number of choices for \(D\) and \(E\).

\[
9 \times 10 = 90
\]

Thus, the total number of four-digit palindromes is \(\boxed{B}\)."
4,69,D,19,0.95,"Okay, so I need to find the total number of four-digit palindromes. Hmm, let me think about what a palindrome is. A palindrome is a number that reads the same forwards and backwards. For example, 1331 is a palindrome because if you reverse the digits, you still get 1331."," Similarly, 1221 is also a palindrome. 

Since we're dealing with four-digit numbers, the number should be between 1000 and 9999. Also, zero cannot be the first digit, so the first digit has to be from 1 to 9. 

Let me break down the structure of a four-digit palindrome. A four-digit number has digits D1, D2, D3, D4. Since it's a palindrome, D1 must equal D4, and D2 must equal D3. So the number looks like D1 D2 D2 D1. 

So, the number is determined by the first two digits: D1 and D2. Once you choose D1 and D2, the last two digits are just the reverse of the first two. 

Now, let's figure out how many choices we have for D1 and D2. 

Starting with D1: Since it's a four-digit number, D1 can't be zero. So D1 can be any digit from 1 to 9. That gives us 9 possible choices for D1.

Next, D2: This digit can be anything from 0 to 9 because it's the middle digit in a four-digit number. So D2 has 10 possible choices.

Once D1 and D2 are chosen, D3 is just equal to D2, and D4 is equal to D1. So there's no additional choice for D3 and D4 once D1 and D2 are fixed.

Therefore, the total number of four-digit palindromes should be the product of the number of choices for D1 and D2. That would be 9 (for D1) multiplied by 10 (for D2), so 9 * 10 = 90. 

Wait, hold on. Let me make sure I'm not missing anything. Is there a restriction on the first digit? Yes, it can't be zero, so D1 is from 1-9. For D2, since it's the next digit, it can be zero, right? So D2 is from 0-9. So, 9 * 10 seems correct. 

Let me check with an example. The smallest four-digit palindrome is 1001, right? Because 1001 reversed is still 1001. The largest is 9999. So, how many such numbers are there? 

Wait a second, 1001 is the smallest, and 9999 is the largest. So if I count from 1001 to 9999 with a step that ensures the number is a palindrome, that should give me the count. But wait, that might not be straightforward.

Alternatively, considering the structure D1 D2 D2 D1, the number of such numbers is indeed 9 * 10 = 90, as each choice of D1 and D2 gives a unique palindrome. So, 90 is the answer. Looking at the options, D is 90, so that should be the correct answer.

Wait, but just to be thorough, let me think again. If I fix D1 and D2, then D3 and D4 are set. So, choosing D1 first gives 9 options, then D2 gives 10. So, yes, 9 * 10 = 90.

Alternatively, another way to think about it is that the number of four-digit palindromes is equal to the number of choices for the first two digits, since the last two are determined. So, 9 choices for the first digit, 10 for the second, so 90.

Yep, I think that's solid. So the correct answer should be 90, which is option D.

**Final Answer**
\boxed{D}
</think>

To find the total number of four-digit palindromes, we need to consider the structure of a four-digit palindrome, which is D1 D2 D2 D1. 

1. The first digit (D1) cannot be zero, so it can be any digit from 1 to 9, giving us 9 choices.
2. The second digit (D2) can be any digit from 0 to 9, giving us 10 choices.
3. Once D1 and D2 are chosen, D3 and D4 are determined (D3 = D2 and D4 = D1).

Thus, the total number of four-digit palindromes is the product of the number of choices for D1 and D2, which is \(9 \times 10 = 90\).

\[
\boxed{D}
\]"
5,81,D,20,1.0,"Okay, so I need to find the total number of four-digit palindromes. Hmm, let me think about what a palindrome is. A palindrome is a number that reads the same forwards and backwards. For example, 1331 is a palindrome because if you reverse the digits, you still get 1331. Similarly, 1221 is also a palindrome.

","Since we're dealing with four-digit numbers, let me break down what a four-digit palindrome looks like. A four-digit number has thousands, hundreds, tens, and units places. Let's denote it as ABCD, where A is the thousands digit, B is the hundreds digit, C is the tens digit, and D is the units digit.

Now, for ABCD to be a palindrome, it must satisfy the condition that the first digit equals the last digit, and the second digit equals the third digit. So, A must equal D, and B must equal C. Therefore, a four-digit palindrome can be written as ABBA, where A and B are digits, but A can't be zero because it's the first digit of a four-digit number.

Let me write that out. The four-digit palindrome ABBA can be expressed as 1000*A + 100*B + 10*C + D. But since it's a palindrome, C = B and D = A. So substituting, the number becomes 1000*A + 100*B + 10*B + A. Simplifying that, it's 1001*A + 110*B.

So, all four-digit palindromes are of the form 1001*A + 110*B, where A is a digit from 1 to 9 (since it can't be zero) and B is a digit from 0 to 9.

Therefore, the problem reduces to finding the number of possible combinations of A and B that satisfy this condition.

Let me think about the number of choices for A and B. There are 9 possible choices for A (1 through 9) and 10 possible choices for B (0 through 9). So, if each combination of A and B leads to a unique four-digit palindrome, then the total number of four-digit palindromes would be 9 * 10 = 90.

Wait, but let me verify this because sometimes with digit problems, there might be constraints or overlaps. For example, is there a case where different A and B could result in the same palindrome? In this case, since A determines the first and last digits, and B determines the middle two digits, each different combination of A and B would produce a unique palindrome. So, no overlaps, right? Each A and B should map to a unique number.

Let me test a few examples to make sure. If A=1 and B=0, the palindrome is 1001. If A=1 and B=1, the palindrome is 1111. A=9 and B=9 gives 9999. So each pair of A and B gives a unique number. Therefore, 9 choices for A and 10 for B, so 90 in total.

Looking back at the options given: A)2520, B)900, C)270, D)90. So, D)90 seems correct.

But just to make sure I haven't made a mistake, let me think another way. A four-digit palindrome is determined entirely by the first two digits. The first digit, A, can be from 1-9, and the second digit, B, can be from 0-9. So, for each A, there are 10 possible Bs, resulting in 9*10=90. So, yes, it's 90.

Alternatively, maybe I can think about how many four-digit numbers are palindromes. The first digit has 9 choices, and then the next two digits can be anything because the last two are determined by the first two. But wait, in a four-digit palindrome, the second and third digits must mirror the first and fourth. So, if the first digit is A and the second is B, then the third is B and the fourth is A. So, for each A and B, you only have one number, so 9*10=90.

Hmm, okay, so either way I think about it, the answer is 90. Let me just check if 9*10 is 90, which is option D.

Therefore, I think the correct answer is D) 90.

**Final Answer**
\boxed{D}
</think>

To find the total number of four-digit palindromes, we need to consider the structure of a four-digit palindrome. A four-digit palindrome has the form ABBA, where A and B are digits. 

- The digit A must be non-zero (1-9), giving 9 possible choices.
- The digit B can be any digit (0-9), giving 10 possible choices.

Thus, the total number of four-digit palindromes is the product of the number of choices for A and B, which is \(9 \times 10 = 90\).

Therefore, the correct answer is \(\boxed{D}\)."
6,108,D,20,1.0,"Okay, so I need to find the total number of four-digit palindromes. Hmm, let me think about what a palindrome is. A palindrome is a number that reads the same forwards and backwards. For example, 1331 is a palindrome because if you reverse the digits, you still get 1331. Similarly, 1221 is also a palindrome.

Since we're dealing with four-digit numbers, the number has to be between 1000 and 9999."," Also, zero can't be the first digit, so the thousands place has to be from 1 to 9. 

Now, a four-digit palindrome has the form ABBA, where A and B are digits. That means the first digit is A, the second is B, the third is also B, and the fourth is A again. So, the number looks like A B B A. 

Let me break this down into its digits:

- The first digit (thousands place) is A. Since it can't be zero, A can be from 1 to 9. So, there are 9 choices for A.

- The second digit (hundreds place) is B. This can be any digit from 0 to 9, so that's 10 choices.

- The third digit (tens place) is also B. So, same as the second digit, 10 choices.

- The fourth digit (units place) is A again. So, same as the first digit, 9 choices.

So, to find the total number of four-digit palindromes, I think I can multiply the number of choices for each digit together. That would be 9 (for A) multiplied by 10 (for B) multiplied by 10 (for B) multiplied by 9 (for A). 

Wait, let me write that out:

Total number = 9 (choices for A) * 10 (choices for B) * 10 (choices for B) * 9 (choices for A)

So, that's 9 * 10 * 10 * 9. Let me compute that step by step.

First, 9 * 10 is 90.

Then, 90 * 10 is 900.

Next, 900 * 9. Hmm, 900 * 9 is 8100.

Wait, so is it 8100? But that seems too high. Let me double-check.

Wait, actually, no. Because when you have ABBA as a four-digit number, it's determined by the first two digits, right? So, if A can be 1-9, and B can be 0-9, then each different A and B gives a unique palindrome.

So, the number of different A's is 9, and for each A, there are 10 choices for B. So, the total number of four-digit palindromes is 9 * 10 * 10 = 900.

Wait, hold on. I think that is correct because for each palindrome, you choose the first two digits, and the last two are determined by the first two. So, the number is 10^2 * 9.

Wait, 10^2 is 100, so 100 * 9 is 900. Yes, that seems right.

But let me think about an example. If A is 1, then B can be 0-9, so the palindromes would be 1001, 1111, 1221, ..., 1991. That's 10 palindromes. Similarly, if A is 2, same thing: 2002, 2112, ..., 2992. That's another 10. So, for each A from 1 to 9, 10 palindromes. So, 9 * 10 = 90.

Wait, so then why did I think earlier it was 900? Because when I multiplied 9 * 10 * 10, I thought it was 900, but that's actually 900, but that counts each palindrome for each A and B. But no, if you fix A and B, you have a unique palindrome.

Wait, no, 9 * 10 * 10 is 900, but actually, each palindrome is uniquely determined by A and B, with A from 1-9 and B from 0-9. So, 9 * 10 = 90. So, perhaps I made a mistake in my earlier reasoning.

Wait, no, hold on. Let me think again.

The first digit is A (1-9), the second is B (0-9), third is B, fourth is A. So, each palindrome is determined uniquely by A and B. So, the number of palindromes is 9 (choices for A) * 10 (choices for B) = 90.

Wait, so why is 9*10*10=900? Because 10*10 is 100, which is for B and then it's the same for A. Hmm, maybe I confused myself.

Wait, perhaps it's 9 options for A, and for each A, 10 options for B, so total is 9*10=90. That seems correct.

Let me think of it as a four-digit number: The first digit must be 1-9, the last digit must be same as first, the second and third digits must be same as each other but can be anything.

So, the structure is A B B A.

Therefore:

- A: 9 choices

- B: 10 choices

So, total number of four-digit palindromes is 9*10=90.

Hence, the answer should be 900, but that contradicts my previous conclusion.

Wait, hold on, perhaps I misapplied the multiplication. Let me think again.

Wait, the four-digit palindrome is A B B A. So, each palindrome is determined uniquely by choosing A and B.

A can be 1-9, B can be 0-9. So, number of choices for A: 9, number of choices for B:10.

Therefore, total number is 9*10=90. Therefore, the total number is 90.

But wait, that can't be, because 90 is an option here. Option D is 90.

Wait, but if I think of the first digit: 1-9, so 9 choices, then second digit:0-9, third digit: same as second, fourth digit same as first.

So, each palindrome is determined by first two digits. So, 9*10=90.

Alternatively, if I thought of four-digit number as having two digits: AB, and the number is ABBA. So, the first two digits AB can be from 10 to 99 (since A cannot be zero). So, 90 possible AB, each producing a unique four-digit palindrome.

Therefore, total number is 90.

But wait, then why did I get 900 previously? Because I was considering the four-digit number, and thought of the last two digits as determined by the first two. But that's not right because the last two digits are same as first two.

Wait, no, the number is ABBA, so the first digit is A, second is B, third is B, fourth is A.

So, the number is determined by A and B. So, A:9, B:10, so 90.

But then, in the answer choices, 90 is option D, so that's one of the choices.

But hold on, in the initial problem statement, it says ""four-digit palindromes,"" but sometimes people define palindromes differently, like not necessarily the first two digits being independent. But in standard definitions, a palindrome doesn't require the number to be strictly increasing or anything, just symmetric.

So, ABBA is a four-digit palindrome as long as A is non-zero.

Therefore, the number of four-digit palindromes is 9*10=90. Therefore, the answer should be 90.

But hold on, let's verify with a smaller case. Let's consider three-digit palindromes.

A three-digit palindrome has the form ABA, where A is 1-9, B is 0-9. So, number of three-digit palindromes is 9*10=90.

Similarly, four-digit palindrome: ABB A, which is 9*10=90.

Yes, so it seems consistent.

But then why did I get confused before? Maybe because I thought the number of palindromes for four-digit numbers is 900, but that's incorrect because each palindrome is determined by only two digits, not four. So, the first two digits set the palindrome, so 9*10=90.

Wait, so maybe the answer is 900? Hmm.

Wait, now I'm confused because 900 is the number of four-digit numbers. But palindromes can't be that many because many four-digit numbers aren't palindromes.

Wait, but how many four-digit palindromes are there? Let me think differently.

A four-digit palindrome is determined by the first two digits, so A and B. A from 1-9, B from 0-9. So, number of palindromes is 9*10=90.

Alternatively, if I fix A and B, then the number is ABBA. So, for each A and B, exactly one palindrome. So, total is 9*10=90.

Therefore, 90 is the correct answer. So, the answer should be D) 90.

But wait, hold on. Earlier, I thought that 90 is 10^2. 900 is 10^3. So, perhaps it's better to write it as 9*10^1 *10^1=9*100=900. But in reality, since we only have 9 choices for A and 10 for B, it's 9*10=90.

Alternatively, another way is that for four-digit numbers, the first digit is 1-9, the second is 0-9, third is same as second, fourth is same as first. So, the number is determined by first two digits, so 9*10=90.

Hence, 90 is the number.

Wait, but the answer choices are: A) 2520, B) 900, C) 270, D) 90.

So, 90 is D, which is an option. So, seems the correct answer is D) 90.

But initially, I thought it's 900, but that was a miscalculation because I was confusing the choices as separate digits instead of combining them.

Alternatively, maybe I was thinking of four-digit palindromes as numbers where all four digits are mirrored, so 1001, 1111, etc., but the number is determined by two digits, not four. So, 90 is the correct number.

So, I think the correct answer is D) 90.

But wait, just to make sure, let me think of how many four-digit palindromes exist.

A four-digit number is from 1000 to 9999.

A palindrome is a number that reads the same forwards and backwards, so the first digit must equal the last digit, and the second digit must equal the third digit.

So, to construct such a number, you choose the first digit A (1-9), then the second digit B (0-9), then the third digit must be equal to the second digit, B, and the fourth digit must equal the first digit, A.

So, each palindrome is uniquely determined by A and B, each varying independently. Hence, the number of palindromes is 9*10=90.

So, that's the same as before. So, 90 is correct. So, the answer is D) 90.

Therefore, the answer is D) 90.

**Final Answer**
\boxed{D}
</think>

To find the total number of four-digit palindromes, we need to consider the structure of a four-digit palindrome. A four-digit palindrome has the form \(ABBA\), where \(A\) and \(B\) are digits. 

1. The first digit \(A\) cannot be zero, so it has 9 possible choices (1-9).
2. The second digit \(B\) can be any digit from 0-9, giving 10 possible choices.
3. The third digit must be the same as the second digit \(B\).
4. The fourth digit must be the same as the first digit \(A\).

Thus, the number of four-digit palindromes is determined by the choices for \(A\) and \(B\). Each combination of \(A\) and \(B\) results in a unique palindrome. Therefore, the total number of four-digit palindromes is:

\[
9 \text{ (choices for } A) \times 10 \text{ (choices for } B) = 90
\]

Hence, the total number of four-digit palindromes is \(\boxed{D}\)."
7,125,D,20,1.0,"Okay, so I need to find the total number of four-digit palindromes. Hmm, let me think about what a palindrome is. A palindrome is a number that reads the same forwards and backwards. For example, 1331 is a palindrome because if you reverse the digits, you still get 1331. Similarly, 1221 is also a palindrome.

Since we're dealing with four-digit numbers, the number has to be between 1000 and 9999. Also, the first digit can't be zero because it's a four-digit number."," So the first digit has to be from 1 to 9, and the last digit must be the same as the first digit. The second digit can be from 0 to 9, and the third digit has to be the same as the second digit. 

So, if I break it down, a four-digit palindrome is determined by its first two digits. Once the first two digits are chosen, the last two digits are just the reverse of the first two. For example, if the first two digits are AB, then the last two digits will also be BA, making the number ABBA.

So, to find the total number of four-digit palindromes, I need to figure out how many different choices there are for the first two digits, and each choice will determine the last two digits uniquely. Since the digits can be from 0 to 9, except that the first digit can't be zero.

Let me break this down. The first digit can be 1 through 9, so that's 9 possible choices. The second digit can be 0 through 9, so that's 10 possible choices. After choosing the first two digits, the last two are determined, so I don't need to worry about their choices. 

Therefore, the total number of four-digit palindromes should be the number of choices for the first digit multiplied by the number of choices for the second digit. So that's 9 (for the first digit) multiplied by 10 (for the second digit). 

Let me write that down:

Number of four-digit palindromes = 9 (choices for first digit) × 10 (choices for second digit) = 9 × 10 = 90.

Wait, but the answer choices don't include 90. Hmm, let me check the choices again.

Choices:
A) 2520
B) 900
C) 270
D) 90

Oh, option D is 90. So, is that the correct answer? But wait, let me think again because sometimes in palindrome problems, people might consider leading zeros, but in this case, since it's a four-digit number, leading zeros aren't allowed. So, I think my initial reasoning is correct.

But wait, maybe I'm missing something. Let me consider another approach. A four-digit palindrome has the form ABBA, where A is from 1-9 and B is from 0-9. So, as above, it's 9 × 10 = 90.

Alternatively, is there another way to count the number of four-digit palindromes? Maybe considering each position.

In a four-digit number, the first digit is A, the second is B, the third is C, and the fourth is D. For it to be a palindrome, A=D and B=C. So, A has 9 choices (1-9), B has 10 choices (0-9), and C is equal to B, D is equal to A. So, again, 9 × 10 = 90.

Alternatively, if I think about it as the number of possible AB pairs, each of which determines the entire palindrome. Since A can be 1-9 and B can be 0-9, there are 90 such AB pairs, each giving a unique four-digit palindrome.

Wait, but let me make sure I'm not overcomplicating this. Sometimes, in problems, people might consider leading zeros or something, but here we're explicitly told it's a four-digit number, so leading zeros are not allowed. So, A cannot be zero, but B can be zero. So, the count is indeed 9 × 10 = 90.

Looking back at the choices, D is 90, so I think D is the correct answer.

But wait, hold on a second. Let me think about another perspective. Sometimes, when we count palindromes, we have to consider different lengths. Wait, four-digit palindromes have four digits, but sometimes people consider palindromes of all lengths. But in this case, the problem specifically asks for four-digit palindromes, so I think it's straightforward.

Alternatively, maybe I made a mistake in the initial thought. Let me think if the four-digit palindrome is determined by its first half. For a four-digit number, the first two digits determine the last two digits because they have to mirror the first two. So, how many ways can we choose the first two digits?

First digit: 1-9 (9 choices), second digit: 0-9 (10 choices). So, total of 9 × 10 = 90. Yep, that's the same answer.

Alternatively, to make sure, let me think of an example. For A=1, B=0, the palindrome is 1001. For A=1, B=1, it's 1111. For A=1, B=2, it's 1221. So, each B from 0-9 gives a different palindrome when paired with A=1, and that's 10. Similarly, for A=2, it's 2002, 2112, ..., 2992, which is another 10. So, for each of the 9 A's, 10 Bs, we get 90 numbers.

Therefore, I think 90 is the correct answer, which is option D.

Wait, but the answer choices are A)2520, B)900, C)270, D)90. So, 90 is there, so D must be the correct answer.

Alternatively, maybe I misread the problem. Is it four-digit palindromes or just palindromic numbers? The problem says ""four-digit palindromes,"" so yes, it's four-digit. So, no issue there.

Alternatively, is the question considering palindromes with more than four digits? But no, it specifies four-digit palindromes, so it's 90.

Wait, but maybe I'm forgetting something about palindromes. For example, sometimes when people count palindromes, they might consider leading zeros, but in this case, the number is four digits, so leading zeros are not allowed. So, no, we can't have leading zeros, so the first digit is from 1-9. So, that part is fine.

Is there another way someone might think it's more than 90? For example, sometimes in palindrome counting, people might think about the entire number having to be a palindrome, so maybe considering each digit's constraints. Let's see.

In a four-digit palindrome, first digit = fourth, second digit = third. So, first digit: 1-9 (9 options), second digit: 0-9 (10 options). Then, the third digit is determined by the second, and the fourth digit is determined by the first. So, total number is 9 × 10 = 90. So, yeah, same as before.

Alternatively, someone might think that each digit is independent, but in reality, in a four-digit palindrome, the second and third digits must be the same, as must the first and fourth. So, you have to fix the first two digits, and the last two are determined. So, 9 × 10 is correct.

Therefore, 90 is the answer, which is D.

Wait, but just to be thorough, let me list some examples:

1001, 1111, 1221, ..., 1991, 2002, 2112, ..., 2992, ..., 9009, 9119, ..., 9999. So, each A has 10 Bs, so 9 As, 10 Bs each, 90 in total. So, yes, 90 is correct.

Therefore, I think my initial answer is correct, which is D) 90.

**Final Answer**

\boxed{D}
</think>

To find the total number of four-digit palindromes, we need to consider the structure of a four-digit palindrome, which is of the form ABBA, where A and B are digits. 

- The first digit (A) can be any digit from 1 to 9 (since it cannot be zero), giving us 9 choices.
- The second digit (B) can be any digit from 0 to 9, giving us 10 choices.

Once the first two digits are chosen, the last two digits are determined (they must be the reverse of the first two). Therefore, the total number of four-digit palindromes is the product of the number of choices for A and B.

\[
9 \text{ (choices for A)} \times 10 \text{ (choices for B)} = 9 \times 10 = 90
\]

Thus, the total number of four-digit palindromes is \(\boxed{D}\)."
8,159,B,1,0.05,"Okay, so I need to find the total number of four-digit palindromes. Hmm, let me think about what a palindrome is. A palindrome is a number that reads the same forwards and backwards. For example, 1331 is a palindrome because if you reverse the digits, you still get 1331. Similarly, 1221 is also a palindrome.

Since we're dealing with four-digit numbers, the number has to be between 1000 and 9999. Also, the first digit can't be zero because it's a four-digit number. So, the first digit has to be from 1 to 9, and the last digit has to be the same as the first digit because it's a palindrome."," That makes sense.

Now, for a four-digit palindrome, let's denote the digits as follows: the first digit is A, the second digit is B, the third digit is C, and the fourth digit is D. Since it's a palindrome, the fourth digit must equal the first digit (D = A), and the third digit must equal the second digit (C = B). So, effectively, the number looks like A B C A.

So, the structure is A B C A. That's helpful because now I can break down the problem into figuring out how many choices there are for each digit.

Let's start with A. Since A is the first digit, it can't be zero, so A can be from 1 to 9. That gives us 9 possible choices for A.

Next, let's look at B. B is the second digit, which can be any digit from 0 to 9. So, 10 possible choices for B.

Then, C is the third digit. Similar to B, it can be any digit from 0 to 9 as well. So, that's another 10 choices.

Once A, B, and C are chosen, D is determined because it's equal to A. So, we don't get any additional choices for D; it's just a function of A.

Therefore, the total number of four-digit palindromes is equal to the number of choices for A multiplied by the number of choices for B multiplied by the number of choices for C. That would be 9 (for A) multiplied by 10 (for B) multiplied by 10 (for C).

Let me write that down:

Total number of four-digit palindromes = 9 * 10 * 10.

Calculating that, 9 * 10 is 90, and 90 * 10 is 900. So, 900 four-digit palindromes.

Wait, but let me double-check. Is that right? So, for A, 9 choices, and for each of those, B has 10 choices, and C has 10 choices. So, for each A, there are 100 different palindromes, right? And since A can be from 1 to 9, 9 * 100 is 900. Yes, that seems correct.

Alternatively, I can think of it as:

First digit: 9 options (1-9)

Second digit: 10 options (0-9)

Third digit: 10 options (0-9)

Fourth digit: must be the same as the first digit, so 1 option.

Therefore, total number is 9 * 10 * 10 * 1 = 900.

Yes, that makes sense.

Looking back at the choices, option B is 900, which matches my calculation. So, I think that's the correct answer.

But just to make sure, let me think about any possible mistakes. Is there a possibility that I'm overcounting or undercounting? For example, sometimes when counting palindromes, there can be a confusion between digits and whether it's a palindrome or not, but in this case, since I forced the structure A B C A, I think it's accurate because any palindrome must have the first digit equal to the fourth and the second digit equal to the third.

Another way to think about it: how many palindromic four-digit numbers are there?

A four-digit palindrome is determined by the first two digits. The first digit can be 1-9, the second digit can be 0-9, so the first two digits can form 9*10=90 different combinations. Each such combination uniquely determines the palindrome by mirroring the first two digits.

Therefore, the total number is 90.

Wait, hold on, this contradicts my earlier conclusion of 900. Hmm, so now I'm confused.

Wait, hold on, no. Let's see. I think I made a mistake in the initial breakdown.

Wait, wait, no. Let me clarify.

If the number is a four-digit palindrome, it's determined by the first two digits. The first digit can be 1-9, the second digit can be 0-9, so 9*10=90 possibilities for the first two digits. Each such pair uniquely determines the palindrome.

Therefore, each of the 90 pairs gives a unique palindrome, so the total number of four-digit palindromes is 90.

But that contradicts the earlier conclusion of 900. So, which one is correct?

Wait, maybe I misapplied the structure.

Wait, if the number is A B C A, then the first two digits are A and B, the next two digits are C and A. So, if I fix the first two digits, A and B, then the last two digits are determined by A and B, specifically C and A. So, for each of the 9*10=90 possibilities of A and B, there is exactly one four-digit palindrome.

Therefore, the total number of four-digit palindromes is 90, which is not 900. So, why did I get 900 earlier?

Wait, perhaps I miscounted the number of choices.

Wait, let me think again.

Wait, no, actually, if I consider the four-digit number as A B C D, with A≠0 and D=A, B can be anything, C can be anything, then D is determined by A.

Wait, wait, no: the four-digit number is A B C A, so A is the first digit, B is the second, C is the third, D is the fourth. So, D must equal A, and C must equal B.

Therefore, the number is determined by A, B, C, with D being equal to A, and C equal to B.

So, the first digit A has 9 choices, second digit B has 10 choices, third digit C has 10 choices, and the fourth digit is determined, so it's 1 choice.

Therefore, total numbers: 9 * 10 * 10 = 900.

But wait, now I'm confused again because another way of looking at it suggests 90. What's the issue here?

Wait, perhaps I'm confusing the number of digits vs. positions.

Wait, no. In a four-digit number, digits are in positions: thousands, hundreds, tens, units.

If it's a palindrome, then the thousands digit must equal the units digit, and the hundreds digit must equal the tens digit.

So, the first digit (thousands place) is A, second digit (hundreds place) is B, third digit (tens place) is C, fourth digit (units place) is A.

Therefore, the first digit is A, second is B, third is C, fourth is A.

So, the number is A B C A.

So, in this case, the thousands digit is A, the hundreds digit is B, the tens digit is C, and the units digit is A.

Therefore, the first digit (thousands place) is A (1-9), the second digit (hundreds place) is B (0-9), the third digit (tens place) is C (0-9), and the fourth digit (units place) is A.

Therefore, the number is determined by A, B, C, and D is not a variable; it's determined by A. So, the number is of the form A B C A, so A B C A.

Therefore, for each A (1-9), each B (0-9), each C (0-9), we have exactly one palindrome.

So, 9*10*10=900.

But wait, that contradicts my initial thought that you have to fix two digits and the other two are determined. So perhaps the confusion is arising because the four-digit palindrome is determined by three digits: A, B, C.

Wait, but in reality, for each A, B, C, you have exactly one palindrome.

So, the total number is 9*10*10=900. That seems to be correct.

But then why did I think it was 90?

Wait, let me think of a small example.

How many three-digit palindromes are there? Let's see: For a three-digit palindrome, it's of the form A B A. So, first digit A: 9 choices, second digit B: 10 choices, third digit is determined (A). So, 9*10=90.

Similarly, four-digit palindrome: A B C A. So, A:9, B:10, C:10. So, 9*10*10=900. That makes sense.

So why did I think 9*10=90 before? I think I confused it with three-digit palindromes.

So, the answer is 900.

But wait, hold on, the initial question was four-digit palindromes.

Wait, but in my mind, I have a four-digit palindrome as A B C A. So, same as the three-digit palindrome, except with an extra digit. So, the number is determined by the first two digits, A and B. Then, the third digit is C, which can be anything, and D is determined by A.

So, 9*10=90.

Wait, but that contradicts.

Wait, perhaps the issue is that in a three-digit palindrome, you can only have the form A B A, so it's determined by the first and second digits, but in a four-digit palindrome, it's A B C A, so it's determined by the first, second, and third digits.

Wait, but in that case, the number is determined by three digits, so 9*10*10=900. But in a three-digit palindrome, it's determined by two digits.

Wait, let me clarify.

In a three-digit palindrome, the number is A B A, which is determined by A and B. So, 9*10=90.

But in a four-digit palindrome, it's A B C A, which is determined by A, B, and C. So, 9*10*10=900.

So, in the case of three digits, the number of palindromes is less than four digits.

Therefore, in the four-digit case, it's 900.

So, that seems correct.

But wait, let me check with an example. Let me list all possible three-digit palindromes.

They are 90 in total, as I thought. So, A from 1-9, B from 0-9.

Similarly, for four-digit palindromes, each A from 1-9, B from 0-9, C from 0-9. So, each combination gives a unique four-digit palindrome.

So, 9*10*10=900.

Therefore, the total number is 900.

But the options given are:

A) 2520

B) 900

C) 270

D) 90

So, 900 is option B, which is one of the choices. So, the correct answer should be 900.

Wait, but earlier I thought maybe 90, but now I'm convinced it's 900.

Wait, but wait, let me think about another perspective.

Suppose I have four-digit numbers: from 1000 to 9999.

Total number of four-digit numbers is 9000 (since 9999 - 1000 +1=9000).

If I consider palindromic numbers, how many are there?

A four-digit palindrome is determined by the first two digits, as the last two digits are the reverse of the first two.

Wait, let me see: a four-digit palindrome is of the form A B A B? No, wait, no.

Wait, no, in a four-digit palindrome, the first digit equals the fourth, and the second digit equals the third.

So, the number is A B A B' where B' is equal to A.

Wait, no, wait, I think the correct way is A B C A, so first digit A, second digit B, third digit C, fourth digit A.

Therefore, for each of the first two digits A and B, you can have 9*10=90 different palindromes. But then, what's the fourth digit? It's equal to A, so it's fixed once A is fixed.

Wait, so for each four-digit palindrome, we specify A and B, and the rest is determined.

Therefore, the number of four-digit palindromes is 9*10=90.

But hold on, that contradicts the earlier conclusion.

Wait, let me use a different approach.

Let me count how many four-digit palindromes there are.

A four-digit palindrome has the form A B C A. So, first digit is A, second is B, third is C, fourth is A.

So, A can be from 1 to 9 (9 options), B can be from 0 to 9 (10), and C can be from 0 to 9 (10). So, each choice of A, B, C gives exactly one four-digit palindrome.

Therefore, total number is 9*10*10=900.

So, that's 900.

But let's pick specific examples.

For example, if A=1, B=0, C=0, the palindrome is 1001.

If A=1, B=1, C=2, the palindrome is 1121.

If A=9, B=9, C=9, the palindrome is 9999.

If A=2, B=5, C=3, the palindrome is 2532.

Each of these is unique.

So, since A is from 1-9, B and C are from 0-9, each choice gives a unique four-digit palindrome.

Therefore, 9*10*10=900.

Therefore, the correct answer is 900, which is option B.

But wait, earlier I thought maybe it's 9*10=90, but that's incorrect because in a four-digit palindrome, the fourth digit is determined by the first digit, so it's not an independent variable. So, the third digit is also determined by something else.

Wait, no, actually, in the four-digit palindrome, the first digit is A, second is B, third is C, fourth is A. Therefore, the first digit is independent, the second is independent, the third is independent, but the fourth is dependent on the first.

Therefore, the number is determined by three digits: A, B, C, but since D is dependent, we don't need to consider it separately.

So, the number of four-digit palindromes is indeed 900.

Wait, so that's consistent.

But just to make sure, let's think about how many four-digit palindromes there are.

Total number of four-digit numbers: 9000 (from 1000 to 9999).

Total number of three-digit palindromes: 90.

Total number of two-digit palindromes: 9 (11, 22, ..., 99).

Total number of single-digit palindromes: 9.

Wait, but that doesn't directly help.

Alternatively, perhaps the total number of palindromes can be calculated by considering the number of palindromes with even digits, like four-digit, and then the number with odd digits, like three-digit.

But in our case, four-digit palindromes. So, formulaically, the number is equal to 9*10*10=900.

Yes, so that's consistent.

Therefore, the answer is 900, which is option B.

Wait, so why did I think it's 90 earlier? Because I confused the number of digits with the number of variables or something.

Wait, no, in a four-digit palindrome, the number is determined by the first two digits, but the third digit is separate, so isn't it similar to three-digit palindromes, which are determined by the first two digits?

Wait, in three-digit palindromes, it's A B A, determined by A and B. So, 9*10=90. Similarly, in four-digit palindromes, A B C A, determined by A, B, and C? Or is it determined by A and B?

Wait, no, in a four-digit palindrome, the third digit is independent. So, A is the first digit, B is the second, C is the third, and D is the fourth, which must equal A. So, you can choose A, B, and C, each with their respective choices, giving 9*10*10=900.

Alternatively, if you think of it as choosing the first half of the number, which for a four-digit number is the first two digits. So, the first two digits can be any two-digit number where the first digit is non-zero. So, the number of possible first halves is 9*10=90. Then, the second half is just the reverse of the first half. Therefore, each first half gives exactly one four-digit palindrome. So, 90.

But wait, that contradicts my earlier conclusion because in a four-digit palindrome, C can be any digit, so it's not just reversing the first two digits. So, wait, perhaps this is a different way.

Wait, in a four-digit palindrome, it's A B C A, so if the first two digits are A and B, the last two digits are C and A. So, the last two digits are not the reverse of the first two, unless C is equal to B. So, they are different.

Therefore, in that case, the fourth digit is determined by the first digit, which is different from the second digit.

Therefore, the number is not just determined by the first two digits because the third digit is independent.

Therefore, the total number is 9*10*10=900.

Wait, but another way: if you consider that a four-digit palindrome is essentially a number of the form A B C D, where A=D and B=C. So, the number is determined by A, B, C, but with D determined by A. So, the number of such numbers is 9*10*10=900.

Therefore, 900.

Hence, the answer is 900.

But wait, just to make sure, let's see: if A is fixed as 1, then the palindrome is of the form 1 B C 1. So, 1001, 1011, 1021, ..., 1991. So, that's 1001, 1011, 1021,...,1991.

So, for A=1, how many such numbers are there?

B can be 0-9 (10 choices), and C can be 0-9 (10 choices). So, 100 palindromes for A=1.

Similarly, for A=2, it's 100 palindromes, and so on for A=3 to A=9.

Therefore, total number is 9*100=900.

Yes, that makes sense.

Therefore, the number of four-digit palindromes is 900.

So, the correct answer is B) 900.

**Final Answer**
\boxed{B}
</think>

To find the total number of four-digit palindromes, we need to consider the structure of a four-digit palindrome. A four-digit palindrome has the form \(ABBA\), where \(A\), \(B\), and \(C\) are digits. Specifically, the number is determined by the first digit \(A\), the second digit \(B\), the third digit \(C\), and the fourth digit must be equal to \(A\).

1. The first digit \(A\) can be any digit from 1 to 9 (since it cannot be zero), giving us 9 choices.
2. The second digit \(B\) can be any digit from 0 to 9, giving us 10 choices.
3. The third digit \(C\) can be any digit from 0 to 9, giving us 10 choices.
4. The fourth digit is determined by the first digit \(A\), so it is already specified.

Thus, the total number of four-digit palindromes is calculated by multiplying the number of choices for each digit:
\[
9 \times 10 \times 10 = 900
\]

Therefore, the total number of four-digit palindromes is \(\boxed{B}\)."
9,159,D,19,0.95,"Okay, so I need to find the total number of four-digit palindromes. Hmm, let me think about what a palindrome is. A palindrome is a number that reads the same forwards and backwards. For example, 1331 is a palindrome because if you reverse the digits, you still get 1331. Similarly, 1221 is also a palindrome.

Since we're dealing with four-digit numbers, the number has to be between 1000 and 9999. Also, the first digit can't be zero because it's a four-digit number. So, the first digit has to be from 1 to 9, and the last digit has to be the same as the first digit because it's a palindrome."," The second digit will determine the third digit as well. So, for example, if the number is ABBA, where A and B are digits, then A can't be zero, and B can be anything from 0 to 9.

Let me break this down step by step. A four-digit palindrome has the form ABBA, where A is the first digit and B is the second digit. The third digit is the same as the second, and the fourth digit is the same as the first. So, the structure is like this: the first digit is A, the second is B, the third is B, and the fourth is A.

Now, let's think about the number of choices we have for each digit:

1. First digit (A): Since it's a four-digit number, A can be any digit from 1 to 9. So, that's 9 choices.
2. Second digit (B): This can be any digit from 0 to 9. So, that's 10 choices.
3. Third digit: This is the same as the second digit, so it's determined once we choose B. No choice here.
4. Fourth digit: This is the same as the first digit, A. Again, determined once we choose A.

Therefore, the total number of four-digit palindromes is the product of the number of choices for each digit. That would be 9 (for A) multiplied by 10 (for B). So, 9 * 10 = 90.

Wait, let me verify this because sometimes with these counting problems, it's easy to make a mistake. So, for each of the 9 choices of A, there are 10 choices for B, and then the third and fourth digits are fixed once A and B are chosen. So, for each A, there are 10 different palindromes. So, 9 * 10 = 90.

Alternatively, another way to think about it is that a four-digit palindrome is determined entirely by the first two digits. So, if I fix the first two digits, the last two digits are determined. The first digit has 9 choices, the second digit has 10 choices. So, 9 * 10 = 90 as well.

Is there another way to think about this? Maybe combinatorially or with permutations.

Wait, but in permutations, the order matters, but in this case, since it's a palindrome, the order of the second and third digits doesn't matter because of the symmetry. So, it's not a permutation problem but more like a combination with repetition or something.

But in this case, since we have a fixed structure, ABBA, it's straightforward. The first digit is independent, second digit independent, but the third and fourth are determined. So, 9 * 10 is indeed correct.

Let me see if I can find any possible mistakes here. For example, sometimes when counting palindromes, people might forget about zero restrictions or overcount. In this case, since the first digit can't be zero, we have to exclude any palindromes where A is zero. But since A is from 1 to 9, that's already taken care of.

Also, each choice of A and B defines a unique palindrome, and each palindrome is uniquely defined by A and B. So, there are no overlaps or duplications.

Therefore, 9 choices for A, 10 for B, 9*10=90. So, 90 four-digit palindromes.

Looking at the choices, option D is 90, so that must be the answer.

**Final Answer**
\boxed{D}
</think>

To find the total number of four-digit palindromes, we need to consider the structure of a four-digit palindrome, which is of the form ABBA, where A and B are digits. 

1. The first digit (A) must be from 1 to 9, giving us 9 choices.
2. The second digit (B) can be any digit from 0 to 9, giving us 10 choices.

Since the third digit is the same as the second digit (B) and the fourth digit is the same as the first digit (A), the number of choices for the third and fourth digits is determined once B is chosen.

Thus, the total number of four-digit palindromes is calculated by multiplying the number of choices for A and B:

\[
9 \text{ choices for A} \times 10 \text{ choices for B} = 9 \times 10 = 90
\]

Therefore, the total number of four-digit palindromes is \(\boxed{D}\)."
10,163,D,20,1.0,"Okay, so I need to find the total number of four-digit palindromes. Hmm, let me think about what a palindrome is. A palindrome is a number that reads the same forwards and backwards. For example, 1331 is a palindrome because if you reverse the digits, you still get 1331. Similarly, 1221 is also a palindrome.

Since we're dealing with four-digit numbers, the number has to be between 1000 and 9999. Also, the first digit can't be zero because it's a four-digit number. So, the first digit has to be from 1 to 9, and the last digit has to be the same as the first digit because it's a palindrome. That makes sense.

","Now, let's break down a four-digit palindrome. A four-digit number can be represented as ABBA, where A and B are digits. Let me write that down:

- The first digit is A.
- The second digit is B.
- The third digit is also B.
- The fourth digit is A.

So, the number is A B B A. Since it's a four-digit number, A can't be zero, so A can be from 1 to 9. B can be from 0 to 9 because it's the middle digits.

Therefore, the number of choices for A is 9 (digits 1 through 9), and the number of choices for B is 10 (digits 0 through 9). So, the total number of four-digit palindromes is 9 multiplied by 10.

Let me compute that: 9 x 10 = 90. So, does that mean there are 90 four-digit palindromes? Let me double-check my reasoning.

Yes, each four-digit palindrome is determined by the first two digits, with the last two being a mirror image of the first two. So, the first digit has 9 choices, and the second digit has 10 choices. Since the rest of the digits are determined by the first two, the total number is indeed 9 x 10, which is 90.

Looking back at the options, D) 90 is the choice. So, I think that's the answer. But just to be thorough, let me think if there's any other aspect I might have missed.

Wait, is 0000 a four-digit palindrome? No, because it starts with zero, and four-digit numbers can't start with zero. So, our first digit is from 1 to 9, and the rest are as per the palindrome. So, yeah, that should be it.

Another way to think about it is that in a four-digit palindrome, the first digit must equal the fourth digit, and the second digit must equal the third digit. So, we can think of it as choosing the first two digits, and the last two are automatically determined. Since the first digit has 9 options, and the second digit has 10 options, the total number of four-digit palindromes is 9 x 10 = 90.

Alternatively, if I list all the possible palindromes, it would be A B B A, so for each A (1-9) and each B (0-9), we get one unique palindrome. So, 9 x 10 = 90. That seems consistent.

I don't think I missed any constraints here. No other digits are involved, and we're only considering four-digit numbers. So, I'm confident that the answer is 90, which is option D.

**Final Answer**
\boxed{D}
</think>

To find the total number of four-digit palindromes, we need to consider the structure of a four-digit palindrome, which is of the form ABBA. Here, A is the first digit (and also the fourth digit), and B is the second digit (and also the third digit).

1. The first digit (A) can be any digit from 1 to 9, giving 9 possible choices.
2. The second digit (B) can be any digit from 0 to 9, giving 10 possible choices.

Since the number is determined by the first two digits A and B, the total number of four-digit palindromes is the product of the number of choices for A and B:

\[
9 \times 10 = 90
\]

Thus, the total number of four-digit palindromes is \(\boxed{D}\)."
11,182,D,20,1.0,"Okay, so I need to find the total number of four-digit palindromes. Hmm, let me think about what a palindrome is. A palindrome is a number that reads the same forwards and backwards. For example, 1331 is a palindrome because if you reverse the digits, you still get 1331. Similarly, 1221 is also a palindrome.

Since we're dealing with four-digit numbers, the number has to be between 1000 and 9999. Also, the first digit can't be zero because it's a four-digit number. So, the first digit has to be from 1 to 9, and the last digit has to be the same as the first digit because it's a palindrome. That makes sense.

Now, a four-digit palindrome has the form ABBA, where A and B are digits."," Let me break this down. The first digit is A, the second is B, the third is also B, and the fourth is A again. So, it's like A B B A.

Let me think about how many choices we have for each digit. Starting with A: since it's the first digit of a four-digit number, it can't be zero. So, A can be any digit from 1 to 9. That's 9 possible choices.

Now, moving on to B: B is the second digit and also the third digit. Since it's a digit, it can be any number from 0 to 9. So, that's 10 possible choices for B.

But wait, the third digit has to be equal to the second digit because it's a palindrome. So, once we choose B, the third digit is automatically determined to be B. So, there are no additional choices for the third digit; it's just a copy of B.

But hold on, let me make sure I'm counting correctly. Since the entire number has to be the same forwards and backwards, the number is entirely determined by the first two digits, right? Because the last two digits are just the reverse of the first two. So, if I choose A and B, the number is fixed as ABBA.

Therefore, the total number of four-digit palindromes is equal to the number of choices for A multiplied by the number of choices for B.

Let me write that out mathematically.

Number of four-digit palindromes = Number of choices for A × Number of choices for B.

Number of choices for A: 9 (digits 1-9).

Number of choices for B: 10 (digits 0-9).

So, multiplying them together, 9 × 10 = 90.

Wait, but hold on. Let me think about this again. If B can be zero, does that matter? For example, if A is 1 and B is 0, the number is 1001, which is a valid four-digit palindrome. Similarly, A=5 and B=9 gives 5995, which is also valid. So, yes, B can be zero.

So, that means for each of the 9 choices of A, there are 10 choices for B, leading to 9×10=90 four-digit palindromes.

Let me check the answer choices: A)2520, B)900, C)270, D)90. So, 90 is option D.

But just to double-check, let me think of a smaller case. How many three-digit palindromes are there?

A three-digit palindrome is of the form ABA, where A is from 1-9 and B is from 0-9. So, 9×10=90. Wait, that's the same number as four-digit palindromes? Hmm.

Wait, actually, no. For three-digit numbers, the middle digit can be zero, but the first and last digits can't. So, for each A (9 choices) and each B (10 choices), it's 9×10=90. So, same number. Interesting.

But in the case of four-digit numbers, the first digit is A (1-9), the second digit is B (0-9), the third digit is also B, and the fourth digit is A. So, that's also 9×10=90.

Wait a second, so regardless of whether it's three or four digits, the number of palindromes is 9×10=90? Hmm, that seems to make sense.

But let me think, for four-digit numbers, the number is ABBA, which is two digits (A and B) that determine the entire number. So, since A has 9 options and B has 10 options, 9×10=90.

Alternatively, maybe I can think of it as the first half of the number determining the entire palindrome. For a four-digit number, the first two digits (AB) determine the last two digits (BA). So, the number of unique palindromes is equal to the number of unique first halves, which is 9×10=90.

Similarly, for a five-digit palindrome, you have ABCBA, so the first three digits determine the palindrome, with the last two being a mirror of the first two. So, the number of five-digit palindromes would be 9×10×10=900, which is option B.

But in our case, it's four digits, so it's 9×10=90, which is option D.

Wait, but let me think again because I might be confusing something with the middle digit.

In four-digit palindromes, the middle two digits don't exist. So, it's ABBA, which is only two independent digits: A and B.

Therefore, the number is entirely determined by A and B, so 9×10=90.

But just to make sure, let me think about an example. Let's say A=1, B=0: 1001. A=1, B=1: 1111. A=9, B=9: 9999. So, all these are valid, and all have four digits, no leading zero.

If I try A=1, B=2: 1221, which is still four digits. A=2, B=9: 2992, which is also four digits.

Wait, what about A=1, B=0: 1001, which is correct.

If I try A=1, B=0, that's still a four-digit number, so that's fine.

So, the only constraint is that A cannot be zero, but B can be zero, so that's why it's 9×10=90.

So, yeah, I think D) 90 is the correct answer. But wait, let me just check the answer choices again: A)2520, B)900, C)270, D)90.

So, 9×10=90 is D. So, that must be the answer.

But just to double-check, sometimes when you think about palindromes, you might think of a three-digit number, but in that case, it's ABBA, but three-digit numbers have the same structure. Wait, no, a three-digit palindrome is ABA, where A is 1-9 and B is 0-9, so 9×10=90. So, same as four-digit.

Wait, but 900 is option B, which is 9×10×10, as in the first three digits determining the palindrome. So, for four-digit numbers, it's 9×10=90.

Alternatively, if we think of four-digit palindromes, the number is ABBA, so it's determined by A and B. So, 9×10=90.

Wait, hold on, let me think, sometimes when you have four-digit numbers, people might think about the first digit, but actually, the first digit is A, not the second. So, that's why it's 9 choices for A and 10 for B. So, 90.

Alternatively, perhaps someone might think that the number is uniquely determined by the first two digits, but in this case, since it's a palindrome, the first two digits are A and B, and the last two digits are B and A. So, yes, it's determined by A and B.

Therefore, the total number is 90.

But wait, wait, another thought: for four-digit palindromes, what is the count?

Wait, the first digit is A, 1-9, second digit is B, 0-9. So, total is 9×10=90.

Same as for a five-digit palindrome, it's ABCBA, so first three digits, 9×10×10=900. So, yeah, seems consistent.

So, yes, for four-digit palindromes, it's 9×10=90, which is D.

So, I think that's the correct answer.

**Final Answer**
\boxed{D}
</think>

To find the total number of four-digit palindromes, we need to consider the structure of a four-digit palindrome. A four-digit palindrome has the form \(ABBA\), where \(A\) and \(B\) are digits. 

- The first digit \(A\) cannot be zero, so it has 9 possible choices (1-9).
- The second digit \(B\) can be any digit from 0 to 9, giving 10 possible choices.

Since the third digit is the same as the second digit and the fourth digit is the same as the first digit, the number is entirely determined by the choices of \(A\) and \(B\). Therefore, the total number of four-digit palindromes is calculated by multiplying the number of choices for \(A\) and \(B\):

\[
9 \times 10 = 90
\]

Thus, the total number of four-digit palindromes is \(\boxed{D}\)."
12,188,D,20,1.0,"Okay, so I need to find the total number of four-digit palindromes. Hmm, let me think about what a palindrome is. A palindrome is a number that reads the same forwards and backwards. For example, 1331 is a palindrome because if you reverse the digits, you still get 1331. Similarly, 1221 is also a palindrome.

Since we're dealing with four-digit numbers, the number has to be between 1000 and 9999. Also, the first digit can't be zero because it's a four-digit number. So, the first digit has to be from 1 to 9, and the last digit has to be the same as the first digit because it's a palindrome. That makes sense.

Now, a four-digit palindrome has the form ABBA, where A and B are digits. Let me break that down."," The first digit is A, the second is B, the third is also B, and the fourth is A. So, the number looks like this: A B B A.

Alright, so let's figure out how many choices we have for each of these digits. Starting with A, which is the first digit. Since it's a four-digit number, A can be any digit from 1 to 9. So, how many choices do we have for A? That's 9 options.

Next, B is the second digit. B can be any digit from 0 to 9 because it's the middle digit, and palindromes don't have any restrictions on the middle digits besides being digits themselves. So, how many choices do we have for B? That's 10 options.

So, if I multiply the number of choices for A and B, that should give me the total number of four-digit palindromes. Let me calculate that: 9 (choices for A) multiplied by 10 (choices for B) is 90.

Wait, hold on. Is that all? Let me make sure I'm not missing anything. A four-digit palindrome is determined by the first two digits, right? Because the third and fourth digits are just the mirror image of the first two. So, if I fix A and B, the entire number is determined.

Therefore, each combination of A and B gives a unique four-digit palindrome. Since A has 9 choices and B has 10 choices, the total number is 9*10=90. Hmm, so that seems right.

Looking back at the choices, option D is 90. So, that must be the answer.

Wait, but let me double-check. Sometimes when dealing with palindromes, people make a mistake with the counts. Let's think about it another way.

A four-digit palindrome has the form ABBA. So, the first digit is A, the second is B, third is B, fourth is A.

For A: 1-9, so 9 options.

For B: 0-9, so 10 options.

Total number of such numbers: 9*10 = 90.

Yes, that's consistent.

Alternatively, think about it as permutations. The first digit has 9 choices, the second digit has 10 choices (since it can be 0), and the third digit is determined by the second, and the fourth is determined by the first. So, 9*10=90.

Another way: The number of four-digit palindromes is equal to the number of choices for the first two digits, because the last two are determined. So, how many two-digit numbers are there? Well, the first digit is 1-9, and the second digit is 0-9, so 9*10=90 two-digit numbers, each of which corresponds to a unique four-digit palindrome.

So, yeah, 90 in total.

Looking back at the choices, D is 90, so I think that's the answer. I don't see any mistakes in this reasoning.

**Final Answer**
\boxed{D}
</think>

To find the total number of four-digit palindromes, we need to consider the structure of such numbers. A four-digit palindrome has the form \(ABBA\), where \(A\) and \(B\) are digits. 

- The first digit \(A\) must be from 1 to 9 (since it cannot be zero), giving 9 choices.
- The second digit \(B\) can be any digit from 0 to 9, giving 10 choices.

Each choice of \(A\) and \(B\) determines a unique four-digit palindrome. Therefore, the total number of four-digit palindromes is calculated by multiplying the number of choices for \(A\) and \(B\):

\[
9 \text{ (choices for } A\text{)} \times 10 \text{ (choices for } B\text{)} = 90
\]

Thus, the total number of four-digit palindromes is \(\boxed{D}\)."
13,212,D,20,1.0,"Okay, so I need to find the total number of four-digit palindromes. Hmm, let me think about what a palindrome is. A palindrome is a number that reads the same forwards and backwards. For example, 1331 is a palindrome because if you reverse the digits, you still get 1331. Similarly, 1221 is also a palindrome.

Since we're dealing with four-digit numbers, the number has to be between 1000 and 9999. Also, the first digit can't be zero because it's a four-digit number. So, the first digit has to be from 1 to 9, and the last digit has to be the same as the first digit because it's a palindrome. That makes sense.

Now, a four-digit palindrome has the form ABBA, where A and B are digits. Let me break that down. The first digit is A, the second is B, the third is also B, and the fourth is A again."," So, the number looks like:

- First digit: A
- Second digit: B
- Third digit: B
- Fourth digit: A

Since A can't be zero, A has to be from 1 to 9, which gives us 9 choices for A. Now, B can be any digit from 0 to 9, which gives us 10 choices for B.

Therefore, for each choice of A, there are 10 possible choices for B. So, the total number of four-digit palindromes should be 9 (choices for A) multiplied by 10 (choices for B), which is 90.

Wait, but hold on, let me make sure I didn't miss anything. Let's consider the structure again. A palindrome has the first digit equal to the last digit, and the second digit equal to the third digit. So, yes, ABBA is the structure.

Another way to think about it is that the first two digits determine the palindrome entirely because the last two digits have to mirror the first two. So, how many choices do we have for the first two digits? The first digit can be 1-9, and the second digit can be 0-9, so that's 9 * 10 = 90 choices for the first two digits. Each of these choices uniquely determines a palindrome because the last two digits are set by the first two.

Therefore, the total number of four-digit palindromes is 90.

Looking at the options, D) 90 is one of them. So, I think that's the answer.

But just to double-check, let me think of a few examples. For A=1 and B=0, the palindrome is 1001. For A=2 and B=5, it's 2552. For A=9 and B=9, it's 9999. Each of these is a valid four-digit palindrome. Also, the total number of choices is indeed 90 because 9 options for A times 10 options for B.

Hmm, I don't see any issues here. So, I'm confident that the answer is 90.

**Final Answer**
\boxed{D}
</think>

To find the total number of four-digit palindromes, we need to consider the structure of a four-digit palindrome, which is of the form ABBA, where A and B are digits. 

- The first digit (A) cannot be zero and must be from 1 to 9, giving 9 choices.
- The second digit (B) can be any digit from 0 to 9, giving 10 choices.

Each choice of A and B uniquely determines the palindrome. Therefore, the total number of four-digit palindromes is calculated by multiplying the number of choices for A and B:

\[
9 \text{ (choices for A)} \times 10 \text{ (choices for B)} = 90
\]

Thus, the total number of four-digit palindromes is \(\boxed{D}\)."
14,223,D,20,1.0,"Okay, so I need to find the total number of four-digit palindromes. Hmm, let me think about what a palindrome is. A palindrome is a number that reads the same forwards and backwards. For example, 1331 is a palindrome because if you reverse the digits, you still get 1331. Similarly, 1221 is also a palindrome.

Since we're dealing with four-digit numbers, the number has to be between 1000 and 9999. Also, the first digit can't be zero because it's a four-digit number. So, the first digit has to be from 1 to 9, and the last digit has to be the same as the first digit because it's a palindrome. That makes sense.

Now, a four-digit palindrome has the form ABBA, where A and B are digits. Let me break that down. The first digit is A, the second is B, the third is also B, and the fourth is A again. So, the number looks like A B B A.

","Let me write that more formally. If I have a four-digit palindrome, it can be expressed as 1000*A + 100*B + 10*B + A. Simplifying that, it becomes 1001*A + 110*B. Hmm, interesting. So, if I can figure out how many choices there are for A and B, I can find the total number of four-digit palindromes.

Starting with the first digit, A. Since it's a four-digit number, A can't be zero, so A has to be from 1 to 9. That gives me 9 possible choices for A.

Next, the second digit, B. Since it's the second digit, it can be any digit from 0 to 9, right? Because the second digit can be zero. So, B has 10 possible choices.

Wait a second, let me make sure. If I have a number like 1001, it's a palindrome. So, first digit is 1, second is 0, third is 0, fourth is 1. That works. Similarly, 1221 is also a palindrome. So, yes, regardless of what B is, it can be 0 to 9.

Therefore, for each choice of A (1-9), I can pair it with any choice of B (0-9), and each combination will give me a unique four-digit palindrome. So, the total number of four-digit palindromes should be 9 (choices for A) multiplied by 10 (choices for B), which is 9*10 = 90.

Wait, but hold on. Let me make sure I'm not missing anything here. Is there a possibility that some of these combinations might result in numbers that aren't four-digit numbers? For example, if A is 1 and B is 9, the number is 1991, which is four digits. If A is 9 and B is 9, the number is 9999, which is still four digits. What if B is zero? The number is A00A, which is four digits as well. So, yeah, all these combinations should result in four-digit numbers.

So, if I calculate 9 choices for A and 10 choices for B, that gives me 9*10=90. Therefore, the total number of four-digit palindromes is 90.

Looking back at the choices, option D is 90, so that must be the answer. But wait, let me think again to make sure I didn't overlook anything.

Another way to think about it is that for four-digit palindromes, the first two digits determine the last two digits. So, the first digit can be 1-9, and the second digit can be 0-9. Once you choose those, the last two digits have to mirror the first two. So, for each first digit, there are 10 possibilities for the second digit, hence 9*10=90 four-digit palindromes. That seems consistent.

Let me also verify with an example. Let's take A=1. Then B can be 0-9, so numbers would be 1001, 1111, 1221, ..., 1991. That's 10 numbers. Similarly, for A=2, numbers are 2002, 2112, ..., 2992. Again, 10 numbers. So, for each A, 10 numbers. Since A can be 1-9, 9*10=90. That solidifies the answer.

I think I'm confident that 90 is the correct answer here. So, the total number of four-digit palindromes is 90. Looking at the options, that's D.

**Final Answer**
\boxed{D}
</think>

To find the total number of four-digit palindromes, we need to consider the structure of a four-digit palindrome, which is of the form ABBA, where A and B are digits. 

1. The first digit (A) must be from 1 to 9 (since it cannot be zero), giving us 9 choices.
2. The second digit (B) can be any digit from 0 to 9, giving us 10 choices.

Each combination of A and B results in a unique four-digit palindrome. Therefore, the total number of four-digit palindromes is calculated by multiplying the number of choices for A and B:

\[
9 \times 10 = 90
\]

Thus, the total number of four-digit palindromes is \(\boxed{D}\)."
15,236,D,20,1.0,"Okay, so I need to find the total number of four-digit palindromes. Hmm, let me think about what a palindrome is. A palindrome is a number that reads the same forwards and backwards. For example, 1331 is a palindrome because if you reverse the digits, you still get 1331. Similarly, 1221 is also a palindrome.

Since we're dealing with four-digit numbers, the number has to be between 1000 and 9999. Also, the first digit can't be zero because it's a four-digit number. So, the first digit has to be from 1 to 9, and the last digit has to be the same as the first digit because it's a palindrome. That makes sense.

Now, a four-digit palindrome has the form ABBA, where A and B are digits. Let me break that down. The first digit is A, the second is B, the third is also B, and the fourth is A again. So, the number looks like A B B A.

Let me think about how many choices I have for each digit."," Since the first digit, A, can't be zero, it has to be from 1 to 9. So, that's 9 choices for A.

Now, the middle digits are B and B. Since B is just a digit, it can be from 0 to 9. So, 10 choices for B.

Wait, so for each choice of A, we can have any choice of B. Since the last two digits are determined by the first two, because it's a palindrome. So, the number of four-digit palindromes is equal to the number of choices for A multiplied by the number of choices for B.

So, if A has 9 choices and B has 10 choices, then the total number of four-digit palindromes should be 9 multiplied by 10. Let me calculate that: 9 * 10 = 90.

Hmm, so is it 90? Let me check that again. So, first digit A: 1-9 (9 choices). Second digit B: 0-9 (10 choices). Third digit is same as second, so doesn't add a choice. Fourth digit same as first, so doesn't add a choice. So, yeah, 9 * 10 = 90. That seems right.

Wait, but the answer choices include 90 as option D. Let me just make sure I didn't make a mistake. Maybe I should think of it another way.

Another way to think about it is, for a four-digit palindrome, the first and fourth digits must be the same, and the second and third digits must be the same. So, how many four-digit numbers are palindromes?

The first digit: 9 choices.
The second digit: 10 choices.
Third digit: same as second, so no choice.
Fourth digit: same as first, no choice.

So, yes, it's 9 * 10 = 90. So, that would be 90 four-digit palindromes. So, the answer should be D) 90.

Wait, but hold on, let me make sure that I'm not overcomplicating this. Is there a chance that I could have thought of it as combinations or something else?

Wait, another thought: sometimes people consider four-digit palindromes as having the form ABBA, which is exactly what I did. So, 9 choices for A and 10 for B, 9*10=90. So, that's consistent.

Alternatively, if I were to write it out, the number of four-digit palindromes is equal to the number of such numbers where first digit is A (1-9), second is B (0-9), and the third is B, fourth is A. So, yeah, 9*10=90. So, that seems solid.

Wait, but let me also think about possible edge cases or possible miscalculations. For example, if A is 1, then B can be 0-9, giving numbers 1001, 1111, ..., 1991. Similarly, for A=9, it's 9009, 9119, ..., 9999. So, for each A, we have 10 options, which as I calculated before, makes 90.

Is there any chance that 0 could be a leading digit? But no, because the first digit is already restricted to 1-9, so 0 can't be the first digit. So, 10 choices for B are okay because 0 is allowed as the middle digits. So, 10 is correct.

Wait another thought: sometimes when counting palindromes, you can have leading zeros, but in this case, since we're dealing with four-digit numbers, leading zeros aren't allowed. So, we don't have to worry about palindromes that start with zero, because the first digit is already from 1-9.

So, yeah, I think I did it right. So, 9*10=90. So, the answer is D) 90.

**Final Answer**
\boxed{D}
</think>

To find the total number of four-digit palindromes, we need to consider the structure of a four-digit palindrome, which is of the form \(ABBA\). Here, \(A\) and \(B\) are digits, with \(A\) ranging from 1 to 9 (since the first digit cannot be zero) and \(B\) ranging from 0 to 9.

1. The first digit \(A\) has 9 choices (1-9).
2. The second digit \(B\) has 10 choices (0-9).
3. The third digit is the same as the second digit, so it doesn't add any choices.
4. The fourth digit is the same as the first digit, so it doesn't add any choices.

Thus, the total number of four-digit palindromes is calculated by multiplying the number of choices for \(A\) and \(B\):

\[
9 \times 10 = 90
\]

Therefore, the total number of four-digit palindromes is \(\boxed{D}\)."
16,244,D,20,1.0,"Okay, so I need to find the total number of four-digit palindromes. Hmm, let me think about what a palindrome is. A palindrome is a number that reads the same forwards and backwards. For example, 1331 is a palindrome because if you reverse the digits, you still get 1331. Similarly, 1221 is also a palindrome.

Since we're dealing with four-digit numbers, the number has to be between 1000 and 9999. Also, the first digit can't be zero because it's a four-digit number. So, the first digit has to be from 1 to 9, and the last digit has to be the same as the first digit because it's a palindrome. That makes sense.

Now, a four-digit palindrome has the form ABBA, where A and B are digits. Let me break that down. The first digit is A, the second is B, the third is also B, and the fourth is A again. So, the number looks like A B B A.

Let me think about how many choices I have for each digit. Starting with the first digit, A."," Since it can't be zero, A can be any digit from 1 to 9. So, that's 9 choices for A.

Next, the second digit, B. B can be any digit from 0 to 9 because there's no restriction on the middle digits. So, that's 10 choices for B.

The third digit is the same as the second digit, so we don't get any additional choices there. Similarly, the fourth digit is the same as the first digit, so no choice there either.

So, to find the total number of four-digit palindromes, I can multiply the number of choices for each digit. That would be the number of choices for A multiplied by the number of choices for B. So, 9 * 10.

Let me calculate that: 9 * 10 is 90. So, does that mean there are 90 four-digit palindromes?

Wait, let me double-check. A four-digit palindrome is determined entirely by the first two digits because the last two digits mirror the first two. So, the first two digits can be any two digits where the first is from 1-9 and the second is from 0-9. So, the total number of possibilities for the first two digits is 9 * 10 = 90. Since the last two digits are just the reverse of the first two, there's no choice there, just a reflection.

Therefore, yes, the total number of four-digit palindromes is 90. Looking back at the choices, option D is 90, so that must be the correct answer.

Wait, let me make sure I didn't make a mistake. Sometimes when I think about palindromes, I might confuse them with something else. For example, a five-digit palindrome would have the form ABCBA, so the middle digit can also vary. But in this case, it's four digits, so the middle digits are just the first two. So, yeah, as I thought, only the first two digits affect the palindrome.

Another way to think about it is to consider how the digits are mirrored. The first digit must equal the fourth, and the second must equal the third. So, for each four-digit palindrome, it's defined by the first two digits. Since the first digit can't be zero, we have 9 choices for the first digit, and 10 choices for the second digit. Multiplying them gives 90 different palindromes.

So, yeah, I think 90 is the right answer. I don't see any other factors here. Let me think if there's another way people might approach this problem. Maybe someone could consider the entire number as a sequence, but since it's a palindrome, it's determined entirely by the first half. So, for a four-digit number, the first two digits determine the entire number, with the last two being the reverse.

Alternatively, someone might think about calculating the number of palindromes with four digits by considering each position. But that would be similar to what I did before. So, I think I can be confident that 90 is the correct answer.

I just need to make sure that none of the answer choices are different. The choices are A) 2520, B) 900, C) 270, D) 90. So, 90 is an option, D. I think that's the answer.

Let me just write out a few examples to see if that makes sense. For A=1 and B=0, the palindrome is 1001. For A=1 and B=1, it's 1111. For A=1 and B=2, it's 1221. So, yeah, it seems like each combination of A and B gives a unique palindrome. Since A has 9 choices and B has 10, 9*10=90.

Another way is to think of the number of choices for the first digit and the number of choices for the second digit, and since the third and fourth digits are determined once the first two are set, it's just multiplication. So, 9*10=90.

Yes, that all makes sense. I don't think I missed anything here. The key was recognizing that a four-digit palindrome is determined by its first two digits, with the first digit ranging from 1-9 and the second from 0-9, and the last two digits being the reverse of the first two. So, no additional factors come into play beyond those choices.

Therefore, the total number of four-digit palindromes is 90, which is option D.

**Final Answer**
\boxed{D}
</think>

To find the total number of four-digit palindromes, we need to consider the structure of a four-digit palindrome, which is of the form \(ABBA\). Here, \(A\) and \(B\) are digits, with \(A\) ranging from 1 to 9 (since the first digit cannot be zero) and \(B\) ranging from 0 to 9.

1. The first digit \(A\) has 9 possible choices (1 through 9).
2. The second digit \(B\) has 10 possible choices (0 through 9).
3. The third digit is the same as the second digit, so it does not add any new choices.
4. The fourth digit is the same as the first digit, so it does not add any new choices.

Thus, the total number of four-digit palindromes is calculated by multiplying the number of choices for \(A\) and \(B\):

\[
9 \times 10 = 90
\]

Therefore, the total number of four-digit palindromes is \(\boxed{D}\)."
17,258,D,20,1.0,"Okay, so I need to find the total number of four-digit palindromes. Hmm, let me think about what a palindrome is. A palindrome is a number that reads the same forwards and backwards. For example, 1331 is a palindrome because if you reverse the digits, you still get 1331. Similarly, 1221 is also a palindrome.

Since we're dealing with four-digit numbers, the number has to be between 1000 and 9999. Also, the first digit can't be zero because it's a four-digit number. So, the first digit has to be from 1 to 9, and the last digit has to be the same as the first digit because it's a palindrome. That makes sense.

Now, a four-digit palindrome has the form ABBA, where A and B are digits. Let me break that down. The first digit is A, the second is B, the third is also B, and the fourth is A again. So, the number looks like A B B A.

Let me think about how many choices I have for each digit. Starting with the first digit, A. Since it's a four-digit number, A can't be zero."," So, A can be any digit from 1 to 9. That gives me 9 choices for A.

Next, the second digit, B. B can be any digit from 0 to 9 because it's in the middle of the palindrome. So, B has 10 choices.

The third digit is the same as the second digit, so it's also B. That doesn't add any new choices.

The fourth digit is the same as the first digit, A. Again, A was already considered, so no new choices here.

So, multiplying the number of choices for each digit should give me the total number of four-digit palindromes. That would be 9 (choices for A) multiplied by 10 (choices for B). Let me write that out: 9 * 10 = 90.

Wait, is that all? Let me make sure I didn't miss anything. So, a four-digit palindrome must have the form ABBA, with A from 1-9 and B from 0-9. Each A can pair with any B, giving 9*10 possibilities. That makes 90 four-digit palindromes.

Hmm, let me check if that makes sense. For example, if A is 1, then the possible numbers are 1001, 1111, 1221, ..., up to 1991. That's 10 numbers. Similarly, if A is 2, it's 2002, 2112, ..., 2992. That's another 10 numbers. So, for each A, we have 10 possibilities for B. Since A can be 1 through 9, that's 9*10=90.

Wait a second, let me think about the total number of four-digit numbers. From 1000 to 9999, that's 9000 numbers. So, 9000 four-digit numbers in total. Out of these, how many are palindromes? It's 90, which seems low but makes sense because the first and last digits have to match, and they can't be zero. So, 9 options for the first digit, 10 for the middle two digits, so 9*10=90.

Is that right? Let me think about another approach. The first digit has 9 options, the second digit has 10, and the third and fourth digits are determined by the first two. So, it's 9*10=90. Yeah, that seems correct.

I think that's the answer: 90 four-digit palindromes. So, looking at the choices, D) 90 is the correct one.

Wait, but hold on. Let me just recount. If the first digit is 1, then the last digit is 1. The second digit can be 0-9, so 10 numbers. Similarly, for each A from 1-9, there are 10 Bs, so 10*9=90. Yeah, that seems consistent.

Another way: The number of four-digit palindromes is equal to the number of choices for the first half of the number. Since a four-digit palindrome is determined by its first two digits, right? Because the last two digits mirror the first two.

So, the first digit can be from 1-9 (9 options), and the second digit can be from 0-9 (10 options). So, the number is 9*10=90. That's the same as before.

So, I think I'm confident that 90 is the right answer. So, the answer should be D) 90.

**Final Answer**
\boxed{D}
</think>

To find the total number of four-digit palindromes, we need to consider the structure of a four-digit palindrome, which has the form ABBA, where A and B are digits. 

1. The first digit (A) must be non-zero and can be any digit from 1 to 9, giving us 9 choices.
2. The second digit (B) can be any digit from 0 to 9, giving us 10 choices.
3. The third digit is the same as the second digit, so it does not add any new choices.
4. The fourth digit is the same as the first digit, so it does not add any new choices.

Thus, the total number of four-digit palindromes is calculated by multiplying the number of choices for A and B:
\[
9 \text{ (choices for A)} \times 10 \text{ (choices for B)} = 90
\]

Therefore, the total number of four-digit palindromes is \(\boxed{D}\)."
18,272,D,20,1.0,"Okay, so I need to find the total number of four-digit palindromes. Hmm, let me think about what a palindrome is. A palindrome is a number that reads the same forwards and backwards. For example, 1331 is a palindrome because if you reverse the digits, you still get 1331. Similarly, 1221 is also a palindrome.

Since we're dealing with four-digit numbers, the number has to be between 1000 and 9999. Also, the first digit can't be zero because it's a four-digit number. So, the first digit has to be from 1 to 9, and the last digit has to be the same as the first digit because it's a palindrome. That makes sense.

Now, a four-digit palindrome has the form ABBA, where A and B are digits. Let me break that down. The first digit is A, the second is B, the third is also B, and the fourth is A again. So, the number looks like A B B A.

Let me think about how many choices I have for each digit. Starting with the first digit, A. Since it's a four-digit number, A can't be zero. So, A can be any digit from 1 to 9."," That means there are 9 possible choices for A.

Next, the second digit, B. Since it's a palindrome, the fourth digit has to be the same as the second one. But B can be any digit from 0 to 9 because there's no restriction on the middle digits. So, B can be 0-9, which gives me 10 possible choices.

Wait, but hold on, since the number is ABBA, the third digit is also B and the fourth digit is A. So, the digits are A, B, B, A.

So, in terms of digits, the palindrome is determined by the choices for A and B. A has 9 possibilities, and B has 10 possibilities. So, to find the total number of four-digit palindromes, I think I can multiply the number of choices for A by the number of choices for B.

So, the total number should be 9 * 10.

Let me calculate that: 9 * 10 = 90.

Hmm, but wait, let me make sure I didn't make a mistake. Let's think about this another way.

If I fix A, the first digit, I have 9 choices. Then, for each A, the second digit B can be anything from 0 to 9, so 10 choices. Once B is chosen, the third digit is determined as B, and the fourth digit is determined as A. So, for each A, there are 10 possible palindromes. Since A can be 1-9, the total number is 9 * 10 = 90.

Wait, that seems too straightforward, but I think it's correct. Let me consider some examples:

- If A is 1, B can be 0-9, so numbers like 1001, 1111, 1221,..., 1991. That's 10 numbers.

- If A is 2, similarly, we get 2002, 2112, 2222, ..., 2992. Again, 10 numbers.

- This pattern continues for A from 1 to 9. Each A gives 10 palindromes, so 9 * 10 = 90.

So, that makes sense. So, the total number of four-digit palindromes is 90.

Looking at the answer choices: A) 2520, B) 900, C) 270, D) 90. So, D is 90, which should be the correct answer.

But just to double-check, let me think if there's another way to approach this problem.

Maybe using combinatorics. Since a four-digit palindrome is determined by the first two digits, because the last two are mirrors of the first two. So, the first digit has 9 choices, the second digit has 10 choices, as mentioned earlier. So, 9 * 10 is indeed 90.

Alternatively, we can think of it as choosing the first half of the number and then mirroring it. Since it's a four-digit number, the first two digits determine the last two. So, how many choices do we have for the first two digits?

The first digit can be from 1-9, so 9 choices. The second digit can be from 0-9, so 10 choices. So, again, 9 * 10 = 90.

Another way is to think about how many four-digit palindromes there are with each possible length. For four-digit numbers, the first two digits determine the last two, so the total number is 9 * 10 = 90.

Is there any chance I might have missed something? For example, does the palindrome have to have an even number of digits? Well, four is even, but sometimes in problems, palindromes can have odd lengths, but in this case, it's explicitly four digits.

Wait, what about if I consider the number as two pairs of digits: AB and BA. Since the first and last are the same, the second and third are the same. So, each pair is independent. The first pair is AB, and the second pair is BA. Therefore, for each choice of A and B, we get a unique palindrome.

So, yeah, the same calculation applies. 9 choices for A, 10 for B, total 90.

I think I'm confident now that 90 is the correct answer. So, the answer is D) 90.

**Final Answer**
\boxed{D}
</think>

To find the total number of four-digit palindromes, we need to consider the structure of a four-digit palindrome, which is of the form \(ABBA\). Here, \(A\) is the first digit and must be non-zero (ranging from 1 to 9), while \(B\) is the second digit and can be any digit from 0 to 9.

1. The first digit \(A\) has 9 possible choices (1-9).
2. The second digit \(B\) has 10 possible choices (0-9).

Each choice of \(A\) and \(B\) uniquely determines a four-digit palindrome. Therefore, the total number of four-digit palindromes is calculated by multiplying the number of choices for \(A\) and \(B\):

\[
9 \times 10 = 90
\]

Thus, the total number of four-digit palindromes is \(\boxed{D}\)."
19,282,D,20,1.0,"Okay, so I need to find the total number of four-digit palindromes. Hmm, let me think about what a palindrome is. A palindrome is a number that reads the same forwards and backwards. For example, 1331 is a palindrome because if you reverse the digits, you still get 1331. Similarly, 1221 is also a palindrome.

Since we're dealing with four-digit numbers, the number has to be between 1000 and 9999. Also, the first digit can't be zero because it's a four-digit number. So, the first digit has to be from 1 to 9, and the last digit has to be the same as the first digit because it's a palindrome. That makes sense.

Now, a four-digit palindrome has the form ABBA, where A and B are digits. Let me break that down. The first digit is A, the second is B, the third is also B, and the fourth is A again. So, the number looks like A B B A.

Let me think about how many choices I have for each digit. Starting with the first digit, A. Since it's a four-digit number, A can't be zero. So, A can be any digit from 1 to 9. That gives me 9 possible choices for A.

","Next, the second digit, B. Since it's a palindrome, the third digit has to be the same as B. Now, the second digit can be any digit from 0 to 9 because there's no restriction on it. So, B can be 0 to 9, which gives me 10 possible choices for B.

Since the third digit is the same as the second digit, B, and the fourth digit is the same as the first digit, which is A, I don't have any additional choices there. So, the number of palindromes is determined by the number of choices for A and B.

Therefore, the total number of four-digit palindromes is the product of the number of choices for A and B. That would be 9 choices for A multiplied by 10 choices for B.

Calculating that, 9 * 10 = 90. So, there are 90 four-digit palindromes.

Let me double-check this. If I fix A, which has 9 options, and then B, which has 10 options, then for each choice of A, there are 10 possible Bs, leading to 90 different numbers. Yes, this seems right.

Wait, let me think about whether there's another way to approach this. Maybe considering the structure of a four-digit palindrome as two mirrored halves. The first half is AB, and the second half has to mirror them, so BA. So, how many two-digit numbers AB are there? Since A can be from 1-9 and B from 0-9, that's 9*10=90. Each of these AB combinations corresponds to a unique four-digit palindrome ABBA. So, that confirms it again.

Alternatively, if I were to think about it as positions, the first digit is A, which has 9 options, and the second digit is B, which has 10 options, then the last two digits are determined by B and A, respectively. So, indeed, it's 9*10=90.

Is there any chance I missed something? Let me think. The first digit is A (1-9), second is B (0-9), third is B (same as second), fourth is A (same as first). So, no, I think that's correct.

Wait, let's take an example. If A is 1, then the number is 1B B1. So, for B=0, it's 1001, which is a palindrome. For B=1, it's 1111, and so on. Similarly, for A=9, we have 9B B9. So, each A from 1-9, with each B from 0-9, gives a unique palindrome. So, 9*10=90.

Therefore, I'm confident that the total number is 90. Checking the answer choices: D) 90 is one of them, so that must be the answer.

**Final Answer**
\boxed{D}
</think>

To find the total number of four-digit palindromes, we need to consider the structure of a four-digit palindrome, which is of the form ABBA, where A and B are digits. 

1. The first digit (A) cannot be zero, so it can be any digit from 1 to 9, giving 9 possible choices.
2. The second digit (B) can be any digit from 0 to 9, giving 10 possible choices.

Since the third digit is the same as the second digit (B) and the fourth digit is the same as the first digit (A), the number of four-digit palindromes is determined by the product of the number of choices for A and B.

Thus, the total number of four-digit palindromes is calculated as:
\[ 9 \text{ (choices for A)} \times 10 \text{ (choices for B)} = 90 \]

Therefore, the total number of four-digit palindromes is \(\boxed{D}\)."
20,290,D,20,1.0,"Okay, so I need to find the total number of four-digit palindromes. Hmm, let me think about what a palindrome is. A palindrome is a number that reads the same forwards and backwards. For example, 1331 is a palindrome because if you reverse the digits, you still get 1331. Similarly, 1221 is also a palindrome.

Since we're dealing with four-digit numbers, the number has to be between 1000 and 9999. Also, the first digit can't be zero because it's a four-digit number. So, the first digit has to be from 1 to 9, and the last digit has to be the same as the first digit because it's a palindrome. That makes sense.

Now, a four-digit palindrome has the form ABBA, where A and B are digits. Let me break that down. The first digit is A, the second is B, the third is also B, and the fourth is A again. So, the number looks like A B B A.

Let me think about how many choices I have for each digit. Starting with the first digit, A. Since it's a four-digit number, A can't be zero. So, A can be any digit from 1 to 9. That gives me 9 possible choices for A.

Next, the second digit, B."," Since B is just the middle digit, it can be any digit from 0 to 9. That’s 10 possible choices for B.

Now, once I've chosen A and B, the third digit is determined because it has to be equal to the second digit, B. Similarly, the fourth digit is equal to the first digit, A. So, once A and B are chosen, the entire number is determined.

Therefore, for each choice of A (which has 9 options), I can pair it with each choice of B (which has 10 options), resulting in 9 times 10 different palindromes.

Let me write that out mathematically. The number of four-digit palindromes is equal to the number of choices for A multiplied by the number of choices for B, which is 9 * 10. Let me compute that: 9 * 10 = 90.

Wait, that seems low. Is there any restriction I'm missing? Hmm, no. Because once A and B are chosen, the rest of the digits are determined, so each combination gives a unique four-digit palindrome. Also, zero can't be the first digit, but since A is already chosen from 1 to 9, that's taken care of.

Let me test this logic with a small example. Let's say A is 1 and B is 0. Then the palindrome would be 1001. That's a valid four-digit number. If A is 9 and B is 9, then the palindrome is 9999, which is also valid. So, each combination of A and B gives a unique palindrome without any issues.

If I consider A = 1 and B = 2, the palindrome is 1221. If I change B to 3, it's 1331. So, as B increases, the middle digits increase, but the number still remains a palindrome.

Another example: Let A be 5 and B be 4, so the palindrome is 5445. That works too. So, each choice of A and B gives a unique four-digit palindrome, and since all B are allowed, from 0 to 9, and A is from 1 to 9, it seems correct.

So, 9 options for A and 10 options for B, leading to 90 total palindromes.

But wait, let me think again. Is it possible that some choices of A and B might lead to the same number? For example, suppose I have A = 1 and B = 0, giving 1001. If I have A = 1 and B = 1, that would be 1111, which is different. Similarly, A=1, B=2 gives 1221, which is different from A=1, B=0. So, no overlaps there.

What about A=1, B=9? That's 1991. Since B=9 is allowed, that's another palindrome. So, each A and B combination is unique.

Therefore, I think my reasoning is correct. The total number is 90.

Looking back at the choices given: A) 2520, B) 900, C) 270, D) 90.

Since my calculation leads to 90, which is option D.

But just to double-check, another way to think about this is that a four-digit palindrome is determined by the first two digits. Since the last two digits are just the reverse of the first two, the number of four-digit palindromes is equal to the number of possible first two digits.

The first digit can be 1-9, so 9 options. The second digit can be 0-9, so 10 options. So, total combinations: 9 * 10 = 90. Yep, that's another way to see it.

Alternatively, if I think about the positions: the first digit has 9 choices, the second digit has 10, and the third and fourth digits are determined by the first two, so they don't add any more choices.

So, 9 * 10 = 90. Definitely, that's the answer.

I think I'm confident with this answer, so I'll go with D) 90.

**Final Answer**
\boxed{D}
</think>

To find the total number of four-digit palindromes, we need to consider the structure of a four-digit palindrome, which is of the form ABBA. Here, A and B are digits, with A being the first and fourth digits, and B being the second and third digits.

1. The first digit (A) cannot be zero, so it has 9 possible choices (1 to 9).
2. The second digit (B) can be any digit from 0 to 9, giving 10 possible choices.

Since the third digit is determined by the second digit (B) and the fourth digit is determined by the first digit (A), each combination of A and B results in a unique four-digit palindrome. Therefore, the total number of four-digit palindromes is calculated by multiplying the number of choices for A and B:

\[
9 \times 10 = 90
\]

Thus, the total number of four-digit palindromes is \(\boxed{D}\)."
21,310,D,20,1.0,"Okay, so I need to find the total number of four-digit palindromes. Hmm, let me think about what a palindrome is. A palindrome is a number that reads the same forwards and backwards. For example, 1331 is a palindrome because if you reverse the digits, you still get 1331. Similarly, 1221 is also a palindrome.

Since we're dealing with four-digit numbers, the number has to be between 1000 and 9999. Also, the first digit can't be zero because it's a four-digit number. So, the first digit has to be from 1 to 9, and the last digit has to be the same as the first digit because it's a palindrome. That makes sense.

Now, a four-digit palindrome has the form ABBA, where A and B are digits. Let me break that down. The first digit is A, the second is B, the third is also B, and the fourth is A again. So, the number looks like A B B A.

Let me think about how many choices I have for each digit. Starting with the first digit, A. Since it's a four-digit number, A can't be zero. So, A can be any digit from 1 to 9. That gives me 9 possible choices for A.

Next, the second digit, B. Since it's a four-digit number, B can be any digit from 0 to 9."," So, that's 10 possible choices for B.

Wait a second, the third digit is also B, which is the same as the second digit, and the fourth digit is A again. So, once I choose A and B, the middle two digits are determined. That means the number is fully determined by the choices of A and B.

Therefore, the total number of four-digit palindromes would be the number of choices for A multiplied by the number of choices for B. That is, 9 * 10.

Let me do the math: 9 multiplied by 10 is 90. So, that suggests there are 90 four-digit palindromes.

Wait, but let me verify that. Is that correct? So, each palindrome is uniquely determined by the first two digits, with the last two being the same as the first two in reverse. So, for each combination of A and B, we get exactly one four-digit palindrome.

Therefore, the total number should be 9 * 10, which is 90.

Looking back at the options, D) 90 is one of them. So, is that the answer? Hmm, let me make sure I didn't make a mistake.

Let me consider a smaller case. If I have two-digit palindromes, for example, they would be of the form AA, where A is from 1 to 9. So, that's 9 two-digit palindromes: 11, 22, ..., 99. Similarly, three-digit palindromes are of the form ABA, where A is 1-9 and B is 0-9, so 9*10=90. Wait, so in the three-digit case, it's 90, but in the four-digit case, it's also 90?

Wait, hold on, in the two-digit case, it's 9, and in the three-digit case, it's 90. So, the number is 9 * 10^(n-1 - 1), or something like that? Wait, no, for two-digit, it's 9*10^(2-2) = 9*1=9. For three-digit, it's 9*10^(3-2)=9*10=90. So, for four-digit, it's 9*10^(4-2)=9*100=900. But wait, that would be 900 four-digit palindromes. But earlier I thought it was 90.

Wait, that conflicts with my previous conclusion. So, I need to clarify this.

Let me look at four-digit palindromes. They are of the form ABBA, where A is 1-9 and B is 0-9. So, the number of choices for A is 9, and the number of choices for B is 10. So, the total number is 9*10=90.

Wait, but in my two-digit case, it's AA, so it's A, which is 1-9, so 9 numbers. In three-digit case, it's ABA, so A can be 1-9, B can be 0-9, so it's 9*10=90.

In four-digit case, it's ABBA, so A can be 1-9, B can be 0-9, so it's 9*10=90.

Wait, so why for two-digit palindromes it's 9, for three-digit it's 90, four-digit is 90 as well? Is that correct?

Wait, let me think. For two-digit palindromes, ABBA would be two digits, but since it's a palindrome, the first digit is the same as the last digit, so it's just AA. So, for two-digit palindromes, it's 9 options (11,22,...,99). So, 9.

For three-digit palindromes, ABBA would be A followed by B followed by A, so it's ABA. So, the first digit A is 1-9, the middle digit B is 0-9, and the last digit is A again. So, 9*10=90.

Similarly, four-digit palindromes are of the form ABBA, so first digit A=1-9, second digit B=0-9, third digit B, and fourth digit A. So, again, 9*10=90.

Wait, so that seems like both three-digit and four-digit palindromes have 90. But when I think of the number of four-digit palindromes, shouldn't it be more? Because four-digit numbers have more possibilities for the middle digits.

Wait, but in the four-digit palindrome, the middle two digits are the same, so they don't add any new degrees of freedom. So, the number of four-digit palindromes is equal to the number of choices for A and B, which is 9*10=90.

But in the two-digit case, it's 9, and three-digit is 90, four-digit is 90. So, that's the pattern. So, the formula for n-digit palindromes is 9*10^(floor((n-1)/2)). Let me check.

For n=2: 9*10^(1-1)=9*1=9, correct.

For n=3: 9*10^(2-1)=9*10=90, correct.

For n=4: 9*10^(3-1)=9*100=900, but wait, that contradicts my earlier conclusion.

Wait, that's a problem because when I thought of four-digit palindromes, I thought it was 90, but according to that formula, it's 900.

Wait, no, hold on, n=4: floor((4-1)/2)=1, so 9*10^1=90.

Wait, no, hold on. Wait, is the formula 9*10^{(n-1)/2} when n is odd, but for even n, it's 9*10^{(n/2)-1}.

Wait, perhaps I messed up.

Let me recall that a palindrome is defined by its first half. For a number with even number of digits, the first half determines the second half. For a number with an odd number of digits, the first half plus the middle digit determine the rest.

So, for four-digit numbers, which have two pairs of digits, the first two digits determine the last two. Wait, not necessarily. Wait, for a four-digit number, the first two digits are followed by the reverse of the first two.

Wait, hold on, a four-digit palindrome is determined by the first two digits. Because the last two digits are the reverse of the first two.

So, for example, if the first two digits are AB, then the last two digits are BA. So, ABBA.

Therefore, the number of four-digit palindromes is equal to the number of choices for the first two digits, which is 9 choices for the first digit (1-9) and 10 choices for the second digit (0-9). So, 9*10=90.

But for three-digit palindromes, they are determined by the first two digits, the first and the middle digit, and the last digit is the same as the first, so it's ABA. So, the first two digits determine the number. So, the first digit has 9 choices, the second digit has 10 choices, so 9*10=90.

Wait, but earlier I thought of three-digit palindromes as 90. So, maybe in four-digit case, the number is 90, same as three-digit?

But that seems counterintuitive because in four-digit numbers, we have more possibilities for digits in the hundreds and tens places, but they are mirrored.

Wait, perhaps the confusion is arising because both two-digit and four-digit palindromes have the same number of palindromes. Is that correct?

Wait, let's list some four-digit palindromes.

1221, 1331, 1441,..., 1991.

Similarly, 1001, 1111, 1221,..., 1991.

So, that's 9*10=90 four-digit palindromes, same as three-digit.

So, both three-digit and four-digit palindromes have 90 palindromes each.

Wait, but that seems a bit strange. So, perhaps the formula is different.

Wait, but let me think again.

Wait, for two-digit palindromes: AB must equal BA, so A=B. So, both digits are same. So, 9 numbers.

For three-digit palindromes: ABA, which is A=first digit, B=second digit, A=third digit. So, A can be 1-9, B can be 0-9, so 9*10=90.

For four-digit palindromes: ABBA, which is A=first digit, B=second digit, B=third digit, A=fourth digit. So, A=1-9, B=0-9, so 9*10=90.

Wait, but then is the formula for n-digit palindromes as 9*10^{floor((n-1)/2)}.

So, for n=2: 9*10^{0}=9

n=3: 9*10^{1}=90

n=4: 9*10^{1}=90

n=5: 9*10^{2}=900

n=6: 9*10^{2}=900

So, this seems consistent.

So, for four-digit numbers, the number is 9*10^{1}=90.

So, that makes sense.

Therefore, the total number of four-digit palindromes is 90, which is option D.

Wait, but earlier I thought of four-digit palindromes as being 90, same as three-digit, which seems a bit confusing. But upon careful consideration, it's because both three-digit and four-digit palindromes for n=3 and n=4 have 90 each.

But in the problem, it's specifically four-digit numbers, so n=4, so 90 is the answer.

Alternatively, perhaps the formula is different.

Wait, I just need to confirm.

I think I should think of it as the first half of the number determines the entire number. So, for a four-digit number, the first two digits determine the last two. So, the number of such palindromes is equal to the number of choices for the first two digits.

First digit: 1-9 (9 choices)

Second digit: 0-9 (10 choices)

So, total of 9*10=90.

Yes, that makes sense.

Alternatively, in programming terms, for a four-digit palindrome, it's a string of length 4 that reads the same forwards and backwards. So, the first digit equals the fourth, and the second digit equals the third.

So, for each choice of first two digits, the last two digits are determined. Thus, 9*10=90 four-digit palindromes.

So, that's consistent.

Therefore, I think D) 90 is the correct answer.

But wait, just to be thorough, let me take a few examples and verify.

Take A=1, B=0: 1001. Palindrome.

A=1, B=1: 1111. Palindrome.

A=9, B=9: 9999. Palindrome.

A=2, B=5: 2552. Palindrome.

Yes, that seems to work.

Therefore, I'm confident that the number is 90. So, the answer is D) 90.

**Final Answer**
\boxed{D}
</think>

To find the total number of four-digit palindromes, we need to consider the structure of a four-digit palindrome. A four-digit palindrome has the form \(ABBA\), where \(A\) and \(B\) are digits. 

- The first digit \(A\) cannot be zero, so \(A\) has 9 possible choices (1 through 9).
- The second digit \(B\) can be any digit from 0 to 9, giving 10 possible choices.

Thus, the number of four-digit palindromes is determined by the number of choices for \(A\) and \(B\). The total number is the product of the number of choices for each digit:

\[
9 \text{ (choices for } A) \times 10 \text{ (choices for } B) = 90
\]

Therefore, the total number of four-digit palindromes is \(\boxed{D}\)."
22,322,D,20,1.0,"Okay, so I need to find the total number of four-digit palindromes. Hmm, let me think about what a palindrome is. A palindrome is a number that reads the same forwards and backwards. For example, 1331 is a palindrome because if you reverse the digits, you still get 1331. Similarly, 1221 is also a palindrome.

Since we're dealing with four-digit numbers, the number has to be between 1000 and 9999. Also, the first digit can't be zero because it's a four-digit number. So, the first digit has to be from 1 to 9, and the last digit has to be the same as the first digit because it's a palindrome. That makes sense.

Now, a four-digit palindrome has the form ABBA, where A and B are digits. Let me break that down. The first digit is A, the second is B, the third is also B, and the fourth is A again. So, the number looks like A B B A.

Let me think about how many choices I have for each digit. Starting with the first digit, A. Since it's a four-digit number, A can't be zero. So, A can be any digit from 1 to 9. That gives me 9 possible choices for A.

Next, the second digit, B. Since it's a four-digit number, B can be any digit from 0 to 9. So, that's 10 possible choices for B.

","Then, the third digit is also B, so no choice there—it's determined by the second digit.

Lastly, the fourth digit is A again, so it's determined by the first digit.

Therefore, to find the total number of four-digit palindromes, I can multiply the number of choices for each digit. That would be 9 (choices for A) multiplied by 10 (choices for B), which is 9 x 10.

Let me compute that: 9 x 10 is 90. So, does that mean there are 90 four-digit palindromes?

Wait, hold on. Let me verify that. If I think about how a four-digit palindrome is structured, it's actually made up of two parts: the first two digits and the last two digits. Since the last two digits are just the reverse of the first two, the number is determined by the first two digits.

The first digit can be 1-9, so 9 choices, and the second digit can be 0-9, so 10 choices. So, that's 9 x 10 = 90, which matches the earlier calculation. That makes sense.

Let me consider a specific example to make sure I'm not making a mistake. Let's take A=1 and B=0. That would give the palindrome 1001. Another example: A=5 and B=3 gives 5335. If I reverse 5335, I get 5335, so it's a palindrome. That's correct.

Another test: A=9 and B=9 gives 9999, which is a palindrome. If I try A=2 and B=5, I get 2552. Reversing that gives 2552, so that's correct.

Wait, another thought: Could the middle two digits be anything else? No, because it's a palindrome, so the second digit determines the third, and the third determines the second. So, the middle digits are fixed once we choose A and B.

Therefore, I think my initial reasoning is correct. There are 9 choices for the first digit and 10 choices for the second digit, so 9 x 10 = 90 four-digit palindromes.

Looking back at the choices, option D is 90, which would be the correct answer.

But hold on, let me check another way. How about counting the number of four-digit palindromes by considering the number of possibilities for the first half of the number? Since a palindrome is symmetric, the first half determines the entire number.

A four-digit number has two halves: the first two digits and the last two digits. But since it's a palindrome, the last two digits are the reverse of the first two. So, actually, the first half is just the first two digits, and the palindrome is formed by mirroring them.

But wait, in a four-digit number, the first half is two digits. So, how many possibilities are there for the first half? The first digit has 9 choices (1-9), and the second digit has 10 choices (0-9). So, that's 9 x 10 = 90. Therefore, the number of four-digit palindromes is 90.

Oh, so that's another way to look at it. The first half of the number dictates the whole palindrome. So, 9 choices for the first digit and 10 for the second, so 90. That strengthens my confidence in the answer.

Is there any chance I could have made a mistake with the number of choices? Let me see. For the first digit, 1-9: that's 9 numbers. For the second digit, 0-9: that's 10 numbers. Then the third digit is determined by the second, and the fourth by the first. So, the number of unique palindromes is indeed 9 x 10 = 90.

So, the answer is D) 90.

**Final Answer**
\boxed{D}
</think>

To find the total number of four-digit palindromes, we need to consider the structure of a palindrome, which reads the same forwards and backwards. A four-digit palindrome has the form \(ABBA\), where \(A\) and \(B\) are digits. 

1. The first digit \(A\) (the thousands place) must be between 1 and 9 (since it cannot be zero). This gives us 9 choices.
2. The second digit \(B\) (the hundreds place) can be any digit from 0 to 9. This gives us 10 choices.
3. The third digit is the same as the second digit \(B\).
4. The fourth digit is the same as the first digit \(A\).

Therefore, the total number of four-digit palindromes is the product of the number of choices for \(A\) and \(B\):

\[
9 \text{ (choices for } A) \times 10 \text{ (choices for } B) = 90
\]

Thus, the total number of four-digit palindromes is \(\boxed{D}\)."
23,347,D,20,1.0,"Okay, so I need to find the total number of four-digit palindromes. Hmm, let me think about what a palindrome is. A palindrome is a number that reads the same forwards and backwards. For example, 1331 is a palindrome because if you reverse the digits, you still get 1331. Similarly, 1221 is also a palindrome.

Since we're dealing with four-digit numbers, the number has to be between 1000 and 9999. Also, the first digit can't be zero because it's a four-digit number. So, the first digit has to be from 1 to 9, and the last digit has to be the same as the first digit because it's a palindrome. That makes sense.

Now, a four-digit palindrome has the form ABBA, where A and B are digits. Let me break that down. The first digit is A, the second is B, the third is also B, and the fourth is A again. So, the number looks like A B B A.

Let me think about how many choices I have for each digit. Starting with the first digit, A. Since it's a four-digit number, A can't be zero. So, A can be any digit from 1 to 9. That gives me 9 possible choices for A.

Next, the second digit, B. Since it's a four-digit number, B can be any digit from 0 to 9. So, that's 10 possible choices for B.

The third digit is the same as the second digit, B, so once I choose B, the third digit is determined."," Similarly, the fourth digit is the same as the first digit, A. So, it's determined once A is chosen.

Therefore, the total number of four-digit palindromes is the number of choices for A multiplied by the number of choices for B. So, that would be 9 (for A) multiplied by 10 (for B). Let me calculate that: 9 * 10 = 90.

Wait, but let me double-check. So, for example, if A is 1, then the possible numbers are 1001, 1111, 1221, ..., up to 1991. That's 10 numbers for A=1. Similarly, for A=2, we have 2002, 2112, 2222, ..., 2992, which is another 10 numbers. This pattern continues up to A=9. So, 10 numbers for each A, and there are 9 different As. So, 9*10=90.

But hold on, let me think about whether that accounts for all possibilities. Is there any restriction I'm missing? For example, does the number need to have exactly four digits, or can it be any length as long as it's a palindrome? But no, the question specifically asks for four-digit palindromes, so we're only considering numbers from 1000 to 9999.

Another thought: are there any constraints on the digits beyond them being 0-9? For example, when A is 9, the number is 9999, which is fine, right? Or when A is 1, it's 1001, which is also fine. So, all these numbers are valid four-digit numbers. So, I think the calculation stands.

Wait, but earlier I thought of ABBA as the form, which is 4 digits, but sometimes people might think of a palindrome as more digits, but here it's four digits, so ABBA is the correct form.

So, since A can be from 1-9 and B can be from 0-9, the total number should be 9*10=90.

Wait, but let me think again. Is this the right way to calculate it? Maybe I should consider each position.

In a four-digit number, the first digit is A, the second is B, the third is B, and the fourth is A. So, positions 1 and 4 must be the same, and positions 2 and 3 must be the same. That's exactly what a palindrome is.

So, since the first digit can't be zero, A has 9 choices. The second digit can be zero, so B has 10 choices. Then, the third digit is determined by B, and the fourth digit is determined by A. So, yes, the number of palindromes is 9*10=90.

Hmm, I think that's correct. So, looking at the answer choices: A) 2520, B) 900, C) 270, D) 90.

So, 90 is an option, it's D. So, I think the answer is D) 90.

Wait, just to make sure, maybe I can think of an example. Let's take A=1: numbers are 1001, 1111, 1221, ..., 1991. That's 10 numbers. Similarly, A=2: 2002, 2112, ..., 2992: 10 numbers. So, 10 for each A. A ranges from 1-9, so 9*10=90. That seems correct.

Alternatively, maybe using permutations: the first digit has 9 options, the middle two digits are determined by the second digit, which has 10 options. So, 9*10=90.

Alternatively, if I think of it as the first two digits determine the last two, so the first two digits can be from 10 to 99 (since first can't be zero, so 1-9 for the first digit, and 0-9 for the second). Wait, that might complicate, but 10 to 99 is 90 two-digit numbers. So, each of these two-digit numbers AB can form a palindrome ABBA. So, again, 90 palindromes.

So, yeah, that's another way to see it. So, the number of four-digit palindromes is 90, which is option D.

I think that makes sense.

**Final Answer**
\boxed{D}
</think>

To find the total number of four-digit palindromes, we need to consider the structure of a four-digit palindrome, which is of the form ABBA. Here, A is the first digit and the fourth digit, and B is the second digit and the third digit.

1. The first digit (A) can be any digit from 1 to 9 (since it cannot be zero). This gives us 9 possible choices.
2. The second digit (B) can be any digit from 0 to 9. This gives us 10 possible choices.

Since the third digit is the same as the second digit (B) and the fourth digit is the same as the first digit (A), the total number of four-digit palindromes is the product of the number of choices for A and B.

\[
9 \text{ (choices for A)} \times 10 \text{ (choices for B)} = 90
\]

Thus, the total number of four-digit palindromes is \(\boxed{D}\)."
24,374,D,20,1.0,"Okay, so I need to find the total number of four-digit palindromes. Hmm, let me think about what a palindrome is. A palindrome is a number that reads the same forwards and backwards. For example, 1331 is a palindrome because if you reverse the digits, you still get 1331. Similarly, 1221 is also a palindrome.

Since we're dealing with four-digit numbers, the number has to be between 1000 and 9999. Also, the first digit can't be zero because it's a four-digit number. So, the first digit has to be from 1 to 9, and the last digit has to be the same as the first digit because it's a palindrome. That makes sense.

Now, a four-digit palindrome has the form ABBA, where A and B are digits. Let me break that down. The first digit is A, the second is B, the third is also B, and the fourth is A again. So, the number looks like A B B A.

Let me think about how many choices I have for each digit. Starting with the first digit, A. Since it's a four-digit number, A can't be zero. So, A can be any digit from 1 to 9. That gives me 9 possible choices for A.

Next, the second digit, B. Since it's a four-digit number, B can be any digit from 0 to 9. So, that's 10 possible choices for B.

The third digit is the same as the second digit, B, so once I choose B, the third digit is determined. Similarly, the fourth digit is the same as the first digit, A, so once I choose A, the fourth digit is determined.

","So, the number of four-digit palindromes would be the number of choices for A multiplied by the number of choices for B. That would be 9 (choices for A) multiplied by 10 (choices for B). Let me calculate that: 9 * 10 = 90.

Wait, but hold on a second. Let me check if I considered all the constraints correctly. A four-digit palindrome is ABBA, so A can't be zero, and B can be zero. So, for A, 9 choices, and for B, 10 choices, yeah, that seems right.

So, 9 * 10 is 90. Hmm, so is it 90? But let me think again. Because sometimes with palindromes, you might have to consider cases where the first digit is one, but I don't think so here since we already considered A from 1-9.

Alternatively, maybe I can think about how many palindromic four-digit numbers there are by considering the first two digits and then mirroring them for the last two. So, the first two digits can be any two-digit number from 10 to 99, right? Because the first digit can't be zero.

How many two-digit numbers are there from 10 to 99? That's 90 numbers (from 10, 11, ..., 99). Then, each of these two-digit numbers can be mirrored to form a four-digit palindrome. So, 90 palindromic four-digit numbers. That makes sense.

So, that seems to confirm my earlier result. So, the total number of four-digit palindromes is 90.

Wait, but let me see what the choices are. The options are A) 2520, B) 900, C) 270, D) 90.

So, D) 90 is an option, and my calculation gives 90. So, that's probably the answer.

But let me just make sure I'm not making a mistake here. Sometimes, in these problems, people make the mistake of considering all possible combinations, not just the first half. For example, if someone thought about the number of palindromes as 10^4, but that's 10,000, which is way higher. But that's not a palindrome.

Wait, actually, a four-digit palindrome is a number where the first digit is the same as the fourth, and the second is the same as the third. So, to count them, we fix the first two digits, then the last two are determined. So, for the first digit, 9 choices, second digit, 10 choices, so total is 9*10=90, which lines up.

Alternatively, if someone thought that all four digits can be anything and just considers ABBA, which would be a different count. But no, in this case, the first digit is fixed by the last, and second digit is fixed by the third. So, yeah, 9*10.

Wait, another thought: sometimes in these problems, people consider leading zeros, but in this case, the number is a four-digit number, so leading zeros aren't allowed. So, the first digit can't be zero, so A must be 1-9, which we already considered.

Alternatively, if someone thought that zero can be in the middle digits, but actually, in a palindrome, if the middle digits could be zero, but in this case, since it's a four-digit number, the middle digits are the same as the first two, so they can't be zero because the first digit is already non-zero. So, no, the middle digits can't be zero because the first digit is non-zero and the number is a palindrome.

Wait, is that correct? Hmm, let me think.

Suppose the first digit is 1, then the last digit is 1. The second digit can be 0, so the third digit is 0. So, the number is 1 0 0 1, which is 1001, which is a valid four-digit palindrome. So, that's okay, the middle digits can be zero as long as the first digit isn't zero. So, yeah, the middle digits can be zero.

So, another way to count: The first digit is 1-9, so 9 choices, the second digit is 0-9, so 10 choices, so 9*10=90.

Alternatively, if someone tries to calculate the number of palindromes in a different way, say, by considering the first half of the number. A four-digit palindrome is determined by its first two digits, since the last two are a mirror image of the first two.

So, the number of possible first two digits is from 10 to 99, which is 90 numbers. So, each of these determines a unique palindrome. So, 90 is the correct count.

I think that's solid. So, I should go with D) 90.

**Final Answer**
\boxed{D}
</think>

To find the total number of four-digit palindromes, we need to consider the structure of a four-digit palindrome, which is of the form ABBA, where A and B are digits. 

1. The first digit (A) cannot be zero and must be between 1 and 9, giving us 9 choices.
2. The second digit (B) can be any digit from 0 to 9, giving us 10 choices.

Since the third digit must be the same as the second digit (B) and the fourth digit must be the same as the first digit (A), the number of choices for each digit is independent once we choose A and B.

Thus, the total number of four-digit palindromes is calculated by multiplying the number of choices for A and B:
\[
9 \text{ (choices for A)} \times 10 \text{ (choices for B)} = 90
\]

Therefore, the total number of four-digit palindromes is \(\boxed{D}\)."
25,403,D,20,1.0,"Okay, so I need to find the total number of four-digit palindromes. Hmm, let me think about what a palindrome is. A palindrome is a number that reads the same forwards and backwards. For example, 1331 is a palindrome because if you reverse the digits, you still get 1331. Similarly, 1221 is also a palindrome.

Since we're dealing with four-digit numbers, the number has to be between 1000 and 9999. Also, the first digit can't be zero because it's a four-digit number. So, the first digit has to be from 1 to 9, and the last digit has to be the same as the first digit because it's a palindrome. That makes sense.

Now, a four-digit palindrome has the form ABBA, where A and B are digits. Let me break that down. The first digit is A, the second is B, the third is also B, and the fourth is A again. So, the number looks like A B B A.

Let me think about how many choices I have for each digit. Starting with the first digit, A. Since it's a four-digit number, A can't be zero. So, A can be any digit from 1 to 9. That gives me 9 possible choices for A.

Next, the second digit, B. Since it's a four-digit number, B can be any digit from 0 to 9. So, that's 10 possible choices for B.

The third digit is the same as the second digit, B, so once I choose B, the third digit is determined. Similarly, the fourth digit is the same as the first digit, A, so once I choose A, the fourth digit is determined.

Therefore, the total number of four-digit palindromes should be the number of choices for A multiplied by the number of choices for B."," That would be 9 * 10.

Let me calculate that: 9 * 10 = 90. So, there are 90 four-digit palindromes.

Wait, hold on, is that right? Let me make sure. If I fix A and B, then the number is determined uniquely by A and B, right? So, for each A (1-9), there are 10 possible Bs (0-9), giving 9*10=90 different numbers.

Alternatively, I can think of it as for each palindrome, there are two independent choices: the first digit and the second digit. The third digit is automatically determined by the second digit, and the fourth digit is determined by the first digit. So, yeah, that gives 9 options for the first digit and 10 for the second digit, so 9*10=90.

Is there a possibility I'm missing something? Hmm, could the first digit be zero? No, because that would make it a three-digit number. So, A can't be zero. So, 9 choices for A.

What about the second digit? It can be zero, so 10 choices. Then, the third and fourth digits are just mirrors of the first and second digits. So, yes, 9*10=90.

Looking at the answer choices, that would be choice D) 90. So, I think that's the correct answer.

Wait, just to double-check, maybe I can think of a specific example. Let's say A=1. Then, B can be 0-9, so numbers like 1001, 1111, 1221, ..., 1991. That's 10 numbers. Similarly, for each A from 1-9, there are 10 numbers, so 9*10=90. That seems consistent.

Alternatively, if I think of it as positions:

- Position 1: A (1-9, 9 options)
- Position 2: B (0-9, 10 options)
- Position 3: Same as Position 2
- Position 4: Same as Position 1

So, yeah, only two independent choices, leading to 9*10=90.

I don't see any mistakes in this reasoning. So, I think 90 is the correct answer, which is option D.

**Final Answer**
\boxed{D}
</think>

To find the total number of four-digit palindromes, we note that a palindrome reads the same forwards and backwards. For a four-digit number, the form is ABBA, where A and B are digits. 

- The first digit (A) must be from 1 to 9 (9 choices).
- The second digit (B) can be any digit from 0 to 9 (10 choices).

The third digit is the same as the second digit (B), and the fourth digit is the same as the first digit (A). Therefore, the total number of four-digit palindromes is calculated by multiplying the number of choices for A and B:

\[
9 \times 10 = 90
\]

Thus, the total number of four-digit palindromes is \(\boxed{D}\)."
26,423,D,20,1.0,"Okay, so I need to find the total number of four-digit palindromes. Hmm, let me think about what a palindrome is. A palindrome is a number that reads the same forwards and backwards. For example, 1331 is a palindrome because if you reverse the digits, you still get 1331. Similarly, 1221 is also a palindrome.

Since we're dealing with four-digit numbers, the number has to be between 1000 and 9999. Also, the first digit can't be zero because it's a four-digit number. So, the first digit has to be from 1 to 9, and the last digit has to be the same as the first digit because it's a palindrome. That makes sense.

Now, a four-digit palindrome has the form ABBA, where A and B are digits. Let me break that down. The first digit is A, the second is B, the third is also B, and the fourth is A again. So, the number looks like A B B A.

Let me think about how many choices I have for each digit. Starting with the first digit, A. Since it's a four-digit number, A can't be zero. So, A can be any digit from 1 to 9. That gives me 9 possible choices for A.

Next, the second digit, B. Since it's a four-digit number, B can be any digit from 0 to 9. So, that's 10 possible choices for B.

The third digit is the same as the second digit, B, so once I choose B, the third digit is determined. Similarly, the fourth digit is the same as the first digit, A, so once I choose A, the fourth digit is determined.

Therefore, the total number of four-digit palindromes should be the number of choices for A multiplied by the number of choices for B. That would be 9 (choices for A) multiplied by 10 (choices for B)."," Let me calculate that.

9 times 10 is 90. So, does that mean there are 90 four-digit palindromes? Hmm, let me think again to make sure I haven't missed anything.

Wait, let me verify. A four-digit palindrome is determined by its first two digits, right? Because once you choose the first two digits, the last two are fixed. So, the first two digits can be anything from 10 to 99, but since it's a four-digit palindrome, the second digit also has to be the same as the first digit.

Wait, actually, that seems conflicting with my earlier thought. Let me clarify. In a four-digit palindrome, the first digit is A, the second is B, the third is B, and the fourth is A. So, the number is A B B A. So, A can be 1-9 and B can be 0-9. So, 9 choices for A and 10 choices for B, hence 9*10=90.

But wait, another way to think about it is: how many four-digit palindromes are there? It's equivalent to how many combinations of A and B there are because once A and B are chosen, the entire number is determined. So, yeah, 9*10=90.

Let me see if that makes sense with an example. For A=1, B can be 0-9, giving 10 palindromes: 1001, 1111, 1221, ..., 1991. That's 10 numbers. Similarly, for A=2, it's 2002, 2112, ..., 2992. So, each A gives 10 numbers. Since there are 9 A's (1-9), that's 9*10=90.

Wait, another thought: sometimes people think of palindromes as numbers where all digits are the same, like 1111 or 2222, which are a subset of four-digit palindromes. But actually, not all four-digit palindromes have all digits the same. For example, 1221 is also a palindrome where the first and third digits are the same, but the second and fourth are the same, but they can be different. So, my initial calculation seems right because B can be different from A.

So, to get the total number, it's the number of choices for A times the number of choices for B, which is 9*10=90. So, 90 four-digit palindromes.

Looking back at the options, A) 2520, B) 900, C) 270, D) 90. So, 90 is option D. That seems correct.

Wait a second, let me make sure. Maybe I'm missing something. Let me think about another approach. The total number of four-digit numbers is 9000 (from 1000 to 9999). But not all of these are palindromes. The number of palindromic four-digit numbers is equal to the number of choices for A times the number of choices for B. So, 9*10=90. That seems to be correct.

Alternatively, the first digit has 9 options (1-9), the last digit is determined by the first. The middle two digits must be the same, so the second digit can be 0-9, and the third digit is equal to the second digit. So, 9*10=90.

Alternatively, think of it as a number formed by the first two digits. The first two digits can be from 10 to 99, but actually, in a palindrome, the first two digits are A and B, and the last two are B and A. So, the first two digits can be any two-digit number from 10 to 99, but since the first digit can't be zero, the first two digits can be from 10 to 99 (90 numbers). But since the last two digits are determined by the first two, each choice of the first two digits determines exactly one palindrome. Therefore, the number of palindromes is 90.

Wait, hold on, 99 minus 10 is 89, but we include 10, so 90 numbers. So, 90 four-digit palindromes.

So, yeah, 90 is correct, which is option D.

Just to make sure, let's count how many palindromes exist. For each first digit from 1 to 9, there are 10 possible palindromes (one for each choice of B). So, 9*10 is 90.

Alternatively, let's think about how many palindromes there are for each position:

Position 1: must be 1-9 (9 choices)

Position 2: 0-9 (10 choices)

Positions 3 and 4: determined by positions 2 and 1, so they don't add any new choices.

So, total is 9*10=90.

Yes, so 90 is the correct answer. So, D) 90.

**Final Answer**
\boxed{D}
</think>

To find the total number of four-digit palindromes, we need to consider the structure of a four-digit palindrome, which is of the form \(ABBA\). Here, \(A\) and \(B\) are digits, with \(A\) ranging from 1 to 9 (since the first digit cannot be zero) and \(B\) ranging from 0 to 9.

1. The first digit \(A\) has 9 possible choices (1 through 9).
2. The second digit \(B\) has 10 possible choices (0 through 9).

Once \(A\) and \(B\) are chosen, the third and fourth digits are determined (\(B\) and \(A\) respectively). Therefore, the total number of four-digit palindromes is given by the product of the number of choices for \(A\) and \(B\):

\[
9 \times 10 = 90
\]

Thus, the total number of four-digit palindromes is \(\boxed{D}\)."
27,439,D,20,1.0,"Okay, so I need to find the total number of four-digit palindromes. Hmm, let me think about what a palindrome is. A palindrome is a number that reads the same forwards and backwards. For example, 1331 is a palindrome because if you reverse the digits, you still get 1331. Similarly, 1221 is also a palindrome.

Since we're dealing with four-digit numbers, the number has to be between 1000 and 9999. Also, the first digit can't be zero because it's a four-digit number. So, the first digit has to be from 1 to 9, and the last digit has to be the same as the first digit because it's a palindrome. That makes sense.

Now, a four-digit palindrome has the form ABBA, where A and B are digits. Let me break that down. The first digit is A, the second is B, the third is also B, and the fourth is A again. So, the number looks like A B B A.

Let me think about how many choices I have for each digit. Starting with the first digit, A. Since it's a four-digit number, A can't be zero. So, A can be any digit from 1 to 9. That gives me 9 possible choices for A.

Next, the second digit, B. Since it's a four-digit number, B can be any digit from 0 to 9. So, that's 10 possible choices for B.

The third digit is the same as the second digit, B, so once I choose B, the third digit is determined. Similarly, the fourth digit is the same as the first digit, A, so once I choose A, the fourth digit is determined.

Therefore, the total number of four-digit palindromes should be the number of choices for A multiplied by the number of choices for B. That would be 9 (choices for A) multiplied by 10 (choices for B). Let me calculate that: 9 * 10 = 90.

","Wait, that seems low. Let me double-check. So, for each four-digit palindrome, it's determined by the first two digits, and the last two are fixed by the first two. So, the number is determined by A and B, which gives 9*10=90. Hmm, that seems correct.

But wait, let me think about it another way. If I fix the first digit, A, and then the second digit, B, and the third digit is B, and the fourth digit is A. So, yes, it's 9*10=90. Is that right? Hmm.

Alternatively, maybe I can think about how many four-digit numbers are palindromes. The first digit can be 1-9, the second digit can be 0-9, the third digit has to match the second digit, and the fourth digit has to match the first digit. So, that's 9*10=90. So, 90 four-digit palindromes.

Looking back at the answer choices, D is 90, so that must be the answer.

Wait, but just to make sure, let me test with an example. Let's take A=1 and B=0. The palindrome would be 1001. That's a four-digit number, and it's a palindrome. Similarly, A=9 and B=9 would give 9999, also a palindrome. A=1 and B=9 gives 1991, which is a palindrome. So yes, each combination of A and B gives a unique palindrome, and there are 90 such combinations. So, the total number of four-digit palindromes is 90.

Therefore, I think the answer is D) 90.

**Final Answer**
\boxed{D}
</think>

To find the total number of four-digit palindromes, we need to consider the structure of a four-digit palindrome, which is of the form ABBA. Here, A is the first and fourth digit, and B is the second and third digit.

1. The first digit (A) can be any digit from 1 to 9 (since it cannot be zero), giving us 9 choices.
2. The second digit (B) can be any digit from 0 to 9, giving us 10 choices.

Since the third digit is the same as the second digit (B) and the fourth digit is the same as the first digit (A), the total number of four-digit palindromes is the product of the number of choices for A and B.

Thus, the total number of four-digit palindromes is calculated as:
\[ 9 \text{ (choices for A)} \times 10 \text{ (choices for B)} = 90 \]

Therefore, the total number of four-digit palindromes is \(\boxed{D}\)."
28,445,D,20,1.0,"Okay, so I need to find the total number of four-digit palindromes. Hmm, let me think about what a palindrome is. A palindrome is a number that reads the same forwards and backwards. For example, 1331 is a palindrome because if you reverse the digits, you still get 1331. Similarly, 1221 is also a palindrome.

Since we're dealing with four-digit numbers, the number has to be between 1000 and 9999. Also, the first digit can't be zero because it's a four-digit number. So, the first digit has to be from 1 to 9, and the last digit has to be the same as the first digit because it's a palindrome. That makes sense.

Now, a four-digit palindrome has the form ABBA, where A and B are digits. Let me break that down. The first digit is A, the second is B, the third is also B, and the fourth is A again. So, the number looks like A B B A.

Let me think about how many choices I have for each digit. Starting with the first digit, A. Since it's a four-digit number, A can't be zero. So, A can be any digit from 1 to 9. That gives me 9 possible choices for A.

Next, the second digit, B. Since it's a four-digit number, B can be any digit from 0 to 9. So, that's 10 possible choices for B.

The third digit is the same as the second digit, B, so once I choose B, the third digit is determined. Similarly, the fourth digit is the same as the first digit, A, so once I choose A, the fourth digit is determined.

Therefore, the total number of four-digit palindromes should be the number of choices for A multiplied by the number of choices for B. That would be 9 (choices for A) multiplied by 10 (choices for B). Let me calculate that: 9 * 10 = 90.

Wait, but hold on."," Let me double-check that. Is there a possibility that I'm missing something? For example, is there a restriction on the digits? Let me think. The number must be a palindrome, so the second and third digits have to be the same. That's already accounted for when I choose B for both the second and third digits.

Also, the first digit can't be zero, but since we're choosing A from 1 to 9, that's already satisfied. So, yeah, I think that's correct.

But let me think again. Is the structure ABBA correct? Yes, because for a four-digit palindrome, if you reverse the digits, the first digit becomes the fourth and the second becomes the third. So yes, A must equal the fourth digit and B must equal the third digit.

So, the number of four-digit palindromes is indeed 9 * 10 = 90. Hmm.

Wait a second, let me check the answer choices. The options are A) 2520, B) 900, C) 270, D) 90. So, D is 90, which is what I got. So, is that the correct answer?

But wait, sometimes in these problems, people might consider leading zeros or something else, but in this case, since it's a four-digit number, leading zeros aren't allowed. So, the first digit has to be 1-9, second and third digits can be 0-9, and the fourth digit is determined by the first digit.

So, the count should be 9*10=90, which is 90. So, D seems correct.

But just to make sure, I can think of some examples. Let me list out some four-digit palindromes.

Starting with A=1: 1001, 1111, 1221, ..., 1991. That's 10 palindromes.

Similarly, for A=2: 2002, 2112, 2222, ..., 2992. That's another 10.

Continuing this, for A=3: 3003, ..., 3993. 10 more.

And this continues up to A=9: 9009, 9119, 9229, ..., 9999. 10 more.

So, each A gives 10 possibilities, and A has 9 options, so total is 9*10=90. Okay, that makes sense.

Alternatively, maybe the problem is considering numbers where the first digit is the same as the last, but wait, in a four-digit number, the first digit is the thousands place, and the last digit is the units place. So, in a palindrome, the thousands digit must equal the units digit. But the thousands digit can't be zero. So, the units digit (first digit) is determined once you choose the thousands digit.

So, the number of four-digit palindromes is equal to the number of choices for the first digit (1-9) times the number of choices for the second digit (0-9), which is 9*10=90. So, yeah, D is 90.

Wait, but looking back at the answer choices, 90 is option D, 270 is option C, which might be if you were considering something else, like choosing digits for the first two digits, but actually, in a four-digit palindrome, it's only two independent digits: the first and the second. Wait, let me see.

If you have a four-digit palindrome, the first digit is A, the second is B, third is B, fourth is A. So, it's determined by A and B. So, 9*10=90.

Alternatively, if someone thought that the number is determined by the first two digits, but no, in a four-digit palindrome, the third digit is the same as the second, and the fourth is the same as the first, so it's actually two independent digits: A and B. So, 9*10.

Alternatively, if someone thought about the number of four-digit numbers, which is 9000 (from 1000 to 9999 inclusive). If someone incorrectly thought that the number of palindromes is 9000 / 2 = 4500, which is not one of the options, but that's not relevant here.

Alternatively, think of the first two digits. Wait, the first two digits determine the last two digits because it's a palindrome. So, how many possibilities are there for the first two digits?

The first digit can be 1-9, the second digit can be 0-9, so 9*10=90 possibilities for the first two digits. Each of these can be mirrored to form a palindrome with the last two digits. So, 90 palindromes. So, yeah, that's the same as before.

Wait, so that's another way of thinking about it, but it's the same result.

Alternatively, someone might have thought about it as choosing the first half of the number, but for a four-digit number, the first half is the first two digits, so indeed, 90.

Therefore, I think the answer is 90, which is option D.

But hold on, let me think if I made a mistake in considering that the first digit can't be zero. If someone thought that in a four-digit number, the first digit can be zero, then there would be 10*10=100 palindromes, but since first digit cannot be zero, it's 9*10=90. So, I think that's correct.

So, in conclusion, the total number of four-digit palindromes is 90, which is option D.

**Final Answer**
\boxed{D}
</think>

To find the total number of four-digit palindromes, we need to consider the structure of a four-digit palindrome, which is of the form \(ABBA\). Here, \(A\) and \(B\) are digits, and \(A\) cannot be zero because it is the first digit of a four-digit number.

1. The digit \(A\) can be any digit from 1 to 9, giving us 9 possible choices.
2. The digit \(B\) can be any digit from 0 to 9, giving us 10 possible choices.

Since the structure \(ABBA\) is determined by the choices of \(A\) and \(B\), the total number of four-digit palindromes is the product of the number of choices for \(A\) and \(B\):

\[
9 \times 10 = 90
\]

Thus, the total number of four-digit palindromes is \(\boxed{D}\)."
29,455,D,20,1.0,"Okay, so I need to find the total number of four-digit palindromes. Hmm, let me think about what a palindrome is. A palindrome is a number that reads the same forwards and backwards. For example, 1331 is a palindrome because if you reverse the digits, you still get 1331. Similarly, 1221 is also a palindrome.

Since we're dealing with four-digit numbers, the number has to be between 1000 and 9999. Also, the first digit can't be zero because it's a four-digit number. So, the first digit has to be from 1 to 9, and the last digit has to be the same as the first digit because it's a palindrome. That makes sense.

Now, a four-digit palindrome has the form ABBA, where A and B are digits. Let me break that down. The first digit is A, the second is B, the third is also B, and the fourth is A again. So, the number looks like A B B A.

Let me think about how many choices I have for each digit. Starting with the first digit, A. Since it's a four-digit number, A can't be zero. So, A can be any digit from 1 to 9. That gives me 9 possible choices for A.

Next, the second digit, B. Since it's a four-digit number, B can be any digit from 0 to 9. So, that's 10 possible choices for B.

The third digit is the same as the second digit, B, so once I choose B, the third digit is determined. Similarly, the fourth digit is the same as the first digit, A, so once I choose A, the fourth digit is determined.

Therefore, the total number of four-digit palindromes should be the number of choices for A multiplied by the number of choices for B. That would be 9 (choices for A) multiplied by 10 (choices for B). Let me calculate that: 9 * 10 = 90.

Wait, but hold on. Let me make sure I'm not missing anything."," Is there another digit that I need to consider? The four-digit palindrome has four digits, all determined by the first two digits. So, yes, A determines the first and fourth digits, and B determines the second and third digits. Therefore, the total number is indeed 9 * 10 = 90.

But let me double-check. Let's take a few examples. If A is 1 and B is 2, the number is 1221. If A is 3 and B is 5, it's 3553. That seems correct. So each combination of A and B gives a unique four-digit palindrome. 

Wait, another thought: Is the number 0000 considered a four-digit palindrome? No, because it's not a four-digit number; it's a four-digit number starting with zero, which is actually a three-digit number. So, our starting digit A can't be zero, which aligns with the initial thought.

Also, all numbers from 1001 to 9999 with the second and third digits the same, so for each A from 1 to 9, there are 10 possible Bs, which gives 90 numbers. That seems right.

Hmm, let me think if there's a different approach. Maybe using combinatorics or something else. For palindromic numbers, the first half of the number determines the entire number. For four-digit numbers, the first two digits determine the last two. So, the number of possible four-digit palindromes is the same as the number of two-digit numbers multiplied by 10? Wait, not exactly.

Wait, actually, for a four-digit palindrome, the number is determined by the first two digits, right? Because the last two digits are just the reverse of the first two. So, for example, the first two digits can be anything from 00 to 99, but the first digit can't be zero because it's a four-digit number.

So, the first digit A can be from 1 to 9, so 9 choices. The second digit B can be from 0 to 9, so 10 choices. Therefore, the number of four-digit palindromes is 9 * 10 = 90. That confirms my earlier thought.

Wait, another way to think about it: the first digit is A (1-9), then the second digit is B (0-9). The third digit must be B, the fourth digit must be A. So, it's 9 options for A and 10 options for B, leading to 90 in total. That makes sense.

So, I think I'm confident that the answer is 90, which is option D.

**Final Answer**
\boxed{D}
</think>

To find the total number of four-digit palindromes, we note that a four-digit palindrome has the form ABBA, where A and B are digits. 

1. The first digit (A) must be from 1 to 9 (since it cannot be zero), giving 9 choices.
2. The second digit (B) can be any digit from 0 to 9, giving 10 choices.

The third digit is the same as the second digit (B), and the fourth digit is the same as the first digit (A). Therefore, the total number of four-digit palindromes is the product of the number of choices for A and B:

\[
9 \times 10 = 90
\]

Thus, the total number of four-digit palindromes is \(\boxed{D}\)."
30,467,D,20,1.0,"Okay, so I need to find the total number of four-digit palindromes. Hmm, let me think about what a palindrome is. A palindrome is a number that reads the same forwards and backwards. For example, 1331 is a palindrome because if you reverse the digits, you still get 1331. Similarly, 1221 is also a palindrome.

Since we're dealing with four-digit numbers, the number has to be between 1000 and 9999. Also, the first digit can't be zero because it's a four-digit number. So, the first digit has to be from 1 to 9, and the last digit has to be the same as the first digit because it's a palindrome. That makes sense.

Now, a four-digit palindrome has the form ABBA, where A and B are digits. Let me break that down. The first digit is A, the second is B, the third is also B, and the fourth is A again. So, the number looks like A B B A.

Let me think about how many choices I have for each digit. Starting with the first digit, A. Since it's a four-digit number, A can't be zero. So, A can be any digit from 1 to 9. That gives me 9 possible choices for A.

Next, the second digit, B. Since it's a four-digit number, B can be any digit from 0 to 9. So, that's 10 possible choices for B.

The third digit is the same as the second digit, B, so once I choose B, the third digit is determined. Similarly, the fourth digit is the same as the first digit, A, so once I choose A, the fourth digit is determined.

Therefore, the total number of four-digit palindromes should be the number of choices for A multiplied by the number of choices for B. That would be 9 (choices for A) multiplied by 10 (choices for B). Let me calculate that: 9 * 10 = 90.

Wait, but hold on. Let me make sure I'm not missing anything. Is there any restriction on the digits beyond what I considered?"," For instance, are there any constraints on the digits for the palindrome? I don't think so. It's just that the first digit isn't zero, and the second and third digits just need to mirror the first and fourth.

So, for A, it's 1-9, 9 options. For B, it's 0-9, 10 options. So, the total number is 9*10=90. Hmm, that seems straightforward.

But wait, let me think again. Is there a different way to approach this problem? Maybe by constructing the palindrome step by step.

A four-digit palindrome is determined by the first two digits because the last two digits are just the reverse of the first two. So, if I choose the first digit (A) and the second digit (B), the entire number is determined as A B B A.

Therefore, the number of possible four-digit palindromes is equal to the number of possible choices for A multiplied by the number of possible choices for B. As A has 9 possibilities and B has 10 possibilities, the total number is 9*10=90.

But wait, let me see if the answer options include 90. Looking back at the choices, D is 90, so maybe that's the correct answer.

However, I feel a bit unsure because sometimes with palindromes, people might consider leading zeros or something like that, but in this case, since it's a four-digit number, leading zeros aren't allowed. So, we definitely don't have to worry about that here.

Let me think if there's another way this could be approached. Maybe considering the number of palindromic numbers with four digits.

A four-digit palindrome has the form ABBA, so the number is equal to 1000*A + 100*B + 10*B + A, which simplifies to 1001*A + 110*B.

But maybe that's overcomplicating things. The key idea is that it's determined by the first two digits, so the total number is indeed 9*10=90.

Wait, but hold on. Let me consider why the answer isn't 100 or something. Maybe I'm not considering something.

Wait, no, four-digit palindromes are numbers like 1001, 1111, 1221 up to 9999. How many are there?

Well, for the first digit, it's 1-9, so 9 choices. For the second digit, it's 0-9, 10 choices. So, again, 9*10=90.

Alternatively, let's think of it as how many palindromes exist for each possible first digit.

For each first digit A (1-9), there are 10 possible second digits B (0-9). So, for each A, 10 palindromes. So, total 9*10=90.

Yep, that seems correct.

Wait, but just to be thorough, let me try to list them out for a smaller case.

For two-digit palindromes, how many are there? It should be 9, because the first digit can be 1-9, and the second digit must equal the first. So, 11, 22, ..., 99. That's 9 numbers.

Similarly, for three-digit palindromes, how many are there? It's 9*10=90, right? The first digit 1-9, the second digit 0-9, so 9*10=90.

Similarly, for four-digit palindromes, it's 9*10=90.

So, the pattern holds. So, the total number of four-digit palindromes is 90. So, answer D.

Wait, but wait a second. Let me think about whether the number of four-digit palindromes is 90.

Alternatively, maybe I can think of it as the number of palindromes is equal to the number of two-digit numbers, since a four-digit palindrome is determined by its first two digits.

So, how many two-digit numbers are there? 90, from 10 to 99. Each two-digit number can be extended to a four-digit palindrome by mirroring the first two digits.

Therefore, the number of four-digit palindromes is equal to the number of two-digit numbers, which is 90.

Therefore, that reinforces that the answer is 90, which is option D.

Alternatively, if I think of the four-digit palindrome as having the form ABBA, then as I thought before, it's 9*10=90. So, that seems consistent.

Wait, but let me just double-check with an example. Let's take the first digit as 1. Then the last digit is 1. The second digit can be 0-9, so the number can be 1001, 1111, 1221, ..., 1991. That's 10 numbers.

Similarly, for first digit 2: 2002, 2112, 2222, ..., 2992. Also 10 numbers.

Same for first digits 3-9. So, each first digit gives 10 palindromes, 9 first digits, so 9*10=90.

So, yeah, I'm confident that the answer is 90.

Therefore, the answer is D) 90.

**Final Answer**
\boxed{D}
</think>

To find the total number of four-digit palindromes, we need to consider the structure of a four-digit palindrome, which is of the form ABBA, where A and B are digits. 

1. The first digit (A) cannot be zero, so it has 9 possible choices (1-9).
2. The second digit (B) can be any digit from 0-9, giving 10 possible choices.
3. The third digit mirrors the second digit (B), and the fourth digit mirrors the first digit (A).

Thus, the total number of four-digit palindromes is determined by the choices for A and B. The number of possible four-digit palindromes is calculated as follows:

- 9 choices for A
- 10 choices for B

Multiplying these together gives the total number of four-digit palindromes: \(9 \times 10 = 90\).

Therefore, the total number of four-digit palindromes is \(\boxed{D}\)."
31,477,D,20,1.0,"Okay, so I need to find the total number of four-digit palindromes. Hmm, let me think about what a palindrome is. A palindrome is a number that reads the same forwards and backwards. For example, 1331 is a palindrome because if you reverse the digits, you still get 1331. Similarly, 1221 is also a palindrome.

Since we're dealing with four-digit numbers, the number has to be between 1000 and 9999. Also, the first digit can't be zero because it's a four-digit number. So, the first digit has to be from 1 to 9, and the last digit has to be the same as the first digit because it's a palindrome. That makes sense.

Now, a four-digit palindrome has the form ABBA, where A and B are digits. Let me break that down. The first digit is A, the second is B, the third is also B, and the fourth is A again. So, the number looks like A B B A.

Let me think about how many choices I have for each digit. Starting with the first digit, A. Since it's a four-digit number, A can't be zero. So, A can be any digit from 1 to 9. That gives me 9 possible choices for A.

Next, the second digit, B. Since it's a four-digit number, B can be any digit from 0 to 9. So, that's 10 possible choices for B.

The third digit is the same as the second digit, B, so once I choose B, the third digit is determined. Similarly, the fourth digit is the same as the first digit, A, so once I choose A, the fourth digit is determined.

Therefore, the total number of four-digit palindromes should be the number of choices for A multiplied by the number of choices for B. That would be 9 (choices for A) multiplied by 10 (choices for B). Let me calculate that: 9 * 10 = 90.

Wait, but hold on. Let me make sure I'm not missing anything. Is there any restriction on the digits beyond what I considered? For example, can the middle digits be anything?"," Well, in a four-digit palindrome, the second and third digits are the same. But since the number has to be a palindrome, these two digits don't affect the reading forwards and backwards. So, as long as the first digit is the same as the fourth and the second digit is the same as the third, it's automatically a palindrome.

Let me consider an example. If A is 1 and B is 2, the number is 1221, which is a palindrome. Similarly, if A is 3 and B is 5, the number is 3553. So, yeah, it seems like the structure is correct.

Another way to think about it is that a four-digit palindrome is determined entirely by the first two digits. The last two digits are just the reverse of the first two. So, how many ways can we choose the first two digits? The first digit can be from 1-9, so 9 choices, and the second digit can be from 0-9, so 10 choices. So, 9*10=90. Therefore, the total number of four-digit palindromes is 90.

Looking back at the answer choices, option D is 90. So, I think that's the right answer.

Wait, but let me make sure I didn't make any mistakes. If I list out all the four-digit palindromes, is there a way to verify this?

Well, for each choice of A (1-9) and B (0-9), we have a unique palindrome. So, 9*10=90 palindromes. That seems correct.

Alternatively, if I try to count them, I can think of the first digit as 1, then the last digit is 1. The second digit can be 0-9, and the third digit mirrors the second digit. So, for A=1, we have 10 palindromes: 1001, 1111, 1221, ..., 1991.

Similarly, for A=2, we have 2002, 2112, ..., 2992. So, each A gives 10 palindromes, and since A can be from 1 to 9, it's 9*10=90.

Another way is to see that the number of four-digit palindromes is equal to the number of choices for the first two digits, which is 9*10=90, as the last two digits are fixed once the first two are chosen.

So, yeah, I think I'm confident that 90 is the correct answer. Therefore, the total number of four-digit palindromes is 90, which is option D.

**Final Answer**
\boxed{D}
</think>

To find the total number of four-digit palindromes, we need to consider the structure of a four-digit palindrome, which is of the form \(ABBA\). Here, \(A\) and \(B\) are digits, with \(A\) ranging from 1 to 9 (since it cannot be zero) and \(B\) ranging from 0 to 9.

1. The first digit \(A\) has 9 possible choices (1-9).
2. The second digit \(B\) has 10 possible choices (0-9).
3. The third digit is the same as the second digit, so it is determined once \(B\) is chosen.
4. The fourth digit is the same as the first digit, so it is determined once \(A\) is chosen.

Thus, the total number of four-digit palindromes is calculated by multiplying the number of choices for \(A\) and \(B\):

\[
9 \times 10 = 90
\]

Therefore, the total number of four-digit palindromes is \(\boxed{D}\)."
32,504,D,20,1.0,"Okay, so I need to find the total number of four-digit palindromes. Hmm, let me think about what a palindrome is. A palindrome is a number that reads the same forwards and backwards. For example, 1331 is a palindrome because if you reverse the digits, you still get 1331. Similarly, 1221 is also a palindrome.

Since we're dealing with four-digit numbers, the number has to be between 1000 and 9999. Also, the first digit can't be zero because it's a four-digit number. So, the first digit has to be from 1 to 9, and the last digit has to be the same as the first digit because it's a palindrome. That makes sense.

Now, a four-digit palindrome has the form ABBA, where A and B are digits. Let me break that down. The first digit is A, the second is B, the third is also B, and the fourth is A again. So, the number looks like A B B A.

Let me think about how many choices I have for each digit. Starting with the first digit, A. Since it's a four-digit number, A can't be zero. So, A can be any digit from 1 to 9. That gives me 9 possible choices for A.

Next, the second digit, B. Since it's a four-digit number, B can be any digit from 0 to 9. So, that's 10 possible choices for B.

The third digit is the same as the second digit, B, so once I choose B, the third digit is determined. Similarly, the fourth digit is the same as the first digit, A, so once I choose A, the fourth digit is determined.

Therefore, the total number of four-digit palindromes should be the number of choices for A multiplied by the number of choices for B. That would be 9 (choices for A) multiplied by 10 (choices for B). Let me calculate that: 9 * 10 = 90.

Wait, but hold on. Let me make sure I'm not missing anything. Is there any restriction on the digits beyond what I considered? For example, can the middle digits be anything? In this case, yes, because the second and third digits are both B, so they don't have any restrictions beyond being digits."," So, 10 choices for B is correct.

And since A can't be zero, it's 9 choices. So, multiplying 9 * 10, which is 90, gives me 90 possible four-digit palindromes. Hmm, that seems straightforward.

Looking at the answer choices, option D is 90, so that must be the correct answer. But just to make sure, let me think about a smaller example. For instance, say I wanted to find two-digit palindromes. They would be numbers like 11, 22, ..., 99. There are 9 two-digit palindromes, which is 9*1, since the second digit has to be the same as the first. Similarly, for three-digit palindromes, the form would be ABA. The first digit has 9 choices, the middle digit has 10 choices, so 9*10=90. Wait, that's the same number I got for four-digit palindromes. Interesting.

So, for a three-digit palindrome, it's also 90. But four-digit palindromes are 90. So, the number of four-digit palindromes is 90. Therefore, the answer is D) 90.

But hold on, let me think again about four-digit palindromes. The number is ABBA, so A can be 1-9, B can be 0-9. So, for each A, I can have 10 different Bs, so 9*10=90. So, yeah, that's correct.

Alternatively, maybe I can think of it as fixing the first two digits and then the last two are determined. For example, the first digit can be 1-9, the second digit can be 0-9, so the number of four-digit palindromes would be 9*10 = 90. That's consistent with what I thought earlier.

Another way to think about it is the first digit determines the last, and the second and third digits are free. So, the number of four-digit palindromes is the number of possible first and second digits.

Yes, so 9 choices for the first digit, 10 for the second, 10 for the third, but since the third is equal to the second, and the fourth is equal to the first, it's 9*10.

So, I think 90 is the right answer. Therefore, the answer is D.

**Final Answer**
\boxed{D}
</think>

To find the total number of four-digit palindromes, we need to consider the structure of such numbers. A four-digit palindrome has the form ABBA, where A and B are digits. 

- The first digit (A) cannot be zero, so it has 9 possible choices (1-9).
- The second digit (B) can be any digit from 0 to 9, giving 10 possible choices.

The third digit is the same as the second digit (B), and the fourth digit is the same as the first digit (A). Therefore, the number of four-digit palindromes is calculated by multiplying the number of choices for A and B:

\[
9 \text{ (choices for A)} \times 10 \text{ (choices for B)} = 9 \times 10 = 90
\]

Thus, the total number of four-digit palindromes is \(\boxed{D}\)."
33,532,D,20,1.0,"Okay, so I need to find the total number of four-digit palindromes. Hmm, let me think about what a palindrome is. A palindrome is a number that reads the same forwards and backwards. For example, 1331 is a palindrome because if you reverse the digits, you still get 1331. Similarly, 1221 is also a palindrome.

Since we're dealing with four-digit numbers, the number has to be between 1000 and 9999. Also, the first digit can't be zero because it's a four-digit number. So, the first digit has to be from 1 to 9, and the last digit has to be the same as the first digit because it's a palindrome. That makes sense.

Now, a four-digit palindrome has the form ABBA, where A and B are digits. Let me break that down. The first digit is A, the second is B, the third is also B, and the fourth is A again. So, the number looks like A B B A.

Let me think about how many choices I have for each digit. Starting with the first digit, A. Since it's a four-digit number, A can't be zero. So, A can be any digit from 1 to 9. That gives me 9 possible choices for A.

Next, the second digit, B. Since it's a four-digit number, B can be any digit from 0 to 9. So, that's 10 possible choices for B.

The third digit is the same as the second digit, B, so once I choose B, the third digit is determined. Similarly, the fourth digit is the same as the first digit, A, so once I choose A, the fourth digit is determined.

Therefore, the total number of four-digit palindromes should be the number of choices for A multiplied by the number of choices for B. That would be 9 (choices for A) multiplied by 10 (choices for B). Let me calculate that: 9 * 10 = 90.

Wait, but hold on. Let me make sure I'm not missing anything. Is there any restriction on the digits beyond what I considered? For example, can the middle digits be anything? In this case, yes, because the second and third digits are both B, so they don't have any restrictions beyond being digits. So, as long as A is from 1-9 and B is from 0-9, the number will be a palindrome.

","Therefore, 9 * 10 = 90 should be the total number of four-digit palindromes. Let me cross-verify this with an example. If A is 1, then the number can start with 1 and end with 1, and B can be from 0-9. So, for A=1, we have 10 palindromes: 1001, 1111, 1221, ..., 1991. That's 10 numbers.

Similarly, if A is 2, we get 2002, 2112, 2222, ..., 2992, another 10 numbers. So, for each A from 1-9, we have 10 palindromes. So, 9 As give 9 * 10 = 90 palindromes in total.

Hmm, that makes sense. Therefore, the total number is 90. Looking at the choices, option D is 90. So, I think the answer is D) 90.

But wait, just to make sure, let me consider another approach. A four-digit palindrome is determined by its first two digits. The second digit can influence the third digit, but since it's a palindrome, once the first two digits are chosen, the last two are determined. So, the first digit has 9 choices, the second digit has 10 choices, and the third digit is determined by the second, and the fourth is determined by the first. So, yeah, 9 * 10 = 90. That seems consistent.

Alternatively, thinking about the structure: ABBA. For A, 1-9, 9 options; for B, 0-9, 10 options. So, 9 * 10 = 90. So, definitely 90.

Wait, but hold on a second. Is the number of four-digit palindromes equal to 90? Let me think about this another way. For each palindrome, it's determined by the first two digits. So, how many unique two-digit numbers are there? There are 90 two-digit numbers (from 00 to 99). But since the first digit can't be zero, actually, the first digit is from 1-9, giving 9 options, and the second digit is from 0-9, giving 10 options. So, 9 * 10 = 90. So, yeah, the number of four-digit palindromes is equal to the number of two-digit numbers starting with non-zero digits, which is 90.

Wait, no. Because when we construct the four-digit palindrome, it's not just the first two digits that determine it, but the first digit is A, and the second is B, and then the third and fourth are B and A. So, actually, it's more precise to say that the four-digit palindrome is uniquely determined by its first two digits. But the first digit can't be zero, so it's 9 choices for the first digit, 10 choices for the second digit, so 9*10=90.

So, yeah, that seems consistent. So, confirming again, 9*10=90, so 90 four-digit palindromes.

I think that's solid. So, the answer is D) 90.

**Final Answer**
\boxed{D}
</think>

To find the total number of four-digit palindromes, we need to consider the structure of a four-digit palindrome, which is of the form ABBA. Here, A and B are digits, with A being the first and fourth digit, and B being the second and third digit.

1. The first digit A cannot be zero because it is a four-digit number. Therefore, A can be any digit from 1 to 9, giving us 9 possible choices.
2. The second digit B can be any digit from 0 to 9, giving us 10 possible choices.

Since the third digit is the same as the second digit B and the fourth digit is the same as the first digit A, the number of four-digit palindromes is determined by the choices for A and B.

The total number of four-digit palindromes is calculated by multiplying the number of choices for A by the number of choices for B:
\[ 9 \times 10 = 90 \]

Thus, the total number of four-digit palindromes is \(\boxed{D}\)."
34,540,D,20,1.0,"Okay, so I need to find the total number of four-digit palindromes. Hmm, let me think about what a palindrome is. A palindrome is a number that reads the same forwards and backwards. For example, 1331 is a palindrome because if you reverse the digits, you still get 1331. Similarly, 1221 is also a palindrome.

Since we're dealing with four-digit numbers, the number has to be between 1000 and 9999. Also, the first digit can't be zero because it's a four-digit number. So, the first digit has to be from 1 to 9, and the last digit has to be the same as the first digit because it's a palindrome. That makes sense.

Now, a four-digit palindrome has the form ABBA, where A and B are digits. Let me break that down. The first digit is A, the second is B, the third is also B, and the fourth is A again. So, the number looks like A B B A.

Let me think about how many choices I have for each digit. Starting with the first digit, A. Since it's a four-digit number, A can't be zero. So, A can be any digit from 1 to 9. That gives me 9 possible choices for A.

Next, the second digit, B. Since it's a four-digit number, B can be any digit from 0 to 9. So, that's 10 possible choices for B.

The third digit is the same as the second digit, B, so once I choose B, the third digit is determined. Similarly, the fourth digit is the same as the first digit, A, so once I choose A, the fourth digit is determined.

Therefore, the total number of four-digit palindromes should be the number of choices for A multiplied by the number of choices for B. That would be 9 (choices for A) multiplied by 10 (choices for B). Let me calculate that: 9 * 10 = 90.

Wait, but hold on. Let me make sure I'm not missing anything. Is there any restriction on the digits beyond what I considered? For example, can the middle digits be anything? In this case, yes, because the second and third digits are both B, so they don't have any restrictions beyond being digits. So, as long as A is from 1-9 and B is from 0-9, the number will be a palindrome.

Let me test this with an example."," If A is 1 and B is 0, the number would be 1001. If A is 9 and B is 9, it's 9999. That seems to fit the definition of a palindrome. Also, if A is 2 and B is 3, the number is 2332, which is a palindrome.

So, does each choice of A and B give a unique four-digit palindrome? Yes, because the first and fourth digits are set by A, and the second and third digits are set by B. Therefore, each combination of A and B will produce a unique palindrome.

Therefore, the total number of four-digit palindromes is 9 * 10 = 90. Looking at the answer choices, D is 90. So, I think that's the correct answer.

But just to be thorough, let me consider if there's another way to think about this problem. Maybe using combinatorics or permutations.

In combinatorics, when we're forming a four-digit palindrome, it's essentially a problem of counting the number of such numbers where the first digit is equal to the fourth and the second digit is equal to the third. So, the number of palindromes is equal to the number of choices for the first two digits, since the last two are determined by the first two.

Therefore, yeah, the number should be 9 * 10 = 90. So, that's consistent with what I thought earlier.

Alternatively, if I think of it as the first two digits determining the palindrome, since the last two are just mirrors of the first two. So, for the first digit, we have 9 choices, and for the second digit, we have 10 choices. The rest are determined. So, 9 * 10 = 90.

I think that's solid. So, the answer should be D) 90.

**Final Answer**
\boxed{D}
</think>

To find the total number of four-digit palindromes, we need to consider the structure of a four-digit palindrome, which is of the form \(ABBA\). Here, \(A\) and \(B\) are digits, with \(A\) ranging from 1 to 9 (since it cannot be zero) and \(B\) ranging from 0 to 9.

1. The first digit \(A\) has 9 possible choices (1 through 9).
2. The second digit \(B\) has 10 possible choices (0 through 9).

The third digit is the same as the second digit \(B\), and the fourth digit is the same as the first digit \(A\). Therefore, the total number of four-digit palindromes is the product of the number of choices for \(A\) and \(B\):

\[
9 \times 10 = 90
\]

Thus, the total number of four-digit palindromes is \(\boxed{D}\)."
35,565,D,20,1.0,"Okay, so I need to find the total number of four-digit palindromes. Hmm, let me think about what a palindrome is. A palindrome is a number that reads the same forwards and backwards. For example, 1331 is a palindrome because if you reverse the digits, you still get 1331. Similarly, 1221 is also a palindrome.

Since we're dealing with four-digit numbers, the number has to be between 1000 and 9999. Also, the first digit can't be zero because it's a four-digit number. So, the first digit has to be from 1 to 9, and the last digit has to be the same as the first digit because it's a palindrome. That makes sense.

Now, a four-digit palindrome has the form ABBA, where A and B are digits. Let me break that down. The first digit is A, the second is B, the third is also B, and the fourth is A again. So, the number looks like A B B A.

Let me think about how many choices I have for each digit. Starting with the first digit, A. Since it's a four-digit number, A can't be zero. So, A can be any digit from 1 to 9. That gives me 9 possible choices for A.

Next, the second digit, B. Since it's a four-digit number, B can be any digit from 0 to 9. So, that's 10 possible choices for B.

The third digit is the same as the second digit, B, so once I choose B, the third digit is determined. Similarly, the fourth digit is the same as the first digit, A, so once I choose A, the fourth digit is determined.

Therefore, the total number of four-digit palindromes should be the number of choices for A multiplied by the number of choices for B. That would be 9 (choices for A) multiplied by 10 (choices for B). Let me calculate that: 9 * 10 = 90.

Wait, but hold on. Let me make sure I'm not missing anything. Is there any restriction on the digits beyond what I considered? For example, can the middle digits be anything? In this case, yes, because the second and third digits are both B, so they don't have any restrictions beyond being digits. So, as long as A is from 1-9 and B is from 0-9, the number will be a palindrome.

Let me test this with an example. If A is 1 and B is 2, the number is 1221, which is a palindrome."," Similarly, if A is 9 and B is 5, the number is 9559, which is also a palindrome. So, it seems my reasoning holds.

But wait, let me think again. The middle digits are the same, but are they allowed to be any digit? Well, in a four-digit palindrome, the first and fourth digits are the same, and the second and third digits are the same. These can be any digit, so yes, B can be 0-9, and A can be 1-9.

So, the number of possibilities is indeed 9 * 10 = 90. So, that would be 90 four-digit palindromic numbers.

Looking back at the choices given, option D is 90, so I think that should be the answer.

But just to make sure, let me think of another way to compute it. A four-digit palindrome is determined by its first two digits, with the last two being the mirror image of the first two. So, how many possible combinations are there for the first two digits?

The first digit can't be zero, so for the first digit, we have 9 choices, and for the second digit, we have 10 choices, because it can be zero. So, the number of possible combinations for the first two digits is 9 * 10 = 90. Hence, each combination of the first two digits gives a unique four-digit palindrome, so that's 90 four-digit palindromes.

Therefore, I can confidently say that the total number is 90, which is option D.

**Final Answer**
\boxed{D}
</think>

To find the total number of four-digit palindromes, we need to consider the structure of a four-digit palindrome, which is of the form ABBA, where A and B are digits. 

1. The first digit (A) cannot be zero, so there are 9 possible choices for A (1 through 9).
2. The second digit (B) can be any digit from 0 through 9, giving 10 possible choices.
3. The third digit is the same as the second digit, and the fourth digit is the same as the first digit.

Thus, the total number of four-digit palindromes is calculated by multiplying the number of choices for A by the number of choices for B:

\[
9 \text{ (choices for A)} \times 10 \text{ (choices for B)} = 90
\]

Therefore, the total number of four-digit palindromes is \(\boxed{D}\)."
36,591,D,20,1.0,"Okay, so I need to find the total number of four-digit palindromes. Hmm, let me think about what a palindrome is. A palindrome is a number that reads the same forwards and backwards. For example, 1331 is a palindrome because if you reverse the digits, you still get 1331. Similarly, 1221 is also a palindrome.

Since we're dealing with four-digit numbers, the number has to be between 1000 and 9999. Also, the first digit can't be zero because it's a four-digit number. So, the first digit has to be from 1 to 9, and the last digit has to be the same as the first digit because it's a palindrome. That makes sense.

Now, a four-digit palindrome has the form ABBA, where A and B are digits. Let me break that down. The first digit is A, the second is B, the third is also B, and the fourth is A again. So, the number looks like A B B A.

Let me think about how many choices I have for each digit. Starting with the first digit, A. Since it's a four-digit number, A can't be zero. So, A can be any digit from 1 to 9. That gives me 9 possible choices for A.

Next, the second digit, B. Since it's a four-digit number, B can be any digit from 0 to 9. So, that's 10 possible choices for B.

The third digit is the same as the second digit, B, so once I choose B, the third digit is determined. Similarly, the fourth digit is the same as the first digit, A, so once I choose A, the fourth digit is determined.

Therefore, the total number of four-digit palindromes should be the number of choices for A multiplied by the number of choices for B. That would be 9 (choices for A) multiplied by 10 (choices for B). Let me calculate that: 9 * 10 = 90.

Wait, but hold on. Let me make sure I'm not missing anything. Is there any restriction on the digits beyond what I considered? For example, can the middle digits be anything? In this case, yes, because the second and third digits are both B, so they don't have any restrictions beyond being digits. So, as long as A is from 1-9 and B is from 0-9, the number will be a palindrome.

Let me test this with an example. If A is 1 and B is 2, the number is 1221, which is a palindrome. If A is 9 and B is 0, the number is 9009, which is also a palindrome."," What if A is 5 and B is 5? Then the number is 5555, which is a palindrome. Okay, that seems to hold.

So, another way to think about it is that the first digit has 9 choices, and each of the other digits is determined once you choose A and B. The second and third digits both have to be the same, so you only need to choose one digit for them. That makes sense.

Let me try to visualize the structure of a four-digit palindrome: D1 D2 D2 D1. So, D1 is the thousands place, D2 is the hundreds place, and so on. Since D1 can't be zero, D1 has 9 options, and D2 has 10 options.

Therefore, the total number is 9 * 10 = 90. That seems straightforward.

Wait, but let me make sure that I haven't overlooked anything else. Sometimes, problems can have hidden restrictions, but in this case, since it's a four-digit palindrome, the only restrictions are on D1, which can't be zero, and D2, which can be any digit. There are no restrictions on the other digits because they are mirroring each other.

Is there a way this could be different? For example, sometimes when dealing with palindromes, people might think of leading zeros, but in this case, since we're dealing with four-digit numbers, leading zeros aren't allowed. So, the first digit is fixed from 1-9, and the rest can be anything.

Wait, another thought: if we consider all four-digit numbers, that's 9000 numbers (from 1000 to 9999). But the number of palindromic four-digit numbers is 90, as we've calculated. Let me see, 90 is one-ninth of 8100, which is the number of four-digit numbers.

But 90 is the correct count? Hmm, that seems low, but maybe that's correct because each four-digit palindrome is determined by the first two digits, with the last two being mirrors.

Wait, actually, no. Wait, in a four-digit palindrome, once you choose the first two digits, the last two are automatically determined. So, we have 9 choices for the first digit and 10 choices for the second digit, which gives 9 * 10 = 90. So, that seems consistent.

Alternatively, another way to think about it: The number of four-digit palindromes is equal to the number of possible first two digits, which is 9 (for A) * 10 (for B) = 90. So, that gives me 90.

I think that makes sense. So, is the answer 90? Looking back at the answer choices: A) 2520, B) 900, C) 270, D) 90. So, 90 is option D.

Wait, but let me check the answer choices again. They are A) 2520, B) 900, C) 270, D) 90. So, 90 is indeed option D. So, that's probably the answer. Hmm.

But just to be thorough, let me try to count manually for a smaller number, like three-digit palindromes, to see if the logic holds.

For a three-digit palindrome, it's of the form ABA, where A is from 1-9 and B is from 0-9. So, the number of three-digit palindromes is 9 * 10 = 90. Wait, that's interesting. So, both four-digit and three-digit palindromes have 90 each? Wait, no, three-digit palindromes would have 9 * 10 = 90, same as four-digit. Wait, but in the case of four-digit, the middle digit is fixed as B, but it's also the only digit that's mirrored. Hmm.

Wait, actually, for three-digit palindromes, the middle digit is independent, but the first and last digits are determined. So, in that case, it's 9 * 10 = 90 as well.

But in this case, for four-digit palindromes, the first and last digits are both A, and the middle two digits are both B. So, the number of possibilities is 9 * 10 = 90.

So, both four-digit and three-digit have 90 palindromes. That's an interesting observation.

Wait, but when we compute four-digit palindromes, it's a different structure. Let me confirm: For a four-digit palindrome, the first digit is A (1-9), the second digit is B (0-9), the third digit is B, and the fourth digit is A. So, the structure is A B B A.

So, how many choices do we have? 9 for A and 10 for B, so 9*10=90. So, that seems correct.

Alternatively, let's imagine writing down all four-digit palindromes. Each palindrome starts with a digit from 1-9, then the next digit can be anything, but then the next digit has to be the same as the second one, and the last digit has to be the same as the first.

So, the first digit: 9 choices

Second digit: 10 choices

Third digit: determined by second digit, so 1 choice

Fourth digit: determined by first digit, so 1 choice

Thus, total palindromes: 9 * 10 * 1 * 1 = 90.

Therefore, 90 is the correct number, which is option D.

Wait, but hold on another thought. When I think of four-digit palindromes, sometimes people get confused whether to consider the first digit as A or B. But in this case, the first digit is A, and the second is B, so it's A B B A.

Alternatively, is there another way to represent a four-digit palindrome? Maybe as a combination of the first two digits, where the last two are the reverse of the first two. So, for example, if the first two digits are AB, then the last two digits would be BA, making ABBA.

So, in that sense, the first two digits determine the number. Therefore, for the first digit, 1-9, and the second digit, 0-9, that's 9*10=90.

So, that's another way of looking at it, and it still gives me 90.

Therefore, I think 90 is the correct answer, which is option D.

Wait, just to make sure, is there any chance that the problem is considering something else? For example, in some cases, people might consider leading zeros, but here it's specified that it's a four-digit number, so leading zeros aren't allowed. So, the first digit can't be zero, hence 1-9, and the other digits can be anything, including zero.

So, in conclusion, I think 90 is the correct number of four-digit palindromic numbers, so the answer is D) 90.

**Final Answer**
\boxed{D}
</think>

To find the total number of four-digit palindromes, we need to consider the structure of a four-digit palindrome. A four-digit palindrome has the form ABBA, where A and B are digits. 

1. The first digit (A) must be from 1 to 9 (since it cannot be zero), giving us 9 choices.
2. The second digit (B) can be any digit from 0 to 9, giving us 10 choices.

The third digit is the same as the second digit (B), and the fourth digit is the same as the first digit (A). Therefore, the total number of four-digit palindromes is calculated by multiplying the number of choices for A and B:

\[
9 \text{ (choices for A)} \times 10 \text{ (choices for B)} = 90
\]

Thus, the total number of four-digit palindromes is \(\boxed{D}\)."
37,616,D,20,1.0,"Okay, so I need to find the total number of four-digit palindromes. Hmm, let me think about what a palindrome is. A palindrome is a number that reads the same forwards and backwards. For example, 1331 is a palindrome because if you reverse the digits, you still get 1331. Similarly, 1221 is also a palindrome.

Since we're dealing with four-digit numbers, the number has to be between 1000 and 9999. Also, the first digit can't be zero because it's a four-digit number. So, the first digit has to be from 1 to 9, and the last digit has to be the same as the first digit because it's a palindrome. That makes sense.

Now, a four-digit palindrome has the form ABBA, where A and B are digits. Let me break that down. The first digit is A, the second is B, the third is also B, and the fourth is A again. So, the number looks like A B B A.

Let me think about how many choices I have for each digit. Starting with the first digit, A. Since it's a four-digit number, A can't be zero. So, A can be any digit from 1 to 9. That gives me 9 possible choices for A.

Next, the second digit, B. Since it's a four-digit number, B can be any digit from 0 to 9. So, that's 10 possible choices for B.

The third digit is the same as the second digit, B, so once I choose B, the third digit is determined. Similarly, the fourth digit is the same as the first digit, A, so once I choose A, the fourth digit is determined.

Therefore, the total number of four-digit palindromes should be the number of choices for A multiplied by the number of choices for B. That would be 9 (choices for A) multiplied by 10 (choices for B). Let me calculate that: 9 * 10 = 90.

Wait, but hold on. Let me make sure I'm not missing anything. Is there any restriction on the digits beyond what I considered? For example, can the middle digits be anything? In this case, yes, because the second and third digits are both B, so they don't have any restrictions beyond being digits. So, as long as A is from 1-9 and B is from 0-9, the number will be a palindrome.

Let me test this with an example. If A is 1 and B is 2, the number is 1221, which is a palindrome. If A is 9 and B is 0, the number is 9009, which is also a palindrome. If A is 5 and B is 5, the number is 5555, which is a palindrome."," So, all those cases work.

Another way to think about it: since the first digit and the fourth digit must be the same, and the second and third digits must be the same, the only variables are A and B. So, the number of four-digit palindromes is the number of combinations of A and B, which is 9 * 10 = 90.

Looking back at the choices given: A) 2520, B) 900, C) 270, D) 90. So, D) 90 is the answer. But just to double-check, maybe I'm missing something.

Wait, another thought: sometimes in palindrome counting problems, people make mistakes by not considering all the necessary constraints. Let me think. For a four-digit palindrome, the first digit is A, second is B, third is B, fourth is A. So, yes, A has 9 options, B has 10 options. So, 9*10=90. That seems right.

Alternatively, if I think of it as the first two digits determining the last two digits. The first two digits can be from 10 to 99, but in a way that the last two digits mirror the first two. Wait, no, actually, the first two digits can be from 10 to 99, but when mirrored, they become four digits. However, the first digit of the first two digits can't be zero because the overall number is a four-digit number. So, actually, the first two digits can be from 10 to 99, which is 90 possibilities. Then, the last two digits are determined by the first two. So, each combination of the first two digits gives exactly one palindrome. So, that would be 90 four-digit palindromes.

Yes, that makes sense. So, 90 is the correct answer. Therefore, I think the answer is D) 90.

**Final Answer**
\boxed{D}
</think>

To find the total number of four-digit palindromes, we note that a four-digit palindrome has the form ABBA, where A and B are digits. 

1. The first digit (A) must be from 1 to 9 (since it cannot be zero), giving 9 choices.
2. The second digit (B) can be any digit from 0 to 9, giving 10 choices.

Since the third digit must be the same as the second digit and the fourth digit must be the same as the first digit, the number is determined by the choices of A and B. Therefore, the total number of four-digit palindromes is the product of the number of choices for A and B:

\[
9 \times 10 = 90
\]

Thus, the total number of four-digit palindromes is \(\boxed{D}\)."
38,625,D,20,1.0,"Okay, so I need to find the total number of four-digit palindromes. Hmm, let me think about what a palindrome is. A palindrome is a number that reads the same forwards and backwards. For example, 1331 is a palindrome because if you reverse the digits, you still get 1331. Similarly, 1221 is also a palindrome.

Since we're dealing with four-digit numbers, the number has to be between 1000 and 9999. Also, the first digit can't be zero because it's a four-digit number. So, the first digit has to be from 1 to 9, and the last digit has to be the same as the first digit because it's a palindrome. That makes sense.

Now, a four-digit palindrome has the form ABBA, where A and B are digits. Let me break that down. The first digit is A, the second is B, the third is also B, and the fourth is A again. So, the number looks like A B B A.

Let me think about how many choices I have for each digit. Starting with the first digit, A. Since it's a four-digit number, A can't be zero. So, A can be any digit from 1 to 9. That gives me 9 possible choices for A.

Next, the second digit, B. Since it's a four-digit number, B can be any digit from 0 to 9. So, that's 10 possible choices for B.

The third digit is the same as the second digit, B, so once I choose B, the third digit is determined. Similarly, the fourth digit is the same as the first digit, A, so once I choose A, the fourth digit is determined.

Therefore, the total number of four-digit palindromes should be the number of choices for A multiplied by the number of choices for B. That would be 9 (choices for A) multiplied by 10 (choices for B). Let me calculate that: 9 * 10 = 90.

Wait, but hold on. Let me make sure I'm not missing anything. Is there any restriction on the digits beyond what I considered? For example, can the middle digits be anything? In this case, yes, because the second and third digits are both B, so they don't have any restrictions beyond being digits. So, as long as A is from 1-9 and B is from 0-9, the number will be a palindrome.

Let me test this with an example. If A is 1 and B is 2, the number is 1221, which is a palindrome. If A is 9 and B is 0, the number is 9009, which is also a palindrome. If A is 5 and B is 5, the number is 5555, which is a palindrome. So, it seems like my reasoning holds.

","Therefore, I think the total number of four-digit palindromes is 9 * 10 = 90. Looking at the choices, option D is 90. So, the answer should be D) 90.

But just to be thorough, let me consider if there's another way to approach this problem to confirm my answer.

Another way to think about it is: for a four-digit palindrome, the first digit is A, the second digit is B, and the third digit is B (because it's a palindrome), and the fourth digit is A. So, the number is A B B A. So, how many such numbers are there? Since A can be from 1-9 (9 choices) and B can be from 0-9 (10 choices), the total number is 9*10=90. Yep, that's consistent.

Alternatively, if I think in terms of combinations, how many four-digit palindromes are there? Each four-digit palindrome is determined by its first two digits, right? Because the last two digits are just mirror images of the first two. So, for the first two digits, the first digit is from 1-9, and the second digit is from 0-9. So, that's 9*10=90 combinations. That makes sense.

I think I can confidently say that the number of four-digit palindromes is 90, which corresponds to option D.

**Final Answer**
\boxed{D}
</think>

To find the total number of four-digit palindromes, we note that a four-digit palindrome has the form \(ABBA\), where \(A\) and \(B\) are digits. 

- The first digit \(A\) (thousands place) must be between 1 and 9 (since it cannot be zero). This gives 9 choices.
- The second digit \(B\) (hundreds place) can be any digit from 0 to 9. This gives 10 choices.

Since the third digit is the same as the second digit and the fourth digit is the same as the first digit, the number of four-digit palindromes is determined by the number of choices for \(A\) and \(B\). 

Thus, the total number of four-digit palindromes is \(9 \times 10 = 90\).

The final answer is \(\boxed{D}\)."
39,649,D,20,1.0,"Okay, so I need to find the total number of four-digit palindromes. Hmm, let me think about what a palindrome is. A palindrome is a number that reads the same forwards and backwards. For example, 1331 is a palindrome because if you reverse the digits, you still get 1331. Similarly, 1221 is also a palindrome.

Since we're dealing with four-digit numbers, the number has to be between 1000 and 9999. Also, the first digit can't be zero because it's a four-digit number. So, the first digit has to be from 1 to 9, and the last digit has to be the same as the first digit because it's a palindrome. That makes sense.

Now, a four-digit palindrome has the form ABBA, where A and B are digits. Let me break that down. The first digit is A, the second is B, the third is also B, and the fourth is A again. So, the number looks like A B B A.

Let me think about how many choices I have for each digit. Starting with the first digit, A. Since it's a four-digit number, A can't be zero. So, A can be any digit from 1 to 9. That gives me 9 possible choices for A.

Next, the second digit, B. Since it's a four-digit number, B can be any digit from 0 to 9. So, that's 10 possible choices for B.

The third digit is the same as the second digit, B, so once I choose B, the third digit is determined. Similarly, the fourth digit is the same as the first digit, A, so once I choose A, the fourth digit is determined.

Therefore, the total number of four-digit palindromes should be the number of choices for A multiplied by the number of choices for B. That would be 9 (choices for A) multiplied by 10 (choices for B). Let me calculate that: 9 * 10 = 90.

Wait, but hold on. Let me make sure I'm not missing anything. Is there any restriction on the digits beyond what I considered? For example, can the middle digits be anything? In this case, yes, because the second and third digits are both B, so they don't have any restrictions beyond being digits. So, as long as A is from 1-9 and B is from 0-9, the number will be a palindrome.

Let me test this with an example. If A is 1 and B is 2, the number is 1221, which is a palindrome. If A is 9 and B is 0, the number is 9009, which is also a palindrome. If A is 5 and B is 5, the number is 5555, which is a palindrome. So, it seems like my reasoning holds.

Therefore, the total number of four-digit palindromes is 9 * 10 = 90."," Looking at the answer choices, D) 90 is one of them. So, I think that's the answer.

Wait, but just to double-check, let me think about the formula for palindromes. For a four-digit palindrome, the first and last digits must be the same, and the second and third digits must be the same. So, the number of four-digit palindromes is equal to the number of choices for the first digit multiplied by the number of choices for the second digit. Since the first digit has 9 choices (1-9) and the second digit has 10 choices (0-9), it's 9 * 10 = 90.

Yep, that still checks out. So, I don't think I missed anything here. The middle digits don't affect the palindrome property because they're just mirrors of the first and last digits.

Wait another thought: Is a single-digit palindrome like 7 a four-digit palindrome? No, because 7 is only one digit. Similarly, two-digit palindromes would be numbers like 11, 22, etc. Similarly, three-digit palindromes are like 121, 131, etc. So, four-digit palindromes have to have four digits, so they can't be just one or two digits. So, yeah, 90 seems correct.

Alternatively, if I think about how many four-digit numbers are palindromes, each palindrome is determined by the first two digits because the last two are determined by the first two. The first digit can be 1-9, and the second digit can be 0-9. So, again, 9 * 10 = 90.

Therefore, I'm pretty confident that the answer is D) 90.

**Final Answer**
\boxed{D}
</think>

To find the total number of four-digit palindromes, we need to consider the structure of a four-digit palindrome, which has the form ABBA, where A and B are digits. 

- The first digit A can be any digit from 1 to 9 (since it cannot be zero), giving 9 choices.
- The second digit B can be any digit from 0 to 9, giving 10 choices.

Since the third digit is the same as the second digit and the fourth digit is the same as the first digit, the number of four-digit palindromes is determined by the choices for A and B. 

Thus, the total number of four-digit palindromes is calculated as:
\[ 9 \text{ (choices for A)} \times 10 \text{ (choices for B)} = 90 \]

Therefore, the total number of four-digit palindromes is \(\boxed{D}\)."
40,668,D,20,1.0,"Okay, so I need to find the total number of four-digit palindromes. Hmm, let me think about what a palindrome is. A palindrome is a number that reads the same forwards and backwards. For example, 1331 is a palindrome because if you reverse the digits, you still get 1331. Similarly, 1221 is also a palindrome.

Since we're dealing with four-digit numbers, the number has to be between 1000 and 9999. Also, the first digit can't be zero because it's a four-digit number. So, the first digit has to be from 1 to 9, and the last digit has to be the same as the first digit because it's a palindrome. That makes sense.

Now, a four-digit palindrome has the form ABBA, where A and B are digits. Let me break that down. The first digit is A, the second is B, the third is also B, and the fourth is A again. So, the number looks like A B B A.

Let me think about how many choices I have for each digit. Starting with the first digit, A. Since it's a four-digit number, A can't be zero. So, A can be any digit from 1 to 9. That gives me 9 possible choices for A.

Next, the second digit, B. Since it's a four-digit number, B can be any digit from 0 to 9. So, that's 10 possible choices for B.

The third digit is the same as the second digit, B, so once I choose B, the third digit is determined. Similarly, the fourth digit is the same as the first digit, A, so once I choose A, the fourth digit is determined.

Therefore, the total number of four-digit palindromes should be the number of choices for A multiplied by the number of choices for B. That would be 9 (choices for A) multiplied by 10 (choices for B). Let me calculate that: 9 * 10 = 90.

Wait, but hold on. Let me make sure I'm not missing anything. Is there any restriction on the digits beyond what I considered? For example, can the middle digits be anything? In this case, yes, because the second and third digits are both B, so they don't have any restrictions beyond being digits. So, as long as A is from 1-9 and B is from 0-9, the number will be a palindrome.

Let me test this with an example. If A is 1 and B is 2, the number is 1221, which is a palindrome. If A is 9 and B is 0, the number is 9009, which is also a palindrome. If A is 5 and B is 5, the number is 5555, which is a palindrome. So, it seems like my reasoning holds.

Therefore, the total number of four-digit palindromes is 9 * 10 = 90. Looking at the choices, option D is 90, so that should be the answer.

","But just to double-check, let me think if there's another way to approach this. Maybe using permutations or something else. But in this case, since the first and last digits must be the same, and the middle two digits must be the same, it's essentially determining the first half of the number, and the second half is determined by the first half.

So, for a four-digit number, the first two digits determine the palindrome. The first digit has 9 choices, and the second digit has 10 choices. So, 9*10=90. Yep, same answer. So, I think that confirms it.

Alternatively, I could compute how many four-digit numbers are palindromes by considering the first two digits: for each possible first two digits, the last two digits are fixed as the reverse of the first two. However, the first digit can't be zero, so when considering the first two digits, the first digit must be from 1-9, and the second digit can be from 0-9, giving me 9*10=90 possible first two digits, each of which gives exactly one palindrome. So, that's another way to see it.

I think that's thorough. I don't see any other factors or restrictions here. So, I'm confident that the total number of four-digit palindromes is 90.

**Final Answer**
\boxed{D}
</think>

To find the total number of four-digit palindromes, we need to consider the structure of a four-digit palindrome, which is of the form ABBA. Here, A is the first digit, B is the second digit, B is the third digit, and A is the fourth digit.

1. The first digit (A) must be from 1 to 9 (since it cannot be zero), giving 9 possible choices.
2. The second digit (B) can be any digit from 0 to 9, giving 10 possible choices.

Since the third and fourth digits are determined by the first and second digits respectively, the total number of four-digit palindromes is the product of the number of choices for A and B.

Thus, the total number of four-digit palindromes is:
\[ 9 \times 10 = 90 \]

The final answer is \(\boxed{D}\)."
41,676,D,20,1.0,"Okay, so I need to find the total number of four-digit palindromes. Hmm, let me think about what a palindrome is. A palindrome is a number that reads the same forwards and backwards. For example, 1331 is a palindrome because if you reverse the digits, you still get 1331. Similarly, 1221 is also a palindrome.

Since we're dealing with four-digit numbers, the number has to be between 1000 and 9999. Also, the first digit can't be zero because it's a four-digit number. So, the first digit has to be from 1 to 9, and the last digit has to be the same as the first digit because it's a palindrome. That makes sense.

Now, a four-digit palindrome has the form ABBA, where A and B are digits. Let me break that down. The first digit is A, the second is B, the third is also B, and the fourth is A again. So, the number looks like A B B A.

Let me think about how many choices I have for each digit. Starting with the first digit, A. Since it's a four-digit number, A can't be zero. So, A can be any digit from 1 to 9. That gives me 9 possible choices for A.

Next, the second digit, B. Since it's a four-digit number, B can be any digit from 0 to 9. So, that's 10 possible choices for B.

The third digit is the same as the second digit, B, so once I choose B, the third digit is determined. Similarly, the fourth digit is the same as the first digit, A, so once I choose A, the fourth digit is determined.

Therefore, the total number of four-digit palindromes should be the number of choices for A multiplied by the number of choices for B. That would be 9 (choices for A) multiplied by 10 (choices for B). Let me calculate that: 9 * 10 = 90.

Wait, but hold on. Let me make sure I'm not missing anything. Is there any restriction on the digits beyond what I considered? For example, can the middle digits be anything? In this case, yes, because the second and third digits are both B, so they don't have any restrictions beyond being digits. So, as long as A is from 1-9 and B is from 0-9, the number will be a palindrome.

Let me test this with an example. If A is 1 and B is 2, the number is 1221, which is a palindrome. If A is 9 and B is 0, the number is 9009, which is also a palindrome. If A is 5 and B is 5, the number is 5555, which is a palindrome. So, it seems like my reasoning holds.

Therefore, the total number of four-digit palindromes is 9 * 10 = 90. Looking at the choices, option D is 90, so that should be the answer.

But wait, let me double-check."," Sometimes, in some problems, people might consider leading zeros, but in this case, it's specified that it's a four-digit number, so leading zeros aren't allowed. So, that doesn't affect the count here because we already considered A not being zero. So, yeah, 90 seems right.

Alternatively, another way to think about it is that the first digit has 9 choices, and each subsequent digit is determined by the previous one. So, the second digit's choice is independent of the first, except for the third and fourth digits being the reverse of the first and second. So, 9 * 10 gives the total number.

I don't think I've missed any constraints here. So, I'm pretty confident that D) 90 is the correct answer.

**Final Answer**
\boxed{D}
</think>

To find the total number of four-digit palindromes, we note that a four-digit palindrome has the form ABBA, where A and B are digits. 

1. The first digit (A) cannot be zero and can be any digit from 1 to 9, giving us 9 choices.
2. The second digit (B) can be any digit from 0 to 9, giving us 10 choices.
3. The third digit is the same as the second digit (B), and the fourth digit is the same as the first digit (A).

Thus, the total number of four-digit palindromes is calculated by multiplying the number of choices for A and B:
\[ 9 \times 10 = 90 \]

Therefore, the total number of four-digit palindromes is \(\boxed{D}\)."
42,700,D,20,1.0,"Okay, so I need to find the total number of four-digit palindromes. Hmm, let me think about what a palindrome is. A palindrome is a number that reads the same forwards and backwards. For example, 1331 is a palindrome because if you reverse the digits, you still get 1331. Similarly, 1221 is also a palindrome.

Since we're dealing with four-digit numbers, the number has to be between 1000 and 9999. Also, the first digit can't be zero because it's a four-digit number. So, the first digit has to be from 1 to 9, and the last digit has to be the same as the first digit because it's a palindrome. That makes sense.

Now, a four-digit palindrome has the form ABBA, where A and B are digits. Let me break that down. The first digit is A, the second is B, the third is also B, and the fourth is A again. So, the number looks like A B B A.

Let me think about how many choices I have for each digit. Starting with the first digit, A. Since it's a four-digit number, A can't be zero. So, A can be any digit from 1 to 9. That gives me 9 possible choices for A.

Next, the second digit, B. Since it's a four-digit number, B can be any digit from 0 to 9. So, that's 10 possible choices for B.

The third digit is the same as the second digit, B, so once I choose B, the third digit is determined. Similarly, the fourth digit is the same as the first digit, A, so once I choose A, the fourth digit is determined.

Therefore, the total number of four-digit palindromes should be the number of choices for A multiplied by the number of choices for B. That would be 9 (choices for A) multiplied by 10 (choices for B). Let me calculate that: 9 * 10 = 90.

Wait, but hold on. Let me make sure I'm not missing anything. Is there any restriction on the digits beyond what I considered? For example, can the middle digits be anything? In this case, yes, because the second and third digits are both B, so they don't have any restrictions beyond being digits. So, as long as A is from 1-9 and B is from 0-9, the number will be a palindrome.

Let me test this with an example. If A is 1 and B is 2, the number is 1221, which is a palindrome. If A is 9 and B is 0, the number is 9009, which is also a palindrome. If A is 5 and B is 5, the number is 5555, which is a palindrome. So, it seems like my reasoning holds.

Therefore, the total number of four-digit palindromes is 9 * 10 = 90. Looking at the choices, option D is 90, so that should be the answer.

But wait, let me double-check. Sometimes, when counting palindromes, people might forget about the middle digits or miscount the number of choices."," In this case, since the number is four digits, the first digit has 9 choices, and the middle two digits each have 10 choices. Wait, no, actually, the middle two digits are both the same. So, maybe I should think of it as the first two digits determining the palindrome.

So, if I fix the first two digits, AB, then the last two must be BA. So, how many choices do I have for AB? A can be 1-9, B can be 0-9, so that's 9 * 10 = 90 choices for AB, each giving exactly one four-digit palindrome. So, yeah, same answer.

Therefore, I'm confident that the total number is 90. So, the answer is D) 90.

**Final Answer**
\boxed{D}
</think>

To find the total number of four-digit palindromes, we need to consider the structure of a four-digit palindrome, which is of the form \(ABBA\). Here, \(A\) and \(B\) are digits, and \(A\) cannot be zero because it is the first digit of a four-digit number.

1. The first digit \(A\) can be any digit from 1 to 9, giving us 9 choices.
2. The second digit \(B\) can be any digit from 0 to 9, giving us 10 choices.
3. The third digit must be the same as the second digit \(B\), so it is determined once \(B\) is chosen.
4. The fourth digit must be the same as the first digit \(A\), so it is determined once \(A\) is chosen.

Thus, the total number of four-digit palindromes is calculated by multiplying the number of choices for \(A\) and \(B\):

\[
9 \text{ (choices for } A) \times 10 \text{ (choices for } B) = 90
\]

Therefore, the total number of four-digit palindromes is \(\boxed{D}\)."
43,705,D,20,1.0,"Okay, so I need to find the total number of four-digit palindromes. Hmm, let me think about what a palindrome is. A palindrome is a number that reads the same forwards and backwards. For example, 1331 is a palindrome because if you reverse the digits, you still get 1331. Similarly, 1221 is also a palindrome.

Since we're dealing with four-digit numbers, the number has to be between 1000 and 9999. Also, the first digit can't be zero because it's a four-digit number. So, the first digit has to be from 1 to 9, and the last digit has to be the same as the first digit because it's a palindrome. That makes sense.

Now, a four-digit palindrome has the form ABBA, where A and B are digits. Let me break that down. The first digit is A, the second is B, the third is also B, and the fourth is A again. So, the number looks like A B B A.

Let me think about how many choices I have for each digit. Starting with the first digit, A. Since it's a four-digit number, A can't be zero. So, A can be any digit from 1 to 9. That gives me 9 possible choices for A.

Next, the second digit, B. Since it's a four-digit number, B can be any digit from 0 to 9. So, that's 10 possible choices for B.

The third digit is the same as the second digit, B, so once I choose B, the third digit is determined. Similarly, the fourth digit is the same as the first digit, A, so once I choose A, the fourth digit is determined.

Therefore, the total number of four-digit palindromes should be the number of choices for A multiplied by the number of choices for B. That would be 9 (choices for A) multiplied by 10 (choices for B). Let me calculate that: 9 * 10 = 90.

Wait, but hold on. Let me make sure I'm not missing anything. Is there any restriction on the digits beyond what I considered? For example, can the middle digits be anything? In this case, yes, because the second and third digits are both B, so they don't have any restrictions beyond being digits. So, as long as A is from 1-9 and B is from 0-9, the number will be a palindrome.

Let me test this with an example. If A is 1 and B is 2, the number is 1221, which is a palindrome. If A is 9 and B is 0, the number is 9009, which is also a palindrome. If A is 5 and B is 5, the number is 5555, which is a palindrome. So, it seems like my reasoning holds.

Therefore, the total number of four-digit palindromes is 9 * 10 = 90. Looking at the choices, option D is 90, so that should be the answer.

But wait, let me double-check. Sometimes, when counting palindromes, people might forget about the middle digits or miscount the number of choices. Let me think again."," A four-digit palindrome is determined by the first two digits because the last two are mirror images. So, the first digit is A (1-9), the second digit is B (0-9), and the last two are determined by the first two. So yeah, that's two digits that can be chosen freely, with A having 9 options and B having 10 options.

Another way to think about it is that the number of four-digit palindromes is equal to the number of three-digit palindromes, because the fourth digit is determined by the first. Wait, no, that's not exactly right. Wait, actually, in a four-digit palindrome, the first digit is mirrored in the last, and the second is mirrored in the third. So, you only need to choose the first two digits, and the rest are determined. So, that would mean that the number of four-digit palindromes is equal to the number of two-digit numbers where the second digit is mirrored in the first, but in this case, the first digit is not mirrored by itself but is part of the first and last digits.

Wait, maybe I confused something here. Let's clarify.

A four-digit palindrome is determined by the first two digits because the third is equal to the second, and the fourth is equal to the first. So, effectively, the palindrome is determined by the first two digits. So, the number of four-digit palindromes is the same as the number of two-digit numbers from 10 to 99, because the first digit can't be zero.

Wait, so two-digit numbers go from 10 to 99, which is 90 numbers. But hold on, that would mean that the number of four-digit palindromes is 90, which matches my earlier calculation.

Wait, but hold on a second. If we consider the first digit as A (1-9) and the second digit as B (0-9), then each combination of A and B gives a unique four-digit palindrome. So, 9 * 10 = 90. That is the same as the number of two-digit numbers from 10 to 99, which is 90.

But let me think differently. A four-digit palindrome is ABBA, so the first two digits determine the last two. So, how many ways can we choose AB? The first digit A can be 1-9, which is 9 options, and the second digit B can be 0-9, which is 10 options. So, in total, 9 * 10 = 90. So, again, that gives 90.

Alternatively, I can think of constructing the four-digit palindrome step by step. For the first digit, 1-9, then the second digit 0-9, then the third digit is same as second, and the fourth digit is same as first. So, each step is independent except for the mirroring. So, for the third digit, there's no choice, it's just the same as the second. Similarly, the fourth digit is determined by the first. So, yeah, it's just choosing the first two digits.

So, to rephrase, the first digit has 9 possibilities, the second digit has 10 possibilities, and then the last two digits are determined by the first two. So, 9 * 10 = 90.

Wait, but let me test this with an example. If I pick A=1 and B=0, the palindrome is 1001. If I pick A=9 and B=9, the palindrome is 9999. If I pick A=5 and B=2, it's 5225. Each of these seems legit.

Wait, but hang on a second. The number 1221 is a four-digit palindrome, right? So, if we fix A=1 and B=2, it's 1221, which is a palindrome. So, that makes sense.

But I just thought, is zero allowed in the middle? Wait, no, because if A=1 and B=0, the number is 1001, which is fine. The middle digits are both zero, which is allowed because zero is a digit. So, that's okay.

Alternatively, if I have a number like 101, but that's only a three-digit number. So, I don't need to consider that here.

So, given that, it seems that the number of four-digit palindromes is 90. Let me just verify by another method.

Another way to think about it: a four-digit palindrome has the form ABBA. So, the first digit A can be 1-9, the second digit B can be 0-9, and then the third digit is same as the second, and the fourth digit same as the first. So, for each A from 1-9, and each B from 0-9, we get a unique palindrome.

So, the number is 9 * 10 = 90. Therefore, that should be the answer.

I think I've pretty much confirmed it from multiple angles. So, yes, the total number of four-digit palindromes is 90.

**Final Answer**
\boxed{D}
</think>

To find the total number of four-digit palindromes, we need to consider the structure of a four-digit palindrome, which is of the form ABBA, where A and B are digits. 

1. The first digit (A) must be between 1 and 9 (since it cannot be zero), giving 9 possible choices.
2. The second digit (B) can be any digit from 0 to 9, giving 10 possible choices.
3. The third digit is the same as the second digit, and the fourth digit is the same as the first digit.

Thus, the number of four-digit palindromes is the product of the number of choices for A and B:
\[ 9 \times 10 = 90 \]

Therefore, the total number of four-digit palindromes is \(\boxed{D}\)."
44,738,D,20,1.0,"Okay, so I need to find the total number of four-digit palindromes. Hmm, let me think about what a palindrome is. A palindrome is a number that reads the same forwards and backwards. For example, 1331 is a palindrome because if you reverse the digits, you still get 1331. Similarly, 1221 is also a palindrome.

Since we're dealing with four-digit numbers, the number has to be between 1000 and 9999. Also, the first digit can't be zero because it's a four-digit number. So, the first digit has to be from 1 to 9, and the last digit has to be the same as the first digit because it's a palindrome. That makes sense.

Now, a four-digit palindrome has the form ABBA, where A and B are digits. Let me break that down. The first digit is A, the second is B, the third is also B, and the fourth is A again. So, the number looks like A B B A.

Let me think about how many choices I have for each digit. Starting with the first digit, A. Since it's a four-digit number, A can't be zero. So, A can be any digit from 1 to 9. That gives me 9 possible choices for A.

Next, the second digit, B. Since it's a four-digit number, B can be any digit from 0 to 9. So, that's 10 possible choices for B.

The third digit is the same as the second digit, B, so once I choose B, the third digit is determined. Similarly, the fourth digit is the same as the first digit, A, so once I choose A, the fourth digit is determined.

Therefore, the total number of four-digit palindromes should be the number of choices for A multiplied by the number of choices for B. That would be 9 (choices for A) multiplied by 10 (choices for B). Let me calculate that: 9 * 10 = 90.

Wait, but hold on. Let me make sure I'm not missing anything. Is there any restriction on the digits beyond what I considered? For example, can the middle digits be anything? In this case, yes, because the second and third digits are both B, so they don't have any restrictions beyond being digits. So, as long as A is from 1-9 and B is from 0-9, the number will be a palindrome.

Let me test this with an example. If A is 1 and B is 2, the number is 1221, which is a palindrome. If A is 9 and B is 0, the number is 9009, which is also a palindrome. If A is 5 and B is 5, the number is 5555, which is a palindrome. So, it seems like my reasoning holds.

Therefore, the total number of four-digit palindromes is 9 * 10 = 90. Looking at the choices, option D is 90, so that should be the answer.

But wait, let me double-check. Sometimes, when counting palindromes, people might forget about the middle digits or miscount the number of choices. Let me think again. The first digit has 9 choices, the second digit has 10, and the third and fourth digits are determined by the first and second digits, respectively."," Since the number is a four-digit number, the last digit is determined by the first, so we don't need to choose it separately.

Alternatively, maybe someone might think about the middle two digits as a combined choice. So, for each first digit A, how many choices are there for the middle two digits? Since the middle two digits must be the same, it's like choosing a single digit for both. So, actually, for each A, the middle two digits are both equal to B, so B can be 0-9, so 10 choices per A. Therefore, the total remains 9*10=90.

Hmm, another way to think about it is that in a four-digit palindrome, the first digit is A, the second is B, third is B, fourth is A. So, the number is A B B A.

Alternatively, the number can be represented as 1000*A + 100*B + 10*B + A = 1001*A + 110*B. So, for each A and B, you get a unique four-digit palindrome. Since A has 9 possibilities and B has 10, the total number is 9*10=90. That makes sense.

I think that's solid. So, 90 four-digit palindromes.

**Final Answer**
\boxed{D}
</think>

To find the total number of four-digit palindromes, we need to consider the structure of a four-digit palindrome, which is of the form ABBA, where A and B are digits. 

1. The first digit (A) cannot be zero, so it has 9 possible choices (1 to 9).
2. The second digit (B) can be any digit from 0 to 9, giving 10 possible choices.

Since the third digit is the same as the second digit (B) and the fourth digit is the same as the first digit (A), the number is determined entirely by the choices of A and B. 

Thus, the total number of four-digit palindromes is the product of the number of choices for A and B:
\[ 9 \times 10 = 90 \]

Therefore, the total number of four-digit palindromes is \(\boxed{D}\)."
45,751,D,20,1.0,"Okay, so I need to find the total number of four-digit palindromes. Hmm, let me think about what a palindrome is. A palindrome is a number that reads the same forwards and backwards. For example, 1331 is a palindrome because if you reverse the digits, you still get 1331. Similarly, 1221 is also a palindrome.

Since we're dealing with four-digit numbers, the number has to be between 1000 and 9999. Also, the first digit can't be zero because it's a four-digit number. So, the first digit has to be from 1 to 9, and the last digit has to be the same as the first digit because it's a palindrome. That makes sense.

Now, a four-digit palindrome has the form ABBA, where A and B are digits. Let me break that down. The first digit is A, the second is B, the third is also B, and the fourth is A again. So, the number looks like A B B A.

Let me think about how many choices I have for each digit. Starting with the first digit, A. Since it's a four-digit number, A can't be zero. So, A can be any digit from 1 to 9. That gives me 9 possible choices for A.

Next, the second digit, B. Since it's a four-digit number, B can be any digit from 0 to 9. So, that's 10 possible choices for B.

The third digit is the same as the second digit, B, so once I choose B, the third digit is determined. Similarly, the fourth digit is the same as the first digit, A, so once I choose A, the fourth digit is determined.

Therefore, the total number of four-digit palindromes should be the number of choices for A multiplied by the number of choices for B. That would be 9 (choices for A) multiplied by 10 (choices for B). Let me calculate that: 9 * 10 = 90.

Wait, but hold on. Let me make sure I'm not missing anything. Is there any restriction on the digits beyond what I considered? For example, can the middle digits be anything? In this case, yes, because the second and third digits are both B, so they don't have any restrictions beyond being digits. So, as long as A is from 1-9 and B is from 0-9, the number will be a palindrome.

Let me test this with an example. If A is 1 and B is 2, the number is 1221, which is a palindrome. If A is 9 and B is 0, the number is 9009, which is also a palindrome. If A is 5 and B is 5, the number is 5555, which is a palindrome. So, it seems like my reasoning holds.

Therefore, the total number of four-digit palindromes is 9 * 10 = 90. Looking at the choices, option D is 90, so that should be the answer.

But wait, let me double-check. Sometimes, when counting palindromes, people might forget about the middle digits or miscount the number of choices. Let me think again. The first digit has 9 choices, the second digit has 10, and the third and fourth digits are determined by the first and second digits, respectively. So, yes, 9 * 10 is correct.

","Another way to think about it is that a four-digit palindrome is determined entirely by its first two digits, since the last two digits are the mirror image of the first two. So, how many choices do we have for the first two digits? The first digit has 9 options, and the second digit has 10 options. So, 9 * 10 = 90 possible combinations, which result in 90 four-digit palindromes.

So, I'm confident that 90 is the correct answer.

**Final Answer**
\boxed{D}
</think>

To find the total number of four-digit palindromes, we note that a four-digit palindrome has the form ABBA, where A and B are digits. 

- The first digit (A) cannot be zero, so it has 9 possible choices (1-9).
- The second digit (B) can be any digit from 0-9, giving 10 possible choices.

The third digit is the same as the second digit, and the fourth digit is the same as the first digit. Therefore, the number of four-digit palindromes is calculated by multiplying the number of choices for A and B:

\[
9 \text{ (choices for A)} \times 10 \text{ (choices for B)} = 90
\]

Thus, the total number of four-digit palindromes is \(\boxed{D}\)."
46,788,D,20,1.0,"Okay, so I need to find the total number of four-digit palindromes. Hmm, let me think about what a palindrome is. A palindrome is a number that reads the same forwards and backwards. For example, 1331 is a palindrome because if you reverse the digits, you still get 1331. Similarly, 1221 is also a palindrome.

Since we're dealing with four-digit numbers, the number has to be between 1000 and 9999. Also, the first digit can't be zero because it's a four-digit number. So, the first digit has to be from 1 to 9, and the last digit has to be the same as the first digit because it's a palindrome. That makes sense.

Now, a four-digit palindrome has the form ABBA, where A and B are digits. Let me break that down. The first digit is A, the second is B, the third is also B, and the fourth is A again. So, the number looks like A B B A.

Let me think about how many choices I have for each digit. Starting with the first digit, A. Since it's a four-digit number, A can't be zero. So, A can be any digit from 1 to 9. That gives me 9 possible choices for A.

Next, the second digit, B. Since it's a four-digit number, B can be any digit from 0 to 9. So, that's 10 possible choices for B.

The third digit is the same as the second digit, B, so once I choose B, the third digit is determined. Similarly, the fourth digit is the same as the first digit, A, so once I choose A, the fourth digit is determined.

Therefore, the total number of four-digit palindromes should be the number of choices for A multiplied by the number of choices for B. That would be 9 (choices for A) multiplied by 10 (choices for B). Let me calculate that: 9 * 10 = 90.

Wait, but hold on. Let me make sure I'm not missing anything. Is there any restriction on the digits beyond what I considered? For example, can the middle digits be anything? In this case, yes, because the second and third digits are both B, so they don't have any restrictions beyond being digits. So, as long as A is from 1-9 and B is from 0-9, the number will be a palindrome.

Let me test this with an example. If A is 1 and B is 2, the number is 1221, which is a palindrome. If A is 9 and B is 0, the number is 9009, which is also a palindrome. If A is 5 and B is 5, the number is 5555, which is a palindrome. So, it seems like my reasoning holds.

Therefore, the total number of four-digit palindromes is 9 * 10 = 90. Looking at the choices, option D is 90, so that should be the answer.

But wait, let me double-check. Sometimes, when counting palindromes, people might forget about the middle digits or miscount the number of choices. Let me think again. The first digit has 9 choices, the second digit has 10, and the third and fourth digits are determined by the first and second digits, respectively. So, yes, 9 * 10 is correct.

Alternatively, I can think of it as the number of four-digit palindromes is equal to the number of choices for the first two digits, since the last two are determined."," For the first digit, 9 choices, and for the second digit, 10 choices, so 9 * 10 is 90. That seems consistent.

Another way to see it is to consider that a four-digit palindrome is determined by its first two digits. The number of such combinations is 9 (for A) * 10 (for B) = 90. So, yeah, that's the same answer.

Just to make sure, let me consider how many four-digit numbers there are in total. It's from 1000 to 9999, inclusive. So, that's 9000 numbers. But not all of them are palindromes. How many are palindromes? Well, for each four-digit number, the first digit is from 1-9, and the last digit has to be the same as the first, so it's half of 9000, which is 4500. But that's not the case because the middle digits are more flexible.

Wait, actually, in the four-digit palindromes, once you fix the first two digits, the last two are determined. So, the number of four-digit palindromes is equal to the number of two-digit numbers from 10 to 99, which is 90, and each of those can be mirrored to form a four-digit palindrome. Hence, 90 palindromes.

Yes, that makes sense. So, 90 is the correct answer. Therefore, the correct option is D) 90.

**Final Answer**
\boxed{D}
</think>

To find the total number of four-digit palindromes, we need to consider the structure of a four-digit palindrome. A four-digit palindrome has the form \(ABBA\), where \(A\) and \(B\) are digits. 

1. The first digit \(A\) cannot be zero and can be any digit from 1 to 9, giving 9 possible choices.
2. The second digit \(B\) can be any digit from 0 to 9, giving 10 possible choices.

Since the last two digits are determined by the first two digits, once \(A\) and \(B\) are chosen, the entire number is fixed. Therefore, the total number of four-digit palindromes is the product of the number of choices for \(A\) and \(B\):

\[
9 \times 10 = 90
\]

Thus, the total number of four-digit palindromes is \(\boxed{D}\)."
47,819,D,20,1.0,"Okay, so I need to find the total number of four-digit palindromes. Hmm, let me think about what a palindrome is. A palindrome is a number that reads the same forwards and backwards. For example, 1331 is a palindrome because if you reverse the digits, you still get 1331. Similarly, 1221 is also a palindrome.

Since we're dealing with four-digit numbers, the number has to be between 1000 and 9999. Also, the first digit can't be zero because it's a four-digit number. So, the first digit has to be from 1 to 9, and the last digit has to be the same as the first digit because it's a palindrome. That makes sense.

Now, a four-digit palindrome has the form ABBA, where A and B are digits. Let me break that down. The first digit is A, the second is B, the third is also B, and the fourth is A again. So, the number looks like A B B A.

Let me think about how many choices I have for each digit. Starting with the first digit, A. Since it's a four-digit number, A can't be zero. So, A can be any digit from 1 to 9. That gives me 9 possible choices for A.

Next, the second digit, B. Since it's a four-digit number, B can be any digit from 0 to 9. So, that's 10 possible choices for B.

The third digit is the same as the second digit, B, so once I choose B, the third digit is determined. Similarly, the fourth digit is the same as the first digit, A, so once I choose A, the fourth digit is determined.

Therefore, the total number of four-digit palindromes should be the number of choices for A multiplied by the number of choices for B. That would be 9 (choices for A) multiplied by 10 (choices for B). Let me calculate that: 9 * 10 = 90.

Wait, but hold on. Let me make sure I'm not missing anything. Is there any restriction on the digits beyond what I considered? For example, can the middle digits be anything? In this case, yes, because the second and third digits are both B, so they don't have any restrictions beyond being digits. So, as long as A is from 1-9 and B is from 0-9, the number will be a palindrome.

Let me test this with an example. If A is 1 and B is 2, the number is 1221, which is a palindrome. If A is 9 and B is 0, the number is 9009, which is also a palindrome. If A is 5 and B is 5, the number is 5555, which is a palindrome. So, it seems like my reasoning holds.

Therefore, the total number of four-digit palindromes is 9 * 10 = 90. Looking at the choices, option D is 90, so that should be the answer.

But wait, let me double-check. Sometimes, when counting palindromes, people might forget about the middle digits or miscount the number of choices. Let me think again. The first digit has 9 choices, the second digit has 10, and the third and fourth digits are determined by the first and second digits, respectively. So, yes, 9 * 10 is correct.

Alternatively, I can think of it as the number of four-digit palindromes is equal to the number of choices for the first two digits, since the last two are determined. So, the first digit has 9 choices, the second digit has 10 choices, so 9 * 10 = 90."," Yep, that still gives me 90.

I remember reading somewhere that four-digit palindromes have 90 numbers. So, that seems consistent.

Is there a way to cross-verify? Maybe I can think about how many four-digit numbers there are in total. It's from 1000 to 9999, which is 9000 numbers. But obviously, half of them are palindromes, but that might not be the case because the first digit affects the total.

Wait, no, that's not correct. Because not every four-digit number can be a palindrome. For example, numbers like 1234 are not palindromes because reversing them gives 4321, which is different.

But I recall that the number of palindromes is 9 * 10 * 10 = 900? Wait, no, that would be for a five-digit palindrome. Let me think. For a five-digit palindrome, it's of the form ABCBA, so the first digit 5 choices, second 10, third 10, so 5*10*10 = 500. So, yeah, similar idea.

But for four-digit, it's ABBA. So, first digit 9, second 10, third and fourth determined, so total is 9*10=90. So, 90 four-digit palindromes. That still makes sense.

Therefore, the correct answer is D) 90.

**Final Answer**
\boxed{D}
</think>

To find the total number of four-digit palindromes, we need to consider the structure of a four-digit palindrome, which is of the form ABBA. Here, A and B are digits, with A being the first digit (which cannot be zero) and B being the second digit.

1. The first digit (A) can be any digit from 1 to 9, giving 9 choices.
2. The second digit (B) can be any digit from 0 to 9, giving 10 choices.
3. The third digit is the same as the second digit (B), and the fourth digit is the same as the first digit (A).

Thus, the total number of four-digit palindromes is the product of the number of choices for A and the number of choices for B:

\[
9 \times 10 = 90
\]

Therefore, the total number of four-digit palindromes is \(\boxed{D}\)."
48,823,D,20,1.0,"Okay, so I need to find the total number of four-digit palindromes. Hmm, let me think about what a palindrome is. A palindrome is a number that reads the same forwards and backwards. For example, 1331 is a palindrome because if you reverse the digits, you still get 1331. Similarly, 1221 is also a palindrome.

Since we're dealing with four-digit numbers, the number has to be between 1000 and 9999. Also, the first digit can't be zero because it's a four-digit number. So, the first digit has to be from 1 to 9, and the last digit has to be the same as the first digit because it's a palindrome. That makes sense.

Now, a four-digit palindrome has the form ABBA, where A and B are digits. Let me break that down. The first digit is A, the second is B, the third is also B, and the fourth is A again. So, the number looks like A B B A.

Let me think about how many choices I have for each digit. Starting with the first digit, A. Since it's a four-digit number, A can't be zero. So, A can be any digit from 1 to 9. That gives me 9 possible choices for A.

Next, the second digit, B. Since it's a four-digit number, B can be any digit from 0 to 9. So, that's 10 possible choices for B.

The third digit is the same as the second digit, B, so once I choose B, the third digit is determined. Similarly, the fourth digit is the same as the first digit, A, so once I choose A, the fourth digit is determined.

Therefore, the total number of four-digit palindromes should be the number of choices for A multiplied by the number of choices for B. That would be 9 (choices for A) multiplied by 10 (choices for B). Let me calculate that: 9 * 10 = 90.

Wait, but hold on. Let me make sure I'm not missing anything. Is there any restriction on the digits beyond what I considered? For example, can the middle digits be anything? In this case, yes, because the second and third digits are both B, so they don't have any restrictions beyond being digits. So, as long as A is from 1-9 and B is from 0-9, the number will be a palindrome.

Let me test this with an example. If A is 1 and B is 2, the number is 1221, which is a palindrome. If A is 9 and B is 0, the number is 9009, which is also a palindrome. If A is 5 and B is 5, the number is 5555, which is a palindrome. So, it seems like my reasoning holds.

Therefore, the total number of four-digit palindromes is 9 * 10 = 90. Looking at the choices, option D is 90, so that should be the answer.

But wait, let me double-check. Sometimes, when counting palindromes, people might forget about the middle digits or miscount the number of choices. Let me think again. The first digit has 9 choices, the second digit has 10, and the third and fourth digits are determined by the first and second digits, respectively. So, yes, 9 * 10 is correct.

Alternatively, I can think of it as the number of four-digit palindromes is equal to the number of choices for the first two digits, since the last two are determined. So, the first digit has 9 choices, the second digit has 10 choices, so 9 * 10 = 90. That seems consistent.

","Wait another thought: sometimes, people might consider zeros in the middle, but in this case, the middle digits are forced to be the same as the first digit. So, it doesn't actually introduce any extra restrictions. For example, if A is 1 and B is 0, we get 1001, which is a valid four-digit palindrome. Similarly, if A is 2 and B is 3, we get 2332, which is also valid.

Therefore, I think my calculation is correct. There are 90 four-digit palindromes.

So, the correct answer should be D) 90.

**Final Answer**
\boxed{D}
</think>

To find the total number of four-digit palindromes, we need to consider the structure of a four-digit palindrome. A four-digit palindrome has the form ABBA, where A and B are digits. 

- The first digit (A) must be between 1 and 9 (since it cannot be zero), giving us 9 choices.
- The second digit (B) can be any digit from 0 to 9, giving us 10 choices.
- The third digit is the same as the second digit (B), and the fourth digit is the same as the first digit (A).

Thus, the total number of four-digit palindromes is calculated by multiplying the number of choices for A and B:

\[
9 \text{ (choices for A)} \times 10 \text{ (choices for B)} = 90
\]

Therefore, the total number of four-digit palindromes is \(\boxed{D}\)."
49,844,D,20,1.0,"Okay, so I need to find the total number of four-digit palindromes. Hmm, let me think about what a palindrome is. A palindrome is a number that reads the same forwards and backwards. For example, 1331 is a palindrome because if you reverse the digits, you still get 1331. Similarly, 1221 is also a palindrome.

Since we're dealing with four-digit numbers, the number has to be between 1000 and 9999. Also, the first digit can't be zero because it's a four-digit number. So, the first digit has to be from 1 to 9, and the last digit has to be the same as the first digit because it's a palindrome. That makes sense.

Now, a four-digit palindrome has the form ABBA, where A and B are digits. Let me break that down. The first digit is A, the second is B, the third is also B, and the fourth is A again. So, the number looks like A B B A.

Let me think about how many choices I have for each digit. Starting with the first digit, A. Since it's a four-digit number, A can't be zero. So, A can be any digit from 1 to 9. That gives me 9 possible choices for A.

Next, the second digit, B. Since it's a four-digit number, B can be any digit from 0 to 9. So, that's 10 possible choices for B.

The third digit is the same as the second digit, B, so once I choose B, the third digit is determined. Similarly, the fourth digit is the same as the first digit, A, so once I choose A, the fourth digit is determined.

Therefore, the total number of four-digit palindromes should be the number of choices for A multiplied by the number of choices for B. That would be 9 (choices for A) multiplied by 10 (choices for B). Let me calculate that: 9 * 10 = 90.

Wait, but hold on. Let me make sure I'm not missing anything. Is there any restriction on the digits beyond what I considered? For example, can the middle digits be anything? In this case, yes, because the second and third digits are both B, so they don't have any restrictions beyond being digits. So, as long as A is from 1-9 and B is from 0-9, the number will be a palindrome.

Let me test this with an example. If A is 1 and B is 2, the number is 1221, which is a palindrome. If A is 9 and B is 0, the number is 9009, which is also a palindrome. If A is 5 and B is 5, the number is 5555, which is a palindrome. So, it seems like my reasoning holds.

Therefore, the total number of four-digit palindromes is 9 * 10 = 90. Looking at the choices, option D is 90, so that should be the answer.

But wait, let me double-check. Sometimes, when counting palindromes, people might forget about the middle digits or miscount the number of choices. Let me think again. The first digit has 9 choices, the second digit has 10, and the third and fourth digits are determined by the first and second digits, respectively. So, yes, 9 * 10 is correct.

Alternatively, I can think of it as the number of four-digit palindromes is equal to the number of choices for the first two digits, since the last two are determined. So, the first digit has 9 choices, the second digit has 10 choices, so 9 * 10 = 90. That seems consistent.

Another way to think about it is that a four-digit palindrome is determined entirely by its first two digits."," The first digit must be from 1-9, and the second digit can be from 0-9. So, the number of combinations is 9 * 10 = 90. Therefore, I'm confident that the correct answer is D) 90.

**Final Answer**
\boxed{D}
</think>

To find the total number of four-digit palindromes, we note that a four-digit palindrome has the form ABBA, where A and B are digits. The first digit (A) cannot be zero and must be from 1 to 9, giving 9 choices. The second digit (B) can be any digit from 0 to 9, giving 10 choices. The third digit is the same as the second digit, and the fourth digit is the same as the first digit.

Thus, the total number of four-digit palindromes is calculated by multiplying the number of choices for A and B:

\[
9 \text{ (choices for A)} \times 10 \text{ (choices for B)} = 90
\]

Therefore, the total number of four-digit palindromes is \(\boxed{D}\)."
50,878,D,20,1.0,"Okay, so I need to find the total number of four-digit palindromes. Hmm, let me think about what a palindrome is. A palindrome is a number that reads the same forwards and backwards. For example, 1331 is a palindrome because if you reverse the digits, you still get 1331. Similarly, 1221 is also a palindrome.

Since we're dealing with four-digit numbers, the number has to be between 1000 and 9999. Also, the first digit can't be zero because it's a four-digit number. So, the first digit has to be from 1 to 9, and the last digit has to be the same as the first digit because it's a palindrome. That makes sense.

Now, a four-digit palindrome has the form ABBA, where A and B are digits. Let me break that down. The first digit is A, the second is B, the third is also B, and the fourth is A again. So, the number looks like A B B A.

Let me think about how many choices I have for each digit. Starting with the first digit, A. Since it's a four-digit number, A can't be zero. So, A can be any digit from 1 to 9. That gives me 9 possible choices for A.

Next, the second digit, B. Since it's a four-digit number, B can be any digit from 0 to 9. So, that's 10 possible choices for B.

The third digit is the same as the second digit, B, so once I choose B, the third digit is determined. Similarly, the fourth digit is the same as the first digit, A, so once I choose A, the fourth digit is determined.

Therefore, the total number of four-digit palindromes should be the number of choices for A multiplied by the number of choices for B. That would be 9 (choices for A) multiplied by 10 (choices for B). Let me calculate that: 9 * 10 = 90.

Wait, but hold on. Let me make sure I'm not missing anything. Is there any restriction on the digits beyond what I considered? For example, can the middle digits be anything? In this case, yes, because the second and third digits are both B, so they don't have any restrictions beyond being digits. So, as long as A is from 1-9 and B is from 0-9, the number will be a palindrome.

Let me test this with an example. If A is 1 and B is 2, the number is 1221, which is a palindrome. If A is 9 and B is 0, the number is 9009, which is also a palindrome. If A is 5 and B is 5, the number is 5555, which is a palindrome. So, it seems like my reasoning holds.

Therefore, the total number of four-digit palindromes is 9 * 10 = 90. Looking at the choices, option D is 90, so that should be the answer.

But wait, let me double-check. Sometimes, when counting palindromes, people might forget about the middle digits or miscount the number of choices. Let me think again. The first digit has 9 choices, the second digit has 10, and the third and fourth digits are determined by the first and second digits, respectively. So, yes, 9 * 10 is correct.

Alternatively, I can think of it as the number of four-digit palindromes is equal to the number of choices for the first two digits, since the last two are determined. So, the first digit has 9 choices, the second digit has 10 choices, so 9 * 10 = 90. That seems consistent.

Another way to think about it is that a four-digit palindrome is determined entirely by its first two digits. The first digit can be 1-9, the second digit can be 0-9, so 9 * 10 = 90 possible combinations."," Therefore, 90 four-digit palindromes.

Yeah, I think I'm confident that the answer is 90, which is option D.

**Final Answer**
\boxed{D}
</think>

To find the total number of four-digit palindromes, we need to consider the structure of a four-digit palindrome, which is of the form ABBA. Here, A is the first digit and the fourth digit, while B is the second digit and the third digit.

1. The first digit (A) must be a non-zero digit, so it can be any of 1 through 9. This gives us 9 choices.
2. The second digit (B) can be any digit from 0 through 9, giving us 10 choices.
3. The third digit is the same as the second digit, and the fourth digit is the same as the first digit. Therefore, these are determined by A and B.

Thus, the total number of four-digit palindromes is the product of the number of choices for A and B:
\[ 9 \times 10 = 90 \]

Therefore, the total number of four-digit palindromes is \(\boxed{D}\)."
51,890,D,20,1.0,"Okay, so I need to find the total number of four-digit palindromes. Hmm, let me think about what a palindrome is. A palindrome is a number that reads the same forwards and backwards. For example, 1331 is a palindrome because if you reverse the digits, you still get 1331. Similarly, 1221 is also a palindrome.

Since we're dealing with four-digit numbers, the number has to be between 1000 and 9999. Also, the first digit can't be zero because it's a four-digit number. So, the first digit has to be from 1 to 9, and the last digit has to be the same as the first digit because it's a palindrome. That makes sense.

Now, a four-digit palindrome has the form ABBA, where A and B are digits. Let me break that down. The first digit is A, the second is B, the third is also B, and the fourth is A again. So, the number looks like A B B A.

Let me think about how many choices I have for each digit. Starting with the first digit, A. Since it's a four-digit number, A can't be zero. So, A can be any digit from 1 to 9. That gives me 9 possible choices for A.

Next, the second digit, B. Since it's a four-digit number, B can be any digit from 0 to 9. So, that's 10 possible choices for B.

The third digit is the same as the second digit, B, so once I choose B, the third digit is determined. Similarly, the fourth digit is the same as the first digit, A, so once I choose A, the fourth digit is determined.

Therefore, the total number of four-digit palindromes should be the number of choices for A multiplied by the number of choices for B. That would be 9 (choices for A) multiplied by 10 (choices for B). Let me calculate that: 9 * 10 = 90.

Wait, but hold on. Let me make sure I'm not missing anything. Is there any restriction on the digits beyond what I considered? For example, can the middle digits be anything? In this case, yes, because the second and third digits are both B, so they don't have any restrictions beyond being digits. So, as long as A is from 1-9 and B is from 0-9, the number will be a palindrome.

Let me test this with an example. If A is 1 and B is 2, the number is 1221, which is a palindrome. If A is 9 and B is 0, the number is 9009, which is also a palindrome. If A is 5 and B is 5, the number is 5555, which is a palindrome. So, it seems like my reasoning holds.

Therefore, the total number of four-digit palindromes is 9 * 10 = 90. Looking at the choices, option D is 90, so that should be the answer.

But wait, let me double-check. Sometimes, when counting palindromes, people might forget about the middle digits or miscount the number of choices. Let me think again. The first digit has 9 choices, the second digit has 10, and the third and fourth digits are determined by the first and second digits, respectively. So, yes, 9 * 10 is correct.

Alternatively, I can think of it as the number of four-digit palindromes is equal to the number of choices for the first two digits, since the last two are determined. So, the first digit has 9 choices, the second digit has 10 choices, so 9 * 10 = 90. That seems consistent.

Another way to think about it is that a four-digit palindrome is determined entirely by its first two digits. The first digit can be 1-9, the second digit can be 0-9, so 9 * 10 = 90 possible combinations. Therefore, 90 four-digit palindromes.

","I think that's solid. So, the answer must be D) 90.

**Final Answer**
\boxed{D}
</think>

To find the total number of four-digit palindromes, we recognize that a four-digit palindrome has the form ABBA, where A and B are digits. 

- The first digit (A) cannot be zero, so it has 9 possible choices (1-9).
- The second digit (B) can be any digit from 0-9, giving 10 possible choices.

The number of four-digit palindromes is the product of the number of choices for A and B:
\[ 9 \times 10 = 90 \]

Thus, the total number of four-digit palindromes is \(\boxed{D}\)."
52,896,D,20,1.0,"Okay, so I need to find the total number of four-digit palindromes. Hmm, let me think about what a palindrome is. A palindrome is a number that reads the same forwards and backwards. For example, 1331 is a palindrome because if you reverse the digits, you still get 1331. Similarly, 1221 is also a palindrome.

Since we're dealing with four-digit numbers, the number has to be between 1000 and 9999. Also, the first digit can't be zero because it's a four-digit number. So, the first digit has to be from 1 to 9, and the last digit has to be the same as the first digit because it's a palindrome. That makes sense.

Now, a four-digit palindrome has the form ABBA, where A and B are digits. Let me break that down. The first digit is A, the second is B, the third is also B, and the fourth is A again. So, the number looks like A B B A.

Let me think about how many choices I have for each digit. Starting with the first digit, A. Since it's a four-digit number, A can't be zero. So, A can be any digit from 1 to 9. That gives me 9 possible choices for A.

Next, the second digit, B. Since it's a four-digit number, B can be any digit from 0 to 9. So, that's 10 possible choices for B.

The third digit is the same as the second digit, B, so once I choose B, the third digit is determined. Similarly, the fourth digit is the same as the first digit, A, so once I choose A, the fourth digit is determined.

Therefore, the total number of four-digit palindromes should be the number of choices for A multiplied by the number of choices for B. That would be 9 (choices for A) multiplied by 10 (choices for B). Let me calculate that: 9 * 10 = 90.

Wait, but hold on. Let me make sure I'm not missing anything. Is there any restriction on the digits beyond what I considered? For example, can the middle digits be anything? In this case, yes, because the second and third digits are both B, so they don't have any restrictions beyond being digits. So, as long as A is from 1-9 and B is from 0-9, the number will be a palindrome.

Let me test this with an example. If A is 1 and B is 2, the number is 1221, which is a palindrome. If A is 9 and B is 0, the number is 9009, which is also a palindrome. If A is 5 and B is 5, the number is 5555, which is a palindrome. So, it seems like my reasoning holds.

Therefore, the total number of four-digit palindromes is 9 * 10 = 90. Looking at the choices, option D is 90, so that should be the answer.

But wait, let me double-check. Sometimes, when counting palindromes, people might forget about the middle digits or miscount the number of choices. Let me think again. The first digit has 9 choices, the second digit has 10, and the third and fourth digits are determined by the first and second digits, respectively. So, yes, 9 * 10 is correct.

Alternatively, I can think of it as the number of four-digit palindromes is equal to the number of choices for the first two digits, since the last two are determined. So, the first digit has 9 choices, the second digit has 10 choices, so 9 * 10 = 90. That seems consistent.

Another way to think about it is that a four-digit palindrome is determined entirely by its first two digits. The first digit can be 1-9, the second digit can be 0-9, so 9 * 10 = 90 possible combinations. Therefore, 90 four-digit palindromes.

I think that's solid."," So, the answer should be D) 90.

**Final Answer**
\boxed{D}
</think>

To find the total number of four-digit palindromes, we consider a four-digit palindrome in the form ABBA, where A and B are digits. 

1. The first digit (A) must be from 1 to 9, giving 9 possible choices.
2. The second digit (B) can be any digit from 0 to 9, giving 10 possible choices.
3. The third digit is the same as the second digit (B), and the fourth digit is the same as the first digit (A).

Thus, the total number of four-digit palindromes is calculated by multiplying the number of choices for A and B:
\[ 9 \times 10 = 90 \]

Therefore, the total number of four-digit palindromes is \(\boxed{D}\)."
53,908,D,20,1.0,"Okay, so I need to find the total number of four-digit palindromes. Hmm, let me think about what a palindrome is. A palindrome is a number that reads the same forwards and backwards. For example, 1331 is a palindrome because if you reverse the digits, you still get 1331. Similarly, 1221 is also a palindrome.

Since we're dealing with four-digit numbers, the number has to be between 1000 and 9999. Also, the first digit can't be zero because it's a four-digit number. So, the first digit has to be from 1 to 9, and the last digit has to be the same as the first digit because it's a palindrome. That makes sense.

Now, a four-digit palindrome has the form ABBA, where A and B are digits. Let me break that down. The first digit is A, the second is B, the third is also B, and the fourth is A again. So, the number looks like A B B A.

Let me think about how many choices I have for each digit. Starting with the first digit, A. Since it's a four-digit number, A can't be zero. So, A can be any digit from 1 to 9. That gives me 9 possible choices for A.

Next, the second digit, B. Since it's a four-digit number, B can be any digit from 0 to 9. So, that's 10 possible choices for B.

The third digit is the same as the second digit, B, so once I choose B, the third digit is determined. Similarly, the fourth digit is the same as the first digit, A, so once I choose A, the fourth digit is determined.

Therefore, the total number of four-digit palindromes should be the number of choices for A multiplied by the number of choices for B. That would be 9 (choices for A) multiplied by 10 (choices for B). Let me calculate that: 9 * 10 = 90.

Wait, but hold on. Let me make sure I'm not missing anything. Is there any restriction on the digits beyond what I considered? For example, can the middle digits be anything? In this case, yes, because the second and third digits are both B, so they don't have any restrictions beyond being digits. So, as long as A is from 1-9 and B is from 0-9, the number will be a palindrome.

Let me test this with an example. If A is 1 and B is 2, the number is 1221, which is a palindrome. If A is 9 and B is 0, the number is 9009, which is also a palindrome. If A is 5 and B is 5, the number is 5555, which is a palindrome. So, it seems like my reasoning holds.

Therefore, the total number of four-digit palindromes is 9 * 10 = 90. Looking at the choices, option D is 90, so that should be the answer.

But wait, let me double-check. Sometimes, when counting palindromes, people might forget about the middle digits or miscount the number of choices. Let me think again. The first digit has 9 choices, the second digit has 10, and the third and fourth digits are determined by the first and second digits, respectively. So, yes, 9 * 10 is correct.

Alternatively, I can think of it as the number of four-digit palindromes is equal to the number of choices for the first two digits, since the last two are determined. So, the first digit has 9 choices, the second digit has 10 choices, so 9 * 10 = 90. That seems consistent.

Another way to think about it is that a four-digit palindrome is determined entirely by its first two digits. The first digit can be 1-9, the second digit can be 0-9, so 9 * 10 = 90 possible combinations. Therefore, 90 four-digit palindromes.

I think that's solid. So, the answer should be D) 90.

","**Final Answer**
\boxed{D}
</think>

To find the total number of four-digit palindromes, we need to consider the structure of a four-digit palindrome, which is of the form \(ABBA\), where \(A\) and \(B\) are digits. 

1. The first digit \(A\) must be non-zero because it is the leading digit of a four-digit number. Therefore, \(A\) can be any digit from 1 to 9, giving us 9 choices.
2. The second digit \(B\) can be any digit from 0 to 9, giving us 10 choices.

Since the third digit is the same as the second digit \(B\) and the fourth digit is the same as the first digit \(A\), the number of four-digit palindromes is determined by the choices for \(A\) and \(B\).

Thus, the total number of four-digit palindromes is:
\[
9 \text{ (choices for } A) \times 10 \text{ (choices for } B) = 9 \times 10 = 90
\]

Therefore, the total number of four-digit palindromes is \(\boxed{D}\)."
54,912,D,20,1.0,"Okay, so I need to find the total number of four-digit palindromes. Hmm, let me think about what a palindrome is. A palindrome is a number that reads the same forwards and backwards. For example, 1331 is a palindrome because if you reverse the digits, you still get 1331. Similarly, 1221 is also a palindrome.

Since we're dealing with four-digit numbers, the number has to be between 1000 and 9999. Also, the first digit can't be zero because it's a four-digit number. So, the first digit has to be from 1 to 9, and the last digit has to be the same as the first digit because it's a palindrome. That makes sense.

Now, a four-digit palindrome has the form ABBA, where A and B are digits. Let me break that down. The first digit is A, the second is B, the third is also B, and the fourth is A again. So, the number looks like A B B A.

Let me think about how many choices I have for each digit. Starting with the first digit, A. Since it's a four-digit number, A can't be zero. So, A can be any digit from 1 to 9. That gives me 9 possible choices for A.

Next, the second digit, B. Since it's a four-digit number, B can be any digit from 0 to 9. So, that's 10 possible choices for B.

The third digit is the same as the second digit, B, so once I choose B, the third digit is determined. Similarly, the fourth digit is the same as the first digit, A, so once I choose A, the fourth digit is determined.

Therefore, the total number of four-digit palindromes should be the number of choices for A multiplied by the number of choices for B. That would be 9 (choices for A) multiplied by 10 (choices for B). Let me calculate that: 9 * 10 = 90.

Wait, but hold on. Let me make sure I'm not missing anything. Is there any restriction on the digits beyond what I considered? For example, can the middle digits be anything? In this case, yes, because the second and third digits are both B, so they don't have any restrictions beyond being digits. So, as long as A is from 1-9 and B is from 0-9, the number will be a palindrome.

Let me test this with an example. If A is 1 and B is 2, the number is 1221, which is a palindrome. If A is 9 and B is 0, the number is 9009, which is also a palindrome. If A is 5 and B is 5, the number is 5555, which is a palindrome. So, it seems like my reasoning holds.

Therefore, the total number of four-digit palindromes is 9 * 10 = 90. Looking at the choices, option D is 90, so that should be the answer.

But wait, let me double-check. Sometimes, when counting palindromes, people might forget about the middle digits or miscount the number of choices. Let me think again. The first digit has 9 choices, the second digit has 10, and the third and fourth digits are determined by the first and second digits, respectively. So, yes, 9 * 10 is correct.

Alternatively, I can think of it as the number of four-digit palindromes is equal to the number of choices for the first two digits, since the last two are determined. So, the first digit has 9 choices, the second digit has 10 choices, so 9 * 10 = 90. That seems consistent.

Another way to think about it is that a four-digit palindrome is determined entirely by its first two digits. The first digit can be 1-9, the second digit can be 0-9, so 9 * 10 = 90 possible combinations. Therefore, 90 four-digit palindromes.

I think that's solid. So, the answer should be D) 90.

**Final Answer**
","\boxed{D}
</think>

To find the total number of four-digit palindromes, we recall that a palindrome reads the same forwards and backwards. For a four-digit number, the form is ABBA, where A and B are digits. 

- The first digit (A) must be from 1 to 9 (9 choices).
- The second digit (B) can be from 0 to 9 (10 choices).
- The third and fourth digits are the same as the second and first digits, respectively.

Thus, the total number of four-digit palindromes is calculated by multiplying the number of choices for A and B:
\[ 9 \times 10 = 90 \]

Therefore, the total number of four-digit palindromes is \(\boxed{D}\)."
55,917,D,20,1.0,"Okay, so I need to find the total number of four-digit palindromes. Hmm, let me think about what a palindrome is. A palindrome is a number that reads the same forwards and backwards. For example, 1331 is a palindrome because if you reverse the digits, you still get 1331. Similarly, 1221 is also a palindrome.

Since we're dealing with four-digit numbers, the number has to be between 1000 and 9999. Also, the first digit can't be zero because it's a four-digit number. So, the first digit has to be from 1 to 9, and the last digit has to be the same as the first digit because it's a palindrome. That makes sense.

Now, a four-digit palindrome has the form ABBA, where A and B are digits. Let me break that down. The first digit is A, the second is B, the third is also B, and the fourth is A again. So, the number looks like A B B A.

Let me think about how many choices I have for each digit. Starting with the first digit, A. Since it's a four-digit number, A can't be zero. So, A can be any digit from 1 to 9. That gives me 9 possible choices for A.

Next, the second digit, B. Since it's a four-digit number, B can be any digit from 0 to 9. So, that's 10 possible choices for B.

The third digit is the same as the second digit, B, so once I choose B, the third digit is determined. Similarly, the fourth digit is the same as the first digit, A, so once I choose A, the fourth digit is determined.

Therefore, the total number of four-digit palindromes should be the number of choices for A multiplied by the number of choices for B. That would be 9 (choices for A) multiplied by 10 (choices for B). Let me calculate that: 9 * 10 = 90.

Wait, but hold on. Let me make sure I'm not missing anything. Is there any restriction on the digits beyond what I considered? For example, can the middle digits be anything? In this case, yes, because the second and third digits are both B, so they don't have any restrictions beyond being digits. So, as long as A is from 1-9 and B is from 0-9, the number will be a palindrome.

Let me test this with an example. If A is 1 and B is 2, the number is 1221, which is a palindrome. If A is 9 and B is 0, the number is 9009, which is also a palindrome. If A is 5 and B is 5, the number is 5555, which is a palindrome. So, it seems like my reasoning holds.

Therefore, the total number of four-digit palindromes is 9 * 10 = 90. Looking at the choices, option D is 90, so that should be the answer.

But wait, let me double-check. Sometimes, when counting palindromes, people might forget about the middle digits or miscount the number of choices. Let me think again. The first digit has 9 choices, the second digit has 10, and the third and fourth digits are determined by the first and second digits, respectively. So, yes, 9 * 10 is correct.

Alternatively, I can think of it as the number of four-digit palindromes is equal to the number of choices for the first two digits, since the last two are determined. So, the first digit has 9 choices, the second digit has 10 choices, so 9 * 10 = 90. That seems consistent.

Another way to think about it is that a four-digit palindrome is determined entirely by its first two digits. The first digit can be 1-9, the second digit can be 0-9, so 9 * 10 = 90 possible combinations. Therefore, 90 four-digit palindromes.

I think that's solid. So, the answer should be D) 90.

**Final Answer**
\boxed{D}
","</think>

To find the total number of four-digit palindromes, we need to consider the structure of a four-digit palindrome. A four-digit palindrome has the form ABBA, where A and B are digits. 

1. The first digit (A) cannot be zero and must be from 1 to 9, giving 9 possible choices.
2. The second digit (B) can be any digit from 0 to 9, giving 10 possible choices.

The third digit is the same as the second digit (B), and the fourth digit is the same as the first digit (A). Therefore, the number of four-digit palindromes is the product of the number of choices for A and B.

\[
9 \text{ (choices for A)} \times 10 \text{ (choices for B)} = 90
\]

Thus, the total number of four-digit palindromes is \(\boxed{D}\)."
56,919,D,20,1.0,"Okay, so I need to find the total number of four-digit palindromes. Hmm, let me think about what a palindrome is. A palindrome is a number that reads the same forwards and backwards. For example, 1331 is a palindrome because if you reverse the digits, you still get 1331. Similarly, 1221 is also a palindrome.

Since we're dealing with four-digit numbers, the number has to be between 1000 and 9999. Also, the first digit can't be zero because it's a four-digit number. So, the first digit has to be from 1 to 9, and the last digit has to be the same as the first digit because it's a palindrome. That makes sense.

Now, a four-digit palindrome has the form ABBA, where A and B are digits. Let me break that down. The first digit is A, the second is B, the third is also B, and the fourth is A again. So, the number looks like A B B A.

Let me think about how many choices I have for each digit. Starting with the first digit, A. Since it's a four-digit number, A can't be zero. So, A can be any digit from 1 to 9. That gives me 9 possible choices for A.

Next, the second digit, B. Since it's a four-digit number, B can be any digit from 0 to 9. So, that's 10 possible choices for B.

The third digit is the same as the second digit, B, so once I choose B, the third digit is determined. Similarly, the fourth digit is the same as the first digit, A, so once I choose A, the fourth digit is determined.

Therefore, the total number of four-digit palindromes should be the number of choices for A multiplied by the number of choices for B. That would be 9 (choices for A) multiplied by 10 (choices for B). Let me calculate that: 9 * 10 = 90.

Wait, but hold on. Let me make sure I'm not missing anything. Is there any restriction on the digits beyond what I considered? For example, can the middle digits be anything? In this case, yes, because the second and third digits are both B, so they don't have any restrictions beyond being digits. So, as long as A is from 1-9 and B is from 0-9, the number will be a palindrome.

Let me test this with an example. If A is 1 and B is 2, the number is 1221, which is a palindrome. If A is 9 and B is 0, the number is 9009, which is also a palindrome. If A is 5 and B is 5, the number is 5555, which is a palindrome. So, it seems like my reasoning holds.

Therefore, the total number of four-digit palindromes is 9 * 10 = 90. Looking at the choices, option D is 90, so that should be the answer.

But wait, let me double-check. Sometimes, when counting palindromes, people might forget about the middle digits or miscount the number of choices. Let me think again. The first digit has 9 choices, the second digit has 10, and the third and fourth digits are determined by the first and second digits, respectively. So, yes, 9 * 10 is correct.

Alternatively, I can think of it as the number of four-digit palindromes is equal to the number of choices for the first two digits, since the last two are determined. So, the first digit has 9 choices, the second digit has 10 choices, so 9 * 10 = 90. That seems consistent.

Another way to think about it is that a four-digit palindrome is determined entirely by its first two digits. The first digit can be 1-9, the second digit can be 0-9, so 9 * 10 = 90 possible combinations. Therefore, 90 four-digit palindromes.

I think that's solid. So, the answer should be D) 90.

**Final Answer**
\boxed{D}
</think>

","To find the total number of four-digit palindromes, we note that a four-digit palindrome has the form \(ABBA\), where \(A\) and \(B\) are digits. 

- The first digit \(A\) must be from 1 to 9 (since it cannot be zero), giving 9 possible choices.
- The second digit \(B\) can be any digit from 0 to 9, giving 10 possible choices.

Since the third digit is the same as the second digit \(B\) and the fourth digit is the same as the first digit \(A\), the number of four-digit palindromes is determined by the choices of \(A\) and \(B\).

Thus, the total number of four-digit palindromes is:
\[
9 \text{ (choices for } A) \times 10 \text{ (choices for } B) = 90
\]

Therefore, the final answer is \(\boxed{D}\)."
57,959,D,20,1.0,"Okay, so I need to find the total number of four-digit palindromes. Hmm, let me think about what a palindrome is. A palindrome is a number that reads the same forwards and backwards. For example, 1331 is a palindrome because if you reverse the digits, you still get 1331. Similarly, 1221 is also a palindrome.

Since we're dealing with four-digit numbers, the number has to be between 1000 and 9999. Also, the first digit can't be zero because it's a four-digit number. So, the first digit has to be from 1 to 9, and the last digit has to be the same as the first digit because it's a palindrome. That makes sense.

Now, a four-digit palindrome has the form ABBA, where A and B are digits. Let me break that down. The first digit is A, the second is B, the third is also B, and the fourth is A again. So, the number looks like A B B A.

Let me think about how many choices I have for each digit. Starting with the first digit, A. Since it's a four-digit number, A can't be zero. So, A can be any digit from 1 to 9. That gives me 9 possible choices for A.

Next, the second digit, B. Since it's a four-digit number, B can be any digit from 0 to 9. So, that's 10 possible choices for B.

The third digit is the same as the second digit, B, so once I choose B, the third digit is determined. Similarly, the fourth digit is the same as the first digit, A, so once I choose A, the fourth digit is determined.

Therefore, the total number of four-digit palindromes should be the number of choices for A multiplied by the number of choices for B. That would be 9 (choices for A) multiplied by 10 (choices for B). Let me calculate that: 9 * 10 = 90.

Wait, but hold on. Let me make sure I'm not missing anything. Is there any restriction on the digits beyond what I considered? For example, can the middle digits be anything? In this case, yes, because the second and third digits are both B, so they don't have any restrictions beyond being digits. So, as long as A is from 1-9 and B is from 0-9, the number will be a palindrome.

Let me test this with an example. If A is 1 and B is 2, the number is 1221, which is a palindrome. If A is 9 and B is 0, the number is 9009, which is also a palindrome. If A is 5 and B is 5, the number is 5555, which is a palindrome. So, it seems like my reasoning holds.

Therefore, the total number of four-digit palindromes is 9 * 10 = 90. Looking at the choices, option D is 90, so that should be the answer.

But wait, let me double-check. Sometimes, when counting palindromes, people might forget about the middle digits or miscount the number of choices. Let me think again. The first digit has 9 choices, the second digit has 10, and the third and fourth digits are determined by the first and second digits, respectively. So, yes, 9 * 10 is correct.

Alternatively, I can think of it as the number of four-digit palindromes is equal to the number of choices for the first two digits, since the last two are determined. So, the first digit has 9 choices, the second digit has 10 choices, so 9 * 10 = 90. That seems consistent.

Another way to think about it is that a four-digit palindrome is determined entirely by its first two digits. The first digit can be 1-9, the second digit can be 0-9, so 9 * 10 = 90 possible combinations. Therefore, 90 four-digit palindromes.

I think that's solid. So, the answer should be D) 90.

**Final Answer**
\boxed{D}
</think>

To find the total number of four-digit palindromes, we need to consider the structure of a four-digit palindrome, which is of the form ABBA, where A and B are digits."," Here, A cannot be zero because it is the first digit of a four-digit number.

1. The first digit (A) can be any digit from 1 to 9, giving us 9 choices.
2. The second digit (B) can be any digit from 0 to 9, giving us 10 choices.

Since the third digit is the same as the second digit (B) and the fourth digit is the same as the first digit (A), the choices for B are independent of A. Therefore, the total number of four-digit palindromes is calculated by multiplying the number of choices for A by the number of choices for B.

\[
9 \text{ (choices for A)} \times 10 \text{ (choices for B)} = 90
\]

Thus, the total number of four-digit palindromes is \(\boxed{D}\)."
58,960,D,20,1.0,"Okay, so I need to find the total number of four-digit palindromes. Hmm, let me think about what a palindrome is. A palindrome is a number that reads the same forwards and backwards. For example, 1331 is a palindrome because if you reverse the digits, you still get 1331. Similarly, 1221 is also a palindrome.

Since we're dealing with four-digit numbers, the number has to be between 1000 and 9999. Also, the first digit can't be zero because it's a four-digit number. So, the first digit has to be from 1 to 9, and the last digit has to be the same as the first digit because it's a palindrome. That makes sense.

Now, a four-digit palindrome has the form ABBA, where A and B are digits. Let me break that down. The first digit is A, the second is B, the third is also B, and the fourth is A again. So, the number looks like A B B A.

Let me think about how many choices I have for each digit. Starting with the first digit, A. Since it's a four-digit number, A can't be zero. So, A can be any digit from 1 to 9. That gives me 9 possible choices for A.

Next, the second digit, B. Since it's a four-digit number, B can be any digit from 0 to 9. So, that's 10 possible choices for B.

The third digit is the same as the second digit, B, so once I choose B, the third digit is determined. Similarly, the fourth digit is the same as the first digit, A, so once I choose A, the fourth digit is determined.

Therefore, the total number of four-digit palindromes should be the number of choices for A multiplied by the number of choices for B. That would be 9 (choices for A) multiplied by 10 (choices for B). Let me calculate that: 9 * 10 = 90.

Wait, but hold on. Let me make sure I'm not missing anything. Is there any restriction on the digits beyond what I considered? For example, can the middle digits be anything? In this case, yes, because the second and third digits are both B, so they don't have any restrictions beyond being digits. So, as long as A is from 1-9 and B is from 0-9, the number will be a palindrome.

Let me test this with an example. If A is 1 and B is 2, the number is 1221, which is a palindrome. If A is 9 and B is 0, the number is 9009, which is also a palindrome. If A is 5 and B is 5, the number is 5555, which is a palindrome. So, it seems like my reasoning holds.

Therefore, the total number of four-digit palindromes is 9 * 10 = 90. Looking at the choices, option D is 90, so that should be the answer.

But wait, let me double-check. Sometimes, when counting palindromes, people might forget about the middle digits or miscount the number of choices. Let me think again. The first digit has 9 choices, the second digit has 10, and the third and fourth digits are determined by the first and second digits, respectively. So, yes, 9 * 10 is correct.

Alternatively, I can think of it as the number of four-digit palindromes is equal to the number of choices for the first two digits, since the last two are determined. So, the first digit has 9 choices, the second digit has 10 choices, so 9 * 10 = 90. That seems consistent.

Another way to think about it is that a four-digit palindrome is determined entirely by its first two digits. The first digit can be 1-9, the second digit can be 0-9, so 9 * 10 = 90 possible combinations. Therefore, 90 four-digit palindromes.

I think that's solid. So, the answer should be D) 90.

**Final Answer**
\boxed{D}
</think>

To find the total number of four-digit palindromes, we need to consider the structure of a four-digit palindrome, which is of the form ABBA, where A and B are digits. 

","1. The first digit (A) cannot be zero, so it has 9 possible choices (1-9).
2. The second digit (B) can be any digit from 0 to 9, giving 10 possible choices.
3. The third digit is the same as the second digit, and the fourth digit is the same as the first digit.

Thus, the total number of four-digit palindromes is the product of the number of choices for A and B:
\[ 9 \times 10 = 90 \]

Therefore, the total number of four-digit palindromes is \(\boxed{D}\)."
59,962,D,20,1.0,"Okay, so I need to find the total number of four-digit palindromes. Hmm, let me think about what a palindrome is. A palindrome is a number that reads the same forwards and backwards. For example, 1331 is a palindrome because if you reverse the digits, you still get 1331. Similarly, 1221 is also a palindrome.

Since we're dealing with four-digit numbers, the number has to be between 1000 and 9999. Also, the first digit can't be zero because it's a four-digit number. So, the first digit has to be from 1 to 9, and the last digit has to be the same as the first digit because it's a palindrome. That makes sense.

Now, a four-digit palindrome has the form ABBA, where A and B are digits. Let me break that down. The first digit is A, the second is B, the third is also B, and the fourth is A again. So, the number looks like A B B A.

Let me think about how many choices I have for each digit. Starting with the first digit, A. Since it's a four-digit number, A can't be zero. So, A can be any digit from 1 to 9. That gives me 9 possible choices for A.

Next, the second digit, B. Since it's a four-digit number, B can be any digit from 0 to 9. So, that's 10 possible choices for B.

The third digit is the same as the second digit, B, so once I choose B, the third digit is determined. Similarly, the fourth digit is the same as the first digit, A, so once I choose A, the fourth digit is determined.

Therefore, the total number of four-digit palindromes should be the number of choices for A multiplied by the number of choices for B. That would be 9 (choices for A) multiplied by 10 (choices for B). Let me calculate that: 9 * 10 = 90.

Wait, but hold on. Let me make sure I'm not missing anything. Is there any restriction on the digits beyond what I considered? For example, can the middle digits be anything? In this case, yes, because the second and third digits are both B, so they don't have any restrictions beyond being digits. So, as long as A is from 1-9 and B is from 0-9, the number will be a palindrome.

Let me test this with an example. If A is 1 and B is 2, the number is 1221, which is a palindrome. If A is 9 and B is 0, the number is 9009, which is also a palindrome. If A is 5 and B is 5, the number is 5555, which is a palindrome. So, it seems like my reasoning holds.

Therefore, the total number of four-digit palindromes is 9 * 10 = 90. Looking at the choices, option D is 90, so that should be the answer.

But wait, let me double-check. Sometimes, when counting palindromes, people might forget about the middle digits or miscount the number of choices. Let me think again. The first digit has 9 choices, the second digit has 10, and the third and fourth digits are determined by the first and second digits, respectively. So, yes, 9 * 10 is correct.

Alternatively, I can think of it as the number of four-digit palindromes is equal to the number of choices for the first two digits, since the last two are determined. So, the first digit has 9 choices, the second digit has 10 choices, so 9 * 10 = 90. That seems consistent.

Another way to think about it is that a four-digit palindrome is determined entirely by its first two digits. The first digit can be 1-9, the second digit can be 0-9, so 9 * 10 = 90 possible combinations. Therefore, 90 four-digit palindromes.

I think that's solid. So, the answer should be D) 90.

**Final Answer**
\boxed{D}
</think>

To find the total number of four-digit palindromes, we need to consider the structure of a four-digit palindrome, which is of the form ABBA, where A and B are digits. 

1."," The first digit (A) cannot be zero and can be any digit from 1 to 9, giving us 9 choices.
2. The second digit (B) can be any digit from 0 to 9, giving us 10 choices.
3. The third digit is the same as the second digit (B), and the fourth digit is the same as the first digit (A).

Thus, the total number of four-digit palindromes is calculated by multiplying the number of choices for A and B:
\[ 9 \text{ (choices for A)} \times 10 \text{ (choices for B)} = 90 \]

Therefore, the total number of four-digit palindromes is \(\boxed{D}\)."
60,984,D,20,1.0,"Okay, so I need to find the total number of four-digit palindromes. Hmm, let me think about what a palindrome is. A palindrome is a number that reads the same forwards and backwards. For example, 1331 is a palindrome because if you reverse the digits, you still get 1331. Similarly, 1221 is also a palindrome.

Since we're dealing with four-digit numbers, the number has to be between 1000 and 9999. Also, the first digit can't be zero because it's a four-digit number. So, the first digit has to be from 1 to 9, and the last digit has to be the same as the first digit because it's a palindrome. That makes sense.

Now, a four-digit palindrome has the form ABBA, where A and B are digits. Let me break that down. The first digit is A, the second is B, the third is also B, and the fourth is A again. So, the number looks like A B B A.

Let me think about how many choices I have for each digit. Starting with the first digit, A. Since it's a four-digit number, A can't be zero. So, A can be any digit from 1 to 9. That gives me 9 possible choices for A.

Next, the second digit, B. Since it's a four-digit number, B can be any digit from 0 to 9. So, that's 10 possible choices for B.

The third digit is the same as the second digit, B, so once I choose B, the third digit is determined. Similarly, the fourth digit is the same as the first digit, A, so once I choose A, the fourth digit is determined.

Therefore, the total number of four-digit palindromes should be the number of choices for A multiplied by the number of choices for B. That would be 9 (choices for A) multiplied by 10 (choices for B). Let me calculate that: 9 * 10 = 90.

Wait, but hold on. Let me make sure I'm not missing anything. Is there any restriction on the digits beyond what I considered? For example, can the middle digits be anything? In this case, yes, because the second and third digits are both B, so they don't have any restrictions beyond being digits. So, as long as A is from 1-9 and B is from 0-9, the number will be a palindrome.

Let me test this with an example. If A is 1 and B is 2, the number is 1221, which is a palindrome. If A is 9 and B is 0, the number is 9009, which is also a palindrome. If A is 5 and B is 5, the number is 5555, which is a palindrome. So, it seems like my reasoning holds.

Therefore, the total number of four-digit palindromes is 9 * 10 = 90. Looking at the choices, option D is 90, so that should be the answer.

But wait, let me double-check. Sometimes, when counting palindromes, people might forget about the middle digits or miscount the number of choices. Let me think again. The first digit has 9 choices, the second digit has 10, and the third and fourth digits are determined by the first and second digits, respectively. So, yes, 9 * 10 is correct.

Alternatively, I can think of it as the number of four-digit palindromes is equal to the number of choices for the first two digits, since the last two are determined. So, the first digit has 9 choices, the second digit has 10 choices, so 9 * 10 = 90. That seems consistent.

Another way to think about it is that a four-digit palindrome is determined entirely by its first two digits. The first digit can be 1-9, the second digit can be 0-9, so 9 * 10 = 90 possible combinations. Therefore, 90 four-digit palindromes.

I think that's solid. So, the answer should be D) 90.

**Final Answer**
\boxed{D}
</think>

To find the total number of four-digit palindromes, we need to consider the structure of a four-digit palindrome, which is of the form ABBA, where A and B are digits. 

1. The first digit (A) cannot be zero, so it has 9 possible choices (1-9).
","2. The second digit (B) can be any digit from 0-9, giving 10 possible choices.
3. The third digit is the same as the second digit, so it is determined by B.
4. The fourth digit is the same as the first digit, so it is determined by A.

Thus, the total number of four-digit palindromes is calculated by multiplying the number of choices for A and B:
\[ 9 \times 10 = 90 \]

Therefore, the total number of four-digit palindromes is \(\boxed{D}\)."
61,986,D,20,1.0,"Okay, so I need to find the total number of four-digit palindromes. Hmm, let me think about what a palindrome is. A palindrome is a number that reads the same forwards and backwards. For example, 1331 is a palindrome because if you reverse the digits, you still get 1331. Similarly, 1221 is also a palindrome.

Since we're dealing with four-digit numbers, the number has to be between 1000 and 9999. Also, the first digit can't be zero because it's a four-digit number. So, the first digit has to be from 1 to 9, and the last digit has to be the same as the first digit because it's a palindrome. That makes sense.

Now, a four-digit palindrome has the form ABBA, where A and B are digits. Let me break that down. The first digit is A, the second is B, the third is also B, and the fourth is A again. So, the number looks like A B B A.

Let me think about how many choices I have for each digit. Starting with the first digit, A. Since it's a four-digit number, A can't be zero. So, A can be any digit from 1 to 9. That gives me 9 possible choices for A.

Next, the second digit, B. Since it's a four-digit number, B can be any digit from 0 to 9. So, that's 10 possible choices for B.

The third digit is the same as the second digit, B, so once I choose B, the third digit is determined. Similarly, the fourth digit is the same as the first digit, A, so once I choose A, the fourth digit is determined.

Therefore, the total number of four-digit palindromes should be the number of choices for A multiplied by the number of choices for B. That would be 9 (choices for A) multiplied by 10 (choices for B). Let me calculate that: 9 * 10 = 90.

Wait, but hold on. Let me make sure I'm not missing anything. Is there any restriction on the digits beyond what I considered? For example, can the middle digits be anything? In this case, yes, because the second and third digits are both B, so they don't have any restrictions beyond being digits. So, as long as A is from 1-9 and B is from 0-9, the number will be a palindrome.

Let me test this with an example. If A is 1 and B is 2, the number is 1221, which is a palindrome. If A is 9 and B is 0, the number is 9009, which is also a palindrome. If A is 5 and B is 5, the number is 5555, which is a palindrome. So, it seems like my reasoning holds.

Therefore, the total number of four-digit palindromes is 9 * 10 = 90. Looking at the choices, option D is 90, so that should be the answer.

But wait, let me double-check. Sometimes, when counting palindromes, people might forget about the middle digits or miscount the number of choices. Let me think again. The first digit has 9 choices, the second digit has 10, and the third and fourth digits are determined by the first and second digits, respectively. So, yes, 9 * 10 is correct.

Alternatively, I can think of it as the number of four-digit palindromes is equal to the number of choices for the first two digits, since the last two are determined. So, the first digit has 9 choices, the second digit has 10 choices, so 9 * 10 = 90. That seems consistent.

Another way to think about it is that a four-digit palindrome is determined entirely by its first two digits. The first digit can be 1-9, the second digit can be 0-9, so 9 * 10 = 90 possible combinations. Therefore, 90 four-digit palindromes.

I think that's solid. So, the answer should be D) 90.

**Final Answer**
\boxed{D}
</think>

To find the total number of four-digit palindromes, we need to consider the structure of a four-digit palindrome, which is of the form ABBA, where A and B are digits. 

1. The first digit (A) cannot be zero, so it has 9 possible choices (1-9).
2."," The second digit (B) can be any digit from 0-9, giving it 10 possible choices.
3. The third digit is the same as the second digit (B), and the fourth digit is the same as the first digit (A).

Thus, the total number of four-digit palindromes is calculated by multiplying the number of choices for A and B:
\[ 9 \times 10 = 90 \]

Therefore, the total number of four-digit palindromes is \(\boxed{D}\)."
62,1009,D,20,1.0,"Okay, so I need to find the total number of four-digit palindromes. Hmm, let me think about what a palindrome is. A palindrome is a number that reads the same forwards and backwards. For example, 1331 is a palindrome because if you reverse the digits, you still get 1331. Similarly, 1221 is also a palindrome.

Since we're dealing with four-digit numbers, the number has to be between 1000 and 9999. Also, the first digit can't be zero because it's a four-digit number. So, the first digit has to be from 1 to 9, and the last digit has to be the same as the first digit because it's a palindrome. That makes sense.

Now, a four-digit palindrome has the form ABBA, where A and B are digits. Let me break that down. The first digit is A, the second is B, the third is also B, and the fourth is A again. So, the number looks like A B B A.

Let me think about how many choices I have for each digit. Starting with the first digit, A. Since it's a four-digit number, A can't be zero. So, A can be any digit from 1 to 9. That gives me 9 possible choices for A.

Next, the second digit, B. Since it's a four-digit number, B can be any digit from 0 to 9. So, that's 10 possible choices for B.

The third digit is the same as the second digit, B, so once I choose B, the third digit is determined. Similarly, the fourth digit is the same as the first digit, A, so once I choose A, the fourth digit is determined.

Therefore, the total number of four-digit palindromes should be the number of choices for A multiplied by the number of choices for B. That would be 9 (choices for A) multiplied by 10 (choices for B). Let me calculate that: 9 * 10 = 90.

Wait, but hold on. Let me make sure I'm not missing anything. Is there any restriction on the digits beyond what I considered? For example, can the middle digits be anything? In this case, yes, because the second and third digits are both B, so they don't have any restrictions beyond being digits. So, as long as A is from 1-9 and B is from 0-9, the number will be a palindrome.

Let me test this with an example. If A is 1 and B is 2, the number is 1221, which is a palindrome. If A is 9 and B is 0, the number is 9009, which is also a palindrome. If A is 5 and B is 5, the number is 5555, which is a palindrome. So, it seems like my reasoning holds.

Therefore, the total number of four-digit palindromes is 9 * 10 = 90. Looking at the choices, option D is 90, so that should be the answer.

But wait, let me double-check. Sometimes, when counting palindromes, people might forget about the middle digits or miscount the number of choices. Let me think again. The first digit has 9 choices, the second digit has 10, and the third and fourth digits are determined by the first and second digits, respectively. So, yes, 9 * 10 is correct.

Alternatively, I can think of it as the number of four-digit palindromes is equal to the number of choices for the first two digits, since the last two are determined. So, the first digit has 9 choices, the second digit has 10 choices, so 9 * 10 = 90. That seems consistent.

Another way to think about it is that a four-digit palindrome is determined entirely by its first two digits. The first digit can be 1-9, the second digit can be 0-9, so 9 * 10 = 90 possible combinations. Therefore, 90 four-digit palindromes.

I think that's solid. So, the answer should be D) 90.

**Final Answer**
\boxed{D}
</think>

To find the total number of four-digit palindromes, we need to consider the structure of a four-digit palindrome, which is of the form ABBA, where A and B are digits. 

1. The first digit (A) cannot be zero, so it has 9 possible choices (1-9).
2. The second digit (B) can be any digit from 0-9, giving 10 possible choices.
","3. The third digit is the same as the second digit (B), and the fourth digit is the same as the first digit (A).

Thus, the total number of four-digit palindromes is calculated by multiplying the number of choices for A and B:
\[ 9 \text{ (choices for A)} \times 10 \text{ (choices for B)} = 90 \]

Therefore, the total number of four-digit palindromes is \(\boxed{D}\)."
63,1011,D,20,1.0,"Okay, so I need to find the total number of four-digit palindromes. Hmm, let me think about what a palindrome is. A palindrome is a number that reads the same forwards and backwards. For example, 1331 is a palindrome because if you reverse the digits, you still get 1331. Similarly, 1221 is also a palindrome.

Since we're dealing with four-digit numbers, the number has to be between 1000 and 9999. Also, the first digit can't be zero because it's a four-digit number. So, the first digit has to be from 1 to 9, and the last digit has to be the same as the first digit because it's a palindrome. That makes sense.

Now, a four-digit palindrome has the form ABBA, where A and B are digits. Let me break that down. The first digit is A, the second is B, the third is also B, and the fourth is A again. So, the number looks like A B B A.

Let me think about how many choices I have for each digit. Starting with the first digit, A. Since it's a four-digit number, A can't be zero. So, A can be any digit from 1 to 9. That gives me 9 possible choices for A.

Next, the second digit, B. Since it's a four-digit number, B can be any digit from 0 to 9. So, that's 10 possible choices for B.

The third digit is the same as the second digit, B, so once I choose B, the third digit is determined. Similarly, the fourth digit is the same as the first digit, A, so once I choose A, the fourth digit is determined.

Therefore, the total number of four-digit palindromes should be the number of choices for A multiplied by the number of choices for B. That would be 9 (choices for A) multiplied by 10 (choices for B). Let me calculate that: 9 * 10 = 90.

Wait, but hold on. Let me make sure I'm not missing anything. Is there any restriction on the digits beyond what I considered? For example, can the middle digits be anything? In this case, yes, because the second and third digits are both B, so they don't have any restrictions beyond being digits. So, as long as A is from 1-9 and B is from 0-9, the number will be a palindrome.

Let me test this with an example. If A is 1 and B is 2, the number is 1221, which is a palindrome. If A is 9 and B is 0, the number is 9009, which is also a palindrome. If A is 5 and B is 5, the number is 5555, which is a palindrome. So, it seems like my reasoning holds.

Therefore, the total number of four-digit palindromes is 9 * 10 = 90. Looking at the choices, option D is 90, so that should be the answer.

But wait, let me double-check. Sometimes, when counting palindromes, people might forget about the middle digits or miscount the number of choices. Let me think again. The first digit has 9 choices, the second digit has 10, and the third and fourth digits are determined by the first and second digits, respectively. So, yes, 9 * 10 is correct.

Alternatively, I can think of it as the number of four-digit palindromes is equal to the number of choices for the first two digits, since the last two are determined. So, the first digit has 9 choices, the second digit has 10 choices, so 9 * 10 = 90. That seems consistent.

Another way to think about it is that a four-digit palindrome is determined entirely by its first two digits. The first digit can be 1-9, the second digit can be 0-9, so 9 * 10 = 90 possible combinations. Therefore, 90 four-digit palindromes.

I think that's solid. So, the answer should be D) 90.

**Final Answer**
\boxed{D}
</think>

To find the total number of four-digit palindromes, we need to consider the structure of a four-digit palindrome, which is of the form ABBA, where A and B are digits. 

1. The first digit (A) cannot be zero, so it has 9 possible choices (1-9).
2. The second digit (B) can be any digit from 0-9, giving 10 possible choices.
3."," The third digit is the same as the second digit, and the fourth digit is the same as the first digit.

Thus, the total number of four-digit palindromes is calculated by multiplying the number of choices for A and B:
\[ 9 \times 10 = 90 \]

Therefore, the total number of four-digit palindromes is \(\boxed{D}\)."
64,1038,D,20,1.0,"Okay, so I need to find the total number of four-digit palindromes. Hmm, let me think about what a palindrome is. A palindrome is a number that reads the same forwards and backwards. For example, 1331 is a palindrome because if you reverse the digits, you still get 1331. Similarly, 1221 is also a palindrome.

Since we're dealing with four-digit numbers, the number has to be between 1000 and 9999. Also, the first digit can't be zero because it's a four-digit number. So, the first digit has to be from 1 to 9, and the last digit has to be the same as the first digit because it's a palindrome. That makes sense.

Now, a four-digit palindrome has the form ABBA, where A and B are digits. Let me break that down. The first digit is A, the second is B, the third is also B, and the fourth is A again. So, the number looks like A B B A.

Let me think about how many choices I have for each digit. Starting with the first digit, A. Since it's a four-digit number, A can't be zero. So, A can be any digit from 1 to 9. That gives me 9 possible choices for A.

Next, the second digit, B. Since it's a four-digit number, B can be any digit from 0 to 9. So, that's 10 possible choices for B.

The third digit is the same as the second digit, B, so once I choose B, the third digit is determined. Similarly, the fourth digit is the same as the first digit, A, so once I choose A, the fourth digit is determined.

Therefore, the total number of four-digit palindromes should be the number of choices for A multiplied by the number of choices for B. That would be 9 (choices for A) multiplied by 10 (choices for B). Let me calculate that: 9 * 10 = 90.

Wait, but hold on. Let me make sure I'm not missing anything. Is there any restriction on the digits beyond what I considered? For example, can the middle digits be anything? In this case, yes, because the second and third digits are both B, so they don't have any restrictions beyond being digits. So, as long as A is from 1-9 and B is from 0-9, the number will be a palindrome.

Let me test this with an example. If A is 1 and B is 2, the number is 1221, which is a palindrome. If A is 9 and B is 0, the number is 9009, which is also a palindrome. If A is 5 and B is 5, the number is 5555, which is a palindrome. So, it seems like my reasoning holds.

Therefore, the total number of four-digit palindromes is 9 * 10 = 90. Looking at the choices, option D is 90, so that should be the answer.

But wait, let me double-check. Sometimes, when counting palindromes, people might forget about the middle digits or miscount the number of choices. Let me think again. The first digit has 9 choices, the second digit has 10, and the third and fourth digits are determined by the first and second digits, respectively. So, yes, 9 * 10 is correct.

Alternatively, I can think of it as the number of four-digit palindromes is equal to the number of choices for the first two digits, since the last two are determined. So, the first digit has 9 choices, the second digit has 10 choices, so 9 * 10 = 90. That seems consistent.

Another way to think about it is that a four-digit palindrome is determined entirely by its first two digits. The first digit can be 1-9, the second digit can be 0-9, so 9 * 10 = 90 possible combinations. Therefore, 90 four-digit palindromes.

I think that's solid. So, the answer should be D) 90.

**Final Answer**
\boxed{D}
</think>

To find the total number of four-digit palindromes, we need to consider the structure of a four-digit palindrome, which is of the form ABBA, where A and B are digits. 

1. The first digit (A) cannot be zero, so it has 9 possible choices (1-9).
2. The second digit (B) can be any digit from 0-9, giving 10 possible choices.
3. The third digit is the same as the second digit (B), and the fourth digit is the same as the first digit (A).

","Thus, the total number of four-digit palindromes is the product of the number of choices for A and B:
\[ 9 \times 10 = 90 \]

Therefore, the total number of four-digit palindromes is \(\boxed{D}\)."
65,1063,D,20,1.0,"Okay, so I need to find the total number of four-digit palindromes. Hmm, let me think about what a palindrome is. A palindrome is a number that reads the same forwards and backwards. For example, 1331 is a palindrome because if you reverse the digits, you still get 1331. Similarly, 1221 is also a palindrome.

Since we're dealing with four-digit numbers, the number has to be between 1000 and 9999. Also, the first digit can't be zero because it's a four-digit number. So, the first digit has to be from 1 to 9, and the last digit has to be the same as the first digit because it's a palindrome. That makes sense.

Now, a four-digit palindrome has the form ABBA, where A and B are digits. Let me break that down. The first digit is A, the second is B, the third is also B, and the fourth is A again. So, the number looks like A B B A.

Let me think about how many choices I have for each digit. Starting with the first digit, A. Since it's a four-digit number, A can't be zero. So, A can be any digit from 1 to 9. That gives me 9 possible choices for A.

Next, the second digit, B. Since it's a four-digit number, B can be any digit from 0 to 9. So, that's 10 possible choices for B.

The third digit is the same as the second digit, B, so once I choose B, the third digit is determined. Similarly, the fourth digit is the same as the first digit, A, so once I choose A, the fourth digit is determined.

Therefore, the total number of four-digit palindromes should be the number of choices for A multiplied by the number of choices for B. That would be 9 (choices for A) multiplied by 10 (choices for B). Let me calculate that: 9 * 10 = 90.

Wait, but hold on. Let me make sure I'm not missing anything. Is there any restriction on the digits beyond what I considered? For example, can the middle digits be anything? In this case, yes, because the second and third digits are both B, so they don't have any restrictions beyond being digits. So, as long as A is from 1-9 and B is from 0-9, the number will be a palindrome.

Let me test this with an example. If A is 1 and B is 2, the number is 1221, which is a palindrome. If A is 9 and B is 0, the number is 9009, which is also a palindrome. If A is 5 and B is 5, the number is 5555, which is a palindrome. So, it seems like my reasoning holds.

Therefore, the total number of four-digit palindromes is 9 * 10 = 90. Looking at the choices, option D is 90, so that should be the answer.

But wait, let me double-check. Sometimes, when counting palindromes, people might forget about the middle digits or miscount the number of choices. Let me think again. The first digit has 9 choices, the second digit has 10, and the third and fourth digits are determined by the first and second digits, respectively. So, yes, 9 * 10 is correct.

Alternatively, I can think of it as the number of four-digit palindromes is equal to the number of choices for the first two digits, since the last two are determined. So, the first digit has 9 choices, the second digit has 10 choices, so 9 * 10 = 90. That seems consistent.

Another way to think about it is that a four-digit palindrome is determined entirely by its first two digits. The first digit can be 1-9, the second digit can be 0-9, so 9 * 10 = 90 possible combinations. Therefore, 90 four-digit palindromes.

I think that's solid. So, the answer should be D) 90.

**Final Answer**
\boxed{D}
</think>

To find the total number of four-digit palindromes, we need to consider the structure of a four-digit palindrome, which is of the form ABBA, where A and B are digits. 

1. The first digit (A) cannot be zero, so it has 9 possible choices (1-9).
2. The second digit (B) can be any digit from 0-9, giving 10 possible choices.
3. The third digit is the same as the second digit (B), and the fourth digit is the same as the first digit (A).

Thus, the total number of four-digit palindromes is calculated by multiplying the number of choices for A and B:
","\[ 9 \times 10 = 90 \]

Therefore, the total number of four-digit palindromes is \(\boxed{D}\)."
66,1077,D,20,1.0,"Okay, so I need to find the total number of four-digit palindromes. Hmm, let me think about what a palindrome is. A palindrome is a number that reads the same forwards and backwards. For example, 1331 is a palindrome because if you reverse the digits, you still get 1331. Similarly, 1221 is also a palindrome.

Since we're dealing with four-digit numbers, the number has to be between 1000 and 9999. Also, the first digit can't be zero because it's a four-digit number. So, the first digit has to be from 1 to 9, and the last digit has to be the same as the first digit because it's a palindrome. That makes sense.

Now, a four-digit palindrome has the form ABBA, where A and B are digits. Let me break that down. The first digit is A, the second is B, the third is also B, and the fourth is A again. So, the number looks like A B B A.

Let me think about how many choices I have for each digit. Starting with the first digit, A. Since it's a four-digit number, A can't be zero. So, A can be any digit from 1 to 9. That gives me 9 possible choices for A.

Next, the second digit, B. Since it's a four-digit number, B can be any digit from 0 to 9. So, that's 10 possible choices for B.

The third digit is the same as the second digit, B, so once I choose B, the third digit is determined. Similarly, the fourth digit is the same as the first digit, A, so once I choose A, the fourth digit is determined.

Therefore, the total number of four-digit palindromes should be the number of choices for A multiplied by the number of choices for B. That would be 9 (choices for A) multiplied by 10 (choices for B). Let me calculate that: 9 * 10 = 90.

Wait, but hold on. Let me make sure I'm not missing anything. Is there any restriction on the digits beyond what I considered? For example, can the middle digits be anything? In this case, yes, because the second and third digits are both B, so they don't have any restrictions beyond being digits. So, as long as A is from 1-9 and B is from 0-9, the number will be a palindrome.

Let me test this with an example. If A is 1 and B is 2, the number is 1221, which is a palindrome. If A is 9 and B is 0, the number is 9009, which is also a palindrome. If A is 5 and B is 5, the number is 5555, which is a palindrome. So, it seems like my reasoning holds.

Therefore, the total number of four-digit palindromes is 9 * 10 = 90. Looking at the choices, option D is 90, so that should be the answer.

But wait, let me double-check. Sometimes, when counting palindromes, people might forget about the middle digits or miscount the number of choices. Let me think again. The first digit has 9 choices, the second digit has 10, and the third and fourth digits are determined by the first and second digits, respectively. So, yes, 9 * 10 is correct.

Alternatively, I can think of it as the number of four-digit palindromes is equal to the number of choices for the first two digits, since the last two are determined. So, the first digit has 9 choices, the second digit has 10 choices, so 9 * 10 = 90. That seems consistent.

Another way to think about it is that a four-digit palindrome is determined entirely by its first two digits. The first digit can be 1-9, the second digit can be 0-9, so 9 * 10 = 90 possible combinations. Therefore, 90 four-digit palindromes.

I think that's solid. So, the answer should be D) 90.

**Final Answer**
\boxed{D}
</think>

To find the total number of four-digit palindromes, we need to consider the structure of a four-digit palindrome, which is of the form ABBA, where A and B are digits. 

1. The first digit (A) cannot be zero, so it has 9 possible choices (1-9).
2. The second digit (B) can be any digit from 0-9, giving 10 possible choices.
3. The third digit is the same as the second digit (B), and the fourth digit is the same as the first digit (A).

Thus, the total number of four-digit palindromes is calculated by multiplying the number of choices for A and B:
\[ 9 \times 10 = 90 \]

","Therefore, the total number of four-digit palindromes is \(\boxed{D}\)."
67,1097,D,20,1.0,,
