,t,outcome,num_rollouts,outcome_probability,prefix,sample_rollout
0,38,B,20,1.0,"Okay, so I have this problem here: Find the value of the infinite nested square root expression √(12 - √(12 - √(12 - ...","))). The answer choices are A) 4, B) 3, C) 2√2, D) [1 + 3/√11]^2. Hmm, interesting. I think I remember that these kinds of expressions can be solved by setting them equal to a variable and then solving an equation. Let me try that.

Let me denote the entire expression as x. So, x = √(12 - √(12 - √(12 - ...))). But wait, since the expression inside the square root is the same as x itself, right? Because it's repeating infinitely. So, that gives me the equation x = √(12 - x). Okay, so now I have x = √(12 - x). To solve for x, I can square both sides to get rid of the square root.

Squaring both sides, I have x² = 12 - x. Then, I can rearrange this equation to form a quadratic equation. Let's add x to both sides: x² + x - 12 = 0. Now, I need to solve this quadratic equation for x. I can use the quadratic formula here, right? The quadratic formula is x = [-b ± √(b² - 4ac)] / (2a). In this case, a = 1, b = 1, and c = -12.

Plugging these values in, x = [-1 ± √(1² - 4*1*(-12))] / (2*1) = [-1 ± √(1 + 48)] / 2 = [-1 ± √49] / 2. Since √49 is 7, this becomes x = (-1 ± 7)/2. So, that gives me two possible solutions: x = (-1 + 7)/2 = 6/2 = 3, or x = (-1 - 7)/2 = -8/2 = -4. But wait, since we're dealing with square roots, the value of x must be non-negative. So, x = 3 is the only valid solution. That would make the answer B) 3.

But hold on, let me just verify this because sometimes with these infinite nested radicals, there can be convergence issues. I remember that for these types of expressions to converge, the nested radicals must approach a real number, and each term must be non-negative.

So, starting with the innermost radical, we have 12 - √(12 - √(12 - ...)). If the innermost radical is √12, which is approximately 3.464, then the next term is √(12 - 3.464) ≈ √8.536 ≈ 2.922. Then, the next term is √(12 - 2.922) ≈ √9.078 ≈ 3.013. Then, the next term is √(12 - 3.013) ≈ √8.987 ≈ 2.998, and so on. It seems like it's oscillating around 3, getting closer each time. So, that does seem to support that x = 3 is the correct answer.

Looking at the answer choices, B is 3, which matches our calculation. So, I think that's the right answer.

But just to double-check, let me see if any other answer choices could be plausible. Choice D is [1 + 3/√11]^2. Let me compute that to see if it equals 3 or not. First, compute 3/√11. Since √11 is approximately 3.3166, so 3/3.3166 ≈ 0.9045. Adding 1 gives about 1.9045, and squaring that is roughly 3.627. Hmm, that's not 3. So D is not 3. Choice C is 2√2, which is approximately 2.828, also not 3. Choice A is 4, which is more than what we're getting. So, B is the only one that fits.

Alternatively, maybe I can think of the problem another way. Let's say y = √(12 - y). Then, y² = 12 - y. So, y² + y - 12 = 0. Which is the same quadratic equation as before. So, same roots. So, that reinforces that x = 3 is the correct answer.

Wait, another thought: sometimes these problems can have multiple solutions, but in this case, since we're dealing with square roots, which are inherently non-negative, and each step in the nesting subtracts the previous term, so we have to ensure that each term is non-negative.

But in this case, does the sequence stay positive? Let's see: Starting with y1 = √12 ≈ 3.464. Then y2 = √(12 - y1) ≈ √(12 - 3.464) ≈ √8.536 ≈ 2.922. Then y3 = √(12 - 2.922) ≈ √9.078 ≈ 3.013. y4 ≈ √(12 - 3.013) ≈ √8.987 ≈ 2.998. y5 ≈ √(12 - 2.998) ≈ √9.002 ≈ 3.0003. So, it oscillates around 3, getting closer each time. So, it converges to 3, which is positive. So, yeah, that makes sense.

Alternatively, if I didn't use the quadratic, maybe I can approximate it.

Assume the value is 3, so let's check if √(12 - 3) = √9 = 3. Yep, that's correct. So, if we plug x = 3 into the equation x = √(12 - x), it holds true. So, that's a solid confirmation.

I don't think I made any mistakes here. Initially, I thought maybe there could be another answer, but all the other options don't yield 3, and the quadratic equation clearly shows that 3 is the solution. So, I'm pretty confident that B) 3 is the correct answer.

**Final Answer**
\boxed{B}
</think>

Let \( x \) be the value of the infinite nested square root expression \( \sqrt{12 - \sqrt{12 - \sqrt{12 - \cdots}}} \). Since the expression inside the square root is the same as \( x \) itself, we can write the equation:

\[ x = \sqrt{12 - x} \]

To solve for \( x \), we square both sides:

\[ x^2 = 12 - x \]

Rearranging this equation gives us a quadratic equation:

\[ x^2 + x - 12 = 0 \]

We solve this quadratic equation using the quadratic formula \( x = \frac{-b \pm \sqrt{b^2 - 4ac}}{2a} \), where \( a = 1 \), \( b = 1 \), and \( c = -12 \):

\[ x = \frac{-1 \pm \sqrt{1^2 - 4 \cdot 1 \cdot (-12)}}{2 \cdot 1} \]
\[ x = \frac{-1 \pm \sqrt{1 + 48}}{2} \]
\[ x = \frac{-1 \pm \sqrt{49}}{2} \]
\[ x = \frac{-1 \pm 7}{2} \]

This gives us two solutions:

\[ x = \frac{-1 + 7}{2} = 3 \]
\[ x = \frac{-1 - 7}{2} = -4 \]

Since \( x \) must be non-negative, we discard \( x = -4 \). Thus, the value of the expression is \( x = 3 \).

To verify, we check that \( \sqrt{12 - 3} = \sqrt{9} = 3 \), confirming the solution.

Thus, the correct answer is \(\boxed{B}\)."
1,39,B,20,1.0,"Okay, so I have this problem here: Find the value of the infinite nested square root expression √(12 - √(12 - √(12 - ...)))."," The choices are A) 4, B) 3, C) 2√2, and D) [1 + 3/√11]^2. Hmm, interesting. Let me think about how to approach this.

First, I remember that for infinite nested radicals like this, there's usually a way to set up an equation and solve for the value. Let me denote the entire expression as x. So, let's write that down:

x = √(12 - √(12 - √(12 - ...)))

But since the expression inside the square root is the same as the entire expression itself, I can substitute x into the equation:

x = √(12 - x)

Alright, so now I have an equation with x on both sides. To solve for x, I can square both sides to eliminate the square root. Let's do that:

x² = 12 - x

Now, that's a quadratic equation. Let's rearrange it to standard form:

x² + x - 12 = 0

Hmm, okay, so I need to solve this quadratic. The quadratic formula is x = [-b ± √(b² - 4ac)] / (2a). Here, a = 1, b = 1, c = -12. Plugging these into the formula:

x = [-1 ± √(1 + 48)] / 2
x = [-1 ± √49] / 2
x = [-1 ± 7] / 2

So, calculating both possibilities:

First solution: (-1 + 7)/2 = 6/2 = 3
Second solution: (-1 - 7)/2 = -8/2 = -4

But wait, since we're dealing with a square root, x must be positive. So, x = 3 is the valid solution. That would mean the value is 3, which is option B. But hold on, let me see if I did everything correctly.

Wait, the problem is asking for the value of this nested radical. Let me verify by plugging 3 back into the original expression.

If x = 3, then the inner radical would be √(12 - x) = √(12 - 3) = √9 = 3. So, substituting back, we have 3 = √(12 - 3) = √9 = 3. That checks out. So, x = 3 is indeed the correct solution.

But wait, let me check why the other solution was negative. It's because when you solve quadratics, sometimes you get two roots, but in the context of the problem, only the positive root makes sense because the square root function only yields non-negative results.

So, that seems solid. Alternatively, let me think if there's another way this could be approached. Maybe using recursion or continued fractions? Although, for an infinite nested radical, the standard substitution works.

Alternatively, some people might consider using limits or something else, but I think the substitution method is the most straightforward here. So, I'm pretty confident that x = 3 is the correct answer.

Wait, just to make sure I didn't make any arithmetic mistakes. Let me retrace:

1. Let x = √(12 - √(12 - √(12 - ...)))
2. Then, x = √(12 - x)
3. Squaring both sides: x² = 12 - x
4. Bring all terms to one side: x² + x - 12 = 0
5. Quadratic formula: x = [-1 ± √(1 + 48)] / 2
6. Which gives x = 3 or x = -4
7. Disregard negative solution, so x = 3

Yes, that's correct. So, the answer should be 3, which is option B.

But hold on, let me check the choices again:

A) 4

B) 3

C) 2√2 ≈ 2.828

D) [1 + 3/√11]^2 ≈ [1 + 0.9045]^2 ≈ (1.9045)^2 ≈ 3.626

Hmm, so the options are 4, 3, 2√2, and approximately 3.626. Since my calculation gave 3, which is exactly option B, that's the answer. The other choices are either higher or lower, but not matching the solution.

But wait, just to make sure, let me compute the value numerically for a few iterations to see if it converges to 3.

Let's start with an initial guess, say x₀ = 1.

x₁ = √(12 - 1) = √11 ≈ 3.3166

x₂ = √(12 - 3.3166) = √(12 - 3.3166) ≈ √8.6834 ≈ 2.947

x₃ = √(12 - 2.947) ≈ √9.053 ≈ 3.009

x₄ = √(12 - 3.009) ≈ √8.991 ≈ 2.998

x₅ = √(12 - 2.998) ≈ √9.002 ≈ 3.0003

x₆ = √(12 - 3.0003) ≈ √8.9997 ≈ 2.99995

So, it's oscillating around 3, getting closer each time. So, it does seem to converge to 3. Therefore, the value of the infinite nested radical is indeed 3.

Therefore, the correct answer is B) 3.

**Final Answer**
\boxed{B}
</think>

Let \( x \) be the value of the infinite nested square root expression:

\[ x = \sqrt{12 - \sqrt{12 - \sqrt{12 - \cdots}}} \]

Since the expression inside the square root is the same as the entire expression itself, we can substitute \( x \) into the equation:

\[ x = \sqrt{12 - x} \]

Squaring both sides to eliminate the square root, we get:

\[ x^2 = 12 - x \]

Rearranging this into a standard quadratic equation form:

\[ x^2 + x - 12 = 0 \]

Using the quadratic formula \( x = \frac{-b \pm \sqrt{b^2 - 4ac}}{2a} \) where \( a = 1 \), \( b = 1 \), and \( c = -12 \):

\[ x = \frac{-1 \pm \sqrt{1 + 48}}{2} \]
\[ x = \frac{-1 \pm \sqrt{49}}{2} \]
\[ x = \frac{-1 \pm 7}{2} \]

This gives us two solutions:

\[ x = \frac{-1 + 7}{2} = 3 \]
\[ x = \frac{-1 - 7}{2} = -4 \]

Since \( x \) must be positive, we discard the negative solution. Therefore, \( x = 3 \).

To verify, substituting \( x = 3 \) back into the original equation confirms it is correct. Additionally, iterating the expression numerically shows it converges to 3.

Thus, the value of the infinite nested square root is:

\[
\boxed{B}
\]"
2,74,B,20,1.0,"Okay, so I have this problem here: Find the value of the infinite nested square root expression √(12 - √(12 - √(12 - ...))). The options are A) 4, B) 3, C) 2√2, and D) [1 + 3/√11]^2."," Hmm, interesting. I've seen similar problems before, where you have a repeating square root expression, and you set it equal to a variable and solve an equation. Let me try that approach here.

Let me denote the entire expression as x. So, x = √(12 - √(12 - √(12 - ...))). Since it's infinite, the part inside the square root is the same as the entire expression x. That means I can rewrite the equation as:

x = √(12 - x)

Alright, now I have an equation with x on both sides. To solve for x, I can square both sides to eliminate the square root. Let me do that:

x² = 12 - x

Now, I can rearrange this to bring all terms to one side:

x² + x - 12 = 0

Okay, so now I have a quadratic equation. I can solve this using the quadratic formula or by factoring if possible. Let me see if it factors. Looking for two numbers that multiply to -12 and add up to 1. Hmm, let's see: 4 and -3. Yeah, 4 * (-3) = -12 and 4 + (-3) = 1. So, the equation factors as:

(x + 4)(x - 3) = 0

That gives me the solutions x = -4 and x = 3. But since we're dealing with square roots, x has to be a positive number. So, x = 3 is the only valid solution. Therefore, the value of the expression is 3, which is option B. But wait, let me double-check to make sure I didn't make a mistake.

Let me plug x = 3 back into the original equation to verify. The original expression is x = √(12 - x). Plugging in 3:

√(12 - 3) = √9 = 3

Yep, that works. So, x = 3 is indeed the correct solution. I don't think I made any mistakes here. It was straightforward. Alternatively, I could have recognized that this is a form where each term is defined recursively, and so setting it equal to x and solving the quadratic is the standard method.

Just to be thorough, let me consider the other options. Option A is 4. If I plug x = 4 into the equation:

√(12 - 4) = √8 ≈ 2.828, which is not equal to 4. So, that doesn't work. Option C is 2√2 ≈ 2.828. Let me check if that could be a solution. Plugging x = 2√2:

√(12 - 2√2) ≈ √(12 - 2.828) ≈ √9.172 ≈ 3.028, which is approximately 3, not 2.828. So, that doesn't satisfy the equation either. Option D is [1 + 3/√11]^2. Let me compute this numerically to check. First, 3/√11 is approximately 3/3.3166 ≈ 0.9045. Adding 1 gives 1.9045. Squaring that gives approximately 3.628. That's not 3, so D is incorrect.

Therefore, after checking all options, B) 3 is the only correct one. I think that's solid.

**Final Answer**
\boxed{B}
</think>

Let \( x \) be the value of the infinite nested square root expression. Thus, we have:

\[ x = \sqrt{12 - \sqrt{12 - \sqrt{12 - \cdots}}} \]

Since the expression inside the square root is the same as the entire expression, we can rewrite the equation as:

\[ x = \sqrt{12 - x} \]

Squaring both sides to eliminate the square root, we get:

\[ x^2 = 12 - x \]

Rearranging the terms to form a quadratic equation:

\[ x^2 + x - 12 = 0 \]

Factoring the quadratic equation:

\[ (x + 4)(x - 3) = 0 \]

This gives the solutions \( x = -4 \) and \( x = 3 \). Since \( x \) must be a positive number, we discard \( x = -4 \) and accept \( x = 3 \).

To verify, we substitute \( x = 3 \) back into the original equation:

\[ \sqrt{12 - 3} = \sqrt{9} = 3 \]

This is correct. Therefore, the value of the expression is 3, which corresponds to option B.

\[
\boxed{B}
\]"
3,78,B,20,1.0,"Okay, so I have this problem here: Find the value of the infinite nested square root expression √(12 - √(12 - √(12 - ...))). The options are A) 4, B) 3, C) 2√2, and D) [1 + 3/√11]^2. Hmm, interesting."," I need to figure out which one is the correct answer.

Let me start by letting x be equal to the entire expression. So, I can write:

x = √(12 - √(12 - √(12 - ...)))

But since it's an infinite nested square root, the part inside the square root is the same as the entire expression x. That means:

x = √(12 - x)

Okay, so now I have an equation where x is equal to the square root of (12 minus x). To solve for x, I can square both sides of the equation to eliminate the square root:

x² = 12 - x

Now, I can rearrange this equation to bring all terms to one side, which will give me a quadratic equation:

x² + x - 12 = 0

Alright, so now I have a quadratic equation. I can solve this using the quadratic formula. The standard form of a quadratic equation is ax² + bx + c = 0, and the solutions are given by:

x = [-b ± √(b² - 4ac)] / (2a)

In my equation, a is 1, b is 1, and c is -12. Plugging these values into the quadratic formula:

x = [-1 ± √(1² - 4*1*(-12))] / (2*1)
x = [-1 ± √(1 + 48)] / 2
x = [-1 ± √49] / 2
x = [-1 ± 7] / 2

So, the two solutions are:

x = (-1 + 7)/2 = 6/2 = 3
x = (-1 - 7)/2 = -8/2 = -4

But wait, x represents a square root, which can't be negative. So, x must be positive. Therefore, the solution x = 3 is valid, and x = -4 is extraneous.

Therefore, the value of the infinite nested square root is 3, which corresponds to option B. Let me just double-check that.

If I plug x = 3 back into the original equation:

x = √(12 - x)
3 = √(12 - 3)
3 = √9
3 = 3

Yes, that works. So, x = 3 is indeed the correct solution.

Looking at the options, B is 3, so that should be the answer. Option A is 4, which I don't think is correct because when I plug 4 into the equation, I get 4 = √(12 - 4) = √8, which is approximately 2.828, not 4. So that doesn't work. Option C is 2√2, which is about 2.828, same as above, so that's not 3 either. Option D is [1 + 3/√11]^2. Let me calculate that:

First, 3/√11 is approximately 3/3.3166 ≈ 0.904. Then, 1 + 0.904 is approximately 1.904. Squaring that gives approximately 3.625. That's not equal to 3, so D is not the correct answer.

Therefore, I'm confident that the answer is B) 3.

**Final Answer**
\boxed{B}
</think>

Let \( x \) be equal to the entire expression:

\[ x = \sqrt{12 - \sqrt{12 - \sqrt{12 - \cdots}}} \]

Since the expression inside the square root is the same as \( x \), we have:

\[ x = \sqrt{12 - x} \]

Squaring both sides to eliminate the square root:

\[ x^2 = 12 - x \]

Rearranging this into a standard quadratic equation form:

\[ x^2 + x - 12 = 0 \]

Using the quadratic formula \( x = \frac{-b \pm \sqrt{b^2 - 4ac}}{2a} \) where \( a = 1 \), \( b = 1 \), and \( c = -12 \):

\[ x = \frac{-1 \pm \sqrt{1^2 - 4 \cdot 1 \cdot (-12)}}{2 \cdot 1} \]
\[ x = \frac{-1 \pm \sqrt{1 + 48}}{2} \]
\[ x = \frac{-1 \pm \sqrt{49}}{2} \]
\[ x = \frac{-1 \pm 7}{2} \]

This gives two solutions:

\[ x = \frac{-1 + 7}{2} = 3 \]
\[ x = \frac{-1 - 7}{2} = -4 \]

Since \( x \) must be positive, we discard \( x = -4 \). Therefore, the value of the expression is 3.

\[
\boxed{B}
\]"
4,104,B,20,1.0,"Okay, so I have this problem here: Find the value of the infinite nested square root expression √(12 - √(12 - √(12 - ...))). The options are A) 4, B) 3, C) 2√2, and D) [1 + 3/√11]^2. Hmm, interesting. I remember that these kinds of infinite nested radicals can sometimes be solved by setting them equal to a variable and then solving an equation."," Let me try that.

Let me denote the entire expression as x. So, x = √(12 - √(12 - √(12 - ...))). But wait, since the expression inside the square root is the same as the entire expression itself, right? Because it's infinitely nested. So that means the part inside the first square root is also equal to x. So, we can write x as √(12 - x). 

So, the equation becomes x = √(12 - x). Now, to solve for x, I can square both sides to eliminate the square root. Let's do that.

x² = 12 - x. 

Now, let's rearrange this equation to form a quadratic equation. Bring all terms to one side:

x² + x - 12 = 0.

Okay, so we have a quadratic equation: x² + x - 12 = 0. To solve this, I can use the quadratic formula. The quadratic formula is x = [-b ± √(b² - 4ac)] / (2a). In this equation, a = 1, b = 1, and c = -12. Plugging these into the formula:

x = [-1 ± √(1² - 4*1*(-12))] / (2*1)
x = [-1 ± √(1 + 48)] / 2
x = [-1 ± √49] / 2
x = [-1 ± 7] / 2.

So, that gives us two solutions:

x = (-1 + 7)/2 = 6/2 = 3,
and
x = (-1 - 7)/2 = -8/2 = -4.

Hmm, so x could be 3 or -4. But wait, since x is defined as a square root, it must be non-negative. So, x can't be -4. Therefore, the only valid solution is x = 3.

Let me cross-check that. If x is 3, then plugging back into the original equation:

3 = √(12 - 3) => 3 = √9 => 3 = 3. That works. So, x = 3 is the correct solution. Let me make sure I didn't make a mistake.

Wait, hold on. The problem was an infinite nested radical, which is defined as x = √(12 - x). So, if I plug x = 3 back in, it works, but also x = -4 would give √(12 - (-4)) = √16 = 4, which is different from -4. But since we're taking the square root, it's always non-negative, so x must be positive. Hence, 3 is the correct answer.

Looking at the options, B is 3, so that should be the correct choice.

But let me just think a bit more about this. Sometimes, these infinite radicals can have multiple solutions if the equation is set up differently, but in this case, since it's an infinite radical, it's more likely to converge to a positive number. So, 3 is the only feasible solution. The other solution, -4, does satisfy the quadratic equation but isn't valid in the context of the problem because square roots are defined to be non-negative.

Alternatively, just to make sure, maybe I can compute a few iterations of the expression to see if it converges to 3.

Let's compute the first few terms:

Let me define a sequence where a₁ = √12 ≈ 3.464

a₂ = √(12 - a₁) ≈ √(12 - 3.464) ≈ √8.536 ≈ 2.922

a₃ = √(12 - 2.922) ≈ √9.078 ≈ 3.013

a₄ = √(12 - 3.013) ≈ √8.987 ≈ 2.998

a₅ = √(12 - 2.998) ≈ √9.002 ≈ 3.0003

a₆ = √(12 - 3.0003) ≈ √8.9997 ≈ 2.99995

So, it's oscillating around 3, getting closer each time. Hence, it seems to converge to 3. So, this supports the idea that 3 is the correct answer.

Looking at the other options:

A) 4. If we were to take x = 4, plugging back into the equation would give 4 = √(12 - 4) = √8 ≈ 2.828, which isn't equal to 4. So, A is wrong.

C) 2√2 ≈ 2.828. If we plug x = 2√2, we get 2√2 = √(12 - 2√2). Let's square both sides: (2√2)² = 12 - 2√2 => 8 = 12 - 2√2 => 2√2 = 4 => √2 = 2, which is false because √2 ≈ 1.414. So, C is incorrect.

D) [1 + 3/√11]². Let me compute that. First, 3/√11 ≈ 3/3.3166 ≈ 0.904. So, 1 + 0.904 ≈ 1.904. Squaring that gives approximately 3.625. But our answer is 3, so D is incorrect.

Hence, only B) 3 is correct.

Wait, just to make sure, I recall that sometimes people might miscount the number of terms or make an error in setting up the equation. Let me see. The expression is √(12 - √(12 - √(12 - ...))), so each term is 12 minus the previous term's square root. So, if x = √(12 - x), that seems correct. So, yeah, x must satisfy x = √(12 - x), leading to x=3.

Is there any chance that it could be another number? Well, if it didn't satisfy x=√(12 - x), but if someone thought it was x = √(12 - x²), which would be different, but no, the problem is written as √(12 - √(12 - √(12 - ...))), so the structure is each time subtracting the square root of the next term. So, it's definitely x = √(12 - x). So, I think 3 is definitely the right answer.

Therefore, the answer is B) 3.

**Final Answer**
\boxed{B}
</think>

Let \( x \) be the value of the infinite nested square root expression \( \sqrt{12 - \sqrt{12 - \sqrt{12 - \cdots}}} \). Since the expression inside the square root is the same as the entire expression itself, we can write:

\[ x = \sqrt{12 - x} \]

Squaring both sides to eliminate the square root:

\[ x^2 = 12 - x \]

Rearranging this equation to form a quadratic equation:

\[ x^2 + x - 12 = 0 \]

Using the quadratic formula \( x = \frac{-b \pm \sqrt{b^2 - 4ac}}{2a} \) where \( a = 1 \), \( b = 1 \), and \( c = -12 \):

\[ x = \frac{-1 \pm \sqrt{1^2 - 4 \cdot 1 \cdot (-12)}}{2 \cdot 1} \]
\[ x = \frac{-1 \pm \sqrt{1 + 48}}{2} \]
\[ x = \frac{-1 \pm \sqrt{49}}{2} \]
\[ x = \frac{-1 \pm 7}{2} \]

This gives two solutions:

\[ x = \frac{-1 + 7}{2} = 3 \]
\[ x = \frac{-1 - 7}{2} = -4 \]

Since \( x \) must be non-negative, we discard \( x = -4 \). Thus, the only valid solution is \( x = 3 \).

To verify, we check if \( x = 3 \) satisfies the original equation:

\[ 3 = \sqrt{12 - 3} \]
\[ 3 = \sqrt{9} \]
\[ 3 = 3 \]

This is correct. Therefore, the value of the infinite nested square root expression is \( 3 \).

\[
\boxed{B}
\]"
5,110,B,20,1.0,"Okay, so I have this problem here: Find the value of the infinite nested square root expression √(12 - √(12 - √(12 - ...))). The options are A) 4, B) 3, C) 2√2, and D) [1 + 3/√11]^2. Hmm, interesting. I remember that these kinds of infinite nested radicals can sometimes be solved by setting them equal to a variable and then solving an equation. Let me try that approach.

","Let me denote the entire expression as x. So,

x = √(12 - √(12 - √(12 - ...)))

But wait, since the expression inside the square root is the same as the entire expression itself, I can rewrite this as:

x = √(12 - x)

Is that right? Let me check: yes, because the part inside the first square root is the same pattern as the whole expression. So, substituting x into the equation makes sense.

Now, to solve for x, I can square both sides to eliminate the square root:

x² = 12 - x

Alright, now we have a quadratic equation. Let me rearrange it so that all terms are on one side:

x² + x - 12 = 0

Hmm, quadratic equation. I can solve this using the quadratic formula, which is x = [-b ± √(b² - 4ac)]/(2a). In this equation, a = 1, b = 1, and c = -12.

Calculating the discriminant:

b² - 4ac = (1)² - 4(1)(-12) = 1 + 48 = 49

Oh, nice, the discriminant is a perfect square, which is 7. So, plugging back into the quadratic formula:

x = [-1 ± √49]/2(1) = [-1 ± 7]/2

So, we have two solutions:

x = (-1 + 7)/2 = 6/2 = 3

and

x = (-1 - 7)/2 = -8/2 = -4

But wait, x is defined as a square root, so it can't be negative. Therefore, x = 3 is the only valid solution. So, the value of the expression is 3. Let me look at the options: B) 3 is one of them. So, is it B? Let me verify.

But wait, hold on, maybe I should check if my initial substitution was correct. Let me compute the expression with x=3:

√(12 - √(12 - √(12 - ...))) = 3

If I plug this back into the equation, does it hold? Let me compute √(12 - 3) = √9 = 3, which is correct. So, yes, it satisfies the equation.

Wait, but I also got two solutions, x=3 and x=-4. Since we can't have negative values in square roots, -4 is extraneous. So, x=3 is the only solution. Therefore, the answer should be 3, which is option B.

But hold on, let me think again. Maybe I should check using another method, just to be sure.

Another way to solve such equations is to recognize the periodicity or the behavior of the expression. So, starting with x1 = √12 ≈ 3.464

Then x2 = √(12 - x1) ≈ √(12 - 3.464) ≈ √8.536 ≈ 2.922

x3 = √(12 - x2) ≈ √(12 - 2.922) ≈ √9.078 ≈ 3.013

x4 = √(12 - x3) ≈ √(12 - 3.013) ≈ √8.987 ≈ 2.998

x5 = √(12 - x4) ≈ √(12 - 2.998) ≈ √9.002 ≈ 3.0003

So, it seems to be converging towards 3. That confirms the previous result. So, the value is indeed 3.

But just to make sure, let me check the other options: A) 4. If I plug 4 into the equation, 4 = √(12 - 4) = √8 ≈ 2.828, which is not 4, so A is wrong. Option C is 2√2 ≈ 2.828, which is also not 3. Option D is [1 + 3/√11]^2. Let me calculate that:

First, compute 3/√11 ≈ 3 / 3.3166 ≈ 0.9045

So, 1 + 0.9045 ≈ 1.9045

Then square it: (1.9045)^2 ≈ 3.627, which is not 3. So, D is not correct either.

Therefore, the correct answer must be B) 3.

Wait, but the problem is presented as a multiple-choice question, so maybe I should check if there's another approach or if I have misread the question. Let me verify the original expression again: √(12 - √(12 - √(12 - ...))). Yeah, that's what I've been solving. So, the substitution seems correct.

Alternatively, someone might think to use continued radicals or iterate the function f(x) = √(12 - x) and find its fixed point, which would be x such that x = f(x). So, again, x = √(12 - x), leading to the same quadratic equation, resulting in x=3.

I think I'm confident that the answer is 3, which is option B. So, I don't see any mistakes in my reasoning.

**Final Answer**
\boxed{B}
</think>

Let \( x \) be the value of the infinite nested square root expression:

\[ x = \sqrt{12 - \sqrt{12 - \sqrt{12 - \cdots}}} \]

Since the expression inside the square root is the same as the entire expression itself, we can write:

\[ x = \sqrt{12 - x} \]

Squaring both sides to eliminate the square root:

\[ x^2 = 12 - x \]

Rearranging the equation to form a quadratic equation:

\[ x^2 + x - 12 = 0 \]

Using the quadratic formula \( x = \frac{-b \pm \sqrt{b^2 - 4ac}}{2a} \) where \( a = 1 \), \( b = 1 \), and \( c = -12 \):

\[ x = \frac{-1 \pm \sqrt{1^2 - 4 \cdot 1 \cdot (-12)}}{2 \cdot 1} \]
\[ x = \frac{-1 \pm \sqrt{1 + 48}}{2} \]
\[ x = \frac{-1 \pm \sqrt{49}}{2} \]
\[ x = \frac{-1 \pm 7}{2} \]

This gives two solutions:

\[ x = \frac{-1 + 7}{2} = 3 \]
\[ x = \frac{-1 - 7}{2} = -4 \]

Since \( x \) must be non-negative, we discard the negative solution. Thus, \( x = 3 \).

Therefore, the value of the expression is \( 3 \), which corresponds to option B.

\[
\boxed{B}
\]"
6,119,B,20,1.0,"Okay, so I have this problem here: Find the value of the infinite nested square root expression √(12 - √(12 - √(12 - ...))). The options are A) 4, B) 3, C) 2√2, and D) [1 + 3/√11]^2. Hmm, interesting. I remember that these kinds of infinite nested radicals can sometimes be solved by setting them equal to a variable and then solving an equation. Let me try that approach.

Let me denote the entire expression as x."," So, x = √(12 - √(12 - √(12 - ...))). But since the expression inside the square root is the same as the entire expression itself, I can rewrite this equation as:

x = √(12 - x)

Wait, is that correct? Let me check. The expression inside is 12 minus the next iteration, which is also x. So yes, x = √(12 - x). Okay, so now I have the equation x = √(12 - x). To solve for x, I should square both sides to eliminate the square root. Let's do that.

Squaring both sides gives:

x² = 12 - x

Now, this is a quadratic equation. Let me rearrange it so that all terms are on one side:

x² + x - 12 = 0

Hmm, quadratic equations can be solved using the quadratic formula. The quadratic is in the form ax² + bx + c = 0, so here a = 1, b = 1, and c = -12. Plugging these into the quadratic formula:

x = [-b ± √(b² - 4ac)] / (2a)

Substituting the values:

x = [ -1 ± √(1² - 4 * 1 * (-12)) ] / (2 * 1)
x = [ -1 ± √(1 + 48) ] / 2
x = [ -1 ± √49 ] / 2
x = [ -1 ± 7 ] / 2

So, that gives us two possible solutions:

x = (-1 + 7)/2 = 6/2 = 3
x = (-1 - 7)/2 = -8/2 = -4

But since we're dealing with square roots, the value of x must be non-negative. So, x = -4 is not a valid solution. Therefore, the only valid solution is x = 3. Hmm, so does that mean the value is 3? Let me check the options. Option B is 3, so maybe that's the answer.

Wait, but I should make sure I didn't make a mistake in my initial assumption. I set x equal to the entire expression, which is √(12 - x). But in the original problem, it's √(12 - √(12 - √(12 - ...))). So, yes, that's exactly the same as x, so x = √(12 - x) is correct. Squaring both sides gives the quadratic equation, which I solved correctly, leading to x = 3 as the only valid solution.

But wait a minute, let me verify. If I plug x = 3 back into the original expression, does it satisfy the equation?

Left side: x = 3
Right side: √(12 - x) = √(12 - 3) = √9 = 3

Yes, that checks out. So 3 is indeed a solution. What about the other solution, x = -4? If I plug that in, √(12 - (-4)) = √16 = 4, which is not equal to x. So that's why x = -4 is extraneous.

Therefore, x = 3 is the correct value. Looking back at the options, that's option B.

But wait, let me think again. Sometimes, infinite radicals can have multiple solutions or oscillate. But in this case, since each iteration is adding another square root, which is always non-negative, and we're subtracting, I think 3 is the only valid solution. So yes, I feel confident that the answer is 3.

But hold on, let me think if there's another way to approach this problem. Maybe starting with similar problems I've seen before. For example, the infinite nested radical √(a - √(a - √(a - ...))) is known to have a solution when a is greater than or equal to 2, with the solution being (sqrt(4a + 1) - 1)/2. Wait, is that right? Let me recall.

Alternatively, I remember the general formula for this type of radical. Let me denote y = √(a - y). Then y² = a - y, which leads to y² + y - a = 0, and the positive solution is y = [-1 + sqrt(1 + 4a)] / 2. So that's similar to what I did earlier.

In our case, a = 12. So plugging in, we get y = [ -1 + sqrt(1 + 48) ] / 2 = [ -1 + 7 ] / 2 = 6 / 2 = 3. So same result. Therefore, I can confirm that the value is 3, which is option B.

I think that solidifies my answer. So I don't see any mistakes in my reasoning. It makes sense, and plugging back in works. So, yeah, 3 is the correct answer.

**Final Answer**
\boxed{B}
</think>

Let \( x \) be the value of the infinite nested square root expression \( \sqrt{12 - \sqrt{12 - \sqrt{12 - \cdots}}} \). We can set up the equation:

\[ x = \sqrt{12 - x} \]

Squaring both sides to eliminate the square root, we get:

\[ x^2 = 12 - x \]

Rearranging this into a standard quadratic equation form:

\[ x^2 + x - 12 = 0 \]

We solve this quadratic equation using the quadratic formula \( x = \frac{-b \pm \sqrt{b^2 - 4ac}}{2a} \), where \( a = 1 \), \( b = 1 \), and \( c = -12 \):

\[ x = \frac{-1 \pm \sqrt{1^2 - 4 \cdot 1 \cdot (-12)}}{2 \cdot 1} \]
\[ x = \frac{-1 \pm \sqrt{1 + 48}}{2} \]
\[ x = \frac{-1 \pm \sqrt{49}}{2} \]
\[ x = \frac{-1 \pm 7}{2} \]

This gives us two solutions:

\[ x = \frac{-1 + 7}{2} = 3 \]
\[ x = \frac{-1 - 7}{2} = -4 \]

Since \( x \) must be non-negative, we discard the negative solution. Thus, the value is \( x = 3 \).

Therefore, the value of the given expression is \(\boxed{B}\)."
7,142,B,20,1.0,"Okay, so I have this problem here: Find the value of the infinite nested square root expression √(12 - √(12 - √(12 - ...))). The options are A) 4, B) 3, C) 2√2, and D) [1 + 3/√11]^2. Hmm, interesting. I remember that these kinds of infinite nested radicals can sometimes be solved by setting them equal to a variable and then solving an equation. Let me try that approach.

Let me denote the entire expression as x. So, x = √(12 - √(12 - √(12 - ...","))). But wait, since the expression inside the square root is the same as x itself, right? Because it's infinitely nested. So, that would mean x = √(12 - x). Okay, so I can set up the equation x = √(12 - x). 

Now, to solve for x, I can square both sides to eliminate the square root. That would give me x² = 12 - x. Hmm, so bringing all terms to one side, I get x² + x - 12 = 0. That's a quadratic equation, which should be straightforward to solve.

Let me write that quadratic equation down: x² + x - 12 = 0. To solve this, I can use the quadratic formula. The quadratic formula is x = [-b ± √(b² - 4ac)] / (2a), where a, b, c are coefficients from the equation ax² + bx + c = 0.

In this case, a = 1, b = 1, and c = -12. Plugging these values into the formula: x = [-1 ± √(1² - 4*1*(-12))]/(2*1) = [-1 ± √(1 + 48)]/2 = [-1 ± √49]/2.

Since √49 is 7, the solutions become x = (-1 + 7)/2 and x = (-1 - 7)/2. Calculating these: the first one is (6)/2 = 3, and the second one is (-8)/2 = -4. 

But wait, since we're dealing with square roots, which are always non-negative, the value x must be positive. So, x = 3 is the valid solution, and x = -4 is extraneous. So, the value of the infinite nested radical is 3. That would be option B.

But hold on, let me double-check to make sure I didn't make any mistakes. Sometimes, when dealing with radicals, especially nested ones, it's easy to overlook something. So, let me verify by plugging x = 3 back into the original equation.

If x = 3, then the right side of the equation x = √(12 - x) should equal 3. So, let's compute √(12 - 3) = √9 = 3. Yeah, that works out. So, x = 3 is indeed a solution. 

Just to be thorough, I can also check the other solution, x = -4, even though it's negative. Plugging it into the equation: √(12 - (-4)) = √16 = 4. But the left side is -4, which doesn't equal 4. So, it's not a valid solution, which aligns with my earlier conclusion.

Wait, but hold on again. The problem is asking for the value of the infinite nested radical, which is positive. So, -4 is negative, but the square root function only outputs non-negative values. So, x must be positive, hence 3 is the correct answer.

Hmm, but let me think again. I remember that sometimes, certain nested radicals can have multiple solutions, but since we're dealing with an expression that's defined as a square root, which is inherently positive, we only consider the positive root. So, yeah, 3 is definitely the solution.

Is there another way to approach this problem? Maybe by computing a few terms numerically and seeing if it converges to 3? Let's try that for a few iterations.

Starting with an initial guess, say x₀ = 1. Then, x₁ = √(12 - x₀) = √(11) ≈ 3.3166. Then, x₂ = √(12 - x₁) = √(12 - 3.3166) ≈ √(8.6834) ≈ 2.947. Then, x₃ = √(12 - 2.947) ≈ √(9.053) ≈ 3.009. x₄ = √(12 - 3.009) ≈ √(8.991) ≈ 2.998. x₅ = √(12 - 2.998) ≈ √(9.002) ≈ 3.0003. So, it seems like it's converging to 3. That's a good sign.

Alternatively, if I started with a different initial guess, say x₀ = 4. Then, x₁ = √(12 - 4) = √8 ≈ 2.8284. x₂ = √(12 - 2.8284) ≈ √9.1716 ≈ 3.028. x₃ = √(12 - 3.028) ≈ √8.972 ≈ 2.995. x₄ = √(12 - 2.995) ≈ √9.005 ≈ 3.0008. So, regardless of whether we start above or below 3, the sequence seems to converge to 3. That gives me more confidence that 3 is indeed the correct answer.

Wait another thought: sometimes, depending on the structure of the nested radical, the convergence might be different, but in this case, it seems pretty straightforward. Each iteration gets us closer to 3, so that's a good consistency check.

Is there any chance that 2√2 is a solution? Let me quickly plug that into the equation. If x = 2√2 ≈ 2.8284. Then, √(12 - 2√2) ≈ √(12 - 2.8284) ≈ √9.1716 ≈ 3.028. But 3.028 is not equal to 2√2, so that doesn't satisfy the equation. So, D is not correct.

Similarly, for option C, [1 + 3/√11]^2. Let's compute that. First, compute 3/√11. √11 is approximately 3.3166, so 3/3.3166 ≈ 0.9045. Then, 1 + 0.9045 ≈ 1.9045. Squaring that gives approximately 3.627. Which is not equal to 3, so that's not the solution either.

Option A is 4, but earlier, when we plugged 3, we saw that it's correct, and 4 would give √(12 - 4) = √8 ≈ 2.828, which is not 4. So, A is wrong.

Therefore, the only correct answer seems to be B) 3.

Wait, but hold on, maybe I made a mistake in the quadratic equation setup? Because sometimes, when dealing with infinite radicals, the equation can have multiple solutions, but in this case, since it's a square root, we only consider the positive root.

But just to make sure, let's rederive the quadratic equation. Let me start over.

Let x = √(12 - √(12 - √(12 - ...))). Then, since the expression inside the square root is the same as x, we have x = √(12 - x). Squaring both sides gives x² = 12 - x. Then, bringing all terms to one side: x² + x - 12 = 0.

Yes, that's correct. So, the quadratic is x² + x -12 =0, leading to x = 3 or x = -4. Since x must be positive, x=3 is the only solution.

Alternatively, maybe I can consider another substitution. Let me let x_n be the nth term of the sequence defined by x_1 = √12, x_{n+1} = √(12 - x_n}. Then, the limit as n approaches infinity of x_n is the value we're looking for.

So, if the sequence converges, then the limit L satisfies L = √(12 - L). Squaring both sides gives L² = 12 - L, which is the same equation as before. So, L² + L -12 =0, leading again to L = 3 or L = -4. Since L must be positive, L=3.

So, regardless of how I approach it, I keep getting 3 as the solution. Therefore, I'm pretty confident that the answer is 3, which is option B.

Wait, just another thought: sometimes, when dealing with continued radicals, the expression might have more complex behavior, but in this case, it's straightforward because it's a simple infinite nested radical with all the same terms. So, the recursion is well-defined and converges to a unique limit.

Another angle: maybe graphing the function f(x) = √(12 - x) and seeing where it intersects with f(x) = x. The intersection point would be the solution. If I sketch the graph, f(x) is a decreasing function starting at (12, 0) and going upwards as x increases. The line f(x) = x is a straight line at 45 degrees. The intersection point is where their y-values are equal, which is at x=3. So, that's another way to visualize it.

Additionally, I can recall that for an infinite nested radical of the form √(a - √(a - √(a - ...))), the value converges to a solution of x = √(a - x). This is a general formula, so applying it here where a=12, we have x = √(12 - x), leading to the quadratic equation, which as we saw, gives x=3.

Therefore, after multiple approaches and checks, I'm certain that the value is 3. So, the correct answer is B.

**Final Answer**
\boxed{B}
</think>

Let \( x \) be the value of the infinite nested square root expression \( \sqrt{12 - \sqrt{12 - \sqrt{12 - \cdots}}} \). Since the expression inside the square root is the same as \( x \), we have:

\[ x = \sqrt{12 - x} \]

Squaring both sides to eliminate the square root, we get:

\[ x^2 = 12 - x \]

Rearranging the terms, we obtain the quadratic equation:

\[ x^2 + x - 12 = 0 \]

Using the quadratic formula \( x = \frac{-b \pm \sqrt{b^2 - 4ac}}{2a} \) where \( a = 1 \), \( b = 1 \), and \( c = -12 \), we get:

\[ x = \frac{-1 \pm \sqrt{1^2 - 4 \cdot 1 \cdot (-12)}}{2 \cdot 1} = \frac{-1 \pm \sqrt{1 + 48}}{2} = \frac{-1 \pm \sqrt{49}}{2} \]

This gives us two solutions:

\[ x = \frac{-1 + 7}{2} = 3 \quad \text{and} \quad x = \frac{-1 - 7}{2} = -4 \]

Since \( x \) must be non-negative, the valid solution is \( x = 3 \).

Thus, the value of the infinite nested square root expression is \( \boxed{B} \)."
8,143,B,20,1.0,"Okay, so I have this problem here: Find the value of the infinite nested square root expression √(12 - √(12 - √(12 - ...))). The options are A) 4, B) 3, C) 2√2, and D) [1 + 3/√11]^2. Hmm, interesting. I remember that these kinds of infinite nested radicals can sometimes be solved by setting them equal to a variable and then solving an equation. Let me try that approach.

Let me denote the entire expression as x. So, x = √(12 - √(12 - √(12 - ...)))."," But wait, since the expression inside the square root is the same as the original expression, I can write x = √(12 - x). That makes sense because the part after the first square root is just the same as the entire expression.

So now I have the equation x = √(12 - x). To solve for x, I can square both sides to eliminate the square root. That gives me x² = 12 - x. Hmm, okay, now I have a quadratic equation. Let me rearrange it to standard form: x² + x - 12 = 0.

Now, I need to solve this quadratic equation. I can use the quadratic formula, which is x = [-b ± √(b² - 4ac)] / (2a). Here, a = 1, b = 1, and c = -12. Plugging those values in: x = [-1 ± √(1 + 48)] / 2. Because b² - 4ac is 1 - 4*(1)*(-12) which is 1 + 48 = 49. So √49 is 7.

So, x = [-1 ± 7]/2. That gives me two solutions: x = (-1 + 7)/2 = 6/2 = 3, and x = (-1 -7)/2 = -8/2 = -4. But since we're dealing with square roots, which are always non-negative, the value of x must be positive. So, x = 3. Therefore, the value of the nested radical is 3, which is option B.

Wait, just to make sure I didn't make any mistakes. Let me verify. If x = 3, then the original expression becomes √(12 - 3) = √9 = 3, which checks out. So that works.

But let me think if there's another way to approach this, maybe by trying to compute a few iterations to see if it converges to 3. Let's compute x₁ = √12 ≈ 3.464. Then x₂ = √(12 - 3.464) ≈ √8.536 ≈ 2.922. Then x₃ = √(12 - 2.922) ≈ √9.078 ≈ 3.013. Then x₄ = √(12 - 3.013) ≈ √8.987 ≈ 2.998. x₅ ≈ √(12 - 2.998) ≈ √9.002 ≈ 3.000. So yeah, it seems to be converging to 3. That gives me more confidence that 3 is the right answer.

Looking at the options, B is 3, so that should be the answer. Let me just glance at the other options to see why they might not be correct. Option A is 4, which is too high because if you plug x=4 into the equation, 4 = √(12 - 4) = √8 ≈ 2.828, which is not 4. So A is incorrect.

Option C is 2√2, which is approximately 2.828. That's actually the same as the x we would get if the equation was x = √(12 - x) with x ≈ 2.828, but wait, actually, if we set x = 2√2, then the equation would be 2√2 = √(12 - 2√2). Let me check that. Squaring both sides: (2√2)^2 = 8, and 12 - 2√2 is approximately 12 - 2.828 ≈ 9.172, which is not equal to 8. So that doesn't work. So C is incorrect.

Option D is [1 + 3/√11]^2. Let me compute that. First, 3/√11 is approximately 3/3.3166 ≈ 0.9045. Then 1 + 0.9045 ≈ 1.9045, and squaring that is approximately 3.628. But we know that the value is supposed to be 3, so that's not matching. So D is incorrect.

Therefore, after checking all options, B) 3 is the correct answer.

**Final Answer**
\boxed{B}
</think>

Let \( x \) be the value of the infinite nested square root expression \( \sqrt{12 - \sqrt{12 - \sqrt{12 - \cdots}}}} \). Then, we can write the equation:

\[ x = \sqrt{12 - x} \]

Squaring both sides to eliminate the square root, we get:

\[ x^2 = 12 - x \]

Rearranging this into standard quadratic form, we have:

\[ x^2 + x - 12 = 0 \]

Using the quadratic formula \( x = \frac{-b \pm \sqrt{b^2 - 4ac}}{2a} \) where \( a = 1 \), \( b = 1 \), and \( c = -12 \), we find:

\[ x = \frac{-1 \pm \sqrt{1 + 48}}{2} = \frac{-1 \pm 7}{2} \]

This gives us two solutions:

\[ x = \frac{6}{2} = 3 \quad \text{and} \quad x = \frac{-8}{2} = -4 \]

Since \( x \) must be non-negative, we have \( x = 3 \).

To verify, we check that if \( x = 3 \), then the original expression simplifies correctly. Additionally, iterating the expression shows it converges to 3. Thus, the value is confirmed to be 3.

The correct answer is \(\boxed{B}\)."
9,168,B,20,1.0,"Okay, so I have this problem here: Find the value of the infinite nested square root expression √(12 - √(12 - √(12 - ...))). The options are A) 4, B) 3, C) 2√2, and D) [1 + 3/√11]^2. Hmm, interesting. I remember that these kinds of infinite nested radicals can sometimes be solved by setting them equal to a variable and then solving an equation. Let me try that approach.

Let me denote the entire expression as x. So, x = √(12 - √(12 - √(12 - ...))). But wait, since the expression inside the square root is the same as the entire expression, I can substitute x into itself."," That is, x = √(12 - x). Hmm, that seems right.

So, if x = √(12 - x), then I can square both sides to get rid of the square root. Let's do that:

x² = 12 - x.

Now, bringing all terms to one side gives:

x² + x - 12 = 0.

So, now I have a quadratic equation. Let me try to factor this or use the quadratic formula. Let me see if it factors. Looking for two numbers that multiply to -12 and add up to 1. Hmm, 4 and -3? 4 times -3 is -12 and 4 + (-3) is 1. Perfect.

So, the equation factors to:

(x + 4)(x - 3) = 0.

Setting each factor equal to zero gives the solutions x = -4 and x = 3. But x is a square root, so it must be non-negative. Therefore, x = 3 is the only valid solution.

Let me double-check that to make sure I didn't make a mistake. If x = 3, plugging back into the original equation:

3 = √(12 - 3) = √9 = 3. Perfect, that works.

Just to be thorough, let me consider if there are other possible solutions or if I missed something. For example, could there be another solution from the quadratic equation? If I didn't factor correctly, maybe? Let me see. The quadratic was x² + x - 12 = 0, which does factor into (x + 4)(x - 3) = 0 as I did before. So, I think that's solid.

Wait a second, the expression is alternating, right? Each time it's √(12 - the next radical). So, does that affect the solution? Hmm, actually, since it's an infinite nesting, the quadratic equation should still hold because it doesn't depend on the number of radicals—it just converges to a fixed point. So, regardless of how many layers deep it is, as long as it's infinite, the equation should be the same.

Just to visualize it, each time we take the square root of (12 minus the next term), and since it's infinite, the value approaches a limit. So, setting x equal to that limit gives the correct equation. Therefore, x = 3 is correct.

Looking at the options, 3 is option B. So, I think the answer is B) 3.

But hold on, just to make sure, let me compute the first few terms manually to see if it's converging to 3.

Let's start with the first term: √12 ≈ 3.4641.

Then, the second term: √(12 - 3.4641) = √(8.5359) ≈ 2.9218.

Third term: √(12 - 2.9218) = √(9.0782) ≈ 3.0130.

Fourth term: √(12 - 3.0130) = √(8.9870) ≈ 2.9978.

Fifth term: √(12 - 2.9978) = √(9.0022) ≈ 3.0003.

So, it seems like it's oscillating around 3, getting closer each time. So, yes, that makes sense. It converges to 3. Therefore, option B is correct.

I think that solidifies my answer. Just to see, what's the other option? Option D is [1 + 3/√11]^2. Let me compute that numerically to see if it's 3 or something else.

First, compute 1 + 3/√11. √11 is approximately 3.3166, so 3 / 3.3166 ≈ 0.9045. So, 1 + 0.9045 ≈ 1.9045. Then, squaring that gives approximately (1.9045)^2 ≈ 3.626. That's not 3, so D is not correct.

Option C is 2√2, which is approximately 2.828. That's also not 3. Option A is 4, which is even further away. So, just to confirm, the only plausible answer is 3, which is option B.

So, yeah, I think I'm confident that B is the right choice.

**Final Answer**

\boxed{B}
</think>

Let \( x \) be the value of the infinite nested square root expression \( \sqrt{12 - \sqrt{12 - \sqrt{12 - \cdots}}} \). Then, we can write:

\[ x = \sqrt{12 - x} \]

Squaring both sides to eliminate the square root, we get:

\[ x^2 = 12 - x \]

Rearranging the terms to form a quadratic equation:

\[ x^2 + x - 12 = 0 \]

We factor the quadratic equation:

\[ (x + 4)(x - 3) = 0 \]

This gives the solutions \( x = -4 \) and \( x = 3 \). Since \( x \) represents a square root, it must be non-negative. Therefore, the valid solution is \( x = 3 \).

To verify, we check if \( x = 3 \) satisfies the original equation:

\[ 3 = \sqrt{12 - 3} = \sqrt{9} = 3 \]

This is correct. Additionally, computing the first few terms manually shows the expression converges to 3.

Thus, the value is \( \boxed{B} \)."
10,180,B,20,1.0,"Okay, so I have this problem here: Find the value of the infinite nested square root expression √(12 - √(12 - √(12 - ...))). The options are A) 4, B) 3, C) 2√2, and D) [1 + 3/√11]^2. Hmm, interesting. I remember that these kinds of infinite nested radicals can sometimes be solved by setting them equal to a variable and then solving an equation. Let me try that approach.

Let me denote the entire expression as x. So, x = √(12 - √(12 - √(12 - ...))). But wait, since the expression inside the square root is the same as the entire expression, I can substitute x into itself. That means x = √(12 - x)."," Is that right? Let me verify.

Yes, because if the entire expression is x, then the part inside the first square root is also x. So, x is equal to the square root of (12 minus x). That gives me the equation x = √(12 - x). To solve for x, I can square both sides to eliminate the square root. Let me do that.

Squaring both sides gives x² = 12 - x. Now, I can rearrange this equation to bring all terms to one side. So, x² + x - 12 = 0. Now, this is a quadratic equation in standard form: ax² + bx + c = 0. I can solve this using the quadratic formula, which is x = [-b ± √(b² - 4ac)] / (2a). Here, a is 1, b is 1, and c is -12.

Plugging these values into the quadratic formula: x = [-1 ± √(1² - 4*1*(-12))] / (2*1) = [-1 ± √(1 + 48)] / 2 = [-1 ± √49]/2 = [-1 ± 7]/2. So, that gives me two solutions: x = (-1 + 7)/2 = 6/2 = 3, and x = (-1 - 7)/2 = -8/2 = -4.

Now, since we are dealing with square roots, the expression must result in a non-negative number. So, x cannot be -4 because the square root function only outputs non-negative values. Therefore, the only valid solution is x = 3. So, the value of the infinite nested square root is 3. Looking at the options, that's choice B.

Wait a second, let me double-check my steps to make sure I didn't make a mistake. So, I set x equal to the expression, then substituted it into itself, squared both sides, solved the quadratic, got two solutions, and discarded the negative one because you can't have a negative under a square root. That seems correct.

Alternatively, maybe I can compute a few iterations of the expression numerically to see if it approaches 3. Let's try that.

Start with an initial guess, say x₀ = √12 ≈ 3.464. Then, x₁ = √(12 - x₀) = √(12 - 3.464) = √(8.536) ≈ 2.922. Then, x₂ = √(12 - x₁) ≈ √(12 - 2.922) = √(9.078) ≈ 3.013. Then, x₃ = √(12 - 3.013) ≈ √(8.987) ≈ 2.998. Hmm, this seems to be oscillating around 3, getting closer each time. So, it does seem like 3 is the correct value.

Alternatively, just to be thorough, let me check the other options. Option A is 4. If I substitute 4 into the equation, would it satisfy the equation x = √(12 - x)? Let me see: 4 = √(12 - 4) = √8 ≈ 2.828, which is not equal to 4. So, A is not correct.

Option C is 2√2 ≈ 2.828. Let's test that: 2.828 = √(12 - 2.828) = √(9.172) ≈ 3.028, which is not equal to 2.828. So, C is incorrect.

Option D is [1 + 3/√11]^2. Let me compute that. First, compute 3/√11. √11 is approximately 3.3166, so 3 / 3.3166 ≈ 0.9045. Then, 1 + 0.9045 ≈ 1.9045. Squaring that gives approximately 3.626. Hmm, 3.626 is not equal to 3, so D is also incorrect.

So, through both algebraic manipulation and numerical approximation, I can see that the correct answer is 3, which is option B.

I wonder if there's another way to approach this problem? Maybe if I consider the convergence of the sequence defined by aₙ₊₁ = √(12 - aₙ). If this sequence converges, then its limit would be the same as the value of the infinite nested radical. I can analyze the convergence as well.

Assuming that the sequence converges to some limit L, then taking the limit on both sides of aₙ₊₁ = √(12 - aₙ) gives L = √(12 - L). Squaring both sides gives L² = 12 - L, which is the same quadratic equation I had before. So, this confirms that the limit is indeed 3. So, regardless of the method, it leads to the same conclusion.

Another thought: maybe the expression is related to some known sequence or identity? I recall that sometimes expressions involving nested radicals can relate to solutions of Pell's equation or other Diophantine equations, but in this case, since we're dealing with a finite expression, it's more of an algebra problem rather than a Pell equation.

So, overall, the logic seems solid. The quadratic equation yields a positive solution, which is 3, and numerical iteration confirms that the sequence converges to 3. Therefore, I feel confident that the answer is B) 3.

**Final Answer**
\boxed{B}
</think>

Let \( x \) be the value of the infinite nested square root expression \( \sqrt{12 - \sqrt{12 - \sqrt{12 - \cdots}}} \). We can express this as:

\[ x = \sqrt{12 - x} \]

Squaring both sides to eliminate the square root, we get:

\[ x^2 = 12 - x \]

Rearranging this equation, we have:

\[ x^2 + x - 12 = 0 \]

This is a quadratic equation in standard form \( ax^2 + bx + c = 0 \) where \( a = 1 \), \( b = 1 \), and \( c = -12 \). Using the quadratic formula:

\[ x = \frac{-b \pm \sqrt{b^2 - 4ac}}{2a} \]

Substituting the values of \( a \), \( b \), and \( c \):

\[ x = \frac{-1 \pm \sqrt{1^2 - 4 \cdot 1 \cdot (-12)}}{2 \cdot 1} = \frac{-1 \pm \sqrt{1 + 48}}{2} = \frac{-1 \pm 7}{2} \]

This gives us two solutions:

\[ x = \frac{-1 + 7}{2} = 3 \]
\[ x = \frac{-1 - 7}{2} = -4 \]

Since \( x \) must be non-negative, we discard the negative solution. Therefore, \( x = 3 \).

To verify, we can check the numerical approximation of the expression. Starting with an initial guess of \( \sqrt{12} \approx 3.464 \), and iterating the process, we find that the value converges towards 3.

Thus, the value of the infinite nested square root expression is:

\[
\boxed{B}
\]"
11,184,B,20,1.0,"Okay, so I have this problem here: Find the value of the infinite nested square root expression √(12 - √(12 - √(12 - ...))). The options are A) 4, B) 3, C) 2√2, and D) [1 + 3/√11]^2. Hmm, interesting. I remember that these kinds of infinite nested radicals can sometimes be solved by setting them equal to a variable and then solving an equation. Let me try that approach.

Let me denote the entire expression as x. So, x = √(12 - √(12 - √(12 - ...))). But wait, since the expression inside the square root is the same as the entire expression, I can substitute x into itself. That means x = √(12 - x). Is that right?"," Let me confirm. If I replace the inner radical with x, then the entire expression is x. Yeah, that makes sense.

So now, I can write the equation as x = √(12 - x). To solve for x, I can square both sides to eliminate the square root. Squaring both sides gives x² = 12 - x. Now, I can rearrange this equation to form a quadratic equation. Let me move all terms to one side: x² + x - 12 = 0.

Now, I need to solve this quadratic equation. Let me see, I can try factoring it. Looking for two numbers that multiply to -12 and add up to 1. Hmm, 4 and -3 come to mind because 4 * (-3) = -12 and 4 + (-3) = 1. So, the factoring would be (x + 4)(x - 3) = 0.

Setting each factor equal to zero gives the possible solutions: x + 4 = 0 or x - 3 = 0. Solving these, I get x = -4 or x = 3. But wait, since x is defined as a square root, it must be non-negative. So, x = -4 isn't valid. Therefore, the only valid solution is x = 3.

Looking back at the options, B) 3 is one of them. So, I think the answer is B) 3.

But wait a second, let me make sure I didn't make a mistake. Maybe I should test this result to confirm. Let me plug x = 3 back into the original expression.

If x = 3, then 3 should equal √(12 - 3) because the inner expression is also 3. Let's see: √(12 - 3) = √9 = 3. Yes, that checks out. So, x = 3 is indeed a solution.

What about the other solution, x = -4? If I plug that into the original expression, it would mean √(12 - (-4)) = √16 = 4, which is different. But since the square root function only returns non-negative values, x = -4 can't be a valid solution in this context. So, x = 3 is the correct answer.

Wait, but let me make sure there aren't any other solutions. Sometimes, quadratic equations can have more than one solution, but in this case, since we're dealing with a square root, the only feasible solution is the positive one. So, yeah, I think I was correct.

Alternatively, just to explore another method, maybe I can compute the expression numerically to see if it converges to 3. Let me try a few iterations manually.

Starting with an initial guess, say x₀ = 3.

Then, x₁ = √(12 - 3) = √9 = 3.

Hmm, that's the same as the previous one. So, it seems like it's already converged. Maybe I tried too many times.

Wait, let me try another starting point. Suppose I start with x₀ = 0.

Then, x₁ = √(12 - 0) = √12 ≈ 3.464.

Then, x₂ = √(12 - 3.464) ≈ √(8.536) ≈ 2.922.

Then, x₃ = √(12 - 2.922) ≈ √(9.078) ≈ 3.013.

x₄ = √(12 - 3.013) ≈ √(8.987) ≈ 2.998.

x₅ = √(12 - 2.998) ≈ √(9.002) ≈ 3.000.

So, it's oscillating around 3 and converging towards it. That seems to confirm that 3 is indeed the correct value.

Therefore, I think I can confidently say that the answer is 3, which is option B.

**Final Answer**
\boxed{B}
</think>

Let \( x \) be the value of the infinite nested square root expression \( \sqrt{12 - \sqrt{12 - \sqrt{12 - \cdots}}} \). We can write this as:

\[ x = \sqrt{12 - x} \]

To solve for \( x \), we square both sides:

\[ x^2 = 12 - x \]

Rearranging this equation gives us a quadratic equation:

\[ x^2 + x - 12 = 0 \]

We factor the quadratic equation:

\[ (x + 4)(x - 3) = 0 \]

This gives us the solutions \( x = -4 \) and \( x = 3 \). Since \( x \) represents a square root, it must be non-negative. Therefore, the valid solution is \( x = 3 \).

To confirm, we test \( x = 3 \) and find that it satisfies the original equation. Additionally, numerical iterations show that the expression converges to 3.

Thus, the value of the infinite nested square root expression is \( 3 \).

\[
\boxed{B}
\]"
12,188,B,20,1.0,"Okay, so I have this problem here: Find the value of the infinite nested square root expression √(12 - √(12 - √(12 - ...))). The options are A) 4, B) 3, C) 2√2, and D) [1 + 3/√11]^2. Hmm, interesting. I remember that these kinds of infinite nested radicals can sometimes be solved by setting them equal to a variable and then solving an equation. Let me try that approach.

Let me denote the entire expression as x. So, x = √(12 - √(12 - √(12 - ...))). But wait, since the expression inside the square root is the same as the entire expression, I can substitute x into itself. That means x = √(12 - x). Is that right? Let me check.

","Yes, because inside the first square root, it's 12 minus the entire expression, which is x. So, substituting, I get x = √(12 - x). Now, I need to solve this equation for x. To eliminate the square root, I can square both sides. So, x squared equals 12 - x.

So, x² = 12 - x. Let me rearrange this equation so that all terms are on one side. That would give me x² + x - 12 = 0. Hmm, okay, so now I have a quadratic equation. I can try to factor this or use the quadratic formula.

Let me see if it factors. I need two numbers that multiply to -12 and add up to 1. Hmm, 4 and -3? Because 4 * (-3) = -12 and 4 + (-3) = 1. Yeah, that works. So, the equation factors to (x + 4)(x - 3) = 0. Setting each factor equal to zero, I get x + 4 = 0 or x - 3 = 0. So, x = -4 or x = 3.

But wait, x represents a square root, right? Square roots can't be negative, so x must be positive. Therefore, x = 3 is the only valid solution. So, the value of the infinite nested radical is 3. Let me check this with the options given.

Looking back at the choices: A) 4, B) 3, C) 2√2, D) [1 + 3/√11]^2. So, 3 is option B. That seems straightforward, but just to be sure, let me verify by plugging it back into the original expression.

If x = 3, then let's see: √(12 - x) = √(12 - 3) = √9 = 3. So, it checks out. Each time, the expression inside is 12 - 3 = 9, whose square root is 3. So, it's consistent.

Wait a second, let me think about the other options. Option A is 4. If I thought x = 4, then √(12 - 4) = √8 ≈ 2.828, which is not 4. So, that's not right. Option C is 2√2, which is approximately 2.828, and again, it's not 3. Option D is [1 + 3/√11]^2. Let me compute that.

3 divided by √11 is approximately 3 / 3.3166 ≈ 0.904, so 1 + 0.904 ≈ 1.904. Squaring that gives about 3.625, which is more than 3. So, that's not 3 either. So, option D doesn't seem to fit. So, yes, the correct answer is B) 3.

But wait, just to make sure I didn't make a mistake earlier. Let me go through the steps again. I set x equal to the entire expression, which is √(12 - x). Squared both sides, got x² = 12 - x, then rearranged to x² + x - 12 = 0. Factored into (x + 4)(x - 3) = 0, so x = 3 or x = -4. Since it's a square root, x must be positive, so x = 3. Hmm, that seems solid.

Is there another way to verify this? Maybe by calculating a few iterations manually. Let's compute the first few terms numerically to see if it's approaching 3.

Start with an initial guess, say 0. Then, compute:

1st term: √12 ≈ 3.464

2nd term: √(12 - 3.464) ≈ √8.536 ≈ 2.922

3rd term: √(12 - 2.922) ≈ √9.078 ≈ 3.013

4th term: √(12 - 3.013) ≈ √8.987 ≈ 2.998

5th term: √(12 - 2.998) ≈ √9.002 ≈ 3.000

So, yeah, it seems to be converging to 3. That gives me more confidence. Each iteration brings it closer to 3. So, that's a good sign. So, the value is 3.

Is there any chance I could have gotten another answer by misapplying the substitution? For example, sometimes when dealing with infinite radicals, you have to consider convergence or other possibilities. But in this case, since the expression is defined and the terms are decreasing and bounded, convergence should be monotonic. So, I think 3 is the correct answer.

Let me also think about why the other options might not work. Option D seems like it's trying to use another method, maybe involving continued fractions or something else. But when I expand [1 + 3/√11]^2, it's approximately 3.625, as I calculated earlier, which is higher than 3, so it doesn't match.

Option C, 2√2 is about 2.828, which is less than 3, but as we saw, the expression converges to 3, so that's not right either.

Option A is 4, which is also higher, but as I saw, each step is approaching 3, so 4 would be overshooting each time.

So, yeah, I think I'm confident that the answer is B) 3.

**Final Answer**
\boxed{B}
</think>

Let \( x = \sqrt{12 - \sqrt{12 - \sqrt{12 - \cdots}}} \). Since the expression inside the square root is the same as the entire expression, we can substitute \( x \) into itself, giving us \( x = \sqrt{12 - x} \).

To eliminate the square root, we square both sides of the equation:
\[
x^2 = 12 - x
\]
Rearranging the terms, we get the quadratic equation:
\[
x^2 + x - 12 = 0
\]
Factoring the quadratic equation, we find:
\[
(x + 4)(x - 3) = 0
\]
This gives us the solutions \( x = -4 \) or \( x = 3 \). Since \( x \) represents a square root, it must be positive, so we discard \( x = -4 \).

Thus, the value of the infinite nested radical is \( x = 3 \).

To verify, we check that if \( x = 3 \), then:
\[
\sqrt{12 - x} = \sqrt{12 - 3} = \sqrt{9} = 3
\]
This confirms the solution is correct.

Therefore, the value is \(\boxed{B}\)."
13,211,B,20,1.0,"Okay, so I have this problem here: Find the value of the infinite nested square root expression √(12 - √(12 - √(12 - ...))). The options are A) 4, B) 3, C) 2√2, and D) [1 + 3/√11]^2. Hmm, interesting. I remember that these kinds of infinite nested radicals can sometimes be solved by setting them equal to a variable and then solving an equation. Let me try that approach.

Let me denote the entire expression as x. So, x = √(12 - √(12 - √(12 - ...))). But wait, since the expression inside the square root is the same as the entire expression, I can substitute x into itself. That means x = √(12 - x). Is that right? Let me check.

Yes, because the expression under the first square root is 12 minus the same expression, which is x."," So, the equation becomes x squared equals 12 - x. So, x² = 12 - x. Let me rewrite that equation:

x² + x - 12 = 0.

Okay, now I have a quadratic equation. I can solve this using the quadratic formula. The quadratic is in the form ax² + bx + c = 0, so a = 1, b = 1, c = -12.

The quadratic formula is x = [-b ± √(b² - 4ac)] / (2a). Plugging in the values, we have:

x = [-1 ± √(1 + 48)] / 2.

Because b squared is 1, 4ac is 4*1*(-12) = -48, so b² - 4ac is 1 - (-48) which is 49. So, square root of 49 is 7.

Thus, x = [-1 ± 7]/2.

So, two possible solutions: x = (-1 + 7)/2 = 6/2 = 3, and x = (-1 - 7)/2 = -8/2 = -4.

Hmm, but since we're dealing with square roots, the expression must result in a positive number. So, x can't be negative. Therefore, x = 3 is the valid solution.

Let me check: If x is 3, then plug it back into the original equation: √(12 - 3) = √9 = 3, which is correct. So, x = 3 is indeed the solution.

Looking at the options given: A) 4, B) 3, C) 2√2, D) [1 + 3/√11]^2.

So, B) 3 is the correct answer. Hmm, but let me double-check if there's another possible interpretation of the question.

Wait, sometimes these nested radicals can have different convergence behaviors depending on the number. Let me make sure that my initial approach is correct. The expression is always increasing or decreasing? Let me test with a few iterations to see if it converges to 3.

Let me compute the first few terms manually to see how it behaves.

Let’s compute a few terms:

First term: x₁ = √12 ≈ 3.464
Second term: x₂ = √(12 - x₁) = √(12 - 3.464) ≈ √8.536 ≈ 2.922
Third term: x₃ = √(12 - x₂) ≈ √(12 - 2.922) ≈ √9.078 ≈ 3.013
Fourth term: x₄ = √(12 - x₃) ≈ √(12 - 3.013) ≈ √8.987 ≈ 2.998
Fifth term: x₅ ≈ √(12 - 2.998) ≈ √9.002 ≈ 3.0003

So, it's oscillating around 3, getting closer each time. That's good; it seems to be converging to 3. So, the answer should be 3, which is option B.

Let me just check why the other options aren't correct. Option A is 4, which would be too high because 4 squared is 16, which is larger than 12, so √12 - 4 would be negative, which is not possible.

Option C is 2√2, which is approximately 2.828. That's also less than 3, so my manual computation shows it's approaching 3, so 2√2 is too low.

Option D is [1 + 3/√11]^2. Let me compute that:

First, 1 + 3/√11 ≈ 1 + 3/3.3166 ≈ 1 + 0.904 ≈ 1.904

Then, squaring that: (1.904)^2 ≈ 3.625, which is not close to 3. So, that's not equal to 3.

Alternatively, maybe they mean (1 + 3/√11) squared? So, 1 squared is 1, 2*1*(3/√11) is 6/√11, and then (√11)^2 is 11. So, [1 + 3/√11]^2 = 1 + 6/√11 + 9/11.

Wait, let me compute 1 + 6/√11 + 9/11 numerically:

√11 ≈ 3.3166, so 6/3.3166 ≈ 1.807, and 9/11 ≈ 0.818. So, total is 1 + 1.807 + 0.818 ≈ 3.625, which is again not equal to 3. So, that’s not 3 either.

So, option D doesn't give us 3. Therefore, the only correct answer is 3, which is option B.

But just to be thorough, let me make sure that the initial assumption is correct. The problem is an infinite nested radical of the form √(12 - √(12 - √(12 - ...))). The standard method is to let x = √(12 - x), which leads to x² + x - 12 = 0, giving x = 3.

Another way to think about it is that each time you take a square root, you are subtracting less and less from 12, so the value approaches 12, but since each term subtracted is less, it converges to a finite value. Since the square roots are decreasing, it's a decreasing sequence bounded below by 0, so it converges.

So, I think my initial solution is correct, and the answer is 3.

**Final Answer**
\boxed{B}
</think>

Let \( x \) be the value of the infinite nested square root expression:

\[ x = \sqrt{12 - \sqrt{12 - \sqrt{12 - \cdots}}} \]

Since the expression inside the square root is the same as the entire expression, we can substitute \( x \) into itself:

\[ x = \sqrt{12 - x} \]

Squaring both sides, we get:

\[ x^2 = 12 - x \]

Rewriting this as a quadratic equation:

\[ x^2 + x - 12 = 0 \]

Solving this quadratic equation using the quadratic formula \( x = \frac{-b \pm \sqrt{b^2 - 4ac}}{2a} \), where \( a = 1 \), \( b = 1 \), and \( c = -12 \):

\[ x = \frac{-1 \pm \sqrt{1 + 48}}{2} \]
\[ x = \frac{-1 \pm 7}{2} \]

This gives two solutions:

\[ x = \frac{6}{2} = 3 \]
\[ x = \frac{-8}{2} = -4 \]

Since \( x \) must be positive, we discard the negative solution. Thus, \( x = 3 \).

To verify, we check that \( x = 3 \) satisfies the original equation:

\[ \sqrt{12 - 3} = \sqrt{9} = 3 \]

The value is correct. Therefore, the answer is:

\[
\boxed{B}
\]"
14,228,B,20,1.0,"Okay, so I have this problem here: Find the value of the infinite nested square root expression √(12 - √(12 - √(12 - ...))). The options are A) 4, B) 3, C) 2√2, and D) [1 + 3/√11]^2. Hmm, interesting. I remember that these kinds of infinite nested radicals can sometimes be solved by setting them equal to a variable and then solving an equation. Let me try that approach.

Let me denote the entire expression as x. So, x = √(12 - √(12 - √(12 - ...))). But wait, since the expression inside the square root is the same as the entire expression, I can substitute x into itself. That means x = √(12 - x). Is that right? Let me check.

Yes, because the expression under the first square root is 12 minus the same expression, which is x. So, substituting, I get x = √(12 - x)."," Now, I can solve this equation for x.

To solve the equation x = √(12 - x), I'll square both sides to eliminate the square root. So, x squared is equal to 12 minus x. That gives me x² = 12 - x. Let me rearrange that to form a quadratic equation: x² + x - 12 = 0. Hmm, okay, quadratic equations are manageable.

Now, I can try to factor this quadratic. Let me see if I can find two numbers that multiply to -12 and add up to 1. Hmm, 4 and -3 come to mind because 4 * (-3) = -12 and 4 + (-3) = 1. Perfect. So, the factors are (x + 4)(x - 3) = 0.

Setting each factor equal to zero gives me x = -4 and x = 3. But wait, x represents a square root, so it must be non-negative. Therefore, x = -4 is not a valid solution because square roots can't be negative. So, the only valid solution is x = 3. That would make the value of the infinite nested radical 3. Hmm, that seems straightforward.

Let me just verify my steps to make sure I didn't make any mistakes. I set the entire expression equal to x, substituted it into itself due to its recursive nature, squared both sides to remove the square root, rearranged the equation, factored it, and found x = 3. Since 3 is positive, it makes sense. I think that's correct.

Looking at the options, B) 3 is one of them, so that seems to be the answer. Let me just make sure none of the other options could be equivalent or if I made any wrong substitutions.

Wait, option D is [1 + 3/√11]^2. Let me compute that and see if it's equal to 3. Let's compute 1 + 3/√11 first. √11 is approximately 3.3166, so 3 divided by that is approximately 0.899. Adding 1 gives about 1.899. Squaring that gives roughly 3.612. But 3 squared is 9, 4 squared is 16, so 3.612 is not equal to 3. So, D is not equal to 3, so that's probably not the answer.

Option C is 2√2, which is approximately 2.828. Definitely not 3. Option A is 4, which is also not 3. So, the only one that matches is B) 3. So, I think that's solid.

Alternatively, just to double-check my process, I remember that sometimes these infinite radicals can have multiple solutions or require some consideration of convergence. Let me think: the expression alternates between adding and subtracting terms, but in this case, it's always subtracting a smaller term inside. So, maybe the convergence is guaranteed?

Wait, actually, in these types of infinite nested radicals, the expression converges if the terms are positive and the sequence is decreasing and bounded below by zero. Let me see: starting with x₁ = √12 ≈ 3.464, then x₂ = √(12 - 3.464) ≈ √8.536 ≈ 2.922, then x₃ = √(12 - 2.922) ≈ √9.078 ≈ 3.013, then x₄ = √(12 - 3.013) ≈ √8.987 ≈ 2.998, and so on. So, it's oscillating around 3 but getting closer each time. That seems to confirm that the limit is indeed 3.

So, yeah, I think I'm confident that the value is 3, which is option B.

**Final Answer**
\boxed{B}
</think>

Let \( x \) be the value of the infinite nested square root expression \( \sqrt{12 - \sqrt{12 - \sqrt{12 - \cdots}}} \). By setting \( x \) equal to the expression, we have:

\[ x = \sqrt{12 - x} \]

Squaring both sides to eliminate the square root gives:

\[ x^2 = 12 - x \]

Rearranging this into a standard quadratic equation form:

\[ x^2 + x - 12 = 0 \]

We factor the quadratic equation:

\[ (x + 4)(x - 3) = 0 \]

This gives the solutions \( x = -4 \) and \( x = 3 \). Since \( x \) represents a square root, it must be non-negative, so we discard \( x = -4 \) and take \( x = 3 \).

Thus, the value of the infinite nested radical is \( 3 \), which corresponds to option B.

\[
\boxed{B}
\]"
15,246,B,20,1.0,"Okay, so I have this problem here: Find the value of the infinite nested square root expression √(12 - √(12 - √(12 - ...))). The options are A) 4, B) 3, C) 2√2, and D) [1 + 3/√11]^2. Hmm, interesting. I remember that these kinds of infinite nested radicals can sometimes be solved by setting them equal to a variable and then solving an equation. Let me try that approach.

Let me denote the entire expression as x. So, x = √(12 - √(12 - √(12 - ...))). But wait, since the expression inside the square root is the same as the entire expression, I can substitute x into itself. That means x = √(12 - x). Is that right? Let me check.

Yes, because the expression under the first square root is 12 minus the same expression, which is x. So, substituting, I get x = √(12 - x). Now, to solve for x, I can square both sides to eliminate the square root."," Squaring both sides gives me x² = 12 - x.

Now, this is a quadratic equation. Let me rearrange it to standard form. So, x² + x - 12 = 0. Hmm, quadratic equations can be solved using the quadratic formula, which is x = [-b ± √(b² - 4ac)] / (2a). In this equation, a is 1, b is 1, and c is -12. Plugging these into the formula:

x = [-1 ± √(1 + 48)] / 2 = [-1 ± √49] / 2 = [-1 ± 7]/2.

So, the solutions are x = (-1 + 7)/2 = 6/2 = 3 and x = (-1 - 7)/2 = -8/2 = -4. Since we're dealing with a square root, which is always non-negative, the value of x must be positive. Therefore, x = 3.

Wait, so that would make the answer B) 3. Let me make sure that this makes sense. If x = 3, then plugging back into the original expression: √(12 - 3) = √9 = 3. Yep, that works out.

But wait, let me think again. Is there a possibility that there are other solutions? I mean, sometimes when you square both sides of an equation, you might introduce extraneous solutions. Did I consider that?

In this case, since x must be positive, x = 3 is the only feasible solution, and the other solution is negative, which we can disregard because square roots can't be negative. So, x = 3 is the correct answer.

Looking back at the options, B is 3, so that should be the choice. Just to be thorough, let me check if maybe the problem had a typo or if I misread something. It says ""sqrt(12 - sqrt(12 - sqrt(12 - ...)))"" and the options are A)4, B)3, C)2√2, D)[1 + 3/√11]^2.

Wait, 2√2 is about 2.828, which is less than 3, so if I maybe did something wrong, perhaps? Let me see. Maybe I should check if the substitution is correct.

So, starting again: Let x = √(12 - x). Then x² = 12 - x, leading to x² + x - 12 = 0. Quadratic formula gives x = [ -1 ± √(1 + 48) ] / 2, which is [ -1 ± 7 ] / 2, so x = 3 or x = -4. Since x is positive, x = 3 is correct. So, why is 2√2 an option? Maybe some other approach?

Wait, another thought: sometimes, in these infinite radicals, the value can be found by telescoping or something else. Hmm. Let me try an iterative approach, perhaps.

Start with an initial guess, say x₀ = √12 ≈ 3.464. Then compute x₁ = √(12 - x₀) ≈ √(12 - 3.464) ≈ √8.536 ≈ 2.922. Then x₂ = √(12 - 2.922) ≈ √9.078 ≈ 3.013. Then x₃ = √(12 - 3.013) ≈ √8.987 ≈ 2.998. Hmm, it seems to be oscillating around 3 but getting closer each time. So, that suggests that 3 is indeed the limit.

Alternatively, maybe the problem is not just a simple case. Wait, but in any case, the algebra suggests 3 is the correct answer. Let me check what [1 + 3/√11]^2 is approximately. 1 + 3/√11 ≈ 1 + 3/3.3166 ≈ 1 + 0.904 ≈ 1.904. Squaring that: 1.904² ≈ 3.626, which is more than 3. Hmm, not 3. So option D is about 3.626, which is significantly higher than 3.

Wait, maybe the problem is more complicated? Or maybe a different substitution? Let's see.

Alternatively, perhaps the expression is not x = sqrt(12 - sqrt(12 - ...)), but something else. Wait, the original problem is sqrt(12 - sqrt(12 - sqrt(12 - ...))). So, that's exactly what I set up. So, that substitution seems correct.

Alternatively, perhaps the problem is meant to be interpreted differently. Maybe the expression is sqrt(12 - sqrt(12 - sqrt(12 - ...))). Wait, if you think of it as sqrt(12 - sqrt(12 - sqrt(12 - ...))), that does equal 3.

Alternatively, perhaps the problem is meant to be sqrt(12 - sqrt(12 - sqrt(12 - ...))), but maybe the 12s are inside different numbers? Wait, no, the expression is fixed as 12 each time.

Wait, let me check my algebra again. Starting with x = sqrt(12 - x), so x² = 12 - x, which becomes x² + x - 12 = 0. Quadratic formula: x = [ -1 ± sqrt(1 + 48) ] / 2 = [ -1 ± 7 ] / 2. So, 6/2 = 3, and -8/2 = -4. Since x must be positive, x = 3. So that's solid.

Another way: let's square both sides again, as I did, and it still gives x = 3. So, I think I'm confident that 3 is the correct answer.

Looking back at the options, B is 3, so I think that's the answer. But just to make sure, maybe I made a mistake in the substitution.

Wait, is the expression sqrt(12 - sqrt(12 - sqrt(12 - ...))), or is it sqrt(12 - sqrt(12 - sqrt(12 - ...))})} but with a different structure? No, it's the same.

Alternatively, perhaps the problem is in a different base or something? No, it's a numerical problem, so base 10.

Wait, maybe the expression is meant to be evaluated numerically? So, let me compute a few iterations numerically to see if it converges to 3.

Starting with x₀ = sqrt(12) ≈ 3.464.

x₁ = sqrt(12 - 3.464) ≈ sqrt(8.536) ≈ 2.922.

x₂ = sqrt(12 - 2.922) ≈ sqrt(9.078) ≈ 3.013.

x₃ = sqrt(12 - 3.013) ≈ sqrt(8.987) ≈ 2.998.

x₄ = sqrt(12 - 2.998) ≈ sqrt(9.002) ≈ 3.0003.

x₅ = sqrt(12 - 3.0003) ≈ sqrt(8.9997) ≈ 2.99996.

So, it oscillates around 3, getting closer each time. Therefore, 3 is indeed the limit. So, I think that must be the correct answer.

Alternatively, maybe someone might think that the expression is sqrt(12 - sqrt(12 - sqrt(12 - ...))), but each time taking a different operation or something. But no, the notation is clear: each sqrt is nested under the previous.

Wait, unless the problem is written differently, with the 12s being inside different numbers? But no, in the original problem, it's sqrt(12 - sqrt(12 - sqrt(12 - ...))). So, 12 is fixed.

Alternatively, perhaps there's a trick where someone might think that the expression is different. Maybe instead of 12, it's something else? But no, as per the problem, it's 12 each time.

Alternatively, maybe I was supposed to compute the entire expression as a continued radical, but some people might think that the expression is sqrt(12 - sqrt(12 - sqrt(12 - ...))). So, which is what I did. So, yes, 3 is correct.

Wait, now looking at the options, D is [1 + 3/√11]^2. Let me compute that numerically to see if it's 3.

Compute 3/√11 first: √11 is approximately 3.3166, so 3/3.3166 ≈ 0.904. Then 1 + 0.904 ≈ 1.904. Squared, 1.904² ≈ 3.626. So, that's approximately 3.626, which is more than 3.

So, D is approximately 3.626, which is higher than 3, so that can't be. So, that must be a distractor.

Therefore, it's definitely 3, which is option B.

Wait, another thought: perhaps I need to consider that the expression is sqrt(12 - sqrt(12 - sqrt(12 - ...))), but maybe the expression is sqrt(12 - sqrt(12 - sqrt(12 - ...))), but the 12s are not all under the same operation. Wait, no, it's a standard infinite nested radical.

So, yeah, I think I'm confident that the answer is 3.

Another way to check, maybe by squaring both sides again. If x = 3, then x² = 9. So, 12 - x = 9, which is 12 - 3 = 9. Correct. So, the substitution checks out.

Alternatively, maybe one of the other options is equal to 3? Let me check D: [1 + 3/√11]^2. Compute this exactly.

First, compute 3/√11: that is 3√11 / 11.

So, 1 + 3√11 / 11 = (11 + 3√11)/11.

Then, squaring that: [(11 + 3√11)/11]^2 = (11 + 3√11)^2 / (11)^2.

Compute numerator: 11² + 2*11*3√11 + (3√11)² = 121 + 66√11 + 9*11 = 121 + 66√11 + 99 = 220 + 66√11.

Denominator: 121.

So, the expression is (220 + 66√11)/121.

Simplify numerator and denominator: 220/121 = 20/11, and 66/121 = 6/11.

So, numerator is (20/11 + 6√11/11), so (20 + 6√11)/11.

So, [1 + 3/√11]^2 = (20 + 6√11)/11 ≈ (20 + 6*3.3166)/11 ≈ (20 + 19.8996)/11 ≈ 39.8996/11 ≈ 3.627, which is about 3.627. So, that's different from 3.

Therefore, D is about 3.627, which is not 3, so it's not the answer.

Hence, I think B is the correct answer.

Wait, hold on, maybe I made a mistake in the substitution. Let me consider that the expression is sqrt(12 - sqrt(12 - sqrt(12 - ...))). Is that the same as x = sqrt(12 - x)?

Alternatively, perhaps x = sqrt(12 - sqrt(12 - x))? Hmm, is that a different equation? Wait, no, because the substitution should be x = sqrt(12 - x), because the entire nested radical is equal to x.

Wait, but perhaps if the expression was sqrt(12 - sqrt(12 - sqrt(12 - x))), but no, that's not the case. The expression is sqrt(12 - sqrt(12 - sqrt(12 - ...))), so each iteration just subtracts the same x.

Therefore, x = sqrt(12 - x), leading to x = 3.

Hence, I think B is the correct answer.

Wait, just to check, is 3 one of the options? Yes, it's option B. So, that must be the answer.

So, I think I've considered this from multiple angles: substitution, numerical approximation, checking the quadratic equation, verifying the algebra, checking the alternative answer D, and all point towards the conclusion that the value is 3, which is option B.

**Final Answer**
\boxed{B}
</think>

Let \( x \) be the value of the infinite nested square root expression \( \sqrt{12 - \sqrt{12 - \sqrt{12 - \cdots}}} \). Since the expression is infinite and nested, we can set up the equation:

\[ x = \sqrt{12 - x} \]

To solve for \( x \), we square both sides:

\[ x^2 = 12 - x \]

Rearranging this into a standard quadratic equation form:

\[ x^2 + x - 12 = 0 \]

Using the quadratic formula \( x = \frac{-b \pm \sqrt{b^2 - 4ac}}{2a} \) where \( a = 1 \), \( b = 1 \), and \( c = -12 \):

\[ x = \frac{-1 \pm \sqrt{1 + 48}}{2} = \frac{-1 \pm 7}{2} \]

This gives us two solutions:

\[ x = \frac{6}{2} = 3 \quad \text{and} \quad x = \frac{-8}{2} = -4 \]

Since \( x \) must be positive, we discard the negative solution. Thus, \( x = 3 \).

To verify, we substitute \( x = 3 \) back into the original equation:

\[ 3 = \sqrt{12 - 3} \]
\[ 3 = \sqrt{9} \]
\[ 3 = 3 \]

This confirms that \( x = 3 \) is correct. The other options, when evaluated, do not match this result. Therefore, the value of the expression is:

\[
\boxed{B}
\]"
16,251,B,20,1.0,"Okay, so I have this problem here: Find the value of the infinite nested square root expression √(12 - √(12 - √(12 - ...))). The options are A) 4, B) 3, C) 2√2, and D) [1 + 3/√11]^2. Hmm, interesting. I remember that these kinds of infinite nested radicals can sometimes be solved by setting them equal to a variable and then solving an equation. Let me try that approach.

Let me denote the entire expression as x. So, x = √(12 - √(12 - √(12 - ...))). But wait, since the expression inside the square root is the same as the entire expression, I can substitute x into itself. That means x = √(12 - x). Is that right? Let me check.

Yes, because the expression under the first square root is 12 minus the same expression, which is x. So, substituting, I get x = √(12 - x). Now, to solve for x, I can square both sides to eliminate the square root. Let's do that.

","Squaring both sides gives x² = 12 - x. Okay, now I have a quadratic equation. Let's rearrange it to standard form. So, x² + x - 12 = 0. Hmm, quadratic equations are in the form ax² + bx + c = 0, so here a is 1, b is 1, and c is -12.

To solve this, I can use the quadratic formula: x = [-b ± √(b² - 4ac)] / (2a). Plugging in the values, that would be x = [-1 ± √(1 + 48)] / 2, since b² - 4ac is 1 - 4*(1)*(-12) = 1 + 48 = 49. Then √49 is 7. So, x = [-1 ± 7]/2.

That gives two solutions: x = (-1 + 7)/2 = 6/2 = 3, and x = (-1 - 7)/2 = -8/2 = -4. Hmm, but x represents a square root, so it can't be negative. So, x must be 3. Therefore, the value is 3, which is option B. That seems straightforward.

But wait, let me verify. If x = 3, then plugging back into the original expression: √(12 - 3) = √9 = 3. So, yes, it checks out. The nested radicals converge to 3.

Hold on, but the options also include C) 2√2. Let me think—am I sure that 3 is the correct answer? Maybe I should consider whether there's another way this could be interpreted. Sometimes, in nested radicals, especially when they involve more layers or different structures, there can be multiple solutions or other methods. But in this case, since each radical is the same, the substitution seems solid.

Another thought: what if I tried to compute the first few terms numerically and see if it converges to 3? Let's see:

Start with the first term: √12 ≈ 3.4641

Second term: √(12 - 3.4641) = √(8.5359) ≈ 2.9220

Third term: √(12 - 2.9220) = √(9.078) ≈ 3.013

Fourth term: √(12 - 3.013) = √(8.987) ≈ 2.998

Fifth term: √(12 - 2.998) = √(9.002) ≈ 3.0

Hmm, it's oscillating around 3, getting closer each time. So it seems like it converges to 3. So, that supports the answer being 3, which is option B.

But just to make sure, let's check if maybe the substitution is incorrect. Is x = √(12 - x) the correct substitution? Let me consider the structure again.

The expression is √(12 - √(12 - √(12 - ...))). So, each time, you have 12 minus the same nested radical, which is x. So, yes, the substitution is correct.

So, solving x = √(12 - x) leads to x = 3. So, that should be the answer.

Wait, but let me check the options once more. Option D is [1 + 3/√11]^2. Let me compute that: 1 + 3/√11 is approximately 1 + 3/3.3166 ≈ 1 + 0.904 ≈ 1.904. Then squaring that gives approximately 3.625, which is not equal to 3. So, D isn't 3, so D is incorrect.

Option C is 2√2, which is approximately 2.828, also not 3.

Option A is 4, which is larger than 3, so that can't be.

So, the only possible correct answer is 3, which is option B.

Alternatively, another method: perhaps using continued fractions or another approach, but in this case, substitution seems sufficient and the numerical approximation also shows it's converging to 3.

So, I feel confident that the answer is 3.

**Final Answer**
\boxed{B}
</think>

Let \( x \) be the value of the infinite nested square root expression \( \sqrt{12 - \sqrt{12 - \sqrt{12 - \cdots}}} \). This can be written as:

\[ x = \sqrt{12 - \sqrt{12 - \sqrt{12 - \cdots}}} \]

Since the expression inside the square root is the same as the entire expression, we can substitute \( x \) into itself:

\[ x = \sqrt{12 - x} \]

To solve for \( x \), we square both sides:

\[ x^2 = 12 - x \]

Rearranging this into a standard quadratic equation form:

\[ x^2 + x - 12 = 0 \]

Using the quadratic formula \( x = \frac{-b \pm \sqrt{b^2 - 4ac}}{2a} \) where \( a = 1 \), \( b = 1 \), and \( c = -12 \):

\[ x = \frac{-1 \pm \sqrt{1 + 48}}{2} = \frac{-1 \pm 7}{2} \]

This gives two solutions:

\[ x = \frac{-1 + 7}{2} = 3 \quad \text{and} \quad x = \frac{-1 - 7}{2} = -4 \]

Since \( x \) represents a square root, it must be non-negative, so \( x = 3 \).

To verify, substituting \( x = 3 \) back into the original expression confirms it holds true. Numerical approximation of the first few terms also shows the expression converges to 3.

Thus, the value is \( 3 \), which corresponds to option B.

\[
\boxed{B}
\]"
17,266,B,20,1.0,"Okay, so I have this problem here: Find the value of the infinite nested square root expression √(12 - √(12 - √(12 - ...))). The options are A) 4, B) 3, C) 2√2, and D) [1 + 3/√11]^2. Hmm, interesting. I remember that these kinds of infinite nested radicals can sometimes be solved by setting them equal to a variable and then solving an equation. Let me try that approach.

Let me denote the entire expression as x. So, x = √(12 - √(12 - √(12 - ...))). But wait, since the expression inside the square root is the same as the entire expression, I can substitute x into itself. That means x = √(12 - x). Is that right? Let me check.

Yes, because the expression under the first square root is 12 minus the same expression, which is x. So, substituting, I get x = √(12 - x). Now, to solve for x, I can square both sides to eliminate the square root. Let's do that.

Squaring both sides: x² = 12 - x."," Okay, so now we have a quadratic equation: x² + x - 12 = 0. Wait, moving x to the left side gives x² + x - 12 = 0? Let me make sure: original equation is x = √(12 - x), so squaring both sides is x² = 12 - x. Then, bringing all terms to one side: x² + x - 12 = 0. That looks correct.

Now, let's solve this quadratic equation. I can use the quadratic formula: x = [-b ± √(b² - 4ac)] / (2a). Here, a is 1, b is 1, and c is -12. Plugging those in: x = [-1 ± √(1 + 48)] / 2. Because b² is 1, 4ac is 4*1*(-12) = -48, so b² - 4ac is 1 - (-48) which is 49. So, √49 is 7. Thus, x = [-1 ± 7]/2.

So, that gives us two solutions: x = (-1 + 7)/2 = 6/2 = 3, and x = (-1 - 7)/2 = -8/2 = -4. Hmm, so x could be 3 or -4. But wait, x is defined as a square root, so it must be non-negative. Therefore, x = 3 is the only valid solution.

So, that would make the answer 3, which is option B. Let me make sure I didn't make a mistake. Is there another way to approach this?

Alternatively, maybe I can compute some iterations to see if it converges to 3 or something else. Let's try computing the first few terms. Let me start with an initial guess, say, 0. Then compute √12 ≈ 3.464. Then compute √(12 - 3.464) ≈ √8.536 ≈ 2.922. Then √(12 - 2.922) ≈ √9.078 ≈ 3.013. Then √(12 - 3.013) ≈ √8.987 ≈ 2.998. Then √(12 - 2.998) ≈ √9.002 ≈ 3.000. So, it seems to be converging to 3. That makes sense.

Wait, just to make sure, let me compute another iteration. Next term would be √(12 - 3.000) = √9 = 3. Then √(12 - 3) = √9 = 3, and so on. So, it's clearly approaching 3. Therefore, x = 3 is the solution.

Looking back at the options, B is 3, so that's the answer. Let me just check if any other options could also be correct, but 3 is an integer, and the other options are either 4, which is a perfect square, 2√2 which is about 2.828, which is less than 3, and D is [1 + 3/√11]^2. Let me compute that: 1 + 3/√11 is approximately 1 + 3/3.316 ≈ 1 + 0.904 ≈ 1.904, and squaring that gives about 3.625, which is more than 3. So, that's not 3, so D is not correct.

Alternatively, if someone thought the expression converges to some other number, maybe they would get 4 or something, but from the iterations, it clearly approaches 3.

Wait, another thought: sometimes these infinite radicals can have multiple solutions. But in this case, since it's defined as a square root, it's only the principal (positive) root. So, the solution must be positive, hence 3 is the only valid answer.

Therefore, I'm confident that the answer is 3, which is option B.

**Final Answer**
\boxed{B}
</think>

Let \( x \) be the value of the infinite nested square root expression \( \sqrt{12 - \sqrt{12 - \sqrt{12 - \cdots}}} \). We can express this as:

\[ x = \sqrt{12 - x} \]

To solve for \( x \), we square both sides:

\[ x^2 = 12 - x \]

Rearranging this into a standard quadratic equation form, we get:

\[ x^2 + x - 12 = 0 \]

We solve this quadratic equation using the quadratic formula \( x = \frac{-b \pm \sqrt{b^2 - 4ac}}{2a} \), where \( a = 1 \), \( b = 1 \), and \( c = -12 \):

\[ x = \frac{-1 \pm \sqrt{1^2 - 4 \cdot 1 \cdot (-12)}}{2 \cdot 1} \]
\[ x = \frac{-1 \pm \sqrt{1 + 48}}{2} \]
\[ x = \frac{-1 \pm \sqrt{49}}{2} \]
\[ x = \frac{-1 \pm 7}{2} \]

This gives us two solutions:

\[ x = \frac{-1 + 7}{2} = 3 \]
\[ x = \frac{-1 - 7}{2} = -4 \]

Since \( x \) must be non-negative (as it is a square root), we discard the negative solution. Thus, \( x = 3 \).

To verify, we compute the first few terms of the sequence and observe that it converges to 3. Therefore, the value of the infinite nested square root expression is 3.

The answer is \(\boxed{B}\)."
18,280,B,20,1.0,"Okay, so I have this problem here: Find the value of the infinite nested square root expression √(12 - √(12 - √(12 - ...))). The options are A) 4, B) 3, C) 2√2, and D) [1 + 3/√11]^2. Hmm, interesting. I remember that these kinds of infinite nested radicals can sometimes be solved by setting them equal to a variable and then solving an equation. Let me try that approach.

Let me denote the entire expression as x. So, x = √(12 - √(12 - √(12 - ...))). But wait, since the expression inside the square root is the same as the entire expression, I can substitute x into itself. That means x = √(12 - x). Is that right? Let me check.

Yes, because the expression under the first square root is 12 minus the same expression, which is x. So, substituting, I get x = √(12 - x). Now, to solve for x, I can square both sides to eliminate the square root. Let's do that.

Squaring both sides: x² = 12 - x. Now, I can rearrange this equation to form a quadratic equation."," So, bringing all terms to one side: x² + x - 12 = 0.

Okay, now I have a quadratic equation: x² + x - 12 = 0. To solve this, I can use the quadratic formula. Remember, for an equation ax² + bx + c = 0, the solutions are x = (-b ± √(b² - 4ac)) / (2a). In this case, a = 1, b = 1, and c = -12.

Plugging in the values: x = (-1 ± √(1² - 4*1*(-12))) / (2*1). Let me compute the discriminant first: √(1 + 48) = √49 = 7. So, the solutions are x = (-1 + 7)/2 and x = (-1 - 7)/2. Calculating those, x = (6)/2 = 3 and x = (-8)/2 = -4.

Wait a second, x represents a square root, which is always non-negative. So, x can't be -4. Therefore, the only valid solution is x = 3. So, the value of the infinite nested radical is 3. Hmm, that's one of the options. Let me check the options again.

Options are A) 4, B) 3, C) 2√2, D) [1 + 3/√11]^2. So, B) 3 is an option. That seems to be the answer. But just to make sure, maybe I should verify my steps.

First, I set x equal to the entire expression. Then, because the expression under the square root is the same as x, I substituted x into itself. That seems correct. Then, squaring both sides gives me x² = 12 - x, which rearranges to x² + x - 12 = 0. Solving that quadratic: discriminant is 1 + 48 = 49, square root is 7. So, x = (-1 ±7)/2, which gives 3 or -4. Since x must be positive, 3 is the answer. So, yeah, B) 3 is correct.

But wait, just to be thorough, maybe I should compute a few iterations of the expression to see if it converges to 3. Let's see.

Let me start with an initial guess, say x₀ = 3.

Then, x₁ = √(12 - x₀) = √(12 - 3) = √9 = 3.

Wait, so x₁ is also 3? That means it converges immediately? Hmm, interesting. Let me try another initial guess, maybe x₀ = 4.

Then, x₁ = √(12 - 4) = √8 ≈ 2.828.

Then, x₂ = √(12 - 2.828) ≈ √(9.172) ≈ 3.028.

Then, x₃ = √(12 - 3.028) ≈ √(8.972) ≈ 2.995.

x₄ = √(12 - 2.995) ≈ √(9.005) ≈ 3.0008.

x₅ = √(12 - 3.0008) ≈ √(8.9992) ≈ 2.9999.

So, it seems that starting from x₀ = 4, the value oscillates around 3 and converges to it. So, that confirms that 3 is indeed the limit. So, yeah, 3 is correct. So, the answer is B) 3.

But wait, let me check the other options to make sure none of them could be correct or if I made a mistake somewhere.

Option C is 2√2, which is approximately 2.828. From my iterative approach, starting at 4, it goes down to around 2.828, which is a lower value. Then it goes up to 3.028, 2.995, etc. So, 2√2 is lower than 3, so it doesn't seem to converge to that. Option D is [1 + 3/√11]^2. Let me compute that.

First, 11's square root is approximately 3.3166. So, 3 divided by that is about 0.904. Then, 1 + 0.904 is about 1.904. Squaring that gives approximately 3.625. Hmm, that's higher than 3, so not B or D. So, that's not matching either.

Option A is 4, which is higher than 3, but when I started with 4, the next term was ~2.828, which is lower. So, 4 is a possible maximum, but given the iterations, it's oscillating around 3.

Wait, so does that mean 3 is the exact value, and the iterative process converges to 3? So, my earlier conclusion is correct. Therefore, the answer is B) 3.

But hold on, another thought: is there another possible solution to the quadratic equation? I solved for x and got x = 3 and x = -4, but in the context of the problem, x must be positive, so only x = 3 is valid. So, no other solution.

Alternatively, if someone might think that the expression could be different, but given the steps I took, it seems solid.

So, yeah, I think 3 is definitely the correct answer. Therefore, the answer is B) 3.

**Final Answer**
\boxed{B}
</think>

Let \( x \) be the value of the infinite nested square root expression \( \sqrt{12 - \sqrt{12 - \sqrt{12 - \cdots}}} \). Since the expression inside the square root is the same as the entire expression, we can write:

\[ x = \sqrt{12 - x} \]

Squaring both sides to eliminate the square root, we get:

\[ x^2 = 12 - x \]

Rearranging this into a standard quadratic equation form:

\[ x^2 + x - 12 = 0 \]

Using the quadratic formula \( x = \frac{-b \pm \sqrt{b^2 - 4ac}}{2a} \) where \( a = 1 \), \( b = 1 \), and \( c = -12 \):

\[ x = \frac{-1 \pm \sqrt{1^2 - 4 \cdot 1 \cdot (-12)}}{2 \cdot 1} \]
\[ x = \frac{-1 \pm \sqrt{1 + 48}}{2} \]
\[ x = \frac{-1 \pm \sqrt{49}}{2} \]
\[ x = \frac{-1 \pm 7}{2} \]

This gives us two solutions:

\[ x = \frac{-1 + 7}{2} = 3 \]
\[ x = \frac{-1 - 7}{2} = -4 \]

Since \( x \) represents a square root, it must be non-negative, so \( x = 3 \).

To verify, we can check the iterations of the expression starting from different initial guesses, which show that the value converges to 3. Therefore, the value of the infinite nested radical is indeed 3.

The final answer is \(\boxed{B}\)."
19,301,B,20,1.0,"Okay, so I have this problem here: Find the value of the infinite nested square root expression √(12 - √(12 - √(12 - ...))). The options are A) 4, B) 3, C) 2√2, and D) [1 + 3/√11]^2. Hmm, interesting. I remember that these kinds of infinite nested radicals can sometimes be solved by setting them equal to a variable and then solving an equation. Let me try that approach.

Let me denote the entire expression as x. So, x = √(12 - √(12 - √(12 - ...))). But wait, since the expression inside the square root is the same as the entire expression, I can substitute x into itself. That means x = √(12 - x). Is that right? Let me check.

Yes, because the expression under the first square root is 12 minus the same expression, which is x. So, substituting, I get x = √(12 - x). Now, to solve for x, I can square both sides to eliminate the square root. Let's do that.

Squaring both sides: x² = 12 - x. Now, I can rearrange this equation to form a quadratic equation. Let's bring all terms to one side: x² + x - 12 = 0."," That looks manageable.

Now, I need to solve this quadratic equation. I can use the quadratic formula, which is x = [-b ± √(b² - 4ac)] / (2a). In this equation, a = 1, b = 1, and c = -12. Plugging these values in:

x = [-1 ± √(1² - 4*1*(-12))] / (2*1)
x = [-1 ± √(1 + 48)] / 2
x = [-1 ± √49] / 2
x = [-1 ± 7] / 2

So, that gives two possible solutions: x = (-1 + 7)/2 = 6/2 = 3, and x = (-1 - 7)/2 = -8/2 = -4. Hmm, so x could be 3 or -4. But wait, x is defined as a square root, so it can't be negative. Therefore, x must be 3. So, the value of the expression is 3. Let me check the options: B is 3. So, that would be the answer. But hold on, just to make sure I didn't make any mistakes.

Wait, let me verify by plugging 3 back into the original expression. If I compute √(12 - √(12 - √(12 - ...))) assuming it's 3, then the innermost expression would be 12 - 3 = 9, then √9 is 3, and then we have √(12 - 3) = √9 = 3. So it does check out.

But let me also think if there's another way this could be approached because sometimes these nested radicals can have multiple solutions or maybe the convergence isn't straightforward. But in this case, since each step subtracts a positive number from 12, and then takes the square root, it's a decreasing sequence bounded below by 0, so it must converge. And we found that it converges to 3, which is positive and fits with the expression.

Alternatively, just to be thorough, let me see if option D is also 3. Option D is [1 + 3/√11]^2. Let me compute that.

First, compute 1 + 3/√11. Since √11 is approximately 3.3166, so 3 divided by that is approximately 0.899. So, 1 + 0.899 ≈ 1.899. Then, squaring that gives approximately (1.899)^2 ≈ 3.61. Wait, that's not 3. So, that can't be the answer. Hmm, perhaps I miscalculated. Wait, let me compute it more accurately.

Wait, √11 is approximately 3.31662479, so 3 divided by that is approximately 0.89904478. Then, 1 + 0.89904478 is approximately 1.89904478. Squaring that: 1.89904478^2. Let me compute that: 1.899^2 is approximately 3.608, as I thought earlier. So that's around 3.608, which is more than 3. So, that can't be. So, D is not 3. Therefore, the correct answer is B) 3.

But just to be thorough, let's see if there's another approach or if I made a wrong substitution. Is there another way someone might approach this problem?

Maybe someone might think that the expression is equal to some other number, say y, but that's exactly what I did. So, solving for x gives 3 as the positive solution. Alternatively, sometimes these problems can be approached by recognizing a pattern or finding a recursion. Let me try that.

Let me define the sequence a₁ = √12, a₂ = √(12 - √12), a₃ = √(12 - √(12 - √12)), and so on. So, each term is defined as aₙ = √(12 - aₙ₋₁). If the sequence converges, then the limit L must satisfy L = √(12 - L). Which is exactly the equation I solved earlier. So, L = 3.

Therefore, regardless of the approach, the answer is 3, which is answer choice B.

Wait, just to make sure I didn't make any calculation errors in the quadratic solution. Let's recheck that.

We had x² = 12 - x => x² + x - 12 = 0. Then discriminant D = 1² - 4*1*(-12) = 1 + 48 = 49, which is correct. So, solution is (-1 ± 7)/2, which is (6/2)=3 and (-8/2)=-4. Since x must be positive, 3 is correct.

Alternatively, if I didn't consider the quadratic, could I think of another way? Maybe express the nested radical in terms of trigonometric functions or something, but that seems complicated. Or perhaps using continued fractions, but that's a stretch.

Alternatively, someone might think that each term is roughly equal to the previous term minus something, but since it's an infinite process, the decrease would be negligible. But, in any case, the quadratic method is the standard and correct approach here.

Another thing I might have missed is whether the expression actually converges. Let me check if the sequence is bounded and monotonic.

Starting with a₁ = √12 ≈ 3.464. Then a₂ = √(12 - 3.464) ≈ √8.536 ≈ 2.922. Then a₃ = √(12 - 2.922) ≈ √9.078 ≈ 3.013. Then a₄ = √(12 - 3.013) ≈ √8.987 ≈ 2.998. Then a₅ = √(12 - 2.998) ≈ √9.002 ≈ 3.000. Then a₆ = √(12 - 3.000) = √9 = 3.000. So, it seems like it's oscillating around 3 and converging to 3. So, that's a good sign. The sequence is converging because the terms are getting closer to each other.

Thus, I feel confident that the answer is 3, which is option B.

**Final Answer**
\boxed{B}
</think>

Let \( x \) be the value of the infinite nested square root expression \( \sqrt{12 - \sqrt{12 - \sqrt{12 - \cdots}}} \). We can set up the equation \( x = \sqrt{12 - x} \).

Squaring both sides, we get:
\[ x^2 = 12 - x \]

Rearranging this into a standard quadratic equation form:
\[ x^2 + x - 12 = 0 \]

Using the quadratic formula \( x = \frac{-b \pm \sqrt{b^2 - 4ac}}{2a} \) where \( a = 1 \), \( b = 1 \), and \( c = -12 \):
\[ x = \frac{-1 \pm \sqrt{1^2 - 4 \cdot 1 \cdot (-12)}}{2 \cdot 1} \]
\[ x = \frac{-1 \pm \sqrt{1 + 48}}{2} \]
\[ x = \frac{-1 \pm \sqrt{49}}{2} \]
\[ x = \frac{-1 \pm 7}{2} \]

This gives two solutions:
\[ x = \frac{-1 + 7}{2} = 3 \]
\[ x = \frac{-1 - 7}{2} = -4 \]

Since \( x \) must be a positive number, we discard the negative solution. Thus, \( x = 3 \).

To verify, substituting \( x = 3 \) back into the original expression confirms it satisfies the equation. Additionally, checking the convergence of the sequence \( a_1 = \sqrt{12} \), \( a_2 = \sqrt{12 - \sqrt{12}} \), and so on, shows it converges to 3.

Thus, the value of the expression is \( 3 \).

\[
\boxed{B}
\]"
20,323,B,20,1.0,"Okay, so I have this problem here: Find the value of the infinite nested square root expression √(12 - √(12 - √(12 - ...))). The options are A) 4, B) 3, C) 2√2, and D) [1 + 3/√11]^2. Hmm, interesting. I remember that these kinds of infinite nested radicals can sometimes be solved by setting them equal to a variable and then solving an equation. Let me try that approach.

Let me denote the entire expression as x. So, x = √(12 - √(12 - √(12 - ...))). But wait, since the expression inside the square root is the same as the entire expression, I can substitute x into itself. That means x = √(12 - x). Is that right? Let me check.

Yes, because the expression under the first square root is 12 minus the same expression, which is x. So, substituting, I get x = √(12 - x). Now, to solve for x, I can square both sides to eliminate the square root. Let's do that.

Squaring both sides: x² = 12 - x. Now, I can rearrange this equation to form a quadratic equation. Let's bring all terms to one side: x² + x - 12 = 0. Okay, so now I have a quadratic equation: x² + x - 12 = 0.

","To solve for x, I can use the quadratic formula. The quadratic formula is x = [-b ± √(b² - 4ac)] / (2a). In this equation, a = 1, b = 1, and c = -12. Plugging these values in, we get:

x = [-1 ± √(1² - 4*1*(-12))]/(2*1)
Simplify inside the square root: √(1 + 48) = √49 = 7.

So, x = [-1 ± 7]/2. Now, this gives two possible solutions: x = (-1 + 7)/2 or x = (-1 - 7)/2.

Calculating these:

First solution: (-1 + 7)/2 = 6/2 = 3.

Second solution: (-1 - 7)/2 = (-8)/2 = -4.

Hmm, so x could be either 3 or -4. But since we're dealing with square roots, the expression √(12 - √(12 - ...)) is a square root, which is always non-negative. So, the value can't be negative. Therefore, x must be 3.

Wait, but let me make sure. If x is 3, then plugging back into the original equation: 3 = √(12 - 3) = √9 = 3. That works. If x were -4, then -4 = √(12 - (-4)) = √16 = 4, which is not equal to -4. So, that's a contradiction. Therefore, x must be 3.

So, the answer should be B) 3. Let me just double-check in case I made a mistake somewhere. Did I correctly set up the equation?

Yes, starting with x = √(12 - x). Squared both sides: x² = 12 - x, which rearranges to x² + x - 12 = 0. Quadratic formula gives x = 3 or x = -4, and we discard -4 because it's negative. So, x = 3 is the correct solution.

Alternatively, just to be thorough, maybe I can compute a few iterations manually to see if it converges to 3. Let's see:

Let me start with an initial guess, say, a1 = 3. Then,

a2 = √(12 - a1) = √(12 - 3) = √9 = 3.

So, it's already 3. That's interesting; maybe the sequence converges immediately? Let me try another initial guess, just to see.

Suppose I start with a1 = 4.

a2 = √(12 - 4) = √8 ≈ 2.828.

a3 = √(12 - 2.828) ≈ √(9.172) ≈ 3.028.

a4 = √(12 - 3.028) ≈ √(8.972) ≈ 2.995.

a5 = √(12 - 2.995) ≈ √(9.005) ≈ 3.0008.

a6 = √(12 - 3.0008) ≈ √(8.9992) ≈ 2.9999.

a7 = √(12 - 2.9999) ≈ √(9.0001) ≈ 3.000001.

Whoa, so starting from 4, it's converging to 3 very quickly. So, that gives me more confidence that 3 is indeed the correct answer.

Alternatively, let me try another starting value, like 5.

a1 = 5.

a2 = √(12 - 5) = √7 ≈ 2.645.

a3 = √(12 - 2.645) ≈ √9.355 ≈ 3.059.

a4 = √(12 - 3.059) ≈ √8.941 ≈ 2.990.

a5 = √(12 - 2.990) ≈ √9.010 ≈ 3.0016.

a6 = √(12 - 3.0016) ≈ √8.9984 ≈ 2.9997.

a7 = √(12 - 2.9997) ≈ √9.0003 ≈ 3.00005.

So, yeah, regardless of where I start, it seems to converge to 3. It doesn't oscillate or do anything else. So, that gives me more confidence.

Just to make sure I didn't make a mistake earlier when setting up the equation. The expression is an infinite radical, so the inner expression is the same as the entire expression. Therefore, x = √(12 - x). So, squaring both sides gives x² = 12 - x, which leads to x² + x - 12 = 0. Quadratic formula gives x = 3 or x = -4, but only 3 is valid.

So, yeah, I think I can confidently say that the value is 3, which is option B.

Just to check the other options quickly, maybe D is a possible answer. Let's see, [1 + 3/√11]^2. Let me compute 3/√11 first: √11 is approximately 3.3166, so 3/3.3166 ≈ 0.9045. Then, 1 + 0.9045 ≈ 1.9045. Squaring that: approximately 1.9045² ≈ 3.628. Hmm, 3.628 is not equal to 3, so D is not the answer. Similarly, 4 is an option, but we saw that starting from 4, it converges to 3, not 4, so A is incorrect.

Option C is 2√2, which is approximately 2.828. Let me see, if I plug 2.828 into the original equation, does it satisfy x = √(12 - x)?

Let me check: x = 2.828. Then, 12 - x = 12 - 2.828 ≈ 9.172. Then, √9.172 ≈ 3.028, which is not equal to 2.828. So, that doesn't satisfy the equation, so C is not the answer either.

Therefore, after checking all the options, B is the correct answer.

**Final Answer**
\boxed{B}
</think>

Let \( x \) be the value of the infinite nested square root expression \( \sqrt{12 - \sqrt{12 - \sqrt{12 - \cdots}}} \). We can set up the equation \( x = \sqrt{12 - x} \) because the expression inside the square root is the same as the entire expression.

Squaring both sides, we get:
\[ x^2 = 12 - x \]

Rearranging this into a quadratic equation, we have:
\[ x^2 + x - 12 = 0 \]

Using the quadratic formula \( x = \frac{-b \pm \sqrt{b^2 - 4ac}}{2a} \) where \( a = 1 \), \( b = 1 \), and \( c = -12 \), we get:
\[ x = \frac{-1 \pm \sqrt{1^2 - 4 \cdot 1 \cdot (-12)}}{2 \cdot 1} \]
\[ x = \frac{-1 \pm \sqrt{1 + 48}}{2} \]
\[ x = \frac{-1 \pm \sqrt{49}}{2} \]
\[ x = \frac{-1 \pm 7}{2} \]

This gives us two solutions:
\[ x = \frac{-1 + 7}{2} = 3 \]
\[ x = \frac{-1 - 7}{2} = -4 \]

Since the expression represents a square root, it must be non-negative. Therefore, the valid solution is \( x = 3 \).

Thus, the value is \( \boxed{B} \)."
21,336,B,20,1.0,"Okay, so I have this problem here: Find the value of the infinite nested square root expression √(12 - √(12 - √(12 - ...))). The options are A) 4, B) 3, C) 2√2, and D) [1 + 3/√11]^2. Hmm, interesting. I remember that these kinds of infinite nested radicals can sometimes be solved by setting them equal to a variable and then solving an equation. Let me try that approach.

Let me denote the entire expression as x. So, x = √(12 - √(12 - √(12 - ...))). But wait, since the expression inside the square root is the same as the entire expression, I can substitute x into itself. That means x = √(12 - x). Is that right? Let me check.

Yes, because the expression under the first square root is 12 minus the same expression, which is x. So, substituting, I get x = √(12 - x). Now, to solve for x, I can square both sides to eliminate the square root. Let's do that.

Squaring both sides: x² = 12 - x. Now, I can rearrange this equation to form a quadratic equation. Let's bring all terms to one side: x² + x - 12 = 0. Okay, so now I have a quadratic equation: x² + x - 12 = 0.

To solve this quadratic equation, I can use the quadratic formula."," The quadratic formula is x = [-b ± √(b² - 4ac)] / (2a) for an equation ax² + bx + c = 0. In this case, a = 1, b = 1, and c = -12.

Plugging in these values: x = [-1 ± √(1² - 4 * 1 * (-12))] / (2 * 1) = [-1 ± √(1 + 48)] / 2 = [-1 ± √49] / 2 = [-1 ± 7] / 2.

So, we have two solutions: 

1. (-1 + 7)/2 = 6/2 = 3.
2. (-1 - 7)/2 = -8/2 = -4.

Since we're dealing with square roots, the value of x must be positive. So, we discard the negative solution. Therefore, x = 3.

Wait a second, let me validate that. If x = 3, then plugging back into the original equation: 3 = √(12 - 3) = √9 = 3. That works. So, x = 3 is indeed a valid solution.

Looking back at the options, B) is 3. So, I think the answer is B.

But hold on, let me make sure I didn't make any mistakes. Sometimes with these nested radicals, especially infinite ones, it's easy to get confused. Let me check the quadratic equation again.

We had x² = 12 - x, which rearranged to x² + x - 12 = 0. The discriminant is 1 + 48 = 49, so √49 = 7. Then, the solutions are 3 and -4. Yep, that seems correct. So x is 3.

Just to double-check, maybe I can compute a few iterations manually and see if it converges to 3. Let's try computing the first few terms.

Let me denote a₁ = √12 ≈ 3.464.

Then a₂ = √(12 - a₁) = √(12 - 3.464) = √8.536 ≈ 2.922.

a₃ = √(12 - a₂) = √(12 - 2.922) = √9.078 ≈ 3.013.

a₄ = √(12 - 3.013) = √8.987 ≈ 2.998.

a₅ = √(12 - 2.998) = √9.002 ≈ 3.0003.

a₆ = √(12 - 3.0003) = √8.9997 ≈ 2.99996.

So, it's oscillating around 3, getting closer each time. It seems to be converging to 3, which matches our previous result. So, that's a good sign.

Therefore, I can be confident that the value is 3, so the correct answer is B.

Wait, just to be thorough, maybe one more iteration. Let's compute a₇: √(12 - a₆) = √(12 - 2.99996) = √9.00004 ≈ 3.000006.

Yep, it's definitely converging to 3. So, that must be the correct answer.

I was briefly confused when looking at the options, thinking maybe 4 or 2√2, but with the quadratic solution, it's clear it's 3. So, I think I can safely choose B) 3 as the answer.

**Final Answer**
\boxed{B}
</think>

Let \( x \) be the value of the infinite nested square root expression \( \sqrt{12 - \sqrt{12 - \sqrt{12 - \cdots}}} \). Since the expression inside the square root is the same as the entire expression, we can write:

\[ x = \sqrt{12 - x} \]

Squaring both sides to eliminate the square root, we get:

\[ x^2 = 12 - x \]

Rearranging this into a standard quadratic equation form:

\[ x^2 + x - 12 = 0 \]

Using the quadratic formula \( x = \frac{-b \pm \sqrt{b^2 - 4ac}}{2a} \) where \( a = 1 \), \( b = 1 \), and \( c = -12 \):

\[ x = \frac{-1 \pm \sqrt{1^2 - 4 \cdot 1 \cdot (-12)}}{2 \cdot 1} \]
\[ x = \frac{-1 \pm \sqrt{1 + 48}}{2} \]
\[ x = \frac{-1 \pm \sqrt{49}}{2} \]
\[ x = \frac{-1 \pm 7}{2} \]

This gives us two solutions:

1. \( x = \frac{-1 + 7}{2} = \frac{6}{2} = 3 \)
2. \( x = \frac{-1 - 7}{2} = \frac{-8}{2} = -4 \)

Since the value must be positive, we discard the negative solution. Therefore, \( x = 3 \).

To verify, we check that 3 is indeed a solution:

\[ 3 = \sqrt{12 - 3} = \sqrt{9} = 3 \]

Thus, the value of the expression is 3.

\[
\boxed{B}
\]"
22,360,B,20,1.0,"Okay, so I have this problem here: Find the value of the infinite nested square root expression √(12 - √(12 - √(12 - ...))). The options are A) 4, B) 3, C) 2√2, and D) [1 + 3/√11]^2. Hmm, interesting. I remember that these kinds of infinite nested radicals can sometimes be solved by setting them equal to a variable and then solving an equation. Let me try that approach.

Let me denote the entire expression as x. So, x = √(12 - √(12 - √(12 - ...))). But wait, since the expression inside the square root is the same as the entire expression, I can substitute x into itself. That means x = √(12 - x). Is that right? Let me check.

Yes, because the expression under the first square root is 12 minus the same expression, which is x. So, substituting, I get x = √(12 - x). Now, to solve for x, I can square both sides to eliminate the square root. Let's do that.

Squaring both sides: x² = 12 - x. Now, I can rearrange this equation to form a quadratic equation. Let's bring all terms to one side: x² + x - 12 = 0. Okay, so now I have a quadratic equation: x² + x - 12 = 0.

To solve this quadratic equation, I can use the quadratic formula. The quadratic formula is x = [-b ± √(b² - 4ac)] / (2a)."," In this equation, a = 1, b = 1, and c = -12. Plugging these values in:

x = [-1 ± √(1² - 4*1*(-12))] / (2*1)
x = [-1 ± √(1 + 48)] / 2
x = [-1 ± √49] / 2
x = [-1 ± 7] / 2

So, the solutions are x = (-1 + 7)/2 and x = (-1 - 7)/2. Calculating these:

First solution: (6)/2 = 3
Second solution: (-8)/2 = -4

Hmm, so x can be either 3 or -4. But wait, since we're dealing with square roots, the result must be non-negative. So, x = -4 isn't valid here. Therefore, the only valid solution is x = 3. That seems straightforward.

Let me cross-verify this answer because sometimes when you square both sides of an equation, extraneous solutions can appear. So, if I plug x = 3 back into the original equation: √(12 - x) = √(12 - 3) = √9 = 3, which matches. Good, x = 3 is indeed a valid solution.

Wait, but let me double-check. Is the expression √(12 - √(12 - ...)) always positive? Yes, because square roots are always non-negative. So, the result must be positive, hence x = 3 is correct.

Looking back at the options given:

A) 4 – Hmm, that's higher than 3. Did I make a mistake?

B) 3 – That's what I got, so that's a possibility.

C) 2√2, which is approximately 2.828. That's less than 3. Maybe someone might think of 2√3 or something, but 2√2 is too small.

D) [1 + 3/√11]^2. Let me compute that. First, 3/√11 is about 3/3.3166 ≈ 0.904. Then, 1 + 0.904 ≈ 1.904. Squaring that, it's approximately 3.625. That's between 3 and 4.

So, our answer should be 3, which is option B. But wait, let me think again. Sometimes, when you have nested radicals, especially infinite ones, the value might approach a limit that is not an integer. Maybe I made a mistake in assuming it's 3?

Wait, but in this case, setting it equal to x and solving gives 3. Let me confirm once more.

Let me compute the first few terms numerically to see if it converges to 3.

Let's compute the first term: √12 ≈ 3.464.
Then, second term: √(12 - 3.464) ≈ √8.536 ≈ 2.922.
Third term: √(12 - 2.922) ≈ √9.078 ≈ 3.013.
Fourth term: √(12 - 3.013) ≈ √8.987 ≈ 2.998.
Fifth term: √(12 - 2.998) ≈ √9.002 ≈ 3.0003.
So, it's oscillating around 3 and getting closer each time. So, it seems it converges to 3. Therefore, the value is indeed 3.

But just to be thorough, let me check option D. Why would someone think it's D? Maybe they thought it's a more complex expression?

Option D is [1 + 3/√11]^2. Let me compute the value of that:

First, compute 3/√11: √11 ≈ 3.3166, so 3 / 3.3166 ≈ 0.9045.
Then, 1 + 0.9045 ≈ 1.9045.
Now, squaring that: 1.9045² ≈ 3.627.

But from the numerical computation, it seems like it converges to 3, not 3.627. So, that's definitely not D.

Option A is 4. When would that happen? If the expression was √(16 - √(16 - ...))}, which would be 4, right? But here, it's √(12 - ...), so 4 would not be a solution because when x = 4, then 4 = √(12 - 4) = √8 ≈ 2.828, which is not 4. So, that's not correct.

Option C is 2√2 ≈ 2.828. Let me see, if I plug that into x = √(12 - x), so x² = 12 - x, so x² + x -12 =0. As we saw earlier, the solutions are 3 and -4. So, 2√2 is not a solution to this equation. So, that's also not correct.

So, going back, my initial conclusion was right. The value is 3, which is option B.

But wait, just to make sure, let me think about another approach. Maybe I can represent this as a continued radical and see if there's another way.

Yes, in general, for expressions like √(a - √(a - √(a - ...))), the value is (a - x²) = x² or something? Wait, no, that's not quite right.

Wait, in our case, a =12, and x = √(12 - x). So, that leads us back to x² + x -12 =0, so the same equation as before. So, same solution.

Alternatively, is there a way to express this radical in terms of a continued fraction or another method? Hmm, probably not necessary here because the algebraic method worked perfectly.

So, maybe I was overcomplicating it, but the answer is definitely 3.

But just to make sure, maybe I should test another term in the sequence numerically.

Starting with x₁ = √12 ≈ 3.464
x₂ = √(12 - 3.464) ≈ √8.536 ≈ 2.922
x₃ = √(12 - 2.922) ≈ √9.078 ≈ 3.013
x₄ = √(12 - 3.013) ≈ √8.987 ≈ 2.998
x₅ = √(12 - 2.998) ≈ √9.002 ≈ 3.0003
x₆ = √(12 - 3.0003) ≈ √8.9997 ≈ 2.99996
x₇ = √(12 - 2.99996) ≈ √9.00004 ≈ 3.000006
x₈ = √(12 - 3.000006) ≈ √8.999994 ≈ 2.999999

So, it alternates between approximately 3 and a little over or under 3, but converging to 3. So, yes, that's pretty solid.

Therefore, the answer is 3, which is option B.

**Final Answer**
\boxed{B}
</think>

Let \( x \) be the value of the infinite nested square root expression \( \sqrt{12 - \sqrt{12 - \sqrt{12 - \cdots}}} \). Since the expression inside the square root is the same as the entire expression, we can write:

\[ x = \sqrt{12 - x} \]

Squaring both sides to eliminate the square root, we get:

\[ x^2 = 12 - x \]

Rearranging this equation into a standard quadratic form, we have:

\[ x^2 + x - 12 = 0 \]

Using the quadratic formula \( x = \frac{-b \pm \sqrt{b^2 - 4ac}}{2a} \) where \( a = 1 \), \( b = 1 \), and \( c = -12 \), we get:

\[ x = \frac{-1 \pm \sqrt{1^2 - 4 \cdot 1 \cdot (-12)}}{2 \cdot 1} \]
\[ x = \frac{-1 \pm \sqrt{1 + 48}}{2} \]
\[ x = \frac{-1 \pm \sqrt{49}}{2} \]
\[ x = \frac{-1 \pm 7}{2} \]

This gives us two solutions:

\[ x = \frac{-1 + 7}{2} = 3 \]
\[ x = \frac{-1 - 7}{2} = -4 \]

Since the expression involves square roots, which are non-negative, the solution must be non-negative. Therefore, the valid solution is:

\[ x = 3 \]

Thus, the value of the infinite nested square root expression is \( 3 \), which corresponds to option B.

\[
\boxed{B}
\]"
23,381,B,20,1.0,"Okay, so I have this problem here: Find the value of the infinite nested square root expression √(12 - √(12 - √(12 - ...))). The options are A) 4, B) 3, C) 2√2, and D) [1 + 3/√11]^2. Hmm, interesting. I remember that these kinds of infinite nested radicals can sometimes be solved by setting them equal to a variable and then solving an equation. Let me try that approach.

Let me denote the entire expression as x. So, x = √(12 - √(12 - √(12 - ...))). But wait, since the expression inside the square root is the same as the entire expression, I can substitute x into itself. That means x = √(12 - x). Is that right? Let me check.

Yes, because the expression under the first square root is 12 minus the same expression, which is x. So, substituting, I get x = √(12 - x). Now, to solve for x, I can square both sides to eliminate the square root. Let's do that.

Squaring both sides: x² = 12 - x. Now, I can rearrange this equation to form a quadratic equation. Let's bring all terms to one side: x² + x - 12 = 0. Okay, so now I have a quadratic equation: x² + x - 12 = 0.

To solve this quadratic equation, I can use the quadratic formula. The quadratic formula is x = [-b ± √(b² - 4ac)] / (2a). In this equation, a = 1, b = 1, and c = -12."," Let me plug these values into the formula.

First, compute the discriminant: b² - 4ac = (1)² - 4*(1)*(-12) = 1 + 48 = 49. Hmm, that's a perfect square, which is nice because it means the roots will be rational. So, the square root of 49 is 7. Now, plug that back into the formula: x = [-1 ± 7]/2.

So, there are two possible solutions: x = (-1 + 7)/2 and x = (-1 - 7)/2. Let's calculate these. First, (-1 + 7) is 6, divided by 2 is 3. Second, (-1 - 7) is -8, divided by 2 is -4. So, the solutions are x = 3 and x = -4.

Wait a second, but x represents a square root. Square roots are defined to be non-negative, so x must be greater than or equal to zero. Therefore, x can't be -4 because that's negative. So, the only valid solution is x = 3. Hmm, that's interesting. So, the value of the infinite nested radical is 3.

Looking back at the options, B is 3. So, is that the answer? Let me double-check my steps to make sure I didn't make a mistake.

1. Let x equal the entire expression: x = √(12 - √(12 - √(12 - ...))). That seems correct.
2. Substitute the expression in the square root: x = √(12 - x). That makes sense because the part inside the square root is identical to the entire expression.
3. Square both sides: x² = 12 - x. Correct.
4. Rearranged to x² + x - 12 = 0. Right.
5. Applied quadratic formula: x = [-1 ± √(1 + 48)] / 2 = [-1 ± 7]/2. That's 3 and -4. Discarded -4 because square roots can't be negative. So x = 3.

Seems solid. So, answer is B) 3.

Wait, just to make sure, maybe I can compute a few iterations of the expression numerically to see if it converges to 3.

Let me compute the first few terms.

First term: just √12 ≈ 3.464.

Second term: √(12 - √12) ≈ √(12 - 3.464) ≈ √8.536 ≈ 2.922.

Third term: √(12 - √(12 - √12)) ≈ √(12 - 2.922) ≈ √9.078 ≈ 3.013.

Fourth term: √(12 - √(12 - √(12 - √12))) ≈ √(12 - 3.013) ≈ √8.987 ≈ 2.998.

Fifth term: √(12 - 2.998) ≈ √9.002 ≈ 3.0003.

Hmm, it seems like it's oscillating around 3 and getting closer each time. So, numerically, the value does approach 3. That's a good confirmation.

Alternatively, if I compute more terms, it would get even closer. So, yeah, that seems to support that x = 3 is indeed the correct value.

Alternatively, let me see if the quadratic equation derivation makes sense.

We started with x = √(12 - x). Squared both sides: x² = 12 - x. So, x² + x - 12 = 0. That seems correct. Then applying quadratic formula: a=1, b=1, c=-12. So discriminant is 1 + 48 = 49. Square root of 49 is 7, so (-1 + 7)/2=6/2=3, and (-1 -7)/2=-8/2=-4. So, yes, correct.

Therefore, x = 3 is the only valid solution. So, the answer is 3, which is option B.

But hold on, let me check the other options just in case. Maybe someone might think of a different approach or a different quadratic.

Option C is 2√2, which is approximately 2.828, and option D is [1 + 3/√11]^2. Let me compute D just to see.

First, compute 3/√11. √11 is approximately 3.3166, so 3/3.3166 ≈ 0.9045. Then, 1 + 0.9045 ≈ 1.9045, and squaring that gives approximately (1.9045)^2 ≈ 3.626. So, that's around 3.626, which is more than 3. Wait, but my numerical approximation suggested it's converging to 3, but if I compute more terms numerically, is it approaching 3?

Wait, hold on, my numerical computation was the following:

1: ≈3.464

2: ≈2.922

3: ≈3.013

4: ≈2.998

5: ≈3.0003

6: ≈2.9999

7: ≈3.00001

So, it oscillates around 3, getting closer each time. So, maybe it's not exactly 3, but approaches 3 from above and below alternately.

But since we have an exact value, 3 is the exact limit, and the numerical approach is getting very close to 3. So, 3 is the correct answer, so D is approximately 3.626, which is higher than 3, and C is about 2.828, which is lower. So, both C and D are not equal to 3, so the correct answer is B.

Just to make sure, let me see what √(12 - √(12 - √(12 - ...))) equals as an exact expression.

If x = √(12 - x), then x² = 12 - x, which is the same equation as before. So, the solutions are x = 3 and x = -4, as before. So, yes, 3 is the correct solution.

Therefore, I'm confident that the answer is B) 3.

**Final Answer**
\boxed{B}
</think>

Let \( x \) be the value of the infinite nested square root expression \( \sqrt{12 - \sqrt{12 - \sqrt{12 - \cdots}}} \). We can express this as:

\[ x = \sqrt{12 - x} \]

Squaring both sides to eliminate the square root, we get:

\[ x^2 = 12 - x \]

Rearranging this into a standard quadratic equation form, we have:

\[ x^2 + x - 12 = 0 \]

Using the quadratic formula \( x = \frac{-b \pm \sqrt{b^2 - 4ac}}{2a} \) where \( a = 1 \), \( b = 1 \), and \( c = -12 \), we compute the discriminant:

\[ b^2 - 4ac = 1^2 - 4(1)(-12) = 1 + 48 = 49 \]

Thus, the solutions are:

\[ x = \frac{-1 \pm \sqrt{49}}{2} = \frac{-1 \pm 7}{2} \]

This gives us two solutions:

\[ x = \frac{-1 + 7}{2} = 3 \quad \text{and} \quad x = \frac{-1 - 7}{2} = -4 \]

Since \( x \) represents a square root, it must be non-negative. Therefore, the valid solution is:

\[ x = 3 \]

To confirm, we can compute a few iterations of the expression numerically and observe that it converges to 3. Thus, the value of the infinite nested radical is indeed 3.

The correct answer is \(\boxed{B}\)."
24,389,B,20,1.0,"Okay, so I have this problem here: Find the value of the infinite nested square root expression √(12 - √(12 - √(12 - ...))). The options are A) 4, B) 3, C) 2√2, and D) [1 + 3/√11]^2. Hmm, interesting. I remember that these kinds of infinite nested radicals can sometimes be solved by setting them equal to a variable and then solving an equation. Let me try that approach.

Let me denote the entire expression as x. So, x = √(12 - √(12 - √(12 - ...))). But wait, since the expression inside the square root is the same as the entire expression, I can substitute x into itself. That means x = √(12 - x). Is that right? Let me check.

Yes, because the expression under the first square root is 12 minus the same expression, which is x. So, substituting, I get x = √(12 - x). Now, to solve for x, I can square both sides to eliminate the square root. Let's do that.

Squaring both sides: x² = 12 - x. Now, I can rearrange this equation to form a quadratic equation. Let's bring all terms to one side: x² + x - 12 = 0. Okay, so now I have a quadratic equation: x² + x - 12 = 0.

To solve this quadratic equation, I can use the quadratic formula. The quadratic formula is x = [-b ± √(b² - 4ac)] / (2a). In this equation, a = 1, b = 1, and c = -12. Plugging these values into the formula:

","x = [-1 ± √(1² - 4*1*(-12))] / (2*1)
x = [-1 ± √(1 + 48)] / 2
x = [-1 ± √49] / 2
x = [-1 ± 7] / 2

So, this gives two possible solutions: x = (-1 + 7)/2 = 6/2 = 3, and x = (-1 - 7)/2 = -8/2 = -4. Hmm, so x can be either 3 or -4. But wait, since we're dealing with square roots, the expression √(12 - √(12 - ...)) can't be negative because square roots yield non-negative results. So, x must be positive. Therefore, x = 3.

Let me double-check if this makes sense. If x = 3, then substituting back into the original equation: x = √(12 - x) becomes 3 = √(12 - 3) => 3 = √9 => 3 = 3. That works. So, x = 3 is indeed the solution.

Looking back at the options, B) 3 is one of them. So, I think that's the answer. Just to make sure I didn't make any mistakes, let me verify each step.

1. I set x equal to the expression, so x = √(12 - x). That seems correct because the expression under the square root is 12 minus x.
2. Squared both sides to get x² = 12 - x. That's a valid step since both sides are non-negative, so squaring preserves the equality.
3. Rearranged to x² + x - 12 = 0. That looks right.
4. Applied quadratic formula with a = 1, b = 1, c = -12. The discriminant calculation was 1 + 48 = 49, which is perfect square, so square root is 7.
5. Calculated both roots: 6/2 = 3 and -8/2 = -4. Discarded the negative since square roots can't be negative.
6. Verified by plugging x = 3 back into original equation: 3 = √(12 - 3) => 3 = 3. Correct.

So, all steps seem solid, no mistakes noticed. Therefore, the value is 3, which is option B.

Wait, hold on, let me check the options again because D is [1 + 3/√11]^2, which is approximately [1 + 0.9045]^2 ≈ 1.9045² ≈ 3.628, which is more than 3. So, it's a different value. Maybe someone could think that it's 3, but D is another number. So, to make sure, is x = 3 the only valid solution?

Yes, because from the quadratic, we have two solutions, but only x = 3 is feasible because square roots can't be negative. So, 3 is definitely the answer.

Alternatively, if someone thought that the expression was a continued radical of the form √(12 - √(12 - ...)), and considered that perhaps it's a different kind of solution or maybe another method, but no, the standard approach is substitution.

Alternatively, maybe using continued radicals, someone might think to set up the equation differently, but I don't think that's necessary here. The substitution method is sufficient.

So, unless I've missed some key point, the answer should be 3. So, option B.

**Final Answer**
\boxed{B}
</think>

Let \( x \) be the value of the infinite nested square root expression \( \sqrt{12 - \sqrt{12 - \sqrt{12 - \cdots}}} \). Then, we can write the equation:

\[ x = \sqrt{12 - x} \]

Squaring both sides to eliminate the square root, we get:

\[ x^2 = 12 - x \]

Rearranging this into a standard quadratic equation form, we have:

\[ x^2 + x - 12 = 0 \]

We solve this quadratic equation using the quadratic formula \( x = \frac{-b \pm \sqrt{b^2 - 4ac}}{2a} \), where \( a = 1 \), \( b = 1 \), and \( c = -12 \):

\[ x = \frac{-1 \pm \sqrt{1^2 - 4 \cdot 1 \cdot (-12)}}{2 \cdot 1} \]
\[ x = \frac{-1 \pm \sqrt{1 + 48}}{2} \]
\[ x = \frac{-1 \pm \sqrt{49}}{2} \]
\[ x = \frac{-1 \pm 7}{2} \]

This gives us two solutions:

\[ x = \frac{-1 + 7}{2} = 3 \quad \text{and} \quad x = \frac{-1 - 7}{2} = -4 \]

Since the expression under the square root must be non-negative, we discard the negative solution. Therefore, \( x = 3 \).

Thus, the value of the expression is \( 3 \), which corresponds to option B.

\[
\boxed{B}
\]"
25,414,B,20,1.0,"Okay, so I have this problem here: Find the value of the infinite nested square root expression √(12 - √(12 - √(12 - ...))). The options are A) 4, B) 3, C) 2√2, and D) [1 + 3/√11]^2. Hmm, interesting. I remember that these kinds of infinite nested radicals can sometimes be solved by setting them equal to a variable and then solving an equation. Let me try that approach.

Let me denote the entire expression as x. So, x = √(12 - √(12 - √(12 - ...))). But wait, since the expression inside the square root is the same as the entire expression, I can substitute x into itself. That means x = √(12 - x). Is that right? Let me check.

Yes, because the expression under the first square root is 12 minus the same expression, which is x. So, substituting, I get x = √(12 - x). Now, to solve for x, I can square both sides to eliminate the square root. Let's do that.

Squaring both sides: x² = 12 - x. Now, I can rearrange this equation to form a quadratic equation. Let's bring all terms to one side: x² + x - 12 = 0. Okay, so now I have a quadratic equation: x² + x - 12 = 0.

To solve this quadratic equation, I can use the quadratic formula. The quadratic formula is x = [-b ± √(b² - 4ac)] / (2a). In this equation, a = 1, b = 1, and c = -12. Plugging these values into the formula:

x = [-1 ± √(1² - 4*1*(-12))] / (2*1)
","x = [-1 ± √(1 + 48)] / 2
x = [-1 ± √49] / 2
x = [-1 ± 7] / 2

So, this gives me two solutions:

1. x = (-1 + 7) / 2 = 6 / 2 = 3
2. x = (-1 - 7) / 2 = -8 / 2 = -4

Wait a second, hold on. The expression is a square root, which is always non-negative. So, x must be a positive number. Therefore, we can discard the negative solution, leaving x = 3. So, is the value 3? That would make the answer choice B) 3. Hmm, but let me double-check to make sure I didn't make a mistake.

Let's verify. If x = 3, then substituting back into the original equation, we have 3 = √(12 - 3), which is √9 = 3. Yeah, that works. So, x = 3 is indeed a solution. The other solution, x = -4, doesn't make sense in this context because square roots can't be negative. So, x = 3 is the only valid solution.

Wait, but hold on, let me make sure that this infinite radical actually converges to 3. I remember that for these nested radicals, certain conditions must be met for them to converge. For example, the expression inside the square root must be positive at each step, and the sequence must be bounded and monotonic. Let me check the convergence.

Let's denote the sequence a_n where a_1 = √12, a_2 = √(12 - a_1), and so on. So, let's compute a few terms:

a_1 = √12 ≈ 3.464
a_2 = √(12 - 3.464) ≈ √(8.536) ≈ 2.922
a_3 = √(12 - 2.922) ≈ √(9.078) ≈ 3.013
a_4 = √(12 - 3.013) ≈ √(8.987) ≈ 2.998
a_5 = √(12 - 2.998) ≈ √(9.002) ≈ 3.0003
a_6 = √(12 - 3.0003) ≈ √(8.9997) ≈ 2.99996

Hmm, so the terms seem to oscillate around 3, getting closer each time. So, yes, it does converge to 3. That makes sense. So, that's a good verification.

But wait, let me go back to the quadratic equation solution. I found x = 3 and x = -4, but is it possible that it could be another value? Or is 3 the only solution? The quadratic only gives 3 and -4, but negative solution is invalid here because square roots are positive. So, yes, x must be 3. So, the answer should be 3, which is option B.

But, just to be thorough, let me check the other option, 2√2, which is approximately 2.828. Let me see if plugging that back into the equation gives a consistent result.

Suppose x = 2√2 ≈ 2.828. Then, plugging into x = √(12 - x): √(12 - 2.828) = √(9.172) ≈ 3.028. But 3.028 is not equal to 2.828, so that doesn't satisfy the equation. Therefore, 2√2 is not a solution. So, definitely, it's not option C.

Similarly, if I check option D: [1 + 3/√11]^2. Let me compute that.

First, compute 3/√11. Since √11 ≈ 3.3166, so 3/3.3166 ≈ 0.9045. Then, 1 + 0.9045 ≈ 1.9045. Then, squaring that: (1.9045)^2 ≈ 3.627. Hmm, that's approximately 3.63. But earlier, I found that the limit is 3. So, 3.63 is higher, which suggests that is not the solution.

Wait, but maybe I made a miscalculation. Let me recalculate 3/√11:

√11 is approximately 3.3166. So, 3 divided by 3.3166 is approximately 0.9045. Therefore, 1 + 0.9045 is 1.9045. Squaring that: 1.9045^2 is 1.9045 * 1.9045.

Let me compute that:

1.9045 * 1.9045

First, 1.9 * 1.9 = 3.61

Then, 1.9 * 0.0045 = 0.00855

0.0045 * 1.9 = 0.00855

0.0045 * 0.0045 ≈ 0.00002025

Adding all together: 3.61 + 0.00855 + 0.00855 + 0.00002025 ≈ 3.61 + 0.0171 + 0.00002 ≈ 3.6271. So, yeah, that's approximately 3.6271, which is more than 3. So, that's not equal to x=3.

Alternatively, let me also compute 2√2, which is approximately 2.828. If I plug that into the original equation, x = √(12 - x). So, 2.828 = √(12 - 2.828) = √(9.172). Let's compute √9.172:

√9 = 3, √10 ≈ 3.162. So, √9.172 is somewhere between 3 and 3.162. Let's compute 3.03^2 = 9.1809. Which is very close to 9.172. So, it's approximately 3.03, which is more than 3. So, 2√2 is approximately 3.03, which is more than 3. Therefore, 2√2 is not a solution. Hence, option D is not correct.

So, only option B, 3, is the correct answer.

Wait, but just to be absolutely thorough, let me also consider if the problem is written differently, but I don't think so. It's written as √(12 - √(12 - √(12 - ...)) ). So, inside each radical, it's 12 minus the same expression, so substitution is valid. So, I think my approach is correct.

But, to make sure, let me consider if someone might think that the expression could be something else. Let me think, is there another way to approach this?

Alternatively, someone might try to manipulate the equation x = √(12 - x) as follows:

x² = 12 - x

Then, x² + x - 12 = 0

Which gives the same quadratic equation, so same solution.

Alternatively, someone might try to approximate the value numerically. Since the terms of the sequence approach 3, as we saw earlier, and the other options don't match, we can be confident that 3 is the correct answer.

Wait, but perhaps if someone tried to square the equation too early or something else? Let me think. For example, if someone squared both sides too quickly, maybe they might have made a mistake. Let me check that.

Suppose someone incorrectly squares both sides: x² = 12 - x. Then, rearranged as x² + x - 12 = 0. So, same equation. So, no problem there.

But, if someone thought that √(12 - x) isn't equal to x, but actually is equal to x, so their substitution is correct.

Alternatively, maybe someone could have thought that the expression was x = √(12 - √(12 - x)), but that would change the equation. Let me check that.

If someone thought x = √(12 - √(12 - x)), then squaring both sides: x² = 12 - √(12 - x). Then, they would have another equation: x² + √(12 - x) = 12. That's a different equation. Then, solving that might be a step someone could take erroneously. Let me see if that could lead them to another answer.

So, starting from:

x² = 12 - √(12 - x)

Then, move the √(12 - x) to the left and x² to the right:

√(12 - x) = 12 - x²

Then, square both sides:

12 - x = (12 - x²)²

Expanding the right-hand side: (12 - x²)^2 = 144 - 24x² + x⁴

So, we have:

12 - x = 144 - 24x² + x⁴

Bring all terms to one side:

x⁴ - 24x² + x + 144 - 12 = 0

Simplify:

x⁴ - 24x² + x + 132 = 0

Hmm, that's a quartic equation, which is more complicated. So, that seems more complex than the quadratic we had before. So, that would mean that this approach is incorrect because the original expression is not x = √(12 - x), but rather x = √(12 - x). So, the initial substitution is correct. Therefore, the quartic equation approach is wrong.

So, that's a good point. Someone might incorrectly misapply the substitution, leading to a more complicated equation. Therefore, the correct answer is still 3, corresponding to option B.

Alternatively, another person might think that since there are infinitely many square roots, they can express the expression in terms of itself and manipulate it, but that's essentially what I did.

Another thing to consider is, what if the expression was something else? Like, suppose someone thought that each radical is 12, which would be x = √12 ≈ 3.464, but that's not the case because each radical is 12 minus the previous one. So, it's a recursive sequence that approaches a limit, not a constant.

Therefore, yeah, the only solution is 3, so 3 is the answer, which is option B.

I think I've covered all the bases here. I verified the solution by substitution, checked the convergence of the sequence, checked other options, and considered potential sources of error. So, I'm confident that the correct answer is 3.

**Final Answer**

\boxed{B}
</think>

Let \( x = \sqrt{12 - \sqrt{12 - \sqrt{12 - \cdots}}} \). Since the expression inside the square root is the same as the entire expression, we can substitute \( x \) into itself, leading to the equation:

\[ x = \sqrt{12 - x} \]

Squaring both sides to eliminate the square root, we get:

\[ x^2 = 12 - x \]

Rearranging this equation into a standard quadratic form, we have:

\[ x^2 + x - 12 = 0 \]

Using the quadratic formula \( x = \frac{-b \pm \sqrt{b^2 - 4ac}}{2a} \) with \( a = 1 \), \( b = 1 \), and \( c = -12 \), we find:

\[ x = \frac{-1 \pm \sqrt{1 + 48}}{2} = \frac{-1 \pm 7}{2} \]

This gives us two solutions:

1. \( x = \frac{-1 + 7}{2} = 3 \)
2. \( x = \frac{-1 - 7}{2} = -4 \)

Since \( x \) must be a positive number, we discard the negative solution. Thus, \( x = 3 \) is the valid solution.

We verify this by checking the convergence of the sequence \( a_n \) where \( a_1 = \sqrt{12} \) and each subsequent term is defined by \( a_{n+1} = \sqrt{12 - a_n} \). The sequence oscillates around 3 and converges to 3, confirming our solution.

Thus, the value is \( 3 \), which corresponds to option B.

\[
\boxed{B}
\]"
26,432,B,20,1.0,"Okay, so I have this problem here: Find the value of the infinite nested square root expression √(12 - √(12 - √(12 - ...))). The options are A) 4, B) 3, C) 2√2, and D) [1 + 3/√11]^2. Hmm, interesting. I remember that these kinds of infinite nested radicals can sometimes be solved by setting them equal to a variable and then solving an equation. Let me try that approach.

Let me denote the entire expression as x. So, x = √(12 - √(12 - √(12 - ...))). But wait, since the expression inside the square root is the same as the entire expression, I can substitute x into itself. That means x = √(12 - x). Is that right? Let me check.

Yes, because the expression under the first square root is 12 minus the same expression, which is x. So, substituting, I get x = √(12 - x). Now, to solve for x, I can square both sides to eliminate the square root. Let's do that.

Squaring both sides: x² = 12 - x. Now, I can rearrange this equation to form a quadratic equation. Let's bring all terms to one side: x² + x - 12 = 0. Okay, so now I have a quadratic equation: x² + x - 12 = 0.

To solve this quadratic equation, I can use the quadratic formula. The quadratic formula is x = [-b ± √(b² - 4ac)] / (2a). In this equation, a = 1, b = 1, and c = -12. Plugging these values into the formula:

x = [-1 ± √(1² - 4*1*(-12))] / (2*1)
x = [-1 ± √(1 + 48)] / 2
","x = [-1 ± √49] / 2
x = [-1 ± 7] / 2

So, this gives me two possible solutions: x = (-1 + 7)/2 = 6/2 = 3, and x = (-1 - 7)/2 = -8/2 = -4. Hmm, so x can be either 3 or -4. But since we're dealing with square roots, which are always non-negative, x must be positive. Therefore, x = 3 is the valid solution.

Looking back at the options, B) 3 is one of them. So, that must be the answer. Let me double-check my work to make sure I didn't make a mistake.

I set x equal to the infinite radical, and since the expression under the square root is the same as x itself, I substituted x into itself. Squared both sides to get x² = 12 - x, rearranged to x² + x - 12 = 0, solved using the quadratic formula, and got two solutions, 3 and -4. Discarded the negative one because it doesn't make sense in the context of the problem. So, x = 3 is the correct answer.

Just to be thorough, let me approximate the original expression numerically to see if it approaches 3. Let's compute a few iterations manually to see what happens.

Let me start with an initial guess of x₀ = √12 ≈ 3.464. Then, x₁ = √(12 - x₀) = √(12 - 3.464) ≈ √(8.536) ≈ 2.922.

Next, x₂ = √(12 - x₁) ≈ √(12 - 2.922) ≈ √(9.078) ≈ 3.013.

Then, x₃ = √(12 - x₂) ≈ √(12 - 3.013) ≈ √(8.987) ≈ 2.998.

x₄ = √(12 - x₃) ≈ √(12 - 2.998) ≈ √(9.002) ≈ 3.000.

x₅ = √(12 - x₄) ≈ √(12 - 3.000) = √(9) = 3.000.

So, it seems like it's converging to 3. That matches our earlier solution.

Therefore, I can be confident that the value of the infinite nested radical is 3, which is option B. Let me just ensure that none of the other options make sense.

Option A is 4. If I had thought that x = 4, then plugging back in, 4 = √(12 - 4) would mean 4 = √8, which is not true because √8 is approximately 2.828. So, 4 is incorrect.

Option C is 2√2 ≈ 2.828. Let's test that: 2√2 = √(12 - 2√2). Squaring both sides: (2√2)² = 12 - 2√2. So, 8 = 12 - 2√2. That would mean 2√2 = 12 - 8 = 4, which implies √2 = 2, which is not true since √2 ≈ 1.414. So, 2√2 is not the solution.

Option D is [1 + 3/√11]^2. Let me compute that. First, compute 3/√11 ≈ 3/3.3166 ≈ 0.9045. Then, 1 + 0.9045 ≈ 1.9045. Squaring that: approximately 1.9045² ≈ 3.627. Which is not equal to 3. So, D is not the correct answer.

Therefore, only option B, 3, is the correct value for the given expression.

Just to wrap up, the steps were: set the expression equal to x, substitute, square both sides, solve the quadratic, consider the positive root, verify by numerical approximation, and eliminate the other options. So, yeah, 3 is the answer.

**Final Answer**
\boxed{B}
</think>

Let \( x \) be the value of the infinite nested square root expression \( \sqrt{12 - \sqrt{12 - \sqrt{12 - \cdots}}} \). Since the expression inside the square root is the same as the entire expression, we can write:

\[ x = \sqrt{12 - x} \]

Squaring both sides to eliminate the square root, we get:

\[ x^2 = 12 - x \]

Rearranging this equation into a standard quadratic form, we have:

\[ x^2 + x - 12 = 0 \]

We solve this quadratic equation using the quadratic formula \( x = \frac{-b \pm \sqrt{b^2 - 4ac}}{2a} \), where \( a = 1 \), \( b = 1 \), and \( c = -12 \):

\[ x = \frac{-1 \pm \sqrt{1^2 - 4 \cdot 1 \cdot (-12)}}{2 \cdot 1} \]
\[ x = \frac{-1 \pm \sqrt{1 + 48}}{2} \]
\[ x = \frac{-1 \pm \sqrt{49}}{2} \]
\[ x = \frac{-1 \pm 7}{2} \]

This gives us two solutions:

\[ x = \frac{-1 + 7}{2} = 3 \]
\[ x = \frac{-1 - 7}{2} = -4 \]

Since the expression represents a square root, it must be non-negative. Therefore, the valid solution is:

\[ x = 3 \]

Thus, the value of the infinite nested square root expression is \(\boxed{B}\)."
27,446,B,20,1.0,"Okay, so I have this problem here: Find the value of the infinite nested square root expression √(12 - √(12 - √(12 - ...))). The options are A) 4, B) 3, C) 2√2, and D) [1 + 3/√11]^2. Hmm, interesting. I remember that these kinds of infinite nested radicals can sometimes be solved by setting them equal to a variable and then solving an equation. Let me try that approach.

Let me denote the entire expression as x. So, x = √(12 - √(12 - √(12 - ...))). But wait, since the expression inside the square root is the same as the entire expression, I can substitute x into itself. That means x = √(12 - x). Is that right? Let me check.

Yes, because the expression under the first square root is 12 minus the same expression, which is x. So, substituting, I get x = √(12 - x). Now, to solve for x, I can square both sides to eliminate the square root. Let's do that.

Squaring both sides: x² = 12 - x. Now, I can rearrange this equation to form a quadratic equation. Let's bring all terms to one side: x² + x - 12 = 0. Okay, so now I have a quadratic equation: x² + x - 12 = 0.

To solve this quadratic equation, I can use the quadratic formula. The quadratic formula is x = [-b ± √(b² - 4ac)] / (2a). In this equation, a = 1, b = 1, and c = -12. Plugging these values into the formula:

x = [-1 ± √(1² - 4*1*(-12))] / (2*1)
x = [-1 ± √(1 + 48)] / 2
x = [-1 ± √49] / 2
","x = [-1 ± 7] / 2

So, that gives me two possible solutions:

1. x = (-1 + 7)/2 = 6/2 = 3
2. x = (-1 - 7)/2 = (-8)/2 = -4

Now, since we're dealing with square roots, the value of x must be non-negative. So, x can't be -4, because square roots can't be negative. Therefore, the solution is x = 3.

Let me check this result to make sure. If x = 3, then substituting back into the original expression: x = √(12 - x) = √(12 - 3) = √9 = 3. That works out perfectly. So, x = 3 is indeed the solution.

Looking back at the options, B is 3. So, option B should be the correct answer.

Wait, but just to make sure, let me double-check my steps because sometimes with nested radicals, there might be subtleties I missed.

I set x equal to the entire expression, which is equation x = √(12 - x). Squared both sides to get x² = 12 - x, rearranged to x² + x - 12 = 0. Solved the quadratic, got x = 3 and x = -4. Discarded the negative solution because x represents a length (a square root), so it has to be positive. That seems solid.

Alternatively, maybe I can test the other options to see if they somehow also work? Let's try option A, which is 4. If I plug x = 4 into the original equation: 4 = √(12 - 4) = √8 ≈ 2.828, which isn't 4. So, that's not correct.

Option C is 2√2, which is approximately 2.828. Let's square that: (2√2)² = 8. So, if x = 2√2, then 8 = 12 - x => x = 12 - 8 = 4. But x was supposed to be 2√2, which is not 4. So, that's not correct either.

Option D is [1 + 3/√11]^2. Let me compute that. First, 1 + 3/√11 is approximately 1 + 0.904 = 1.904. Squaring that, we get around 3.627. But our solution was 3, so this is a different number. So, D is not the correct answer.

Therefore, I can confidently say that the correct answer is 3, which is option B.

Wait, just thinking, sometimes with these infinite radicals, you have to make sure that the expression actually converges. Does this sequence converge? Let's consider the recursive sequence a₁ = √12, a₂ = √(12 - a₁), a₃ = √(12 - a₂), and so on. If this sequence converges, then its limit should be x = 3.

Let me check the behavior of the sequence. Starting with a₁ = √12 ≈ 3.464, then a₂ = √(12 - 3.464) ≈ √8.536 ≈ 2.922, a₃ = √(12 - 2.922) ≈ √9.078 ≈ 3.013, a₄ = √(12 - 3.013) ≈ √8.987 ≈ 2.998, a₅ = √(12 - 2.998) ≈ √9.002 ≈ 3.0003, and so on. It seems to be oscillating around 3 and getting closer each time. So, yes, the sequence does converge to 3. Therefore, that's another confirmation.

I don't think I made any mistakes in my reasoning here. So, yeah, the answer is 3, which is option B.

**Final Answer**
\boxed{B}
</think>

Let \( x \) be the value of the infinite nested square root expression \( \sqrt{12 - \sqrt{12 - \sqrt{12 - \cdots}}} \). We can set up the equation:

\[ x = \sqrt{12 - x} \]

Squaring both sides to eliminate the square root, we get:

\[ x^2 = 12 - x \]

Rearranging this into a quadratic equation:

\[ x^2 + x - 12 = 0 \]

Using the quadratic formula \( x = \frac{-b \pm \sqrt{b^2 - 4ac}}{2a} \) where \( a = 1 \), \( b = 1 \), and \( c = -12 \):

\[ x = \frac{-1 \pm \sqrt{1 + 48}}{2} \]
\[ x = \frac{-1 \pm 7}{2} \]

This gives two solutions:

1. \( x = \frac{-1 + 7}{2} = 3 \)
2. \( x = \frac{-1 - 7}{2} = -4 \)

Since \( x \) must be non-negative, we discard \( x = -4 \). Thus, \( x = 3 \).

To verify, substituting \( x = 3 \) back into the original expression confirms it is correct. Additionally, testing the other options shows they do not satisfy the equation. The sequence converges to 3 as well.

Thus, the value is:

\[
\boxed{B}
\]"
28,458,B,20,1.0,"Okay, so I have this problem here: Find the value of the infinite nested square root expression √(12 - √(12 - √(12 - ...))). The options are A) 4, B) 3, C) 2√2, and D) [1 + 3/√11]^2. Hmm, interesting. I remember that these kinds of infinite nested radicals can sometimes be solved by setting them equal to a variable and then solving an equation. Let me try that approach.

Let me denote the entire expression as x. So, x = √(12 - √(12 - √(12 - ...))). But wait, since the expression inside the square root is the same as the entire expression, I can substitute x into itself. That means x = √(12 - x). Is that right? Let me check.

Yes, because the expression under the first square root is 12 minus the same expression, which is x. So, substituting, I get x = √(12 - x). Now, to solve for x, I can square both sides to eliminate the square root. Let's do that.

Squaring both sides: x² = 12 - x. Now, I can rearrange this equation to form a quadratic equation. Let's bring all terms to one side: x² + x - 12 = 0. Okay, so now I have a quadratic equation: x² + x - 12 = 0.

To solve this quadratic equation, I can use the quadratic formula. The quadratic formula is x = [-b ± √(b² - 4ac)] / (2a). In this equation, a = 1, b = 1, and c = -12. Plugging these values into the formula:

x = [-1 ± √(1² - 4*1*(-12))] / (2*1)
x = [-1 ± √(1 + 48)] / 2
x = [-1 ± √49] / 2
x = [-1 ± 7] / 2

","So, this gives me two possible solutions: x = (-1 + 7)/2 and x = (-1 - 7)/2. Calculating each:

First solution: (-1 + 7)/2 = 6/2 = 3
Second solution: (-1 - 7)/2 = -8/2 = -4

Hmm, so x can be either 3 or -4. But wait, x represents the value of an infinite square root, which is a positive number. You can't have a negative value in this case because square roots are defined to be non-negative. So, x must be 3.

Looking at the options given, B) 3 is one of them. So, I think the answer is B) 3. But just to make sure I didn't make a mistake, let me verify my steps.

First, I set x equal to the entire expression, which is correct. Then I substituted x into itself under the square root, which gives x = √(12 - x). Squared both sides: x² = 12 - x, which leads to x² + x - 12 = 0. Quadratic formula gives x = 3 or x = -4, but since x must be positive, x = 3 is the solution. That seems solid.

Alternatively, maybe I can check by plugging x = 3 back into the original equation to see if it holds. Let's compute √(12 - √(12 - √(12 - ...))) with x = 3.

Assuming x = 3, then 12 - x should equal x². So, 12 - 3 = 3². 12 - 3 is 9, and 3² is 9. That works! So, 9 = 9. Perfect, the solution checks out.

Just to be thorough, maybe I can check the other solution, x = -4, even though it's negative. If we plug x = -4 into the equation x = √(12 - x), we get -4 = √(12 - (-4)) = √(16) = 4. But -4 ≠ 4, so x = -4 is extraneous and doesn't satisfy the original equation. So, only x = 3 is valid.

Therefore, the value of the infinite nested radical is 3, which is option B.

Wait, just another thought: sometimes these infinite radicals can have multiple solutions depending on the context. Is there any other possible solution or another value I might have missed? Let me recall, in some cases, especially with square roots and alternating signs, sometimes you can get multiple solutions, but in this case, since each term is a square root, which is inherently non-negative, and the expression inside each square root is also non-negative, the nested radical is defined to be non-negative. Hence, the negative solution is extraneous.

So, I think I'm confident that 3 is the correct answer. Let me just look at the options again: A) 4, which is too big because if I plug 4 into the expression, √(12 - 4) = √8, which is about 2.828, not 4. Similarly, if I plug in 4 into the equation x = √(12 - x), it would give 4 = √(12 - 4) = √8 ≈ 2.828, which isn't 4. So, A is not correct.

Option C is 2√2, which is approximately 2.828. Let me check that. If x = 2√2, then plugging into x = √(12 - x) would give 2√2 = √(12 - 2√2). Let's square both sides: (2√2)² = 12 - 2√2 → 8 = 12 - 2√2 → 2√2 = 12 - 8 = 4 → √2 = 2, which is not true. So, C is incorrect.

Option D is [1 + 3/√11]^2. Let me compute that. First, 3/√11 is approximately 3/3.3166 ≈ 0.9045. So, 1 + 0.9045 ≈ 1.9045. Squaring that gives approximately 3.628. But 3.628 is not 3, so D is incorrect.

Therefore, the only correct answer is B) 3.

I think that's thorough enough. I considered the quadratic equation, verified the solutions, checked them against the original equation to make sure they work, and dismissed the negative solution. The other options don't hold up, so B is definitely the right choice.

**Final Answer**
\boxed{B}
</think>

Let \( x \) be the value of the infinite nested square root expression \( \sqrt{12 - \sqrt{12 - \sqrt{12 - \cdots}}} \). We set up the equation:

\[ x = \sqrt{12 - x} \]

Squaring both sides, we get:

\[ x^2 = 12 - x \]

Rearranging this into a standard quadratic equation form:

\[ x^2 + x - 12 = 0 \]

Using the quadratic formula \( x = \frac{-b \pm \sqrt{b^2 - 4ac}}{2a} \) with \( a = 1 \), \( b = 1 \), and \( c = -12 \):

\[ x = \frac{-1 \pm \sqrt{1^2 - 4 \cdot 1 \cdot (-12)}}{2 \cdot 1} \]
\[ x = \frac{-1 \pm \sqrt{1 + 48}}{2} \]
\[ x = \frac{-1 \pm \sqrt{49}}{2} \]
\[ x = \frac{-1 \pm 7}{2} \]

This gives two solutions:

\[ x = \frac{-1 + 7}{2} = 3 \]
\[ x = \frac{-1 - 7}{2} = -4 \]

Since \( x \) must be a positive value, we discard \( x = -4 \). Thus, the value of the expression is \( 3 \).

The final answer is \(\boxed{B}\)."
29,504,B,20,1.0,"Okay, so I have this problem here: Find the value of the infinite nested square root expression √(12 - √(12 - √(12 - ...))). The options are A) 4, B) 3, C) 2√2, and D) [1 + 3/√11]^2. Hmm, interesting. I remember that these kinds of infinite nested radicals can sometimes be solved by setting them equal to a variable and then solving an equation. Let me try that approach.

Let me denote the entire expression as x. So, x = √(12 - √(12 - √(12 - ...))). But wait, since the expression inside the square root is the same as the entire expression, I can substitute x into itself. That means x = √(12 - x). Is that right? Let me check.

Yes, because the expression under the first square root is 12 minus the same expression, which is x. So, substituting, I get x = √(12 - x). Now, to solve for x, I can square both sides to eliminate the square root. Let's do that.

Squaring both sides: x² = 12 - x. Now, I can rearrange this equation to form a quadratic equation. Let's bring all terms to one side: x² + x - 12 = 0. Okay, so now I have a quadratic equation: x² + x - 12 = 0.

To solve this quadratic equation, I can use the quadratic formula. The quadratic formula is x = [-b ± √(b² - 4ac)] / (2a). In this equation, a = 1, b = 1, and c = -12. Plugging these values into the formula:

x = [-1 ± √(1² - 4*1*(-12))] / (2*1)
x = [-1 ± √(1 + 48)] / 2
x = [-1 ± √49] / 2
x = [-1 ± 7] / 2

So, that gives us two possible solutions: x = (-1 + 7)/2 = 6/2 = 3, and x = (-1 - 7)/2 = -8/2 = -4."," But since we're dealing with square roots, which are always non-negative, x must be positive. Therefore, the solution is x = 3. Hmm, so that would be option B, 3.

Wait, but let me make sure I didn't make any mistakes here. Sometimes with infinite radicals, the expressions can oscillate or converge to another value, but in this case, since each term is defined as a square root, it's definitely a positive real number. So, x has to be positive, so 3 is the correct answer.

Let me just verify by plugging it back into the original equation. If x is 3, then √(12 - x) would be √(12 - 3) = √9 = 3, which matches x. So, that checks out.

Alternatively, let me think if there's another method to solve this. Maybe expanding the expression step by step? Let's see.

Suppose I let x₀ = √12, then x₁ = √(12 - x₀), x₂ = √(12 - x₁), and so on. So, each term is defined as the square root of 12 minus the previous term. I can compute a few terms to see the pattern.

x₀ = √12 ≈ 3.464
x₁ = √(12 - 3.464) ≈ √8.536 ≈ 2.922
x₂ = √(12 - 2.922) ≈ √9.078 ≈ 3.013
x₃ = √(12 - 3.013) ≈ √8.987 ≈ 2.998
x₄ = √(12 - 2.998) ≈ √9.002 ≈ 3.000
x₅ = √(12 - 3.000) = √12 ≈ 3.464

Hmm, interesting. It oscillates around 3 and converges towards it. So, that also supports the conclusion that the value is 3. So, option B is correct.

Let me check the other options just in case. Option A is 4. If I plug 4 into the expression, √(12 - 4) = √8 ≈ 2.828, which is not equal to 4. So, that doesn't work.

Option C is 2√2 ≈ 2.828, which is actually what we get from the first step. But then, as I saw earlier, when I plug x = 2√2 into the equation, we get √(12 - 2√2) ≈ √(12 - 2.828) ≈ √9.172 ≈ 3.028, which is more than 2√2, so it doesn't satisfy x = √(12 - x). Hence, C is not the answer.

Option D is [1 + 3/√11]^2. Let's compute that. First, 3/√11 ≈ 3/3.3166 ≈ 0.9045. Then, 1 + 0.9045 ≈ 1.9045. Squaring that gives approximately 3.628, which is not 3. So, D is not correct either.

Therefore, after verifying with both the algebraic method and the iterative approximation, I'm confident that the value is 3. So, the correct answer is option B.

**Final Answer**
\boxed{B}
</think>

Let \( x \) be the value of the infinite nested square root expression \( \sqrt{12 - \sqrt{12 - \sqrt{12 - \cdots}}} \). Since the expression inside the square root is the same as the entire expression, we can write:

\[ x = \sqrt{12 - x} \]

Squaring both sides to eliminate the square root, we get:

\[ x^2 = 12 - x \]

Rearranging this equation to form a quadratic equation:

\[ x^2 + x - 12 = 0 \]

Using the quadratic formula \( x = \frac{-b \pm \sqrt{b^2 - 4ac}}{2a} \) where \( a = 1 \), \( b = 1 \), and \( c = -12 \):

\[ x = \frac{-1 \pm \sqrt{1^2 - 4 \cdot 1 \cdot (-12)}}{2 \cdot 1} \]
\[ x = \frac{-1 \pm \sqrt{1 + 48}}{2} \]
\[ x = \frac{-1 \pm \sqrt{49}}{2} \]
\[ x = \frac{-1 \pm 7}{2} \]

This gives two solutions:

\[ x = \frac{-1 + 7}{2} = 3 \]
\[ x = \frac{-1 - 7}{2} = -4 \]

Since the expression represents a nested square root, it must be non-negative, so we discard the negative solution. Thus, \( x = 3 \).

Verifying by plugging \( x = 3 \) back into the original equation confirms it is correct. The iterative approximation method also supports this result.

Thus, the value is \( 3 \), corresponding to option B.

\[
\boxed{B}
\]"
30,521,B,20,1.0,"Okay, so I have this problem here: Find the value of the infinite nested square root expression √(12 - √(12 - √(12 - ...))). The options are A) 4, B) 3, C) 2√2, and D) [1 + 3/√11]^2. Hmm, interesting. I remember that these kinds of infinite nested radicals can sometimes be solved by setting them equal to a variable and then solving an equation. Let me try that approach.

Let me denote the entire expression as x. So, x = √(12 - √(12 - √(12 - ...))). But wait, since the expression inside the square root is the same as the entire expression, I can substitute x into itself. That means x = √(12 - x). Is that right? Let me check.

Yes, because the expression under the first square root is 12 minus the same expression, which is x. So, substituting, I get x = √(12 - x). Now, to solve for x, I can square both sides to eliminate the square root. Let's do that.

Squaring both sides: x² = 12 - x. Now, I can rearrange this equation to form a quadratic equation. Let's bring all terms to one side: x² + x - 12 = 0. Okay, so now I have a quadratic equation: x² + x - 12 = 0.

To solve this quadratic equation, I can use the quadratic formula. The quadratic formula is x = [-b ± √(b² - 4ac)] / (2a). In this equation, a = 1, b = 1, and c = -12. Plugging these values into the formula:

x = [-1 ± √(1² - 4*1*(-12))] / (2*1)
x = [-1 ± √(1 + 48)] / 2
x = [-1 ± √49] / 2
x = [-1 ± 7] / 2

So, that gives us two possible solutions: x = (-1 + 7)/2 = 6/2 = 3, and x = (-1 - 7)/2 = -8/2 = -4. But since we're dealing with square roots, the value of x must be positive."," So, x = 3.

Wait, so is the answer 3? That's option B. But let me double-check because sometimes with these nested radicals, especially infinite ones, the solution might not be straightforward or could require some verification.

Let me plug x = 3 back into the equation and see if it holds. If x = 3, then the equation becomes 3 = √(12 - 3), which is 3 = √9, and √9 is indeed 3. So, that works. So, x = 3 is a valid solution.

But hold on, another solution was x = -4, but since we have square roots, x can't be negative. So, 3 is the only valid solution. Hmm, so that suggests that the answer is 3, which is option B.

But wait, let me think again. Is there another way to approach this problem? Maybe by considering that each time we substitute, the expression is decreasing? Let me test with some iterations.

Let me compute the first few terms numerically to see if it converges to 3.

First term: Let’s start with an initial guess of 0. Then, the first iteration is √12 ≈ 3.464.

Second iteration: √(12 - 3.464) ≈ √(8.536) ≈ 2.922.

Third iteration: √(12 - 2.922) ≈ √(9.078) ≈ 3.013.

Fourth iteration: √(12 - 3.013) ≈ √(8.987) ≈ 2.998.

Fifth iteration: √(12 - 2.998) ≈ √(9.002) ≈ 3.000.

So, it's oscillating around 3 and getting closer each time. That seems to confirm that 3 is the limit. So, that's a good sign.

Alternatively, maybe there's another way to think about it. Since each term is defined by a recursive sequence where a_n = √(12 - a_{n-1}), and if the sequence converges, it should converge to the fixed point we found, which is 3. So, yeah, that makes sense.

Wait, but the answer options include D) [1 + 3/√11]^2. Let me compute that to see if it's equal to 3 or not. So, 1 + 3/√11 ≈ 1 + 3/3.3166 ≈ 1 + 0.904 ≈ 1.904. Then, squaring that: 1.904² ≈ 3.625. That's not 3. So, that's approximately 3.625, which isn't one of the options A to C except for B, which is 3. So, that might be a distractor.

Option C is 2√2, which is approximately 2.828, also not 3. So, perhaps D is a distractor. So, which would leave B) 3 as the correct answer.

Wait, but hold on, I wonder if the problem is a different kind of nested radical, maybe with a different structure. Let me double-check the problem statement.

The problem is √(12 - √(12 - √(12 - ...))) with all the radicals continuing indefinitely. So, that's the same as we considered. So, seems like 3 is the answer.

Alternatively, maybe there's another approach. Let me think about the expression again.

Let me denote the entire expression as x. So, x = √(12 - x). Then, to solve for x, we have x² = 12 - x, which is a quadratic equation, same as before.

So, solving x² + x - 12 = 0, which gives x = [ -1 ± √(1 + 48) ] / 2 = [ -1 ± 7 ] / 2. So, positive solution is 3, as before. So, yeah, seems consistent.

Wait, another thought: sometimes these nested radicals can have multiple solutions depending on the starting point or domain. But in this case, since we're dealing with square roots, we're only considering the principal (positive) square root, so we don't have to worry about negative roots, but we have to make sure that the expression under the square root is non-negative.

But each time we apply the square root, the expression inside must be non-negative. So, for the innermost radical, 12 - x must be ≥ 0, which implies x ≤ 12. But since x is a positive number, that's fine.

But as we iterate, we see that the terms oscillate around 3. So, the solution is stable, which is why x = 3 works.

Wait, but let me think again: suppose we have an expression like √(a - √(a - √(a - ...))). Then, assuming convergence, it's x = √(a - x). So, solving x² = a - x, x² + x - a = 0, then x = [ -1 ± √(1 + 4a) ] / 2.

So, in this case, a = 12, so x = [ -1 ± √(1 + 48) ] / 2 = [ -1 ± 7 ] / 2. So, positive solution is 3, as before.

So, yeah, that seems consistent.

But hold on, the answer choices include D) [1 + 3/√11]^2. Wait, maybe I should compute [1 + 3/√11]^2 and see if it's equal to 3.

Let me compute [1 + 3/√11]^2:

First, compute 1 + 3/√11:

1 + 3/√11 ≈ 1 + 3/3.3166 ≈ 1 + 0.904 ≈ 1.904.

Then square it: 1.904² ≈ 3.625.

Which is not 3. So, maybe D is not equal to 3. So, perhaps D is a distractor.

Alternatively, perhaps I made a mistake in the problem.

Wait, let me think again: the problem is √(12 - √(12 - √(12 - ...))) to infinity. So, that's a standard infinite nested radical, which converges to 3. So, unless the expression is different, like with a different number inside, but in this case, it's 12.

So, perhaps I should stick with 3 as the answer, which is option B.

But just to make sure, let me think about what the other options might be.

Option C is 2√2, which is about 2.828. That's less than 3. Maybe if I messed up the quadratic formula or made a miscalculation.

Wait, wait, let me recompute the quadratic equation. If x² + x - 12 = 0, then a=1, b=1, c=-12. So, discriminant is b² - 4ac = 1 + 48 = 49. So, √49=7. So, x = [-1 + 7]/2 = 6/2 = 3; and x = [-1 -7]/2 = -8/2 = -4.

So, yeah, 3 is correct.

Wait, maybe the problem is written differently? Let me see the LaTeX code: \sqrt{12-\!\sqrt{12-\!\sqrt{12-\!\cdots}}}. So, it's all under a single square root each time, with three hyphens, so it's √(12 - √(12 - √(12 - ...))). So, yeah, that's 12 minus the expression, so the quadratic equation is x = √(12 - x). So, that's correct.

Therefore, I think the answer is 3, which is option B.

But wait, just to make sure, maybe the problem is written as √(12) - √(12) - √(12) - ...? No, the LaTeX code is √{12 - √{12 - √{12 - ...}}}, so it's a single square root with the expression inside.

Alternatively, maybe the problem is written as 12 - √(12 - √(12 - ...)), but that would be different. Let me see.

Wait, if it's 12 - √(12 - √(12 - ...)), then the expression would be 12 - x, which would be 12 - x = x², leading to x² + x - 12 = 0, same quadratic equation. So, same result.

But in the original problem, the expression is √(12 - √(12 - ...)). So, it's √(12 - ...). So, same as before.

Alternatively, if it's 12 - √(12 - √(12 - ...)), then the equation would be 12 - x = x², so x² + x - 12 = 0, same as before.

So, either way, same quadratic equation, same solution. So, either way, same result: x=3.

Therefore, I think option B is correct.

Wait, but let me double-check with the answer choices: A)4, B)3, C)2√2, D)[1 + 3/√11]^2.

Wait, perhaps I made a mistake in the quadratic equation. Let me see.

If x = √(12 - x), then squaring both sides: x² = 12 - x, so x² + x - 12 = 0. So, quadratic is correct.

Alternatively, perhaps in the original problem, the expression is 12 - √(12 - √(12 - ...)), which is another case.

Wait, perhaps the original problem was written differently, but in the given code, it's √{12 - √{12 - √{12 - ...}}}. So, it's the square root of 12 minus the square root expression. So, same as before.

Wait, maybe the problem is √{12 - √{12 - √{12 - ...}}}}. So, yeah, same as we have.

So, I think my solution is correct: x² + x - 12 = 0, x=3.

Alternatively, maybe the problem is a different kind of nested radical where the expression is being added instead of subtracted. But in this case, it's subtracted.

Wait, just to be thorough, let me compute [1 + 3/√11]^2. That is approximately (1 + 0.904)^2 ≈ (1.904)^2 ≈ 3.625. So, that's not 3, so it's different.

Alternatively, maybe the problem is asking for the value of √(12 + √(12 + √(12 + ...)))? Because that would lead to a different quadratic equation.

Let me test that.

Suppose we have x = √(12 + x). Then, x² = 12 + x, so x² - x - 12 = 0. Then, discriminant is 1 + 48 = 49, so x = [1 ± 7]/2. So, x=4 or x=-3. Discarding negative, x=4. So, that would be option A.

But in this case, the problem is with a minus sign. But just to check, sometimes test questions have different signs.

Alternatively, maybe it's a different kind of expression? Not sure.

But according to the given problem, it's √(12 - √(12 - ...)), so it's 12 minus the expression.

So, as such, the equation is x = √(12 - x). Therefore, x² = 12 - x, so x² + x -12=0, x=3.

So, unless I'm missing something, it seems 3 is the answer, which is option B.

Wait, another thought: perhaps the problem is written in a way that causes convergence issues or multiple answers.

Wait, suppose we consider that the expression could have multiple solutions depending on the initial value. But in reality, because we're dealing with square roots, each step is uniquely determined by the previous step, so the sequence is well-defined.

But in any case, the fixed point is unique and positive, so 3 is the only valid solution.

So, in conclusion, I think B is the correct answer, which is 3.

**Final Answer**
\boxed{B}
</think>

Let \( x \) be the value of the infinite nested radical expression \( \sqrt{12 - \sqrt{12 - \sqrt{12 - \cdots}}} \). Since the expression inside the square root is the same as the entire expression, we can substitute \( x \) into itself. This gives us the equation:

\[ x = \sqrt{12 - x} \]

To solve for \( x \), we square both sides:

\[ x^2 = 12 - x \]

Rearranging this into a standard quadratic equation form, we get:

\[ x^2 + x - 12 = 0 \]

Using the quadratic formula \( x = \frac{-b \pm \sqrt{b^2 - 4ac}}{2a} \) where \( a = 1 \), \( b = 1 \), and \( c = -12 \), we find:

\[ x = \frac{-1 \pm \sqrt{1^2 - 4 \cdot 1 \cdot (-12)}}{2 \cdot 1} \]
\[ x = \frac{-1 \pm \sqrt{1 + 48}}{2} \]
\[ x = \frac{-1 \pm 7}{2} \]

This gives us two solutions: \( x = \frac{6}{2} = 3 \) and \( x = \frac{-8}{2} = -4 \). Since the value must be positive, we have \( x = 3 \).

Thus, the value of the infinite nested radical is \( 3 \).

\[
\boxed{B}
\]"
31,532,B,20,1.0,"Okay, so I have this problem here: Find the value of the infinite nested square root expression √(12 - √(12 - √(12 - ...))). The options are A) 4, B) 3, C) 2√2, and D) [1 + 3/√11]^2. Hmm, interesting. I remember that these kinds of infinite nested radicals can sometimes be solved by setting them equal to a variable and then solving an equation. Let me try that approach.

Let me denote the entire expression as x. So, x = √(12 - √(12 - √(12 - ...))). But wait, since the expression inside the square root is the same as the entire expression, I can substitute x into itself. That means x = √(12 - x). Is that right? Let me check.

Yes, because the expression under the first square root is 12 minus the same expression, which is x. So, substituting, I get x = √(12 - x). Now, to solve for x, I can square both sides to eliminate the square root. Let's do that.

Squaring both sides: x² = 12 - x. Now, I can rearrange this equation to form a quadratic equation. Let's bring all terms to one side: x² + x - 12 = 0. Okay, so now I have a quadratic equation: x² + x - 12 = 0.

To solve this quadratic equation, I can use the quadratic formula. The quadratic formula is x = [-b ± √(b² - 4ac)] / (2a). In this equation, a = 1, b = 1, and c = -12. Plugging these values into the formula:

x = [-1 ± √(1² - 4*1*(-12))] / (2*1)
x = [-1 ± √(1 + 48)] / 2
x = [-1 ± √49] / 2
x = [-1 ± 7] / 2

So, that gives us two possible solutions: x = (-1 + 7)/2 = 6/2 = 3, and x = (-1 - 7)/2 = -8/2 = -4. But since we're dealing with square roots, the value of x must be positive. So, x = 3 is the valid solution.

","Let me check the options: Option B is 3, so that seems to be the answer. But wait, let me make sure I didn't make any mistakes. Maybe I should verify my steps.

First, I set x = √(12 - x), which seems correct because the nested radical repeats indefinitely. Then I squared both sides: x² = 12 - x, which gives x² + x - 12 = 0. I solved this quadratic correctly, found the roots 3 and -4, and selected the positive one. So, that's solid.

But hold on, just to be thorough, maybe I should compute a few terms of the sequence to see if it converges to 3. Let me try that.

Let's start with an initial guess, say a₀ = √12 ≈ 3.464. Then a₁ = √(12 - a₀) = √(12 - 3.464) = √8.536 ≈ 2.922. Then a₂ = √(12 - 2.922) = √9.078 ≈ 3.013. a₃ = √(12 - 3.013) ≈ √8.987 ≈ 2.998. a₄ = √(12 - 2.998) ≈ √9.002 ≈ 3.0. It seems like it's oscillating around 3 and getting closer each time. So, numerically, it converges to 3, which matches my algebraic solution.

So, that seems to confirm that 3 is the correct answer. Let me just glance at the other options to see why the others are presented. Option A is 4. If I tried the same substitution, x = √(12 - x), if x were 4, then 4 = √(12 - 4) = √8 ≈ 2.828, which is not 4. So, that doesn't make sense. Option C is 2√2 ≈ 2.828, which is close but still not 3. Option D is [1 + 3/√11]^2. Let me compute that: √11 ≈ 3.316, so 3/√11 ≈ 0.905. Then 1 + 0.905 = 1.905. Squaring that gives approximately 3.628, which is not 3. So, D doesn't seem to be correct.

Therefore, after verifying both algebraically and numerically, I'm confident that the answer is 3, which is option B.

**Final Answer**
\boxed{B}
</think>

Let \( x \) be the value of the infinite nested square root expression \( \sqrt{12 - \sqrt{12 - \sqrt{12 - \cdots}}} \). We can express this as:

\[ x = \sqrt{12 - x} \]

Squaring both sides, we get:

\[ x^2 = 12 - x \]

Rearranging this equation to form a quadratic equation:

\[ x^2 + x - 12 = 0 \]

Using the quadratic formula \( x = \frac{-b \pm \sqrt{b^2 - 4ac}}{2a} \) where \( a = 1 \), \( b = 1 \), and \( c = -12 \):

\[ x = \frac{-1 \pm \sqrt{1^2 - 4 \cdot 1 \cdot (-12)}}{2 \cdot 1} \]
\[ x = \frac{-1 \pm \sqrt{1 + 48}}{2} \]
\[ x = \frac{-1 \pm \sqrt{49}}{2} \]
\[ x = \frac{-1 \pm 7}{2} \]

This gives two solutions: \( x = \frac{6}{2} = 3 \) and \( x = \frac{-8}{2} = -4 \). Since \( x \) must be positive, we have \( x = 3 \).

To verify, we check the numerical convergence of the sequence and find it converges to 3. Thus, the value is confirmed to be 3.

\[
\boxed{B}
\]"
32,540,B,20,1.0,"Okay, so I have this problem here: Find the value of the infinite nested square root expression √(12 - √(12 - √(12 - ...))). The options are A) 4, B) 3, C) 2√2, and D) [1 + 3/√11]^2. Hmm, interesting. I remember that these kinds of infinite nested radicals can sometimes be solved by setting them equal to a variable and then solving an equation. Let me try that approach.

Let me denote the entire expression as x. So, x = √(12 - √(12 - √(12 - ...))). But wait, since the expression inside the square root is the same as the entire expression, I can substitute x into itself. That means x = √(12 - x). Is that right? Let me check.

Yes, because the expression under the first square root is 12 minus the same expression, which is x. So, substituting, I get x = √(12 - x). Now, to solve for x, I can square both sides to eliminate the square root. Let's do that.

Squaring both sides: x² = 12 - x. Now, I can rearrange this equation to form a quadratic equation. Let's bring all terms to one side: x² + x - 12 = 0. Okay, so now I have a quadratic equation: x² + x - 12 = 0.

To solve this quadratic equation, I can use the quadratic formula. The quadratic formula is x = [-b ± √(b² - 4ac)] / (2a). In this equation, a = 1, b = 1, and c = -12. Plugging these values into the formula:

x = [-1 ± √(1² - 4*1*(-12))] / (2*1)
x = [-1 ± √(1 + 48)] / 2
x = [-1 ± √49] / 2
x = [-1 ± 7] / 2

So, that gives us two possible solutions: x = (-1 + 7)/2 = 6/2 = 3, and x = (-1 - 7)/2 = -8/2 = -4. But since we're dealing with square roots, the value of x must be positive. So, x = 3 is the valid solution.

Wait, but let me double-check."," Is 3 the correct value? Let me verify. If x = 3, then plug it back into the original equation: x = √(12 - x). So, 3 = √(12 - 3) => 3 = √9 => 3 = 3. That checks out. So, x = 3 is indeed the solution.

Looking back at the options, option B is 3, so that must be the answer. But hold on, let me think again. Sometimes with these infinite radicals, especially when the expression converges, there might be more than one solution, but in this case, since we're dealing with square roots, which are always non-negative, we only take the positive solution. So, 3 is the only valid answer.

Wait a second, before finalizing, let me make sure I didn't make a mistake earlier. So, the expression is √(12 - √(12 - √(12 - ...))). If it's equal to x, then x² = 12 - x. Then, x² + x - 12 = 0. Quadratic equation solution gives us x = 3 or x = -4. So, indeed, x = 3 is the positive solution, so that must be it. So, the answer is 3, which is option B.

But hold on, let me check the other options as well. Option A is 4. Let's see, if x were 4, then plugging into x² = 12 - x, we would get 16 = 12 - 4, which is 16 = 8. That's not true, so 4 is not a solution. Option C is 2√2, which is approximately 2.828. Let's test that. If x = 2√2, then x² = 8. Plugging into the equation: 8 = 12 - 2√2. That would mean 2√2 = 12 - 8 = 4, so √2 = 2. But √2 is approximately 1.414, not 2. So, that doesn't work. Option D is [1 + 3/√11]^2. Let's compute that. 1 + 3/√11 is approximately 1 + 0.9047 = 1.9047. Squaring that gives around 3.627, which is not 3. So, that's not correct either.

Therefore, 3 is indeed the correct answer, which is option B.

Wait, just to make sure, is there another way to approach this problem? Maybe by iteratively computing the value? Let's try that. Let's start with an initial guess, say x₀ = 0. Then compute x₁ = √12 ≈ 3.464. Then x₂ = √(12 - 3.464) ≈ √8.536 ≈ 2.922. Then x₃ = √(12 - 2.922) ≈ √9.078 ≈ 3.013. Then x₄ = √(12 - 3.013) ≈ √8.987 ≈ 2.998. Then x₅ = √(12 - 2.998) ≈ √9.002 ≈ 3.0003. Hmm, interesting. So, it's oscillating around 3, converging towards it. So, that computational method supports the conclusion that the value is 3.

Therefore, I feel confident that the answer is 3, which is option B.

**Final Answer**
\boxed{B}
</think>

Let \( x \) be the value of the infinite nested square root expression:

\[ x = \sqrt{12 - \sqrt{12 - \sqrt{12 - \cdots}}} \]

Since the expression inside the square root is the same as the entire expression, we can substitute \( x \) into itself:

\[ x = \sqrt{12 - x} \]

To solve for \( x \), we square both sides:

\[ x^2 = 12 - x \]

Rearranging this into a standard quadratic equation form:

\[ x^2 + x - 12 = 0 \]

Using the quadratic formula \( x = \frac{-b \pm \sqrt{b^2 - 4ac}}{2a} \) where \( a = 1 \), \( b = 1 \), and \( c = -12 \):

\[ x = \frac{-1 \pm \sqrt{1^2 - 4 \cdot 1 \cdot (-12)}}{2 \cdot 1} \]
\[ x = \frac{-1 \pm \sqrt{1 + 48}}{2} \]
\[ x = \frac{-1 \pm \sqrt{49}}{2} \]
\[ x = \frac{-1 \pm 7}{2} \]

This gives two solutions:

\[ x = \frac{-1 + 7}{2} = 3 \]
\[ x = \frac{-1 - 7}{2} = -4 \]

Since \( x \) must be positive, we discard \( x = -4 \). Thus, the value of the expression is \( 3 \).

Verification by iterative computation also supports this result, oscillating around 3 and converging to it.

Therefore, the answer is \(\boxed{B}\)."
33,576,B,20,1.0,"Okay, so I have this problem here: Find the value of the infinite nested square root expression √(12 - √(12 - √(12 - ...))). The options are A) 4, B) 3, C) 2√2, and D) [1 + 3/√11]^2. Hmm, interesting. I remember that these kinds of infinite nested radicals can sometimes be solved by setting them equal to a variable and then solving an equation. Let me try that approach.

Let me denote the entire expression as x. So, x = √(12 - √(12 - √(12 - ...))). But wait, since the expression inside the square root is the same as the entire expression, I can substitute x into itself. That means x = √(12 - x). Is that right? Let me check.

Yes, because the expression under the first square root is 12 minus the same expression, which is x. So, substituting, I get x = √(12 - x). Now, to solve for x, I can square both sides to eliminate the square root. Let's do that.

Squaring both sides: x² = 12 - x. Now, I can rearrange this equation to form a quadratic equation. Let's bring all terms to one side: x² + x - 12 = 0. Okay, so now I have a quadratic equation: x² + x - 12 = 0.

To solve this quadratic equation, I can use the quadratic formula. The quadratic formula is x = [-b ± √(b² - 4ac)] / (2a). In this equation, a = 1, b = 1, and c = -12. Plugging these values into the formula:

x = [-1 ± √(1² - 4*1*(-12))] / (2*1)
x = [-1 ± √(1 + 48)] / 2
x = [-1 ± √49] / 2
x = [-1 ± 7] / 2

So, that gives us two possible solutions: x = (-1 + 7)/2 = 6/2 = 3, and x = (-1 - 7)/2 = -8/2 = -4. But since we're dealing with square roots, the value of x must be positive. So, x = 3 is the valid solution.

Wait, but let me double-check. If x = 3, then plugging back into the original equation: √(12 - 3) = √9 = 3, which is correct."," So, x = 3 is indeed the solution. That would make the answer B) 3. But hold on, let me see the options: A)4, B)3, C)2√2, D) [1 + 3/√11]^2.

Hmm, perhaps I made a mistake somewhere? Let me think again. Maybe I assumed the expression converges to a finite value, and perhaps I should verify if the nested radical converges.

Wait a second, sometimes infinite nested radicals can have multiple solutions, but sometimes only a specific one is valid. Let me check the convergence. For the infinite nested radical √(a - √(a - √(a - ...))), it converges if and only if the sequence is bounded and monotonic.

In this case, each term is defined as √(12 - previous term). So, starting from some initial value, say 0, the sequence goes: 0, √12 ≈ 3.464, then √(12 - 3.464) ≈ √8.536 ≈ 2.922, then √(12 - 2.922) ≈ √9.078 ≈ 3.013, then √(12 - 3.013) ≈ √8.987 ≈ 2.998, and so on. It seems like it's oscillating around 3 and converging to it. So, 3 is indeed the correct value.

But wait, let's think about the quadratic solution again. I assumed x = √(12 - x). But is this the only way to set it up? Maybe there's another approach? I remember that sometimes with nested radicals, you can form a quadratic equation without substitution. But in this case, substitution seems straightforward.

Alternatively, maybe I can think of the expression as x = √(12 - x), and that's where the quadratic comes from. So, the solution is 3.

But hold on, the options include 4, which is higher. Maybe I was too quick to discard -4? But since the square root is always non-negative, x must be positive. So, 3 is correct.

Wait, but let me think about the initial substitution again. Let me double-check that substitution. So, if x is √(12 - √(12 - ...)), then the expression inside is also x, so yes, x = √(12 - x). Therefore, x² = 12 - x, leading to x² + x - 12 = 0, which solves to x=3. That seems correct.

Alternatively, maybe I can use another method to verify. Let me consider the expression as a continued radical and approximate it numerically. Let me calculate a few iterations manually.

Let me start with an initial guess, say x₀ = 0.

Then, x₁ = √(12 - x₀) = √12 ≈ 3.464.

x₂ = √(12 - x₁) ≈ √(12 - 3.464) ≈ √8.536 ≈ 2.922.

x₃ = √(12 - x₂) ≈ √(12 - 2.922) ≈ √9.078 ≈ 3.013.

x₄ = √(12 - x₃) ≈ √(12 - 3.013) ≈ √8.987 ≈ 2.998.

x₅ = √(12 - x₄) ≈ √(12 - 2.998) ≈ √9.002 ≈ 3.0003.

x₆ = √(12 - x₅) ≈ √(12 - 3.0003) ≈ √8.9997 ≈ 2.99996.

So, it's clearly converging to 3, which is positive and the only valid solution. So, 3 is the correct answer.

But wait, let me think again: is it possible that 4 is also a solution? Let me see.

If I plug x = 4 into the equation x² + x - 12, we get 16 + 4 - 12 = 8, which is not zero. So, 4 is not a solution. So, it's not among the options, but 3 is. So, answer is B) 3.

Wait, but let me check the options again. D) is [1 + 3/√11]^2. Let me compute that and see if it equals 3.

First, compute 1 + 3/√11. √11 is approximately 3.3166, so 3/√11 ≈ 0.899. So, 1 + 0.899 ≈ 1.899. Then, squaring that: (1.899)^2 ≈ 3.608. Hmm, which is more than 3. So, not equal to 3.

Alternatively, maybe it's an exact expression. Let me compute [1 + 3/√11]^2: that's 1 + 6/√11 + 9/11. 6/√11 is approximately 6 / 3.3166 ≈ 1.810, and 9/11 ≈ 0.818. So, 1 + 1.810 + 0.818 ≈ 3.628. Hmm, which is approximately 3.628, not 3. So, not equal. Therefore, D is not 3.

Alternatively, maybe I can compute 3.628 squared? No, that's overcomplicating. Since [1 + 3/√11]^2 is about 3.628, which is not 3. So, D is not the right answer.

Alternatively, is there a way that 4 is a solution? Let me see.

If x = 4, then plugging back into the equation x² + x - 12 = 0, 16 + 4 - 12 = 8 ≠ 0. So, 4 is not a solution. Therefore, 3 is the correct answer.

Wait, but the answer choices have 4 as A. Maybe someone could think that if the expression is 4, but 4 is not the solution. So, is 3 the correct one? It seems so, because when I checked numerically, it's converging to 3. So, 3 is the correct answer.

But let me think again, to make sure I didn't make any mistake.

So, the problem is to find the value of x where x = √(12 - x). So, x² = 12 - x, leading to x² + x -12 =0, so quadratic equation, as I did before. The solutions are 3 and -4, but since x is positive, it's 3.

Alternatively, perhaps another approach is to consider that in the infinite nested radical, each time you subtract the same expression from 12, so it's a contraction mapping? Or perhaps it's a decreasing sequence?

Wait, starting with x₀ =0, x₁ = sqrt(12)≈3.464, x₂≈sqrt(12 - 3.464)=sqrt(8.536)≈2.922, x₃≈sqrt(12 - 2.922)=sqrt(9.078)≈3.013, x₄≈sqrt(12 - 3.013)=sqrt(8.987)≈2.998, x₅≈sqrt(12 - 2.998)=sqrt(9.002)≈3.0003, x₆≈sqrt(12 - 3.0003)=sqrt(8.9997)≈2.99996, etc. So, it's oscillating around 3, approaching it from above and below.

So, the limit is 3.

Therefore, I think I can be confident that 3 is the correct answer, matching option B.

But to be thorough, let me think about whether there could be another solution. The quadratic equation x² + x -12=0 has two solutions: x = [ -1 + sqrt(1 + 48) ] / 2 = [ -1 +7 ] / 2= 6/2=3, and x= [ -1 -7 ] /2 = -4. Since the square root is non-negative, only 3 is valid. So, yes, 3 is the only solution.

Alternatively, if I consider the function f(x) = sqrt(12 -x), does this function have a fixed point at x=3?

Yes, because f(3) = sqrt(12 -3)=sqrt(9)=3, so 3 is the fixed point. Iterating the function starting from any point will converge to 3.

Another way to think about it is using calculus, checking the behavior of the function f(x) = sqrt(12 -x). The derivative f’(x) = -1/(2 sqrt(12 -x)). At x=3, f’(3)= -1/(2*3)= -1/6. Since the absolute value is less than 1, the fixed point at x=3 is attracting, meaning that starting near 3, the iterations will converge to 3. So, that's another confirmation.

Therefore, I think I'm pretty confident that 3 is the correct answer. So, option B.

But just to make sure, is there a way that D) could be 3? Let me compute [1 + 3/√11]^2.

First, compute 1 + 3/√11. √11 is approximately 3.3166, so 3/√11≈0.899. So, 1 + 0.899≈1.899. Then, squaring that: (1.899)^2≈3.608. But that's not 3. So, D is approximately 3.608, which is not 3. Therefore, D is not correct.

Alternatively, perhaps it's [1 + 3/√11], but squared? Wait, no, it's written as [1 + 3/√11]^2, which is 1 + 6/√11 + 9/11. Let me compute that exactly.

1 + 6/√11 + 9/11. Let's compute each term:

6/√11 = 6√11 / 11.

9/11 is just 9/11.

So, adding them together: 1 + (6√11)/11 + 9/11.

Combine the fractions: 1 + (6√11 + 9)/11. Hmm, 1 is 11/11, so 11/11 + (6√11 + 9)/11 = (11 + 6√11 + 9)/11 = (20 + 6√11)/11.

So, D is (20 + 6√11)/11. Let me compute that:

20/11 ≈ 1.818, 6√11 ≈ 19.95, so total numerator≈1.818 +19.95≈21.768, divided by 11≈1.979. Wait, that's approximately 1.979, which is less than 3. Wait, but that contradicts our earlier result. Wait, is this correct?

Wait, hold on, maybe I messed up the calculation.

Wait, [1 + 3/√11]^2 is equal to 1 + 2*(3/√11) + (3/√11)^2 = 1 + 6/√11 + 9/11. So, it's 1 + 6/√11 + 9/11.

So, in decimal terms, that's 1 + approximately 1.810 + 0.818 ≈1 +1.810 +0.818≈3.628. So, approximately 3.628, which is more than 3.

Wait, but I just thought, maybe it's a different expression. Wait, the problem says [1 + 3/√11]^2. So, it's 1 + 3/√11 squared, which is 1 + 6/√11 + 9/11, which is approximately 3.628, not 3. So, D is not 3. So, D is incorrect.

Alternatively, maybe the problem is written differently? Wait, is it [1 + (3)/√11]^2? That's what I thought. So, yeah, that's 3.628.

So, in conclusion, I think the answer is 3, which is option B.

But just to make sure, maybe the problem is written in a way that could be interpreted differently? For example, is it 1 + [3/√11]^2? Which would be different. Let me check.

If it's [1 + (3/√11)]^2, as I thought. But if it were 1 + (3/√11)^2, that's 1 + 9/11≈1.818, which is still not 3.

Alternatively, if it's 1 + 3/(√11)^2, that's 1 + 3/11≈1.273, which is not 3. So, seems like D is definitely not 3.

Therefore, going back, the correct answer is 3, which is option B.

Wait, but hold on, in the quadratic equation, I had x² + x -12=0, leading to x=3 and x=-4. So, is 3 the correct solution?

Yes, because the square root function can only give the principal (non-negative) root. So, x must be positive, so 3 is the correct solution. So, the value is 3.

Alternatively, if the problem had been x = √(12 + x), then x would be different. Let me see, x = √(12 + x). Then, x² =12 + x, leading to x² -x -12=0. Solutions would be (1 ±√(1 +48))/2= (1 ±7)/2= 4 or -3. So, 4 is a solution, but x must be non-negative, so 4 is the solution. But in this problem, it's x = √(12 -x). So, 3 is the solution.

Therefore, yeah, 3 is the answer.

I think I'm confident now that 3 is the correct answer, which is option B. So, I don't see any mistakes in the reasoning.

**Final Answer**
\boxed{B}
</think>

Let \( x \) be the value of the infinite nested radical expression \( \sqrt{12 - \sqrt{12 - \sqrt{12 - \cdots}}} \). This can be written as \( x = \sqrt{12 - x} \).

To solve for \( x \), we square both sides of the equation:
\[
x^2 = 12 - x
\]
Rearranging this gives us a quadratic equation:
\[
x^2 + x - 12 = 0
\]
Using the quadratic formula \( x = \frac{-b \pm \sqrt{b^2 - 4ac}}{2a} \) where \( a = 1 \), \( b = 1 \), and \( c = -12 \), we get:
\[
x = \frac{-1 \pm \sqrt{1 + 48}}{2} = \frac{-1 \pm 7}{2}
\]
This gives us two solutions:
\[
x = \frac{6}{2} = 3 \quad \text{and} \quad x = \frac{-8}{2} = -4
\]
Since \( x \) must be non-negative, we discard -4 and conclude that \( x = 3 \).

We verify this by checking the convergence of the sequence defined by \( x_n = \sqrt{12 - x_{n-1}} \) starting from an initial value, which converges to 3.

Thus, the value of the infinite nested radical is \( 3 \), which corresponds to option B.

\[
\boxed{B}
\]"
34,587,B,20,1.0,"Okay, so I have this problem here: Find the value of the infinite nested square root expression √(12 - √(12 - √(12 - ...))). The options are A) 4, B) 3, C) 2√2, and D) [1 + 3/√11]^2. Hmm, interesting. I remember that these kinds of infinite nested radicals can sometimes be solved by setting them equal to a variable and then solving an equation. Let me try that approach.

Let me denote the entire expression as x. So, x = √(12 - √(12 - √(12 - ...))). But wait, since the expression inside the square root is the same as the entire expression, I can substitute x into itself. That means x = √(12 - x). Is that right? Let me check.

Yes, because the expression under the first square root is 12 minus the same expression, which is x. So, substituting, I get x = √(12 - x). Now, to solve for x, I can square both sides to eliminate the square root. Let's do that.

Squaring both sides: x² = 12 - x. Now, I can rearrange this equation to form a quadratic equation. Let's bring all terms to one side: x² + x - 12 = 0. Okay, so now I have a quadratic equation: x² + x - 12 = 0.

To solve this quadratic equation, I can use the quadratic formula. The quadratic formula is x = [-b ± √(b² - 4ac)] / (2a). In this equation, a = 1, b = 1, and c = -12. Plugging these values into the formula:

x = [-1 ± √(1² - 4*1*(-12))] / (2*1)
x = [-1 ± √(1 + 48)] / 2
x = [-1 ± √49] / 2
x = [-1 ± 7] / 2

So, that gives us two possible solutions: x = (-1 + 7)/2 = 6/2 = 3, and x = (-1 - 7)/2 = -8/2 = -4. But since we're dealing with square roots, the value of x must be positive. So, x = 3 is the valid solution.

Wait, but let me double-check. If x = 3, then plugging back into the original equation: √(12 - 3) = √9 = 3, which is correct. So, x = 3 is indeed the solution.

","Looking back at the choices, option B is 3, so that's the answer. Hmm, but just to make sure I didn't skip any steps or make any mistakes. Let me consider the other options quickly.

Option A is 4. If I plug 4 into the original expression, √(12 - 4) = √8 ≈ 2.828, which is less than 4. So, 4 is not correct.

Option C is 2√2, which is approximately 2.828. Wait, that's the same as the result when I plug 4 back into the equation, but actually, that's not the case because 2√2 squared is 8, so √8 is 2√2, which is about 2.828. But when I plug 2√2 into the original expression, it's √(12 - 2√2). Let me compute that.

12 - 2√2 ≈ 12 - 2.828 ≈ 9.172. The square root of that is approximately 3.028, which is close to 3, but not exactly 2√2. So, that's not precise. So, 2√2 is not the exact value.

Option D is [1 + 3/√11]^2. Let's compute that: [1 + 3/√11]^2 = 1 + 6/√11 + 9/11 ≈ 1 + 1.803 + 0.818 ≈ 3.621. That's not equal to 3, so D is not the solution.

Therefore, the correct answer is B) 3.

Wait a second, but let me also check another approach just to be thorough. Sometimes, with nested radicals, there can be multiple solutions or it's not as straightforward. Let me consider if the expression could converge to another value or if there's a different way to approach it.

Alternatively, sometimes when dealing with nested radicals, if the expression converges, it can oscillate but maybe converge to a fixed point. But in this case, since each step is just the square root of a linear function, it's likely converging to a single value. So, I think my initial approach is correct.

But just to explore this, let's consider the sequence defined by a₁ = √12, a₂ = √(12 - √12), a₃ = √(12 - √(12 - √12)), and so on. If this sequence converges, then its limit L must satisfy L = √(12 - L). So, this leads us back to the same equation: L² = 12 - L, which is the same as x² + x - 12 = 0.

So, solving that again, we get L = 3. Since each term of the sequence is positive and decreasing (as each subsequent term is the square root of a smaller positive number), it converges to 3. That's a good consistency check.

Alternatively, maybe I can compute a few terms numerically to see if they approach 3.

Compute a₁ = √12 ≈ 3.464

a₂ = √(12 - a₁) = √(12 - 3.464) ≈ √8.536 ≈ 2.922

a₃ = √(12 - a₂) ≈ √(12 - 2.922) ≈ √9.078 ≈ 3.013

a₄ = √(12 - 3.013) ≈ √8.987 ≈ 2.998

a₅ = √(12 - 2.998) ≈ √9.002 ≈ 3.000

a₆ = √(12 - 3.000) = √9 = 3

So, it does seem to converge to 3. Therefore, the value is indeed 3, which corresponds to option B.

Just to make sure, let me look at the options again. Option C is 2√2, and I know that 2√2 is roughly 2.828, but when I plug that into the expression, it doesn't satisfy the equation, as I saw earlier. So, Option C is not the solution.

Option D is [1 + 3/√11]^2, which is approximately 3.621, as I saw before, which doesn't equal 3. So, that's not correct either.

Therefore, I'm confident that the answer is 3, which is option B.

But wait, just to make sure, let me think about another way to approach this problem. Sometimes, if the expression is more complicated, people might use trigonometric substitutions or something, but this one seems straightforward with a simple substitution.

Alternatively, if I let x = √(12 - x), which I did, and solved for x, it's a standard quadratic equation, so there's not much else to do here. So, yeah, I think that's solid.

So, summarizing: Let x be the value of the infinite nested radical. Then, x = √(12 - x). Squaring both sides gives x² = 12 - x, leading to x² + x - 12 = 0. Solving this quadratic gives x = 3 or x = -4, but since x must be positive, x = 3. Checking with the sequence, it converges to 3, so the answer is 3.

I think that's thorough enough. I can't see any mistakes in this reasoning, so I feel confident that B is the correct choice.

**Final Answer**
\boxed{B}
</think>

Let \( x \) be the value of the infinite nested square root expression \( \sqrt{12 - \sqrt{12 - \sqrt{12 - \cdots}}} \). We can denote this expression as \( x \). Since the expression inside the square root is the same as the entire expression, we substitute \( x \) into itself, leading to the equation:

\[ x = \sqrt{12 - x} \]

To solve for \( x \), we square both sides:

\[ x^2 = 12 - x \]

Rearranging this equation gives us a quadratic equation:

\[ x^2 + x - 12 = 0 \]

We solve this quadratic equation using the quadratic formula \( x = \frac{-b \pm \sqrt{b^2 - 4ac}}{2a} \), where \( a = 1 \), \( b = 1 \), and \( c = -12 \):

\[ x = \frac{-1 \pm \sqrt{1^2 - 4 \cdot 1 \cdot (-12)}}{2 \cdot 1} \]
\[ x = \frac{-1 \pm \sqrt{1 + 48}}{2} \]
\[ x = \frac{-1 \pm \sqrt{49}}{2} \]
\[ x = \frac{-1 \pm 7}{2} \]

This gives us two solutions: \( x = \frac{6}{2} = 3 \) and \( x = \frac{-8}{2} = -4 \). Since \( x \) must be positive, we discard \( x = -4 \) and have \( x = 3 \).

To verify, we check that \( \sqrt{12 - 3} = \sqrt{9} = 3 \), which is consistent. Additionally, checking the sequence defined by \( a_1 = \sqrt{12} \) and subsequent terms converges to 3.

Thus, the value of the expression is \( 3 \), corresponding to option B.

\[
\boxed{B}
\]"
35,602,B,20,1.0,"Okay, so I have this problem here: Find the value of the infinite nested square root expression √(12 - √(12 - √(12 - ...))). The options are A) 4, B) 3, C) 2√2, and D) [1 + 3/√11]^2. Hmm, interesting. I remember that these kinds of infinite nested radicals can sometimes be solved by setting them equal to a variable and then solving an equation. Let me try that approach.

Let me denote the entire expression as x. So, x = √(12 - √(12 - √(12 - ...))). But wait, since the expression inside the square root is the same as the entire expression, I can substitute x into itself. That means x = √(12 - x). Is that right? Let me check.

Yes, because the expression under the first square root is 12 minus the same expression, which is x. So, substituting, I get x = √(12 - x). Now, to solve for x, I can square both sides to eliminate the square root. Let's do that.

Squaring both sides: x² = 12 - x. Now, I can rearrange this equation to form a quadratic equation. Let's bring all terms to one side: x² + x - 12 = 0. Okay, so now I have a quadratic equation: x² + x - 12 = 0.

To solve this quadratic equation, I can use the quadratic formula. The quadratic formula is x = [-b ± √(b² - 4ac)] / (2a). In this equation, a = 1, b = 1, and c = -12. Plugging these values into the formula:

x = [-1 ± √(1² - 4*1*(-12))] / (2*1)
x = [-1 ± √(1 + 48)] / 2
x = [-1 ± √49] / 2
x = [-1 ± 7] / 2

So, that gives us two possible solutions: x = (-1 + 7)/2 = 6/2 = 3, and x = (-1 - 7)/2 = -8/2 = -4. But since we're dealing with square roots, the value of x must be positive. So, x = 3 is the valid solution.

Wait, but let me double-check. If x = 3, then plugging back into the original equation: √(12 - 3) = √9 = 3, which is correct. So, x = 3 is indeed the solution.

Looking back at the options, B) 3 is one of them."," So, is that the answer? Hmm, or did I do something wrong? Let me make sure I didn't make a mistake in setting up the equation.

I set x = √(12 - √(12 - √(12 - ...))). Since the expression inside is the same as x, I substituted and got x = √(12 - x). That seems correct. Then squared both sides to get x² = 12 - x, leading to x² + x - 12 = 0. Quadratic formula gave me two roots, 3 and -4. Negative root is invalid, so 3 is the answer. So, that's option B.

Wait, but just to make sure, let's consider another approach. Maybe this expression converges to a value that's not 3? Or is 3 the only solution? Let's see.

Alternatively, maybe I can compute a few terms of the sequence to see if it converges to 3.

Let's start with x₁ = √12 ≈ 3.4641.

Then, x₂ = √(12 - x₁) = √(12 - 3.4641) ≈ √8.5359 ≈ 2.922.

x₃ = √(12 - x₂) ≈ √(12 - 2.922) ≈ √9.078 ≈ 3.013.

x₄ = √(12 - x₃) ≈ √(12 - 3.013) ≈ √8.987 ≈ 2.998.

x₅ = √(12 - x₄) ≈ √(12 - 2.998) ≈ √9.002 ≈ 3.0003.

x₆ = √(12 - x₅) ≈ √(12 - 3.0003) ≈ √8.9997 ≈ 2.99995.

So, it oscillates around 3, getting closer each time. So, seems like it converges to 3. So, that confirms the answer is 3.

Looking back at the options, that's option B. Hmm, but let me just check if perhaps the other options could also be correct or not.

Option A is 4. Let me try plugging x = 4 into the original equation: √(12 - 4) = √8 ≈ 2.828, which is not 4. So, 4 is not a solution.

Option C is 2√2, which is approximately 2.828. Let's test x = 2√2. Then, √(12 - 2√2) ≈ √(12 - 2.828) ≈ √9.172 ≈ 3.028, which is not equal to 2√2. So, 2√2 is not the solution.

Option D is [1 + 3/√11]^2. Let me compute that. First, compute 3/√11: √11 is approximately 3.3166, so 3/3.3166 ≈ 0.9045. Then, 1 + 0.9045 ≈ 1.9045. Squaring that: (1.9045)^2 ≈ 3.627, which is not 3. So, that's not equal. So, option D is also incorrect.

Therefore, the only correct answer is B) 3.

Wait, but hold on, just to make sure, maybe I made a mistake in the setup. Let me think again. If x = √(12 - x), then x² = 12 - x, leading to x² + x - 12 = 0. The solutions are (-1 ± √49)/2, which are 3 and -4. So, 3 is the positive solution, which is valid. So, that's correct.

Another thought: Could there be another way to approach this problem? Maybe using limits or recursion?

Let me define a sequence where a₁ = √12, and a_{n+1} = √(12 - a_n). Then, as n approaches infinity, a_n approaches the limit, which is x. So, as I computed above, the sequence oscillates around 3 and converges to it. So, that's consistent with the solution.

Alternatively, maybe using continued radicals. There's a formula for certain radicals of the form √(a - √(a - √(a - ...))), which is ( (sqrt(4a + 1) - 1)/2 ). Let me verify if that's applicable here.

Wait, the general formula is for x = √(a - x), but in this case, a is 12, so x = √(12 - x). So, solving x = √(12 - x) would give x² = 12 - x, so x² + x - 12 = 0, as before.

Alternatively, maybe considering the formula for infinite radicals of the form √(a - √(a - √(a - ...))), which is (1 + √(1 + 4a))/2. But wait, let me check that.

If I recall correctly, for the infinite radical x = √(a - x), the solution is x = [ -1 + √(4a + 1) ] / 2. Let me verify that.

So, from x = √(a - x), squaring both sides: x² = a - x, so x² + x - a = 0.

Using quadratic formula: x = [-1 ± √(1 + 4a)] / 2. Since x must be positive, x = [ -1 + √(1 + 4a) ] / 2.

Wait, in our case, a = 12, so x = [ -1 + √(49) ] / 2 = [ -1 + 7 ] / 2 = 6 / 2 = 3. So, the same result as before. So, formula is correct.

So, that gives me more confidence that x = 3 is indeed the correct solution.

Just to think deeper, is there any other way the expression could be interpreted? Like, could it be that the expression is starting at a different point or is it an infinite expansion?

Wait, the expression is written as √(12 - √(12 - √(12 - ...))). So, it's unrolling indefinitely, starting with 12 - something, and so on. So, the way I set it up was correct.

Alternatively, maybe someone might think that it's starting with √12, then subtracting another √12, but no, the expression is √12 - √(12 - ...), so it's 12 minus the entire radical expression. So, my original setup was correct.

Hmm, so I think I've considered multiple approaches and cross-verified. The answer is 3, so the correct option is B.

**Final Answer**
\boxed{B}
</think>

Let \( x \) be the value of the infinite nested square root expression. We can denote this as:

\[ x = \sqrt{12 - \sqrt{12 - \sqrt{12 - \cdots}}} \]

Since the expression inside the square root is the same as the entire expression, we can substitute \( x \) into itself:

\[ x = \sqrt{12 - x} \]

Squaring both sides to eliminate the square root:

\[ x^2 = 12 - x \]

Rearranging this into a standard quadratic equation form:

\[ x^2 + x - 12 = 0 \]

Using the quadratic formula \( x = \frac{-b \pm \sqrt{b^2 - 4ac}}{2a} \) where \( a = 1 \), \( b = 1 \), and \( c = -12 \):

\[ x = \frac{-1 \pm \sqrt{1^2 - 4 \cdot 1 \cdot (-12)}}{2 \cdot 1} \]
\[ x = \frac{-1 \pm \sqrt{1 + 48}}{2} \]
\[ x = \frac{-1 \pm \sqrt{49}}{2} \]
\[ x = \frac{-1 \pm 7}{2} \]

This gives us two solutions:

\[ x = \frac{-1 + 7}{2} = 3 \]
\[ x = \frac{-1 - 7}{2} = -4 \]

Since \( x \) must be positive, we discard the negative solution. Therefore, \( x = 3 \).

To verify, we substitute \( x = 3 \) back into the original equation and check that it holds true. We also compute a few terms of the sequence to see if it converges to 3, confirming that it indeed converges to 3.

Thus, the value of the infinite nested square root expression is:

\[
\boxed{B}
\]"
36,609,B,20,1.0,"Okay, so I have this problem here: Find the value of the infinite nested square root expression √(12 - √(12 - √(12 - ...))). The options are A) 4, B) 3, C) 2√2, and D) [1 + 3/√11]^2. Hmm, interesting. I remember that these kinds of infinite nested radicals can sometimes be solved by setting them equal to a variable and then solving an equation. Let me try that approach.

Let me denote the entire expression as x. So, x = √(12 - √(12 - √(12 - ...))). But wait, since the expression inside the square root is the same as the entire expression, I can substitute x into itself. That means x = √(12 - x). Is that right? Let me check.

Yes, because the expression under the first square root is 12 minus the same expression, which is x. So, substituting, I get x = √(12 - x). Now, to solve for x, I can square both sides to eliminate the square root. Let's do that.

Squaring both sides: x² = 12 - x. Now, I can rearrange this equation to form a quadratic equation. Let's bring all terms to one side: x² + x - 12 = 0. Okay, so now I have a quadratic equation: x² + x - 12 = 0.

To solve this quadratic equation, I can use the quadratic formula. The quadratic formula is x = [-b ± √(b² - 4ac)] / (2a). In this equation, a = 1, b = 1, and c = -12. Plugging these values into the formula:

x = [-1 ± √(1² - 4*1*(-12))] / (2*1)
x = [-1 ± √(1 + 48)] / 2
x = [-1 ± √49] / 2
x = [-1 ± 7] / 2

So, that gives us two possible solutions: x = (-1 + 7)/2 = 6/2 = 3, and x = (-1 - 7)/2 = -8/2 = -4. But since we're dealing with square roots, the value of x must be positive. So, x = 3 is the valid solution.

Wait, but let me double-check. If x = 3, then plugging back into the original equation: √(12 - 3) = √9 = 3, which is correct. So, x = 3 is indeed the solution.

Looking back at the options, B) 3 is one of them. So, is that the answer?"," It seems so. But hold on, let me make sure I didn't make a mistake somewhere. Let's verify each step again.

1. Let x = √(12 - √(12 - √(12 - ...))). Since the inner part is the same as x, we set x = √(12 - x). That seems correct.

2. Squaring both sides: x² = 12 - x, which is correct.

3. Rearranging: x² + x - 12 = 0, that's right.

4. Quadratic formula: x = [-1 ± √(1 + 48)] / 2, which is √49 = 7, so x = (6)/2 = 3 or x = (-8)/2 = -4. That's correct.

5. Since x must be positive, x = 3. That makes sense because the square root function only gives non-negative results.

So, B) 3 is the answer. Let me cross-check with the other options just to be thorough.

Option A) 4: If x were 4, then plugging back into the equation, we get 4 = √(12 - 4) = √8 ≈ 2.828, which is not 4. So A is incorrect.

Option C) 2√2: Approximately 2.828. Let's see if that works. Plugging into the equation, 2√2 ≈ 2.828. Then, according to the equation x = √(12 - x), substituting x ≈ 2.828: 2.828 ≈ √(12 - 2.828) = √(9.172) ≈ 3.028. Which isn't equal to 2.828, so C is incorrect.

Option D) [1 + 3/√11]^2. Let me compute this. First, 3/√11 ≈ 3/3.3166 ≈ 0.9045. Then, 1 + 0.9045 ≈ 1.9045. Squaring that gives roughly 1.9045² ≈ 3.628. Hmm, that's not 3, so D is incorrect.

Therefore, the correct answer is B) 3.

Wait a minute, but one more thing. I recall that sometimes these infinite radicals can converge to different values depending on the initial terms or coefficients, but in this case, since it's a simple nested square root, the quadratic approach seems the standard method.

Alternatively, I can think about whether this expression converges. The sequence defined by a_n = √(12 - a_{n-1}) with a_1 = √12 should converge to the solution of x = √(12 - x). Since the sequence is decreasing and bounded below by 0, it should converge. And solving it, we found x = 3, which is positive and less than 12, so that makes sense.

Wait, but just to make sure, let's compute a few terms manually to see how it behaves.

Let me start with a_1 = √12 ≈ 3.464.

Then, a_2 = √(12 - 3.464) = √(8.536) ≈ 2.922.

a_3 = √(12 - 2.922) = √(9.078) ≈ 3.013.

a_4 = √(12 - 3.013) = √(8.987) ≈ 2.998.

a_5 = √(12 - 2.998) = √(9.002) ≈ 3.0003.

a_6 = √(12 - 3.0003) ≈ √(8.9997) ≈ 2.99996.

So, it seems like it's oscillating around 3, getting closer each time. So, indeed, it converges to 3. So, that confirms that B) 3 is correct.

Therefore, I'm confident that the answer is 3, which is option B.

**Final Answer**
\boxed{B}
</think>

Let \( x \) be the value of the infinite nested square root expression \( \sqrt{12 - \sqrt{12 - \sqrt{12 - \cdots}}} \). Since the expression inside the square root is the same as the entire expression, we can set up the equation:

\[ x = \sqrt{12 - x} \]

Squaring both sides to eliminate the square root, we get:

\[ x^2 = 12 - x \]

Rearranging this into a standard quadratic equation form, we have:

\[ x^2 + x - 12 = 0 \]

Using the quadratic formula \( x = \frac{-b \pm \sqrt{b^2 - 4ac}}{2a} \) where \( a = 1 \), \( b = 1 \), and \( c = -12 \), we substitute these values:

\[ x = \frac{-1 \pm \sqrt{1^2 - 4 \cdot 1 \cdot (-12)}}{2 \cdot 1} \]
\[ x = \frac{-1 \pm \sqrt{1 + 48}}{2} \]
\[ x = \frac{-1 \pm \sqrt{49}}{2} \]
\[ x = \frac{-1 \pm 7}{2} \]

This gives us two solutions:

\[ x = \frac{-1 + 7}{2} = 3 \]
\[ x = \frac{-1 - 7}{2} = -4 \]

Since \( x \) must be positive, we discard the negative solution. Therefore, \( x = 3 \).

Thus, the value of the infinite nested square root expression is \(\boxed{B}\)."
37,626,B,20,1.0,"Okay, so I have this problem here: Find the value of the infinite nested square root expression √(12 - √(12 - √(12 - ...))). The options are A) 4, B) 3, C) 2√2, and D) [1 + 3/√11]^2. Hmm, interesting. I remember that these kinds of infinite nested radicals can sometimes be solved by setting them equal to a variable and then solving an equation. Let me try that approach.

Let me denote the entire expression as x. So, x = √(12 - √(12 - √(12 - ...))). But wait, since the expression inside the square root is the same as the entire expression, I can substitute x into itself. That means x = √(12 - x). Is that right? Let me check.

Yes, because the expression under the first square root is 12 minus the same expression, which is x. So, substituting, I get x = √(12 - x). Now, to solve for x, I can square both sides to eliminate the square root. Let's do that.

Squaring both sides: x² = 12 - x. Now, I can rearrange this equation to form a quadratic equation. Let's bring all terms to one side: x² + x - 12 = 0. Okay, so now I have a quadratic equation: x² + x - 12 = 0.

To solve this quadratic equation, I can use the quadratic formula. The quadratic formula is x = [-b ± √(b² - 4ac)] / (2a). In this equation, a = 1, b = 1, and c = -12. Plugging these values into the formula:

x = [-1 ± √(1² - 4*1*(-12))] / (2*1)
x = [-1 ± √(1 + 48)] / 2
x = [-1 ± √49] / 2
x = [-1 ± 7] / 2

So, that gives us two possible solutions: x = (-1 + 7)/2 = 6/2 = 3, and x = (-1 - 7)/2 = -8/2 = -4. But since we're dealing with square roots, the value of x must be positive. So, x = 3 is the valid solution.

Wait, but let me double-check. If x = 3, then plugging back into the original equation: √(12 - 3) = √9 = 3, which is correct. So, x = 3 is indeed the solution.

Looking back at the options, B) 3 is one of them. So, is that the answer? Hmm, but let me make sure I didn't make any mistakes in my reasoning.

","Let me go through the steps again. I set x equal to the infinite nested radical. Then, because the structure repeats, I substituted x into itself, which gives x = √(12 - x). Squared both sides: x² = 12 - x. Rearranged to x² + x - 12 = 0. Solved using quadratic formula, got x = 3 or x = -4. Since it's a square root, we discard -4, so x = 3. That seems solid.

But wait, just to be thorough, let me compute a few iterations manually to see if it converges to 3.

Starting with an initial guess, say x₀ = 0. Then, x₁ = √(12 - 0) = √12 ≈ 3.464.

x₂ = √(12 - 3.464) ≈ √(8.536) ≈ 2.922.

x₃ = √(12 - 2.922) ≈ √(9.078) ≈ 3.013.

x₄ = √(12 - 3.013) ≈ √(8.987) ≈ 2.998.

x₅ = √(12 - 2.998) ≈ √(9.002) ≈ 3.000.

Hmm, seems like it's oscillating around 3, getting closer each time. So, 3 is indeed the limit, which is also our algebraic solution. So, I think that's correct.

Let me check the other options just in case. Option A is 4. If x were 4, plugging back into the equation would give √(12 - 4) = √8 ≈ 2.828, which is not 4. So, that's wrong.

Option C is 2√2, which is approximately 2.828. Let me see, if x were 2.828, then √(12 - 2.828) ≈ √9.172 ≈ 3.028, which is not 2.828. So, that's not the solution either.

Option D is [1 + 3/√11]^2. Let me compute that. First, 3/√11 is approximately 3/3.3166 ≈ 0.904. So, 1 + 0.904 ≈ 1.904. Squaring that gives approximately 1.904² ≈ 3.625. That's not 3, so D is not the solution.

So, the only correct answer is B) 3.

Just to make sure, let me think if there's another way to approach this problem. Maybe, for some reason, generating a continued fraction or something else, but I think the initial substitution method is the standard way to solve infinite radicals. It's a common technique in algebra.

Alternatively, sometimes with these radicals, you can bound the value. Let's see:

Since √(12 - x) is involved, and x is positive, we can think about the behavior. If x is positive, then 12 - x must be positive as well, so x must be less than 12. But we already have that x is 3, which is less than 12, so that's consistent.

Also, another thought: sometimes people solve these by assuming it's periodic or something, but in this case, since each step depends linearly on the previous term, substitution is straightforward.

I don't think I missed anything here. My steps all seem logical, and the numerical approximation also supports that x is approaching 3.

So, yeah, I'm confident that the answer is 3.

**Final Answer**
\boxed{B}
</think>

Let \( x \) be the value of the infinite nested square root expression \( \sqrt{12 - \sqrt{12 - \sqrt{12 - \cdots}}} \). Since the expression inside the square root is the same as the entire expression, we can set up the equation:

\[ x = \sqrt{12 - x} \]

To solve for \( x \), we square both sides:

\[ x^2 = 12 - x \]

Rearranging this into a standard quadratic equation form, we get:

\[ x^2 + x - 12 = 0 \]

We solve this quadratic equation using the quadratic formula \( x = \frac{-b \pm \sqrt{b^2 - 4ac}}{2a} \), where \( a = 1 \), \( b = 1 \), and \( c = -12 \):

\[ x = \frac{-1 \pm \sqrt{1^2 - 4 \cdot 1 \cdot (-12)}}{2 \cdot 1} \]
\[ x = \frac{-1 \pm \sqrt{1 + 48}}{2} \]
\[ x = \frac{-1 \pm \sqrt{49}}{2} \]
\[ x = \frac{-1 \pm 7}{2} \]

This gives us two solutions:

\[ x = \frac{-1 + 7}{2} = 3 \]
\[ x = \frac{-1 - 7}{2} = -4 \]

Since \( x \) must be positive, we discard \( -4 \) and conclude that \( x = 3 \).

Thus, the value of the expression is:

\[
\boxed{B}
\]"
38,645,B,20,1.0,"Okay, so I have this problem here: Find the value of the infinite nested square root expression √(12 - √(12 - √(12 - ...))). The options are A) 4, B) 3, C) 2√2, and D) [1 + 3/√11]^2. Hmm, interesting. I remember that these kinds of infinite nested radicals can sometimes be solved by setting them equal to a variable and then solving an equation. Let me try that approach.

Let me denote the entire expression as x. So, x = √(12 - √(12 - √(12 - ...))). But wait, since the expression inside the square root is the same as the entire expression, I can substitute x into itself. That means x = √(12 - x). Is that right? Let me check.

Yes, because the expression under the first square root is 12 minus the same expression, which is x. So, substituting, I get x = √(12 - x). Now, to solve for x, I can square both sides to eliminate the square root. Let's do that.

Squaring both sides: x² = 12 - x. Now, I can rearrange this equation to form a quadratic equation. Let's bring all terms to one side: x² + x - 12 = 0. Okay, so now I have a quadratic equation: x² + x - 12 = 0.

To solve this quadratic equation, I can use the quadratic formula. The quadratic formula is x = [-b ± √(b² - 4ac)] / (2a). In this equation, a = 1, b = 1, and c = -12. Plugging these values into the formula:

x = [-1 ± √(1² - 4*1*(-12))] / (2*1)
x = [-1 ± √(1 + 48)] / 2
x = [-1 ± √49] / 2
x = [-1 ± 7] / 2

So, that gives us two possible solutions: x = (-1 + 7)/2 = 6/2 = 3, and x = (-1 - 7)/2 = -8/2 = -4. But since we're dealing with square roots, the value of x must be positive. So, x = 3 is the valid solution.

Wait, but let me double-check. If x = 3, then plugging back into the original equation: √(12 - 3) = √9 = 3, which is correct. So, x = 3 is indeed the solution.

Looking back at the options, B) 3 is one of them. So, is that the answer? Hmm, but let me make sure I didn't make any mistakes in my reasoning.

I assumed that the entire expression equals x, which is a common technique for infinite nested radicals."," Let me verify if that's valid. I mean, this expression is infinite, so it converges to a specific value. The question is, does it converge? I think so, because each time we're subtracting a smaller square root, so the terms inside the radicals are decreasing and bounded below by zero, so by the Monotone Convergence Theorem or something, it should converge.

Alternatively, I can try to compute the first few terms numerically to see if it's approaching 3.

Let's compute the first few terms:

First term: √12 ≈ 3.464

Second term: √(12 - √12) ≈ √(12 - 3.464) ≈ √8.536 ≈ 2.922

Third term: √(12 - 2.922) ≈ √9.078 ≈ 3.013

Fourth term: √(12 - 3.013) ≈ √8.987 ≈ 2.998

Fifth term: √(12 - 2.998) ≈ √9.002 ≈ 3.000

So, it's oscillating around 3 but getting closer each time. So, yeah, that seems to confirm that 3 is the correct answer. So, the value is 3, which is option B.

Wait, but just to make sure, let me check my quadratic equation again. I had x = √(12 - x), squared both sides to get x² = 12 - x, which leads to x² + x - 12 = 0, correct. Then quadratic formula: discriminant is 1 + 48 = 49, sqrt(49) = 7, so x = (-1 ± 7)/2, giving 3 and -4, correct. So, that seems solid.

Is there any other way this could be approached? Maybe by recognizing a pattern or another method? Let me think. Another way is to iterate the function f(x) = √(12 - x) and see if it converges to 3. But as I saw, computing the terms numerically supports this. Alternatively, maybe using continued radicals, but I think that's more complicated.

Alternatively, maybe set up an equation with more terms, but I think the quadratic is sufficient here.

So, putting it all together, the value is 3, which is option B. I don't see any mistakes in my reasoning, and the numerical computation supports that.

**Final Answer**
\boxed{B}
</think>

Let \( x \) be the value of the infinite nested square root expression. Thus, we have:

\[ x = \sqrt{12 - \sqrt{12 - \sqrt{12 - \cdots}}} \]

Since the expression inside the square root is the same as the entire expression, we can substitute \( x \) into itself:

\[ x = \sqrt{12 - x} \]

Squaring both sides to eliminate the square root:

\[ x^2 = 12 - x \]

Rearranging this equation to form a quadratic equation:

\[ x^2 + x - 12 = 0 \]

Using the quadratic formula \( x = \frac{-b \pm \sqrt{b^2 - 4ac}}{2a} \) where \( a = 1 \), \( b = 1 \), and \( c = -12 \):

\[ x = \frac{-1 \pm \sqrt{1^2 - 4 \cdot 1 \cdot (-12)}}{2 \cdot 1} \]
\[ x = \frac{-1 \pm \sqrt{1 + 48}}{2} \]
\[ x = \frac{-1 \pm \sqrt{49}}{2} \]
\[ x = \frac{-1 \pm 7}{2} \]

This gives two solutions:

\[ x = \frac{-1 + 7}{2} = 3 \]
\[ x = \frac{-1 - 7}{2} = -4 \]

Since \( x \) must be positive, we discard \( x = -4 \). Thus, \( x = 3 \).

Verifying, substituting \( x = 3 \) back into the original equation confirms it is correct. Numerical computation of the first few terms also supports that the value converges to 3.

Thus, the value is 3, which corresponds to option B.

\[
\boxed{B}
\]"
39,654,B,20,1.0,"Okay, so I have this problem here: Find the value of the infinite nested square root expression √(12 - √(12 - √(12 - ...))). The options are A) 4, B) 3, C) 2√2, and D) [1 + 3/√11]^2. Hmm, interesting. I remember that these kinds of infinite nested radicals can sometimes be solved by setting them equal to a variable and then solving an equation. Let me try that approach.

Let me denote the entire expression as x. So, x = √(12 - √(12 - √(12 - ...))). But wait, since the expression inside the square root is the same as the entire expression, I can substitute x into itself. That means x = √(12 - x). Is that right? Let me check.

Yes, because the expression under the first square root is 12 minus the same expression, which is x. So, substituting, I get x = √(12 - x). Now, to solve for x, I can square both sides to eliminate the square root. Let's do that.

Squaring both sides: x² = 12 - x. Now, I can rearrange this equation to form a quadratic equation. Let's bring all terms to one side: x² + x - 12 = 0. Okay, so now I have a quadratic equation: x² + x - 12 = 0.

To solve this quadratic equation, I can use the quadratic formula. The quadratic formula is x = [-b ± √(b² - 4ac)] / (2a). In this equation, a = 1, b = 1, and c = -12. Plugging these values into the formula:

x = [-1 ± √(1² - 4*1*(-12))] / (2*1)
x = [-1 ± √(1 + 48)] / 2
x = [-1 ± √49] / 2
x = [-1 ± 7] / 2

So, that gives us two possible solutions: x = (-1 + 7)/2 = 6/2 = 3, and x = (-1 - 7)/2 = -8/2 = -4. But since we're dealing with square roots, the value of x must be positive. So, x = 3 is the valid solution.

Wait, but let me double-check. If x = 3, then plugging back into the original equation: √(12 - 3) = √9 = 3, which is correct. So, x = 3 is indeed the solution.

Looking back at the options, B) 3 is one of them. So, is that the answer? Hmm, but let me make sure I didn't make any mistakes in my reasoning.

I assumed that the entire expression equals x, which is a common technique for infinite nested radicals. Let me verify if that's valid here."," The expression is √(12 - √(12 - √(12 - ...))), so each radical is nested within another, repeating the same structure. Therefore, if we set the whole thing equal to x, the inner part should also be equal to x. So, yes, that substitution is valid.

Alternatively, another way to look at it is by considering the convergence. I know that an infinite nested radical like this may converge, but does it converge? Let's see. The expression alternates between adding and subtracting, but in this case, it's always subtracting, so it should converge to a finite value. So, my solution of x = 3 seems reasonable.

Wait, but looking at the options, D is [1 + 3/√11]^2. Is that also a possible answer? Let me compute that to see if it's equal to 3 or not. Let's calculate 1 + 3/√11. First, √11 is approximately 3.3166. So, 3 divided by that is approximately 3 / 3.3166 ≈ 0.9045. So, 1 + 0.9045 ≈ 1.9045. Squaring that gives roughly (1.9045)^2 ≈ 3.626. That's not 3, so D is approximately 3.626, which is not 3. So, it's not D.

Wait, but hold on, maybe I should check if [1 + 3/√11]^2 is equal to 9/4? Wait, let me calculate [1 + 3/√11]^2:

First, compute 1 + 3/√11: which is approximately 1 + 0.9045 = 1.9045.

Squaring that: (1.9045)^2 ≈ 3.628, which is roughly 3.628, but none of the options are that. The options are 4, 3, 2√2, which is about 2.828, and D is approximately 3.626. So, is that equal to 3.626? Wait, but 3.626 is close to 3.628, so is it exactly equal to [1 + 3/√11]^2?

Let me compute [1 + 3/√11]^2 exactly:

(1 + 3/√11)^2 = 1^2 + 2*1*(3/√11) + (3/√11)^2
= 1 + 6/√11 + 9/11
= 1 + 6/√11 + 9/11

Now, let's express all terms with a common denominator or something:

1 = 11/11,
6/√11 = 6√11 / 11 (rationalizing the denominator),
and 9/11 is already over 11.

So, adding them together:

11/11 + 6√11 / 11 + 9/11
= (11 + 9)/11 + 6√11 /11
= 20/11 + 6√11 / 11
= (20 + 6√11)/11

Hmm, so [1 + 3/√11]^2 = (20 + 6√11)/11. Is that equal to 9? Let me see:

(20 + 6√11)/11 ≈ (20 + 6*3.3166)/11 ≈ (20 + 19.8996)/11 ≈ 39.8996/11 ≈ 3.627, which is close to 3.628, but is it exactly 9?

Wait, 9 is 9/1, so if I multiply numerator and denominator:

(20 + 6√11)/11 = (20 + 6√11)/11

Is this equal to 9? Let's check:

(20 + 6√11)/11 = 9?

Multiply both sides by 11: 20 + 6√11 = 99

So, 6√11 = 79

√11 ≈ 3.3166, so 6*3.3166 ≈ 19.8996, which is not 79. So, no, (20 + 6√11)/11 is not equal to 9, so D is not 3, it's approximately 3.628.

Therefore, D is not equal to 3, so 3 is the correct answer, which is option B. So, the answer is B) 3.

But just to be thorough, let me confirm if D is a possible answer. Maybe the question is a bit tricky, or perhaps I made a mistake in interpreting the problem. Let me reread it.

""Find the value of √(12 - √(12 - √(12 - ...)))"". So, it's definitely an infinite nested radical where each term is 12 minus the previous radical. So, that's exactly what I did earlier, setting x equal to the entire expression, which is equal to √(12 - x). So, that leads to x = 3, which is an answer option, so that's solid.

But why is option D even presented? Maybe it's a distractor, but since 3 is an option, and my solution is 3, option B is correct.

Alternatively, maybe I can compute a few iterations to see if it converges to 3. Let's compute the first few terms.

Let me define the sequence recursively. Let a₁ = √12 ≈ 3.4641.

a₂ = √(12 - a₁) = √(12 - 3.4641) = √(8.5359) ≈ 2.922.

a₃ = √(12 - a₂) = √(12 - 2.922) ≈ √(9.078) ≈ 3.013.

a₄ = √(12 - 3.013) ≈ √(8.987) ≈ 2.998.

a₅ = √(12 - 2.998) ≈ √(9.002) ≈ 3.0003.

So, it seems to be oscillating around 3, converging towards 3. Hence, that confirms that 3 is indeed the correct value.

Therefore, after all these steps and checks, the answer is B) 3.

**Final Answer**
\boxed{B}
</think>

Let \( x \) be the value of the infinite nested square root expression \( \sqrt{12 - \sqrt{12 - \sqrt{12 - \cdots}}} \). Since the expression inside the square root is the same as the entire expression, we can set up the equation:

\[ x = \sqrt{12 - x} \]

To solve for \( x \), we square both sides:

\[ x^2 = 12 - x \]

Rearranging this equation gives us a quadratic equation:

\[ x^2 + x - 12 = 0 \]

Using the quadratic formula \( x = \frac{-b \pm \sqrt{b^2 - 4ac}}{2a} \) where \( a = 1 \), \( b = 1 \), and \( c = -12 \):

\[ x = \frac{-1 \pm \sqrt{1 + 48}}{2} \]
\[ x = \frac{-1 \pm 7}{2} \]

This gives us two solutions:

\[ x = \frac{-1 + 7}{2} = 3 \]
\[ x = \frac{-1 - 7}{2} = -4 \]

Since the value of \( x \) must be positive, we have \( x = 3 \).

To verify, we substitute \( x = 3 \) back into the original equation:

\[ \sqrt{12 - 3} = \sqrt{9} = 3 \]

This is correct. Therefore, the value of the expression is \( 3 \).

The final answer is \(\boxed{B}\)."
40,676,B,20,1.0,"Okay, so I have this problem here: Find the value of the infinite nested square root expression √(12 - √(12 - √(12 - ...))). The options are A) 4, B) 3, C) 2√2, and D) [1 + 3/√11]^2. Hmm, interesting. I remember that these kinds of infinite nested radicals can sometimes be solved by setting them equal to a variable and then solving an equation. Let me try that approach.

Let me denote the entire expression as x. So, x = √(12 - √(12 - √(12 - ...))). But wait, since the expression inside the square root is the same as the entire expression, I can substitute x into itself. That means x = √(12 - x). Is that right? Let me check.

Yes, because the expression under the first square root is 12 minus the same expression, which is x. So, substituting, I get x = √(12 - x). Now, to solve for x, I can square both sides to eliminate the square root. Let's do that.

Squaring both sides: x² = 12 - x. Now, I can rearrange this equation to form a quadratic equation. Let's bring all terms to one side: x² + x - 12 = 0. Okay, so now I have a quadratic equation: x² + x - 12 = 0.

To solve this quadratic equation, I can use the quadratic formula. The quadratic formula is x = [-b ± √(b² - 4ac)] / (2a). In this equation, a = 1, b = 1, and c = -12. Plugging these values into the formula:

x = [-1 ± √(1² - 4*1*(-12))] / (2*1)
x = [-1 ± √(1 + 48)] / 2
x = [-1 ± √49] / 2
x = [-1 ± 7] / 2

So, that gives us two possible solutions: x = (-1 + 7)/2 = 6/2 = 3, and x = (-1 - 7)/2 = -8/2 = -4. But since we're dealing with square roots, the value of x must be positive. So, x = 3 is the valid solution.

Wait, but let me double-check. If x = 3, then plugging back into the original equation: √(12 - 3) = √9 = 3, which is correct. So, x = 3 is indeed the solution.

Looking back at the options, B) 3 is one of them. So, is that the answer? Hmm, but let me make sure I didn't make any mistakes in my reasoning.

I assumed that the entire expression equals x, which is a common technique for infinite nested radicals. Let me verify if that's valid here. The expression is √(12 - √(12 - √(12 - ...","))), and each time we have a square root, so each term is positive. Therefore, x must be positive, so we discard the negative solution, which is fine.

Okay, so x = 3 is the correct value. Let me also check what the other options are. Option A is 4, which doesn't seem to fit since 4 squared is 16, and 16 - 4 is 12, but that would lead us to x = √12, which is approximately 3.464, not 4. So, A is out.

Option C is 2√2, which is about 2.828. If I square that, I get (2√2)^2 = 8, which is not 12. So, that doesn't fit either.

Option D is [1 + 3/√11]^2. Let me compute that: 1 + 3/√11 is approximately 1 + 3/3.316 ≈ 1 + 0.904 ≈ 1.904. Squaring that gives approximately 3.625, which is not 3. So, D doesn't seem right either.

Therefore, the correct answer is B) 3.

But wait, just to be thorough, let me think if there's any other way this could be approached or if I missed something. Another thought: sometimes, some nested radicals can be solved with a different substitution or by recognizing a pattern. But in this case, the substitution seems straightforward.

Alternatively, I could compute the first few terms of the sequence to see if it converges to 3. Let's try that.

Let me denote a₁ = √12 ≈ 3.464

a₂ = √(12 - a₁) ≈ √(12 - 3.464) ≈ √8.536 ≈ 2.922

a₃ = √(12 - a₂) ≈ √(12 - 2.922) ≈ √9.078 ≈ 3.013

a₄ = √(12 - 3.013) ≈ √8.987 ≈ 2.998

a₅ = √(12 - 2.998) ≈ √9.002 ≈ 3.000

a₆ = √(12 - 3.000) = √12 ≈ 3.464

a₇ = √(12 - 3.464) ≈ √8.536 ≈ 2.922

a₈ = √(12 - 2.922) ≈ √9.078 ≈ 3.013

So, it's oscillating between approximately 2.922 and 3.013, getting closer to 3 each time. So, that numerical approach supports that x = 3 is indeed the limit. That's a good confirmation.

Another way to think about it: let me check if x = 3 satisfies the original equation. So, substitute x = 3 back into the equation: 3 = √(12 - 3) = √9 = 3. Yep, it works perfectly.

Just to make sure, let me see if any other roots could be solutions. The quadratic equation gave two solutions, but we dismissed the negative one. Let me check if x = -4 is a solution: -4 = √(12 - (-4)) = √16 = 4. Wait, that would mean -4 = 4, which isn't true. So, x can't be negative, so x = 3 is the only valid solution.

Therefore, after all these checks, I'm confident that the value of the nested square root expression is 3.

**Final Answer**
\boxed{B}
</think>

Let \( x \) be the value of the infinite nested square root expression \( \sqrt{12 - \sqrt{12 - \sqrt{12 - \cdots}}} \). We can express this as \( x = \sqrt{12 - x} \).

To solve for \( x \), we square both sides of the equation:
\[
x^2 = 12 - x
\]
Rearranging this equation, we get the quadratic equation:
\[
x^2 + x - 12 = 0
\]
Using the quadratic formula \( x = \frac{-b \pm \sqrt{b^2 - 4ac}}{2a} \) where \( a = 1 \), \( b = 1 \), and \( c = -12 \), we find:
\[
x = \frac{-1 \pm \sqrt{1^2 - 4 \cdot 1 \cdot (-12)}}{2 \cdot 1} = \frac{-1 \pm \sqrt{1 + 48}}{2} = \frac{-1 \pm 7}{2}
\]
This gives two solutions:
\[
x = \frac{-1 + 7}{2} = 3 \quad \text{and} \quad x = \frac{-1 - 7}{2} = -4
\]
Since \( x \) must be positive, we discard the negative solution. Thus, \( x = 3 \).

After verifying the solution by substituting back into the original equation and checking the convergence of the sequence, we confirm that the value of the expression is indeed 3.

\[
\boxed{B}
\]"
41,693,B,20,1.0,"Okay, so I have this problem here: Find the value of the infinite nested square root expression √(12 - √(12 - √(12 - ...))). The options are A) 4, B) 3, C) 2√2, and D) [1 + 3/√11]^2. Hmm, interesting. I remember that these kinds of infinite nested radicals can sometimes be solved by setting them equal to a variable and then solving an equation. Let me try that approach.

Let me denote the entire expression as x. So, x = √(12 - √(12 - √(12 - ...))). But wait, since the expression inside the square root is the same as the entire expression, I can substitute x into itself. That means x = √(12 - x). Is that right? Let me check.

Yes, because the expression under the first square root is 12 minus the same expression, which is x. So, substituting, I get x = √(12 - x). Now, to solve for x, I can square both sides to eliminate the square root. Let's do that.

Squaring both sides: x² = 12 - x. Now, I can rearrange this equation to form a quadratic equation. Let's bring all terms to one side: x² + x - 12 = 0. Okay, so now I have a quadratic equation: x² + x - 12 = 0.

To solve this quadratic equation, I can use the quadratic formula. The quadratic formula is x = [-b ± √(b² - 4ac)] / (2a). In this equation, a = 1, b = 1, and c = -12. Plugging these values into the formula:

x = [-1 ± √(1² - 4*1*(-12))] / (2*1)
x = [-1 ± √(1 + 48)] / 2
x = [-1 ± √49] / 2
x = [-1 ± 7] / 2

So, that gives us two possible solutions: x = (-1 + 7)/2 = 6/2 = 3, and x = (-1 - 7)/2 = -8/2 = -4. But since we're dealing with square roots, the value of x must be positive. So, x = 3 is the valid solution.

Wait, but let me double-check. If x = 3, then plugging back into the original equation: √(12 - 3) = √9 = 3, which is correct. So, x = 3 is indeed the solution.

Looking back at the options, B) 3 is one of them. So, is that the answer? Hmm, but let me make sure I didn't make any mistakes in my reasoning.

I assumed that the entire expression equals x, which is a common technique for infinite nested radicals. Let me verify if that's valid here. The expression is √(12 - √(12 - √(12 - ...))), so each time we take the square root, we subtract the same expression again."," That seems to fit the substitution method I used. So, that should be okay.

Alternatively, just to be thorough, let me think about the value of the expression. Each time we subtract a value and take the square root, we are getting a smaller number. So, starting with 12, subtracting √12, which is roughly 3.464, so the next term is √(12 - 3.464) ≈ √8.536 ≈ 2.922. Then, subtract that from 12 and take the square root: √(12 - 2.922) ≈ √9.078 ≈ 3.013. Then, subtract that and take the square root: √(12 - 3.013) ≈ √8.987 ≈ 2.998. Then, subtract and take the square root: √(12 - 2.998) ≈ √9.002 ≈ 3.0003. So, it's oscillating around 3, getting closer each time. So, that seems to confirm that the value is indeed 3.

Hmm, let me check the other options just to be sure. Option A is 4. If I plug 4 into x, then x² = 16. But from the original equation, x² = 12 - x. If x were 4, then 12 - 4 = 8, but 4² is 16, which is not equal to 8. So, that doesn't work.

Option C is 2√2, which is approximately 2.828. Let's square that: (2√2)^2 = 8. But from the equation, x² should be 12 - x. If x is 2√2, then x² is 8, and 12 - x is 12 - 2√2 ≈ 12 - 2.828 ≈ 9.172. So, 8 ≠ 9.172, which means that 2√2 is not a solution.

Option D is [1 + 3/√11]^2. Let me compute that. First, 3/√11 is approximately 3 / 3.3166 ≈ 0.9045. Adding 1 gives 1.9045. Squaring that: (1.9045)^2 ≈ 3.627. Hmm, which is larger than 3, but we know the value should be 3, so 3.627 is not matching. Alternatively, maybe it's a different way to express the solution. Wait, no. Let me calculate [1 + 3/√11]^2 more precisely.

First, compute 3/√11. Since √11 is about 3.3166, 3 divided by that is approximately 0.9045. Then, 1 + 0.9045 is 1.9045. Squared, that's approximately 3.627. But earlier, we saw that the value should be 3. So, that doesn't match. Therefore, D is not the correct answer.

So, based on the quadratic equation method, the correct answer is 3, which is option B.

But wait a second, let me make sure I didn't skip any steps or make any incorrect assumptions. Sometimes, when dealing with infinite radicals, depending on the convergence, you have to ensure that the expression converges. In this case, the sequence we were looking at earlier oscillated around 3 and got closer each time, so it seems to converge to 3. So, that's a good sign.

Another thing to consider is the convergence. For the infinite nested radical expression √(a - √(a - √(a - ...))), it converges if a > 1 and a ≤ 2a, I believe. Wait, let me recall the conditions for convergence. I think it converges if a is between 1 and 2a. Wait, actually, for the infinite nested radical √a - √(√a - ...), but in our case, it's √(12 - √(12 - ...)). So, the general condition for convergence of √(a - √(a - √(a - ...))) is that 1 ≤ a ≤ 2. But in our case, a is 12, which is way larger than 2, so does that mean it diverges? But in our case, it seems to converge to 3. Hmm, that seems contradictory.

Wait, perhaps I'm mixing up the conditions. Let me think. The infinite nested radical √(a - √(a - √(a - ...))) converges if the sequence is bounded and monotonic. Here, with a = 12, each term is √(12 - previous term). Since each term is positive and each new term is less than 12, but let's see.

Actually, in our case, starting from the innermost term, if we denote the first term as x₁ = √12 ≈ 3.464, then x₂ = √(12 - x₁) ≈ √(12 - 3.464) ≈ √8.536 ≈ 2.922, x₃ = √(12 - x₂) ≈ √(12 - 2.922) ≈ √9.078 ≈ 3.013, x₄ = √(12 - x₃) ≈ √(12 - 3.013) ≈ √8.987 ≈ 2.998, x₅ ≈ √(12 - 2.998) ≈ √9.002 ≈ 3.0003, and so on. So, it's oscillating between values slightly above and below 3, and getting closer each time. So, even though a is 12, which is larger than 2, the sequence still converges. That must be due to the nature of square roots. So, the convergence isn't directly dependent on a being less than or equal to 2, but it might oscillate around the limit.

So, going back, the solution x = 3 is correct, so the answer should be B) 3.

Alternatively, let me think if there's another way to approach this. Perhaps, using continued fractions or recursion. Since each term is defined as x_{n+1} = √(12 - x_n), and if it converges, then the limit is x, so x = √(12 - x). Squaring both sides, getting x² = 12 - x, which we did earlier. So, same result.

I don't see any errors in my reasoning. So, unless I made a computational mistake in solving the quadratic, which I don't think I did, the answer should be 3.

Wait, hold on, just to be absolutely thorough, let me compute [1 + 3/√11]^2 again. 3 divided by √11 is approximately 0.9045, so 1 + 0.9045 is approximately 1.9045. Squaring that gives 1.9045². Let me compute that more accurately.

1.9045 * 1.9045:

1.9 * 1.9 = 3.61

1.9 * 0.0045 = 0.00855

0.0045 * 1.9 = 0.00855

0.0045 * 0.0045 ≈ 0.00002

Adding them up:

3.61 + 0.00855 + 0.00855 + 0.00002 ≈ 3.61 + 0.0171 + 0.00002 ≈ 3.62712

So, approximately 3.62712, which is higher than 3, but not equal to 3.

Alternatively, maybe the expression in the options is meant to be another form? Or perhaps it's a trick question where 3 is the answer, but I need to check the options again. The options are all forms except D, which is a square of something else.

Wait, maybe there's another way to express 3? Let me see. 3 can be written as (√12 + something). Wait, 3 is 3, which is also (√12 + something). Wait, 3 is equal to √9, but 9 is 12 - 3. Hmm, not sure if that's helpful.

Alternatively, maybe D can be simplified to 3. Let me check:

[1 + 3/√11]^2 = 1 + 6/√11 + 9/11.

Simplify:

1 + (6√11)/11 + 9/11.

Combine the constants:

1 = 11/11, so 11/11 + 6√11/11 + 9/11 = (11 + 9)/11 + 6√11/11 = 20/11 + 6√11/11.

But 20/11 is about 1.818 and 6√11/11 is about 0.9045*6/11 ≈ 0.512, so total ≈ 1.818 + 0.512 ≈ 2.33, which is not 3. So, D doesn't equal 3.

Wait, hang on: 20/11 + 6√11/11 is equal to (20 + 6√11)/11. Hmm, that's a different expression. So, D is (20 + 6√11)/11. Let me compute that.

√11 ≈ 3.3166, so 6√11 ≈ 19.8996. So, 20 + 19.8996 ≈ 39.8996. Then, 39.8996 / 11 ≈ 3.627, which is what we had before. So, D is approximately 3.627, which is not equal to 3. Therefore, D is incorrect.

So, going back, I think my initial conclusion that x = 3 is correct because plugging it back into the equation works, and the iterative process converges to 3. Therefore, the answer is B) 3.

But just to ensure, let me think if 3 is an option. Yes, B is 3, so that's correct.

I think I've covered all the bases here. The key steps were setting up the equation, solving the quadratic, checking the solution, and then verifying with the options. It all seems consistent.

So, I feel confident now that the correct answer is B) 3.

**Final Answer**
\boxed{B}
</think>

Let \( x \) be the value of the infinite nested square root expression \( \sqrt{12 - \sqrt{12 - \sqrt{12 - \cdots}}} \). This can be written as \( x = \sqrt{12 - x} \). Squaring both sides, we get:

\[
x^2 = 12 - x
\]

Rearranging this into a quadratic equation:

\[
x^2 + x - 12 = 0
\]

Using the quadratic formula \( x = \frac{-b \pm \sqrt{b^2 - 4ac}}{2a} \) with \( a = 1 \), \( b = 1 \), and \( c = -12 \):

\[
x = \frac{-1 \pm \sqrt{1^2 - 4 \cdot 1 \cdot (-12)}}{2 \cdot 1} = \frac{-1 \pm \sqrt{1 + 48}}{2} = \frac{-1 \pm 7}{2}
\]

This gives two solutions: \( x = 3 \) and \( x = -4 \). Since \( x \) must be positive, we have \( x = 3 \).

Verifying by substituting back into the original equation, we find that \( x = 3 \) satisfies the equation. Additionally, checking the convergence of the sequence shows that it oscillates around 3 and converges to it.

Thus, the value of the expression is:

\[
\boxed{B}
\]"
42,703,B,20,1.0,"Okay, so I have this problem here: Find the value of the infinite nested square root expression √(12 - √(12 - √(12 - ...))). The options are A) 4, B) 3, C) 2√2, and D) [1 + 3/√11]^2. Hmm, interesting. I remember that these kinds of infinite nested radicals can sometimes be solved by setting them equal to a variable and then solving an equation. Let me try that approach.

Let me denote the entire expression as x. So, x = √(12 - √(12 - √(12 - ...))). But wait, since the expression inside the square root is the same as the entire expression, I can substitute x into itself. That means x = √(12 - x). Is that right? Let me check.

Yes, because the expression under the first square root is 12 minus the same expression, which is x. So, substituting, I get x = √(12 - x). Now, to solve for x, I can square both sides to eliminate the square root. Let's do that.

Squaring both sides: x² = 12 - x. Now, I can rearrange this equation to form a quadratic equation. Let's bring all terms to one side: x² + x - 12 = 0. Okay, so now I have a quadratic equation: x² + x - 12 = 0.

To solve this quadratic equation, I can use the quadratic formula. The quadratic formula is x = [-b ± √(b² - 4ac)] / (2a). In this equation, a = 1, b = 1, and c = -12. Plugging these values into the formula:

x = [-1 ± √(1² - 4*1*(-12))] / (2*1)
x = [-1 ± √(1 + 48)] / 2
x = [-1 ± √49] / 2
x = [-1 ± 7] / 2

So, that gives us two possible solutions: x = (-1 + 7)/2 = 6/2 = 3, and x = (-1 - 7)/2 = -8/2 = -4. But since we're dealing with square roots, the value of x must be positive. So, x = 3 is the valid solution.

Wait, but let me double-check. If x = 3, then plugging back into the original equation: √(12 - 3) = √9 = 3, which is correct. So, x = 3 is indeed the solution.

Looking back at the options, B) 3 is one of them. So, is that the answer? Hmm, but let me make sure I didn't make any mistakes in my reasoning.

I assumed that the entire expression equals x, which is a common technique for infinite nested radicals. Let me verify if that's valid here. The expression is √(12 - √(12 - √(12 - ...))), so each time we take the square root, we subtract the same expression again. So, yes, it's a valid substitution.

","Wait a second, but why is x equal to the entire expression? Because each time we have √(12 - ...), and that ... is the same expression. So, yes, it's a recursive definition, and setting it equal to x is the standard approach.

Alternatively, just to be thorough, I can calculate a few iterations manually to see if it seems to approach 3.

Let's start with an initial guess: Let's say we start with x₀ = √12 ≈ 3.464.

Then, x₁ = √(12 - x₀) = √(12 - 3.464) ≈ √8.536 ≈ 2.922.

Then, x₂ = √(12 - x₁) ≈ √(12 - 2.922) ≈ √9.078 ≈ 3.013.

Then, x₃ = √(12 - 3.013) ≈ √8.987 ≈ 2.998.

x₄ = √(12 - 2.998) ≈ √9.002 ≈ 3.0003.

x₅ = √(12 - 3.0003) ≈ √8.9997 ≈ 2.99996.

x₆ ≈ √(12 - 2.99996) ≈ √9.00004 ≈ 3.000006.

So, it seems like it's oscillating around 3, converging to 3. So, that's a good sign. That means x = 3 is indeed the correct value.

Looking at the options again: A) 4, B) 3, C) 2√2, which is approximately 2.828, and D) [1 + 3/√11]^2. Let me compute D) to see its approximate value.

First, compute 3/√11: √11 is approximately 3.3166, so 3 / 3.3166 ≈ 0.9045. Then, 1 + 0.9045 ≈ 1.9045. Then, squaring that: (1.9045)^2 ≈ 3.628. So, option D is approximately 3.628, which is higher than 3, but not 3 itself.

So, compared to the options, 3 is there, and that's what we found. So, B) 3 is the answer.

But wait, just to be absolutely thorough, let me think if there's any other way this could be approached, maybe by recognizing a pattern or another method. Sometimes, these nested radicals can be represented as continued fractions or using other algebraic manipulations, but in this case, the substitution method seems straightforward and effective.

Alternatively, perhaps I can consider the general formula for infinite radicals of the form √(a - √(a - √(a - ...))), which is known to converge to (1 + √(1 + 4a))/2 when the expression is positive. Wait, let me recall that formula.

Actually, the infinite nested radical √(a - √(a - √(a - ...))) converges to (1 + √(1 + 4a))/2. Let me verify that.

Wait, no, actually, the formula is a bit different. For a general expression, if the expression is x = √(a - x), then x² = a - x, leading to x² + x - a = 0, which is the equation we solved earlier.

So, applying the quadratic formula, x = [-1 ± √(1 + 4a)] / 2, and since x must be positive, it's [ -1 + √(1 + 4a) ] / 2.

Therefore, in our case, a = 12, so x = [ -1 + √(1 + 48) ] / 2 = [ -1 + √49 ] / 2 = [ -1 + 7 ] / 2 = 6/2 = 3. So, same result. So, that's consistent.

Therefore, whether I compute it manually or use the formula, I get x = 3, which is option B.

Just to make sure, let me check the other options. Option C is 2√2, which is approximately 2.828. If that were the case, plugging back into the original equation, √(12 - 2√2) ≈ √(12 - 2.828) ≈ √9.172 ≈ 3.028, which is a bit higher than 3, so that can't be the correct answer because when we did the iterations, the value was approaching 3. So, option C is not correct.

Similarly, option D, as I calculated earlier, is about 3.628, which is higher. So, option D is not correct either.

Therefore, 3 is indeed the correct answer, which is option B.

Wait, just to make sure, let me think if there's any other interpretation of the problem. Sometimes, these problems can have multiple solutions or could be interpreted differently, but in this case, the problem seems straightforward.

The expression is √(12 - √(12 - √(12 - ...))). So, each time, we subtract the radical and take the square root. So, x = √(12 - x). Solving that gives x = 3, as above.

Therefore, I think I'm confident that 3 is the correct answer, which is option B.

**Final Answer**
\boxed{B}
</think>

Let \( x \) be the value of the infinite nested square root expression \( \sqrt{12 - \sqrt{12 - \sqrt{12 - \cdots}}} \). We can denote this expression as \( x \), so we have:

\[ x = \sqrt{12 - \sqrt{12 - \sqrt{12 - \cdots}}} \]

Since the expression inside the square root is the same as the entire expression, we can substitute \( x \) into itself:

\[ x = \sqrt{12 - x} \]

To solve for \( x \), we square both sides:

\[ x^2 = 12 - x \]

Rearranging this equation gives us a quadratic equation:

\[ x^2 + x - 12 = 0 \]

We solve this quadratic equation using the quadratic formula \( x = \frac{-b \pm \sqrt{b^2 - 4ac}}{2a} \), where \( a = 1 \), \( b = 1 \), and \( c = -12 \):

\[ x = \frac{-1 \pm \sqrt{1^2 - 4 \cdot 1 \cdot (-12)}}{2 \cdot 1} \]
\[ x = \frac{-1 \pm \sqrt{1 + 48}}{2} \]
\[ x = \frac{-1 \pm \sqrt{49}}{2} \]
\[ x = \frac{-1 \pm 7}{2} \]

This gives us two solutions:

\[ x = \frac{-1 + 7}{2} = 3 \]
\[ x = \frac{-1 - 7}{2} = -4 \]

Since \( x \) must be positive, we discard the negative solution, leaving us with:

\[ x = 3 \]

We verify this by checking that \( \sqrt{12 - 3} = 3 \), which is correct. Additionally, we calculate a few iterations manually and find that the value converges to 3. Thus, the value of the expression is indeed 3.

The final answer is:

\[
\boxed{B}
\]"
43,730,B,20,1.0,"Okay, so I have this problem here: Find the value of the infinite nested square root expression √(12 - √(12 - √(12 - ...))). The options are A) 4, B) 3, C) 2√2, and D) [1 + 3/√11]^2. Hmm, interesting. I remember that these kinds of infinite nested radicals can sometimes be solved by setting them equal to a variable and then solving an equation. Let me try that approach.

Let me denote the entire expression as x. So, x = √(12 - √(12 - √(12 - ...))). But wait, since the expression inside the square root is the same as the entire expression, I can substitute x into itself. That means x = √(12 - x). Is that right? Let me check.

Yes, because the expression under the first square root is 12 minus the same expression, which is x. So, substituting, I get x = √(12 - x). Now, to solve for x, I can square both sides to eliminate the square root. Let's do that.

Squaring both sides: x² = 12 - x. Now, I can rearrange this equation to form a quadratic equation. Let's bring all terms to one side: x² + x - 12 = 0. Okay, so now I have a quadratic equation: x² + x - 12 = 0.

To solve this quadratic equation, I can use the quadratic formula. The quadratic formula is x = [-b ± √(b² - 4ac)] / (2a). In this equation, a = 1, b = 1, and c = -12. Plugging these values into the formula:

x = [-1 ± √(1² - 4*1*(-12))] / (2*1)
x = [-1 ± √(1 + 48)] / 2
x = [-1 ± √49] / 2
x = [-1 ± 7] / 2

So, that gives us two possible solutions: x = (-1 + 7)/2 = 6/2 = 3, and x = (-1 - 7)/2 = -8/2 = -4. But since we're dealing with square roots, the value of x must be positive. So, x = 3 is the valid solution.

Wait, but let me double-check. If x = 3, then plugging back into the original equation: √(12 - 3) = √9 = 3, which is correct. So, x = 3 is indeed the solution.

Looking back at the options, B) 3 is one of them. So, is that the answer? Hmm, but let me make sure I didn't make any mistakes in my reasoning.

I assumed that the entire expression equals x, which is a common technique for infinite nested radicals. Let me verify if that's valid here. The expression is √(12 - √(12 - √(12 - ...))), so each time we take the square root, we subtract the same expression again. So, yes, it's a valid substitution.

Also, when I squared both sides, I got x² = 12 - x, which led me to the quadratic equation."," Solving that gave me two solutions, 3 and -4, but only 3 is valid because square roots can't be negative.

Therefore, I feel confident that the answer is 3, which is option B.

Just to be thorough, let me consider the other options. Option A is 4, which is higher than 3. If I thought x = 4, then plugging back in, √(12 - 4) = √8 ≈ 2.828, which is not 4. So, that's not correct.

Option C is 2√2, which is approximately 2.828. Again, plugging that in: √(12 - 2√2) ≈ √(12 - 2.828) ≈ √9.172 ≈ 3.028, which isn't equal to 2√2. So, that's also not correct.

Option D is [1 + 3/√11]^2. Let me compute that numerically. First, compute 3/√11: √11 is approximately 3.3166, so 3 divided by that is approximately 0.898. Then add 1: 1 + 0.898 = 1.898. Square that: approximately 1.898² ≈ 3.605. Hmm, that's higher than 3, so it's not equal to 3. Therefore, D is also incorrect.

So, indeed, option B) 3 is the correct answer.

Just to make sure I didn't make any calculation mistakes, let me recap:

1. Let x = √(12 - √(12 - √(12 - ...)))
2. Then x = √(12 - x)
3. Square both sides: x² = 12 - x
4. Rearrange: x² + x - 12 = 0
5. Apply quadratic formula: x = [-1 ± √49]/2 = [-1 ± 7]/2
6. Solutions: 3 and -4; since x must be positive, x = 3
7. Verification: √(12 - 3) = √9 = 3, which matches.

Yes, that all checks out. I think I'm confident that B) 3 is the right choice.

**Final Answer**
\boxed{B}
</think>

Let \( x \) be the value of the infinite nested square root expression \( \sqrt{12 - \sqrt{12 - \sqrt{12 - \cdots}}} \). We can express this as:

\[ x = \sqrt{12 - x} \]

Squaring both sides to eliminate the square root, we get:

\[ x^2 = 12 - x \]

Rearranging this into a standard quadratic equation form, we have:

\[ x^2 + x - 12 = 0 \]

Using the quadratic formula \( x = \frac{-b \pm \sqrt{b^2 - 4ac}}{2a} \) where \( a = 1 \), \( b = 1 \), and \( c = -12 \), we get:

\[ x = \frac{-1 \pm \sqrt{1^2 - 4 \cdot 1 \cdot (-12)}}{2 \cdot 1} \]
\[ x = \frac{-1 \pm \sqrt{1 + 48}}{2} \]
\[ x = \frac{-1 \pm \sqrt{49}}{2} \]
\[ x = \frac{-1 \pm 7}{2} \]

This gives us two solutions:

\[ x = \frac{-1 + 7}{2} = 3 \]
\[ x = \frac{-1 - 7}{2} = -4 \]

Since \( x \) must be positive, we discard \( x = -4 \) and conclude that \( x = 3 \).

Thus, the value of the expression is:

\[
\boxed{B}
\]"
44,749,B,20,1.0,"Okay, so I have this problem here: Find the value of the infinite nested square root expression √(12 - √(12 - √(12 - ...))). The options are A) 4, B) 3, C) 2√2, and D) [1 + 3/√11]^2. Hmm, interesting. I remember that these kinds of infinite nested radicals can sometimes be solved by setting them equal to a variable and then solving an equation. Let me try that approach.

Let me denote the entire expression as x. So, x = √(12 - √(12 - √(12 - ...))). But wait, since the expression inside the square root is the same as the entire expression, I can substitute x into itself. That means x = √(12 - x). Is that right? Let me check.

Yes, because the expression under the first square root is 12 minus the same expression, which is x. So, substituting, I get x = √(12 - x). Now, to solve for x, I can square both sides to eliminate the square root. Let's do that.

Squaring both sides: x² = 12 - x. Now, I can rearrange this equation to form a quadratic equation. Let's bring all terms to one side: x² + x - 12 = 0. Okay, so now I have a quadratic equation: x² + x - 12 = 0.

To solve this quadratic equation, I can use the quadratic formula. The quadratic formula is x = [-b ± √(b² - 4ac)] / (2a). In this equation, a = 1, b = 1, and c = -12. Plugging these values into the formula:

x = [-1 ± √(1² - 4*1*(-12))] / (2*1)
x = [-1 ± √(1 + 48)] / 2
x = [-1 ± √49] / 2
x = [-1 ± 7] / 2

So, that gives us two possible solutions: x = (-1 + 7)/2 = 6/2 = 3, and x = (-1 - 7)/2 = -8/2 = -4. But since we're dealing with square roots, the value of x must be positive. So, x = 3 is the valid solution.

Wait, but let me double-check. If x = 3, then plugging back into the original equation: √(12 - 3) = √9 = 3, which is correct. So, x = 3 is indeed the solution.

Looking back at the options, B) 3 is one of them. So, is that the answer? Hmm, but let me make sure I didn't make any mistakes in my reasoning.

I assumed that the entire expression equals x, which is a common technique for infinite nested radicals. Let me verify if that's valid here. The expression is √(12 - √(12 - √(12 - ...))), so each time we take the square root, we subtract the same expression again. So, yes, it's a valid substitution.

Also, when I squared both sides, I got x² = 12 - x, which led me to the quadratic equation. Solving that gave me two roots, but only the positive one was valid in this context."," So, 3 is the correct value.

Hmm, but let me check why option D is there: [1 + 3/√11]^2. Is that related? Maybe I should compute it and see what value it gives. Let me compute 1 + 3/√11 first.

√11 is approximately 3.3166. So, 3 divided by that is roughly 3 / 3.3166 ≈ 0.9045. Then, adding 1 gives approximately 1.9045. Squaring that gives roughly 3.627. But 3.627 is not equal to 3, so that can't be the answer. Therefore, option D is incorrect.

Wait, but maybe I made a mistake in interpreting D. Maybe it's not [1 + 3/√11]^2 but something else? Let me check the original problem again. It says D) [1 + 3/√11]^2. So, that is what it is.

Alternatively, perhaps I've confused it with another problem? Hmm, not sure. Let me see. Maybe I should compute the numerical value of my solution and see if it's close to any of the options.

Wait, my solution is x = 3. Option B is 3, so that's definitely correct. Option A is 4, which is higher, and D is approximately 3.627, which is higher but not equal to 3.

But let me think again if there's another way to approach this problem, just to make sure. Maybe the expression converges to a different value?

Alternatively, perhaps I should compute a few iterations manually to see if it's approaching 3.

Let's try that. Let me compute the first few terms.

Let me denote a1 = √12 ≈ 3.4641.

Then, a2 = √(12 - a1) = √(12 - 3.4641) ≈ √8.5359 ≈ 2.922.

Then, a3 = √(12 - a2) ≈ √(12 - 2.922) ≈ √9.078 ≈ 3.013.

Then, a4 = √(12 - a3) ≈ √(12 - 3.013) ≈ √8.987 ≈ 2.998.

Then, a5 = √(12 - 2.998) ≈ √9.002 ≈ 3.0003.

So, it's oscillating around 3, getting closer and closer. So, it does seem like it converges to 3.

Therefore, 3 is the correct answer, which is option B.

But just to be thorough, let me check what the other options are approximately.

Option A) 4. If I plug x = 4 into the equation x = √(12 - x), that would give 4 = √(12 - 4) = √8 ≈ 2.828, which is not equal to 4, so that's not correct.

Option C) 2√2 ≈ 2.828. Plugging that into the equation: 2.828 = √(12 - 2.828) ≈ √9.172 ≈ 3.028, which is not equal to 2.828, so that's not correct either.

Option D) [1 + 3/√11]^2. As computed earlier, that's approximately 3.627, which is not equal to 3, so that's not correct.

So, only 3 is the correct answer. Therefore, the answer is B) 3.

I think I'm confident enough now that my initial solution is correct because both the algebraic method and the iterative approach confirm that the value converges to 3. The other options don't satisfy the equation x = √(12 - x), either algebraically or numerically. So, yeah, 3 is definitely the right choice.

**Final Answer**
\boxed{B}
</think>

Let \( x \) be the value of the infinite nested square root expression \( \sqrt{12 - \sqrt{12 - \sqrt{12 - \cdots}}} \). Then, we can write the equation:

\[ x = \sqrt{12 - x} \]

Squaring both sides to eliminate the square root, we get:

\[ x^2 = 12 - x \]

Rearranging this into a standard quadratic equation form, we have:

\[ x^2 + x - 12 = 0 \]

Using the quadratic formula \( x = \frac{-b \pm \sqrt{b^2 - 4ac}}{2a} \) where \( a = 1 \), \( b = 1 \), and \( c = -12 \), we get:

\[ x = \frac{-1 \pm \sqrt{1^2 - 4 \cdot 1 \cdot (-12)}}{2 \cdot 1} \]
\[ x = \frac{-1 \pm \sqrt{1 + 48}}{2} \]
\[ x = \frac{-1 \pm \sqrt{49}}{2} \]
\[ x = \frac{-1 \pm 7}{2} \]

This gives us two solutions:

\[ x = \frac{-1 + 7}{2} = 3 \]
\[ x = \frac{-1 - 7}{2} = -4 \]

Since \( x \) must be positive, we discard \( x = -4 \). Thus, \( x = 3 \).

To verify, we check that \( x = 3 \) satisfies the original equation:

\[ \sqrt{12 - 3} = \sqrt{9} = 3 \]

Therefore, the value of the expression is \( 3 \), which corresponds to option B.

\[
\boxed{B}
\]"
45,755,B,20,1.0,"Okay, so I have this problem here: Find the value of the infinite nested square root expression √(12 - √(12 - √(12 - ...))). The options are A) 4, B) 3, C) 2√2, and D) [1 + 3/√11]^2. Hmm, interesting. I remember that these kinds of infinite nested radicals can sometimes be solved by setting them equal to a variable and then solving an equation. Let me try that approach.

Let me denote the entire expression as x. So, x = √(12 - √(12 - √(12 - ...))). But wait, since the expression inside the square root is the same as the entire expression, I can substitute x into itself. That means x = √(12 - x). Is that right? Let me check.

Yes, because the expression under the first square root is 12 minus the same expression, which is x. So, substituting, I get x = √(12 - x). Now, to solve for x, I can square both sides to eliminate the square root. Let's do that.

Squaring both sides: x² = 12 - x. Now, I can rearrange this equation to form a quadratic equation. Let's bring all terms to one side: x² + x - 12 = 0. Okay, so now I have a quadratic equation: x² + x - 12 = 0.

To solve this quadratic equation, I can use the quadratic formula. The quadratic formula is x = [-b ± √(b² - 4ac)] / (2a). In this equation, a = 1, b = 1, and c = -12. Plugging these values into the formula:

x = [-1 ± √(1² - 4*1*(-12))] / (2*1)
x = [-1 ± √(1 + 48)] / 2
x = [-1 ± √49] / 2
x = [-1 ± 7] / 2

So, that gives us two possible solutions: x = (-1 + 7)/2 = 6/2 = 3, and x = (-1 - 7)/2 = -8/2 = -4. But since we're dealing with square roots, the value of x must be positive. So, x = 3 is the valid solution.

Wait, but let me double-check. If x = 3, then plugging back into the original equation: √(12 - 3) = √9 = 3, which is correct. So, x = 3 is indeed the solution.

Looking back at the options, B) 3 is one of them. So, is that the answer? Hmm, but let me make sure I didn't make any mistakes in my reasoning.

I assumed that the entire expression equals x, which is a common technique for infinite nested radicals. Let me verify if that's valid here. The expression is √(12 - √(12 - √(12 - ...))), so each time we take the square root, we subtract the same expression again. So, yes, it's a valid substitution.

Also, when I squared both sides, I got x² = 12 - x, which led me to the quadratic equation. Solving that gave me two roots, but only the positive one was valid in this context. So, that seems correct.

","Just to be thorough, let me see what the other options are. Option A is 4, which would mean x = 4. Let me test that: plugging into the original equation, √(12 - 4) = √8, which is approximately 2.828, not 4. So, that's not correct.

Option C is 2√2, which is about 2.828. Wait, that's the same as √8. Let me test it: √(12 - √(12 - ...)) = √(12 - 2√2). So, 12 - 2√2 is approximately 12 - 2.828 = 9.172, and √9.172 is approximately 3.028, which is close to 3, but not exactly 2√2. So, maybe that's not the exact value, or perhaps 3 is the exact value.

Option D is [1 + 3/√11]^2. Let me compute that: first, 1 + 3/√11. Since √11 is approximately 3.3166, so 3/√11 ≈ 0.9045. So, 1 + 0.9045 ≈ 1.9045. Squaring that gives approximately (1.9045)^2 ≈ 3.627. So, D is approximately 3.627, which is higher than 3. But our earlier solution was 3. So, D doesn't seem to match.

Therefore, among the options, B) 3 seems to be the correct answer.

But just to make sure, let me compute the value numerically step by step, perhaps, to see if it converges to 3.

Let me compute the first few iterations:

Let me denote a₁ = √12 ≈ 3.4641

a₂ = √(12 - a₁) = √(12 - 3.4641) = √8.5359 ≈ 2.922

a₃ = √(12 - a₂) = √(12 - 2.922) = √9.078 ≈ 3.013

a₄ = √(12 - a₃) = √(12 - 3.013) ≈ √8.987 ≈ 2.998

a₅ = √(12 - 2.998) ≈ √9.002 ≈ 3.0003

a₆ = √(12 - 3.0003) ≈ √8.9997 ≈ 2.99995

So, it's oscillating around 3, getting closer each time. So, as we compute more terms, it converges to 3. So, that supports our earlier conclusion that the value is 3.

Therefore, the correct answer should be B) 3.

But wait, another thought: sometimes, when dealing with infinite nested radicals, especially those that can be expressed in terms of radicals, the convergence might depend on the form. But in this case, starting with √12, then alternating between subtraction and square roots, it seems to converge nicely to 3.

Alternatively, if someone were to think it's 4, they might miscalculate or misapply the substitution. For example, if someone thought that x = √(12 - x) would lead to x = 4, which is one of the options, but then plugging in x = 4, we get √(12 - 4) = √8, which is not 4, so x = 4 is not a solution. Thus, 4 is incorrect.

Similarly, for option C, 2√2 is about 2.828, but plugging that back in, √(12 - 2.828) ≈ √9.172 ≈ 3.028, which is close, but not exactly 2.828. So, the exact value is 3, so C is not exact.

Option D is about 3.627, which is higher, so that's not correct either.

Therefore, the correct answer is B) 3.

Wait, but hold on, in my quadratic solution, I got x = 3 and x = -4. Since x represents a length (as it's a square root), x has to be positive, so x = 3 is the only valid solution. So, that confirms it again.

Just to make sure I didn't miss anything, is there another way to approach this? Maybe using continued fractions or another method?

Alternatively, perhaps setting up an equation using x = √(12 - x) is the standard method for infinite radicals like this, where each term is defined in terms of the previous one. So, that method seems solid.

Another way to think about it is to realize that if the expression converges, then the entire expression is equal to x, and so we can set up the equation x = √(12 - x) as before. So, no other approach seems necessary.

Therefore, I'm confident that the correct answer is 3, which is option B.

**Final Answer**
\boxed{B}
</think>

Let \( x \) be the value of the infinite nested square root expression \( \sqrt{12 - \sqrt{12 - \sqrt{12 - \cdots}}} \). We can express this as \( x = \sqrt{12 - x} \).

To solve for \( x \), we square both sides of the equation:
\[
x^2 = 12 - x
\]

Rearranging this into a quadratic equation, we get:
\[
x^2 + x - 12 = 0
\]

Using the quadratic formula \( x = \frac{-b \pm \sqrt{b^2 - 4ac}}{2a} \) where \( a = 1 \), \( b = 1 \), and \( c = -12 \), we find:
\[
x = \frac{-1 \pm \sqrt{1 + 48}}{2} = \frac{-1 \pm 7}{2}
\]

This gives us two solutions:
\[
x = \frac{-1 + 7}{2} = 3 \quad \text{and} \quad x = \frac{-1 - 7}{2} = -4
\]

Since \( x \) must be a positive value, we discard \( x = -4 \) and accept \( x = 3 \).

We verify this by checking that \( \sqrt{12 - 3} = \sqrt{9} = 3 \), confirming that \( x = 3 \) is indeed the correct solution.

Thus, the value of the expression is \( \boxed{B} \)."
46,763,B,20,1.0,"Okay, so I have this problem here: Find the value of the infinite nested square root expression √(12 - √(12 - √(12 - ...))). The options are A) 4, B) 3, C) 2√2, and D) [1 + 3/√11]^2. Hmm, interesting. I remember that these kinds of infinite nested radicals can sometimes be solved by setting them equal to a variable and then solving an equation. Let me try that approach.

Let me denote the entire expression as x. So, x = √(12 - √(12 - √(12 - ...))). But wait, since the expression inside the square root is the same as the entire expression, I can substitute x into itself. That means x = √(12 - x). Is that right? Let me check.

Yes, because the expression under the first square root is 12 minus the same expression, which is x. So, substituting, I get x = √(12 - x). Now, to solve for x, I can square both sides to eliminate the square root. Let's do that.

Squaring both sides: x² = 12 - x. Now, I can rearrange this equation to form a quadratic equation. Let's bring all terms to one side: x² + x - 12 = 0. Okay, so now I have a quadratic equation: x² + x - 12 = 0.

To solve this quadratic equation, I can use the quadratic formula. The quadratic formula is x = [-b ± √(b² - 4ac)] / (2a). In this equation, a = 1, b = 1, and c = -12. Plugging these values into the formula:

x = [-1 ± √(1² - 4*1*(-12))] / (2*1)
x = [-1 ± √(1 + 48)] / 2
x = [-1 ± √49] / 2
x = [-1 ± 7] / 2

So, that gives us two possible solutions: x = (-1 + 7)/2 = 6/2 = 3, and x = (-1 - 7)/2 = -8/2 = -4. But since we're dealing with square roots, the value of x must be positive. So, x = 3 is the valid solution.

Wait, but let me double-check. If x = 3, then plugging back into the original equation: √(12 - 3) = √9 = 3, which is correct. So, x = 3 is indeed the solution.

Looking back at the options, B) 3 is one of them. So, is that the answer? Hmm, but let me make sure I didn't make any mistakes in my reasoning.

I assumed that the entire expression equals x, which is a common technique for infinite nested radicals. Let me verify if that's valid here. The expression is √(12 - √(12 - √(12 - ...))), so each time we take the square root, we subtract the same expression again. So, yes, it's a valid substitution.

Also, when I squared both sides, I got x² = 12 - x, which led me to the quadratic equation. Solving that gave me two roots, but only the positive one was valid in this context. So, that seems correct.

Wait, but let me think again."," Sometimes, when dealing with nested radicals, especially when the expression inside might lead to negative values, we have to consider if those roots are valid. But in this case, since the expression starts with 12, which is positive, and each subsequent term is a square root, which is non-negative, so the entire expression must be positive. So, x = 3 is the only feasible solution.

Alternatively, just to be thorough, let me compute a few terms of the sequence to see if it seems to approach 3.

Let's define a sequence where a₁ = √12 ≈ 3.4641, then a₂ = √(12 - a₁) = √(12 - 3.4641) ≈ √8.5359 ≈ 2.9221, then a₃ = √(12 - 2.9221) ≈ √9.0779 ≈ 3.0129, a₄ = √(12 - 3.0129) ≈ √8.9871 ≈ 2.9980, a₅ ≈ √(12 - 2.9980) ≈ √9.0020 ≈ 3.0003, and so on. It looks like the sequence is converging to 3. So, that supports my earlier conclusion.

Therefore, I feel confident that the value is 3, which is option B.

But just to check, let me see if any of the other options could also make sense. For example, option D is [1 + 3/√11]^2. Let's compute that: 1 + 3/√11 ≈ 1 + 3/3.3166 ≈ 1 + 0.9045 ≈ 1.9045, then squared is approximately 3.627, which is higher than 3. So, that doesn't seem right.

Option C is 2√2, which is approximately 2.828, which is less than 3. Option A is 4, which is higher than 3, so that also doesn't fit. So, only option B, 3, is the one that converges to the value we found.

Therefore, I think the correct answer is B) 3.

**Final Answer**
\boxed{B}
</think>

Let \( x \) be the value of the infinite nested square root expression \( \sqrt{12 - \sqrt{12 - \sqrt{12 - \cdots}}} \). We can denote this expression as \( x \). Since the expression inside the square root is the same as the entire expression, we have:

\[ x = \sqrt{12 - x} \]

To solve for \( x \), we square both sides:

\[ x^2 = 12 - x \]

Rearranging this equation to form a quadratic equation, we get:

\[ x^2 + x - 12 = 0 \]

We solve this quadratic equation using the quadratic formula \( x = \frac{-b \pm \sqrt{b^2 - 4ac}}{2a} \), where \( a = 1 \), \( b = 1 \), and \( c = -12 \):

\[ x = \frac{-1 \pm \sqrt{1^2 - 4 \cdot 1 \cdot (-12)}}{2 \cdot 1} \]
\[ x = \frac{-1 \pm \sqrt{1 + 48}}{2} \]
\[ x = \frac{-1 \pm \sqrt{49}}{2} \]
\[ x = \frac{-1 \pm 7}{2} \]

This gives us two solutions:

\[ x = \frac{-1 + 7}{2} = 3 \]
\[ x = \frac{-1 - 7}{2} = -4 \]

Since \( x \) must be positive, we discard the negative solution. Thus, \( x = 3 \).

To verify, we check the sequence of terms and find it converges to 3, confirming our solution.

Thus, the value of the expression is \( \boxed{B} \)."
47,785,B,20,1.0,"Okay, so I have this problem here: Find the value of the infinite nested square root expression √(12 - √(12 - √(12 - ...))). The options are A) 4, B) 3, C) 2√2, and D) [1 + 3/√11]^2. Hmm, interesting. I remember that these kinds of infinite nested radicals can sometimes be solved by setting them equal to a variable and then solving an equation. Let me try that approach.

Let me denote the entire expression as x. So, x = √(12 - √(12 - √(12 - ...))). But wait, since the expression inside the square root is the same as the entire expression, I can substitute x into itself. That means x = √(12 - x). Is that right? Let me check.

Yes, because the expression under the first square root is 12 minus the same expression, which is x. So, substituting, I get x = √(12 - x). Now, to solve for x, I can square both sides to eliminate the square root. Let's do that.

Squaring both sides: x² = 12 - x. Now, I can rearrange this equation to form a quadratic equation. Let's bring all terms to one side: x² + x - 12 = 0. Okay, so now I have a quadratic equation: x² + x - 12 = 0.

To solve this quadratic equation, I can use the quadratic formula. The quadratic formula is x = [-b ± √(b² - 4ac)] / (2a). In this equation, a = 1, b = 1, and c = -12. Plugging these values into the formula:

x = [-1 ± √(1² - 4*1*(-12))] / (2*1)
x = [-1 ± √(1 + 48)] / 2
x = [-1 ± √49] / 2
x = [-1 ± 7] / 2

So, that gives us two possible solutions: x = (-1 + 7)/2 = 6/2 = 3, and x = (-1 - 7)/2 = -8/2 = -4. But since we're dealing with square roots, the value of x must be positive. So, x = 3 is the valid solution.

Wait, but let me double-check. If x = 3, then plugging back into the original equation: √(12 - 3) = √9 = 3, which is correct. So, x = 3 is indeed the solution.

Looking back at the options, B) 3 is one of them. So, is that the answer? Hmm, but let me make sure I didn't make any mistakes in my reasoning.

I assumed that the entire expression equals x, which is a common technique for infinite nested radicals. Let me verify if that's valid here. The expression is √(12 - √(12 - √(12 - ...))), so each time we take the square root, we subtract the same expression again. So, yes, it's a valid substitution.

Also, when I squared both sides, I got x² = 12 - x, which led me to the quadratic equation. Solving that gave me two roots, but only the positive one was valid in this context. So, that seems correct.

Wait, but let me think again. The expression is √(12 - √(12 - √(12 - ...","))). Each time, we subtract the next term, which is another square root. So, if I denote the entire expression as x, then it's √(12 - x). So, yes, x = √(12 - x). So, squaring both sides gives x² = 12 - x, which is the same as x² + x - 12 = 0. So, the steps are correct.

Therefore, solving gives x = 3 or x = -4. Since x must be positive, x = 3 is the only valid solution.

Looking at the options, B) 3 is present, so that must be the correct answer.

But wait, let me consider the other options just to be absolutely sure. Option A is 4. If I plug x = 4 into the original equation, √(12 - 4) = √8 ≈ 2.828, which is not equal to 4. So, 4 is incorrect.

Option C is 2√2, which is approximately 2.828. Let me check, if x = 2√2, then √(12 - 2√2) ≈ √(12 - 2.828) ≈ √9.172 ≈ 3.028, which is not equal to 2√2. So, that's not correct either.

Option D is [1 + 3/√11]^2. Let me compute that. First, 3/√11 is approximately 3/3.316 ≈ 0.904. So, 1 + 0.904 ≈ 1.904. Squaring that gives approximately 3.625. Hmm, which is different from 3. So, that's not correct either.

So, that leaves me with B) 3 as the correct answer.

But just to make sure, I'll try plugging x = 3 back into the original expression. Let's compute the first few terms to see if it converges towards 3.

Let's compute a few iterations manually. Let's start with an initial guess, say 3.

First term: √12 ≈ 3.464
Second term: √(12 - 3.464) ≈ √8.536 ≈ 2.922
Third term: √(12 - 2.922) ≈ √9.078 ≈ 3.013
Fourth term: √(12 - 3.013) ≈ √8.987 ≈ 2.998
Fifth term: √(12 - 2.998) ≈ √9.002 ≈ 3.0

So, after a few iterations, it's converging towards 3, which matches our algebraic solution.

Therefore, I can confidently say that option B) 3 is the correct answer.

**Final Answer**
\boxed{B}
</think>

Let \( x \) be the value of the infinite nested square root expression:

\[ x = \sqrt{12 - \sqrt{12 - \sqrt{12 - \cdots}}} \]

Since the expression inside the square root is the same as the entire expression, we can substitute \( x \) into itself:

\[ x = \sqrt{12 - x} \]

Squaring both sides to eliminate the square root:

\[ x^2 = 12 - x \]

Rearranging this equation to form a quadratic equation:

\[ x^2 + x - 12 = 0 \]

Using the quadratic formula \( x = \frac{-b \pm \sqrt{b^2 - 4ac}}{2a} \) where \( a = 1 \), \( b = 1 \), and \( c = -12 \):

\[ x = \frac{-1 \pm \sqrt{1^2 - 4 \cdot 1 \cdot (-12)}}{2 \cdot 1} \]
\[ x = \frac{-1 \pm \sqrt{1 + 48}}{2} \]
\[ x = \frac{-1 \pm \sqrt{49}}{2} \]
\[ x = \frac{-1 \pm 7}{2} \]

This gives two possible solutions:

\[ x = \frac{-1 + 7}{2} = 3 \]
\[ x = \frac{-1 - 7}{2} = -4 \]

Since \( x \) must be positive, we have:

\[ x = 3 \]

Thus, the value of the expression is \( 3 \).

\[
\boxed{B}
\]"
48,786,B,20,1.0,"Okay, so I have this problem here: Find the value of the infinite nested square root expression √(12 - √(12 - √(12 - ...))). The options are A) 4, B) 3, C) 2√2, and D) [1 + 3/√11]^2. Hmm, interesting. I remember that these kinds of infinite nested radicals can sometimes be solved by setting them equal to a variable and then solving an equation. Let me try that approach.

Let me denote the entire expression as x. So, x = √(12 - √(12 - √(12 - ...))). But wait, since the expression inside the square root is the same as the entire expression, I can substitute x into itself. That means x = √(12 - x). Is that right? Let me check.

Yes, because the expression under the first square root is 12 minus the same expression, which is x. So, substituting, I get x = √(12 - x). Now, to solve for x, I can square both sides to eliminate the square root. Let's do that.

Squaring both sides: x² = 12 - x. Now, I can rearrange this equation to form a quadratic equation. Let's bring all terms to one side: x² + x - 12 = 0. Okay, so now I have a quadratic equation: x² + x - 12 = 0.

To solve this quadratic equation, I can use the quadratic formula. The quadratic formula is x = [-b ± √(b² - 4ac)] / (2a). In this equation, a = 1, b = 1, and c = -12. Plugging these values into the formula:

x = [-1 ± √(1² - 4*1*(-12))] / (2*1)
x = [-1 ± √(1 + 48)] / 2
x = [-1 ± √49] / 2
x = [-1 ± 7] / 2

So, that gives us two possible solutions: x = (-1 + 7)/2 = 6/2 = 3, and x = (-1 - 7)/2 = -8/2 = -4. But since we're dealing with square roots, the value of x must be positive. So, x = 3 is the valid solution.

Wait, but let me double-check. If x = 3, then plugging back into the original equation: √(12 - 3) = √9 = 3, which is correct. So, x = 3 is indeed the solution.

Looking back at the options, B) 3 is one of them. So, is that the answer? Hmm, but let me make sure I didn't make any mistakes in my reasoning.

I assumed that the entire expression equals x, which is a common technique for infinite nested radicals. Let me verify if that's valid here. The expression is √(12 - √(12 - √(12 - ...))), so each time we take the square root, we subtract the same expression again. So, yes, it's a valid substitution.

Also, when I squared both sides, I got x² = 12 - x, which led me to the quadratic equation. Solving that gave me two roots, but only the positive one was valid in this context. So, that seems correct.

Wait, but let me think again. The expression is √(12 - √(12 - √(12 - ...)))."," Each iteration subtracts the same nested radical, so as the number of radicals increases, the value approaches x, which we found to be 3.

But hold on, let me test with a few iterations numerically to see if it converges to 3.

Let's compute the first few terms:

1st term: √12 ≈ 3.464

2nd term: √(12 - 3.464) ≈ √8.536 ≈ 2.922

3rd term: √(12 - 2.922) ≈ √9.078 ≈ 3.013

4th term: √(12 - 3.013) ≈ √8.987 ≈ 2.998

5th term: √(12 - 2.998) ≈ √9.002 ≈ 3.000

Hmm, so it's oscillating around 3, getting closer each time. So that seems to support that 3 is the correct value.

But wait, looking at the options, A is 4 and B is 3, so 3 is an option. But let me check if there's another way the expression could evaluate to 4.

Suppose someone incorrectly thought that √(12 - x) = 4, then 12 - x = 16, so x = -4, which is negative, so that can't be. So, 4 is not a solution. Similarly, if someone thought that √(12 - x) = something else, maybe making a mistake in substitution, but I don't think that's the case here.

Alternatively, maybe I can think of the expression as x = √(12 - x), which is a standard setup for such infinite radicals.

Alternatively, is there a way to express this in terms of radicals? Let me think.

Wait, 3 is the answer, and it's one of the options, so that seems solid. Let me check the other options too.

Option C is 2√2, which is approximately 2.828. If I plug that in, let's see: √(12 - 2.828) ≈ √9.172 ≈ 3.028, which isn't 2.828, so that's not consistent.

Option D is [1 + 3/√11]^2. Let me compute that:

First, compute 3/√11 ≈ 3/3.3166 ≈ 0.9045

Then, 1 + 0.9045 ≈ 1.9045

Then, squaring that: (1.9045)^2 ≈ 3.627. Which is not 3. So, that's also inconsistent.

So, only option B) 3 is a correct value.

Wait, but just to make sure I didn't make any miscalculations earlier. Let me redo the substitution step.

Let x = √(12 - x). So, square both sides: x² = 12 - x. Then, x² + x - 12 = 0. Using quadratic formula, x = [-1 ± √(1 + 48)] / 2, which is [-1 ± 7]/2. So, positive solution is 3, negative is -4, which is discarded. So, x = 3. Indeed, correct.

Alternatively, could there be another way to interpret the problem? The expression is √(12 - √(12 - √(12 - ...))). Is there an alternative approach to solve this?

I remember that sometimes, for these infinite radicals, you can represent them as a continued fraction or use a recursive formula.

Let me define x_n as the nth term of the sequence where x_1 = √12, x_2 = √(12 - x_1), x_3 = √(12 - x_2), and so on. Then, the limit as n approaches infinity would be the value we're looking for.

So, for example, x_1 = √12 ≈ 3.464

x_2 = √(12 - 3.464) ≈ √8.536 ≈ 2.922

x_3 = √(12 - 2.922) ≈ √9.078 ≈ 3.013

x_4 = √(12 - 3.013) ≈ √8.987 ≈ 2.998

x_5 = √(12 - 2.998) ≈ √9.002 ≈ 3.000

So, this sequence oscillates around 3 and converges towards it. Therefore, the value is indeed 3.

Hence, the answer should be B) 3.

But wait, another thought. Let me consider the exact value. Maybe x = 3 is exact, so perhaps the problem is designed with 3 as the answer. Alternatively, let me see if 3 is a possible answer, and the others aren't.

Yes, all other options except B are either 4 or around 2.828 or something else, but none of them are 3 except B.

Alternatively, could someone think that √(12 - √(12 - ...)) equals 4? Let's test that.

Suppose x = 4, then 4 = √(12 - 4) = √8 ≈ 2.828, which is not 4. So that's not consistent.

Alternatively, is there another substitution or equation? Let me see.

Suppose someone incorrectly sets the equation as x = √(12 - x/ something). But in this case, the substitution is straightforward.

Alternatively, maybe someone might think that 12 is 4*3, so perhaps 4 is involved, but as I saw earlier, if x=4, we get a different result, which is not the case.

Alternatively, maybe if someone tried to use a different substitution or iterate the equation differently.

Wait, another approach: Let me suppose that x = √(12 - x). But that's the same equation as before.

Alternatively, if someone were to write x = √(12 - √(12 - x)), but that's not the correct setup because each term is √(12 - previous term). So, it's not x = √(12 - x), but rather x = √(12 - x). So, that's the correct equation.

Alternatively, maybe someone might think that the expression is √12 - √(12 - √(12 - ...)), but that would be different.

Wait, let me make sure that I'm not missing a trick here. The expression is √(12 - √(12 - √(12 - ...))). So, I think the substitution is correct.

Alternatively, is there another way to solve this equation?

Let me think. The equation is x = √(12 - x). So, x² = 12 - x, leading to x² + x - 12 = 0, which we solved earlier.

So, unless I made a mistake in solving the quadratic equation, it's correct.

Wait, in the quadratic formula, is it [ -b ± sqrt(b² - 4ac) ] / 2a?

Yes, that's the standard formula.

So, plugging in a = 1, b = 1, c = -12:

Discriminant: b² - 4ac = 1 - 4*1*(-12) = 1 + 48 = 49

sqrt(49) = 7

Thus, x = (-1 + 7)/2 = 6/2 = 3

x = (-1 - 7)/2 = -8/2 = -4

Which is correct.

So, x = 3 is the positive solution.

Thus, I think the answer is definitely 3.

But just to make 100% sure, let me think about any other possible solutions or alternative approaches.

Another thought: Maybe someone might think that after a few iterations, it converges to 3, but what if they tried a different substitution?

For instance, if someone thought that the expression was x = √12 - √(12 - √(12 - ...)), which would be √12 - x. But that would give x = √12 - x, leading to 2x = √12, so x = √12 / 2 = (√12)/2 = (2√3)/2 = √3 ≈ 1.732, which isn't one of the options. So, that can't be.

Alternatively, someone might think that the expression is periodic or something, but in this case, the expression is strictly decreasing after a certain point and then increasing, oscillating towards 3.

Alternatively, could someone think that 12 is 3 squared times something? 3² is 9, which is less than 12, so maybe not.

Alternatively, perhaps someone might think that the expression is equal to 4, leading to 4 = √(12 - 4) = √8 ≈ 2.828, which is not 4, so that's inconsistent.

Alternatively, if someone thought that 12 is (√3)^2 * something, but again, that's not directly relevant.

So, given all that, I think the only consistent answer is 3, which is option B.

Therefore, after carefully considering the problem and checking my steps, I feel confident that the correct answer is 3.

**Final Answer**
\boxed{B}
</think>

Let \( x \) be the value of the infinite nested square root expression \( \sqrt{12 - \sqrt{12 - \sqrt{12 - \cdots}}} \). Then, we can express this as:

\[ x = \sqrt{12 - x} \]

Squaring both sides to eliminate the square root, we get:

\[ x^2 = 12 - x \]

Rearranging this equation to form a quadratic equation:

\[ x^2 + x - 12 = 0 \]

Using the quadratic formula \( x = \frac{-b \pm \sqrt{b^2 - 4ac}}{2a} \) where \( a = 1 \), \( b = 1 \), and \( c = -12 \):

\[ x = \frac{-1 \pm \sqrt{1^2 - 4 \cdot 1 \cdot (-12)}}{2 \cdot 1} \]
\[ x = \frac{-1 \pm \sqrt{1 + 48}}{2} \]
\[ x = \frac{-1 \pm \sqrt{49}}{2} \]
\[ x = \frac{-1 \pm 7}{2} \]

This gives us two solutions:

\[ x = \frac{-1 + 7}{2} = 3 \]
\[ x = \frac{-1 - 7}{2} = -4 \]

Since the value of the expression must be positive, we discard the negative solution. Therefore, \( x = 3 \).

Thus, the value of the infinite nested square root expression is \(\boxed{B}\)."
49,801,B,20,1.0,"Okay, so I have this problem here: Find the value of the infinite nested square root expression √(12 - √(12 - √(12 - ...))). The options are A) 4, B) 3, C) 2√2, and D) [1 + 3/√11]^2. Hmm, interesting. I remember that these kinds of infinite nested radicals can sometimes be solved by setting them equal to a variable and then solving an equation. Let me try that approach.

Let me denote the entire expression as x. So, x = √(12 - √(12 - √(12 - ...))). But wait, since the expression inside the square root is the same as the entire expression, I can substitute x into itself. That means x = √(12 - x). Is that right? Let me check.

Yes, because the expression under the first square root is 12 minus the same expression, which is x. So, substituting, I get x = √(12 - x). Now, to solve for x, I can square both sides to eliminate the square root. Let's do that.

Squaring both sides: x² = 12 - x. Now, I can rearrange this equation to form a quadratic equation. Let's bring all terms to one side: x² + x - 12 = 0. Okay, so now I have a quadratic equation: x² + x - 12 = 0.

To solve this quadratic equation, I can use the quadratic formula. The quadratic formula is x = [-b ± √(b² - 4ac)] / (2a). In this equation, a = 1, b = 1, and c = -12. Plugging these values into the formula:

x = [-1 ± √(1² - 4*1*(-12))] / (2*1)
x = [-1 ± √(1 + 48)] / 2
x = [-1 ± √49] / 2
x = [-1 ± 7] / 2

So, that gives us two possible solutions: x = (-1 + 7)/2 = 6/2 = 3, and x = (-1 - 7)/2 = -8/2 = -4. But since we're dealing with square roots, the value of x must be positive. So, x = 3 is the valid solution.

Wait, but let me double-check. If x = 3, then plugging back into the original equation: √(12 - 3) = √9 = 3, which is correct. So, x = 3 is indeed the solution.

Looking back at the options, B) 3 is one of them. So, is that the answer? Hmm, but let me make sure I didn't make any mistakes in my reasoning.

I assumed that the entire expression equals x, which is a common technique for infinite nested radicals. Let me verify if that's valid here. The expression is √(12 - √(12 - √(12 - ...))), so each time we take the square root, we subtract the same expression again. So, yes, it's a valid substitution.

Also, when I squared both sides, I got x² = 12 - x, which led me to the quadratic equation. Solving that gave me two roots, but only the positive one was valid in this context. So, that seems correct.

Wait, but let me think again. The expression is √(12 - √(12 - √(12 - ...))). If I start plugging in numbers, does it converge to 3?"," Maybe I can test a few iterations manually to see.

Let's compute a few terms:

First term: Let's take the first square root as just √12. √12 is approximately 3.464.

Second term: √(12 - √12) = √(12 - 3.464) = √(8.536) ≈ 2.922.

Third term: √(12 - 2.922) = √(9.078) ≈ 3.013.

Fourth term: √(12 - 3.013) = √(8.987) ≈ 2.998.

Fifth term: √(12 - 2.998) = √(9.002) ≈ 3.0.

So, it oscillates around 3 and seems to converge towards 3. That makes sense, so 3 is the correct value.

But let me check if there's another way to approach this problem. Maybe by recognizing the pattern or another method? I don't think so. The substitution method seems straightforward and worked well.

Wait, hold on a second. The options also include D) [1 + 3/√11]^2. That's approximately (1 + 0.9045)^2 ≈ (1.9045)^2 ≈ 3.627. Hmm, that's higher than 3, so maybe it's not the answer. Or is it?

Wait, perhaps I made a mistake. Let me compute [1 + 3/√11]^2.

First, compute 3/√11: √11 is approximately 3.3166, so 3 divided by that is approximately 0.9045. Then, 1 + 0.9045 is approximately 1.9045. Squaring that gives about 3.627, which is more than 3. So, perhaps D is not the answer.

Alternatively, maybe I can compute the value of [1 + 3/√11]^2 and see if it's equal to 3.

Wait, but if x = 3, then [1 + 3/√11]^2 is about 3.627, which is not 3. Therefore, perhaps D is not the answer.

Wait, but hold on, maybe I made a mistake in interpreting the problem. Is the expression supposed to be √12 - √(12 - √(12 - ...)) or is it √(12 - √(12 - √(12 - ...)))? Let me check the original problem again.

It says: Find the value of √(12 - √(12 - √(12 - ...))). So, it's a single square root with 12 minus another square root, which itself starts with 12 and continues. So, my initial approach is correct.

But just to be thorough, let me consider another approach. Maybe using recursion or continued fractions.

Let me denote a_n as the nth term of the sequence. So, a_1 = √12 ≈ 3.464. a_2 = √(12 - a_1) ≈ √(12 - 3.464) ≈ √8.536 ≈ 2.922. a_3 = √(12 - 2.922) ≈ √9.078 ≈ 3.013. a_4 = √(12 - 3.013) ≈ √8.987 ≈ 2.998. a_5 ≈ √(12 - 2.998) ≈ √9.002 ≈ 3.0.

So, it's oscillating between approximately 2.998 and 3.013, getting closer each time. It seems to converge to 3, as we saw earlier.

Therefore, x = 3 is definitely the answer, which is option B. So, why is option D included? Maybe it's a distractor or if someone doesn't substitute or makes a mistake.

Alternatively, perhaps I can see if the expression can be rewritten differently. Let's see.

Suppose we let x = √(12 - x). Then, squaring gives x² + x - 12 = 0, which we solved earlier. So, that's consistent.

Alternatively, maybe someone might think to set x = √(12 - x), but then go on to write another equation or make a different substitution. For instance, maybe trying to express it as a continued fraction or something else.

But in this case, the substitution is straightforward. So, I think 3 is the correct answer.

Wait, let me check the options again:

A) 4

B) 3

C) 2√2 ≈ 2.828

D) [1 + 3/√11]^2 ≈ 3.627

So, since 3 is an option, and the calculations converge to 3, I think B is the correct answer.

But just to be absolutely sure, let me think if there's any other way to approach this problem, just to confirm.

Alternatively, maybe using trigonometric substitution or some other method, but I don't think that's necessary here since the substitution method is straightforward and gives a valid answer.

Alternatively, suppose someone thought that the expression is x = √12 - x, but that would be incorrect because the expression is nested, so the subtraction is inside the square root. So, x = √(12 - x) is the correct equation.

Therefore, I'm confident that x = 3 is the correct value.

Hence, the answer should be B) 3.

**Final Answer**
\boxed{B}
</think>

Let \( x = \sqrt{12 - \sqrt{12 - \sqrt{12 - \cdots}}} \). Since the expression is infinite and nested, we can substitute \( x \) into itself:

\[ x = \sqrt{12 - x} \]

Squaring both sides to eliminate the square root:

\[ x^2 = 12 - x \]

Rearranging this into a standard quadratic equation form:

\[ x^2 + x - 12 = 0 \]

Using the quadratic formula \( x = \frac{-b \pm \sqrt{b^2 - 4ac}}{2a} \) where \( a = 1 \), \( b = 1 \), and \( c = -12 \):

\[ x = \frac{-1 \pm \sqrt{1^2 - 4 \cdot 1 \cdot (-12)}}{2 \cdot 1} \]
\[ x = \frac{-1 \pm \sqrt{1 + 48}}{2} \]
\[ x = \frac{-1 \pm \sqrt{49}}{2} \]
\[ x = \frac{-1 \pm 7}{2} \]

This gives two solutions:

\[ x = \frac{6}{2} = 3 \]
\[ x = \frac{-8}{2} = -4 \]

Since \( x \) must be positive, we have \( x = 3 \).

To verify, we substitute \( x = 3 \) back into the original equation:

\[ \sqrt{12 - 3} = \sqrt{9} = 3 \]

Thus, the value of the expression is confirmed to be 3.

The final answer is \(\boxed{B}\)."
50,808,B,20,1.0,"Okay, so I have this problem here: Find the value of the infinite nested square root expression √(12 - √(12 - √(12 - ...))). The options are A) 4, B) 3, C) 2√2, and D) [1 + 3/√11]^2. Hmm, interesting. I remember that these kinds of infinite nested radicals can sometimes be solved by setting them equal to a variable and then solving an equation. Let me try that approach.

Let me denote the entire expression as x. So, x = √(12 - √(12 - √(12 - ...))). But wait, since the expression inside the square root is the same as the entire expression, I can substitute x into itself. That means x = √(12 - x). Is that right? Let me check.

Yes, because the expression under the first square root is 12 minus the same expression, which is x. So, substituting, I get x = √(12 - x). Now, to solve for x, I can square both sides to eliminate the square root. Let's do that.

Squaring both sides: x² = 12 - x. Now, I can rearrange this equation to form a quadratic equation. Let's bring all terms to one side: x² + x - 12 = 0. Okay, so now I have a quadratic equation: x² + x - 12 = 0.

To solve this quadratic equation, I can use the quadratic formula. The quadratic formula is x = [-b ± √(b² - 4ac)] / (2a). In this equation, a = 1, b = 1, and c = -12. Plugging these values into the formula:

x = [-1 ± √(1² - 4*1*(-12))] / (2*1)
x = [-1 ± √(1 + 48)] / 2
x = [-1 ± √49] / 2
x = [-1 ± 7] / 2

So, that gives us two possible solutions: x = (-1 + 7)/2 = 6/2 = 3, and x = (-1 - 7)/2 = -8/2 = -4. But since we're dealing with square roots, the value of x must be positive. So, x = 3 is the valid solution.

Wait, but let me double-check. If x = 3, then plugging back into the original equation: √(12 - 3) = √9 = 3, which is correct. So, x = 3 is indeed the solution.

Looking back at the options, B) 3 is one of them. So, is that the answer? Hmm, but let me make sure I didn't make any mistakes in my reasoning.

I assumed that the entire expression equals x, which is a common technique for infinite nested radicals. Let me verify if that's valid here. The expression is √(12 - √(12 - √(12 - ...))), so each time we take the square root, we subtract the same expression again. So, yes, it's a valid substitution.

Also, when I squared both sides, I got x² = 12 - x, which led me to the quadratic equation. Solving that gave me two roots, but only the positive one was valid in this context. So, that seems correct.

Wait, but let me think again. The expression is √(12 - √(12 - √(12 - ...))). If I start plugging in numbers, does it converge to 3? Let me test it numerically.

","Let's compute the first few terms:

First term: √12 ≈ 3.464
Second term: √(12 - 3.464) ≈ √8.536 ≈ 2.922
Third term: √(12 - 2.922) ≈ √9.078 ≈ 3.013
Fourth term: √(12 - 3.013) ≈ √8.987 ≈ 2.998
Fifth term: √(12 - 2.998) ≈ √9.002 ≈ 3.000

So, it's oscillating around 3, getting closer each time. Yeah, that seems to confirm that 3 is indeed the correct value.

Now, let me check the other options to make sure they don't also seem plausible or correct.

Option A is 4. If I plug x = 4 into the equation x = √(12 - x), then 4 = √(12 - 4) = √8 ≈ 2.828, which is not 4. So, A is incorrect.

Option C is 2√2, which is approximately 2.828. If I plug that into x = √(12 - x), then x ≈ √(12 - 2.828) ≈ √9.172 ≈ 3.028, which is also not 2.828. So, C is incorrect.

Option D is [1 + 3/√11]^2. Let me compute that:

First, compute 3/√11. √11 is approximately 3.3166, so 3/3.3166 ≈ 0.9045. Then, 1 + 0.9045 ≈ 1.9045. Squaring that gives approximately (1.9045)^2 ≈ 3.626. Hmm, that's more than 3, but earlier computations showed it's approaching 3. So, maybe D is not the right answer.

But wait, maybe I can compute it more precisely.

First, compute 3/√11:

√11 ≈ 3.31662479
So, 3/√11 ≈ 3 / 3.31662479 ≈ 0.90450856

Then, 1 + 0.90450856 ≈ 1.90450856

Now, square that: (1.90450856)^2. Let's compute that:

1.90450856 * 1.90450856:

First, 1.9 * 1.9 = 3.61

Then, 0.00450856 * 1.90450856 ≈ approximately 0.00858

So, total is approximately 3.61 + 0.00858 ≈ 3.61858

Which is approximately 3.6186, which is actually close to the golden ratio squared, but in this case, the answer is approximately 3.618, which is higher than 3.

But since our numerical approximation for the nested radical seems to converge to 3, D is not the correct answer. So, D is likely incorrect.

Therefore, going back, the correct answer is 3, which is option B.

Wait, but just to make sure, I recall that sometimes infinite radicals can have multiple solutions, but in this case, we have a restriction that x must be positive, so we only take the positive root.

Alternatively, another approach is to suppose that after substituting, the equation x = √(12 - x) is correct, so x² = 12 - x, leading to x² + x - 12 = 0, with x = 3 as the positive solution.

I think that's solid. Maybe another way to think about it is to let x be the value, so x = √(12 - x). So, as I did before.

Alternatively, sometimes for these types of problems, people might try to compute more terms numerically and see if they approach a value close to 3.

Starting with x1 = √12 ≈ 3.464

x2 = √(12 - x1) ≈ √(12 - 3.464) ≈ √8.536 ≈ 2.922

x3 = √(12 - x2) ≈ √(12 - 2.922) ≈ √9.078 ≈ 3.013

x4 = √(12 - x3) ≈ √(12 - 3.013) ≈ √8.987 ≈ 2.998

x5 = √(12 - x4) ≈ √(12 - 2.998) ≈ √9.002 ≈ 3.000

x6 = √(12 - x5) ≈ √(12 - 3.000) = √9 = 3.0

x7 = √(12 - x6) = √9 = 3.0

So, as I can see, after about 6 iterations, it stabilizes at 3. So, that further confirms that x = 3 is the correct value.

Therefore, the answer is B) 3.

**Final Answer**
\boxed{B}
</think>

Let \( x \) be the value of the infinite nested square root expression \( \sqrt{12 - \sqrt{12 - \sqrt{12 - \cdots}}} \). We can denote this expression as \( x \). Since the expression inside the square root is the same as the entire expression, we substitute \( x \) into itself, leading to the equation:

\[ x = \sqrt{12 - x} \]

To solve for \( x \), we square both sides of the equation:

\[ x^2 = 12 - x \]

Rearranging this into a quadratic equation, we get:

\[ x^2 + x - 12 = 0 \]

We solve this quadratic equation using the quadratic formula \( x = \frac{-b \pm \sqrt{b^2 - 4ac}}{2a} \), where \( a = 1 \), \( b = 1 \), and \( c = -12 \):

\[ x = \frac{-1 \pm \sqrt{1^2 - 4 \cdot 1 \cdot (-12)}}{2 \cdot 1} \]
\[ x = \frac{-1 \pm \sqrt{1 + 48}}{2} \]
\[ x = \frac{-1 \pm \sqrt{49}}{2} \]
\[ x = \frac{-1 \pm 7}{2} \]

This gives us two solutions: \( x = \frac{6}{2} = 3 \) and \( x = \frac{-8}{2} = -4 \). Since the value of \( x \) must be positive, we discard \( x = -4 \).

To verify, we substitute \( x = 3 \) back into the original equation:

\[ \sqrt{12 - 3} = \sqrt{9} = 3 \]

This confirms that \( x = 3 \) is correct. Additionally, numerical approximation of the nested radical converges to 3, further supporting this solution.

Thus, the value of the infinite nested square root expression is \( 3 \), which corresponds to option B.

\[
\boxed{B}
\]"
51,815,B,20,1.0,"Okay, so I have this problem here: Find the value of the infinite nested square root expression √(12 - √(12 - √(12 - ...))). The options are A) 4, B) 3, C) 2√2, and D) [1 + 3/√11]^2. Hmm, interesting. I remember that these kinds of infinite nested radicals can sometimes be solved by setting them equal to a variable and then solving an equation. Let me try that approach.

Let me denote the entire expression as x. So, x = √(12 - √(12 - √(12 - ...))). But wait, since the expression inside the square root is the same as the entire expression, I can substitute x into itself. That means x = √(12 - x). Is that right? Let me check.

Yes, because the expression under the first square root is 12 minus the same expression, which is x. So, substituting, I get x = √(12 - x). Now, to solve for x, I can square both sides to eliminate the square root. Let's do that.

Squaring both sides: x² = 12 - x. Now, I can rearrange this equation to form a quadratic equation. Let's bring all terms to one side: x² + x - 12 = 0. Okay, so now I have a quadratic equation: x² + x - 12 = 0.

To solve this quadratic equation, I can use the quadratic formula. The quadratic formula is x = [-b ± √(b² - 4ac)] / (2a). In this equation, a = 1, b = 1, and c = -12. Plugging these values into the formula:

x = [-1 ± √(1² - 4*1*(-12))] / (2*1)
x = [-1 ± √(1 + 48)] / 2
x = [-1 ± √49] / 2
x = [-1 ± 7] / 2

So, that gives us two possible solutions: x = (-1 + 7)/2 = 6/2 = 3, and x = (-1 - 7)/2 = -8/2 = -4. But since we're dealing with square roots, the value of x must be positive. So, x = 3 is the valid solution.

Wait, but let me double-check. If x = 3, then plugging back into the original equation: √(12 - 3) = √9 = 3, which is correct. So, x = 3 is indeed the solution.

Looking back at the options, B) 3 is one of them. So, is that the answer? Hmm, but let me make sure I didn't make any mistakes in my reasoning.

I assumed that the entire expression equals x, which is a common technique for infinite nested radicals. Let me verify if that's valid here. The expression is √(12 - √(12 - √(12 - ...))), so each time we take the square root, we subtract the same expression again. So, yes, it's a valid substitution.

Also, when I squared both sides, I got x² = 12 - x, which led me to the quadratic equation. Solving that gave me two roots, but only the positive one was valid in this context. So, that seems correct.

Wait, but let me think again. The expression is √(12 - √(12 - √(12 - ...))). If I start plugging in numbers, does it converge to 3? Let me test it numerically.

Let's compute a few iterations:

","First iteration: Let x₁ = √12 ≈ 3.464

Second iteration: x₂ = √(12 - x₁) ≈ √(12 - 3.464) ≈ √8.536 ≈ 2.922

Third iteration: x₃ = √(12 - x₂) ≈ √(12 - 2.922) ≈ √9.078 ≈ 3.013

Fourth iteration: x₄ = √(12 - x₃) ≈ √(12 - 3.013) ≈ √8.987 ≈ 2.998

Fifth iteration: x₅ ≈ √(12 - 2.998) ≈ √9.002 ≈ 3.000

Hmm, okay, so it's oscillating around 3, getting closer each time. So, it seems to converge to 3. That makes sense. So, x = 3 is indeed the correct value.

Therefore, the answer should be B) 3.

Wait, but let me check why option D is there: [1 + 3/√11]^2. Is that equal to 3?

Let me compute [1 + 3/√11]^2.

First, compute 3/√11: √11 is about 3.3166, so 3/3.3166 ≈ 0.9045. Then 1 + 0.9045 ≈ 1.9045. Squaring that: (1.9045)^2 ≈ 3.628. That's not 3, so D is not equal to 3. So, D is not the answer.

Option C is 2√2, which is approximately 2.828. Not 3 either.

Option A is 4. Let's see, if x were 4, then plugging back into the original equation: √(12 - 4) = √8 ≈ 2.828, which is not 4. So, A is not correct.

So, indeed, 3 is the correct answer. Therefore, the answer is B.

But hold on, just to make sure I didn't make any miscalculations earlier. Let me go through the steps once again.

Set x = √(12 - x). Then x² = 12 - x. So, x² + x - 12 = 0. Quadratic equation, discriminant = 1 + 48 = 49. Solutions: [-1 ±7]/2. So, 6/2=3 and -8/2=-4. Discard negative, so x=3. Yup, that's correct.

So, I think I'm confident that the answer is 3, which is option B.

**Final Answer**
\boxed{B}
</think>

Let \( x \) be the value of the infinite nested square root expression \( \sqrt{12 - \sqrt{12 - \sqrt{12 - \cdots}}} \). We can express this as \( x = \sqrt{12 - x} \). Squaring both sides, we get:

\[
x^2 = 12 - x
\]

Rearranging this equation, we obtain a quadratic equation:

\[
x^2 + x - 12 = 0
\]

Using the quadratic formula \( x = \frac{-b \pm \sqrt{b^2 - 4ac}}{2a} \) where \( a = 1 \), \( b = 1 \), and \( c = -12 \):

\[
x = \frac{-1 \pm \sqrt{1^2 - 4 \cdot 1 \cdot (-12)}}{2 \cdot 1} = \frac{-1 \pm \sqrt{1 + 48}}{2} = \frac{-1 \pm 7}{2}
\]

This gives us two solutions:

\[
x = \frac{-1 + 7}{2} = 3 \quad \text{and} \quad x = \frac{-1 - 7}{2} = -4
\]

Since \( x \) must be positive, we discard \( x = -4 \). Thus, \( x = 3 \).

Therefore, the value of the nested square root expression is \( 3 \), which corresponds to option B.

\[
\boxed{B}
\]"
52,827,B,20,1.0,"Okay, so I have this problem here: Find the value of the infinite nested square root expression √(12 - √(12 - √(12 - ...))). The options are A) 4, B) 3, C) 2√2, and D) [1 + 3/√11]^2. Hmm, interesting. I remember that these kinds of infinite nested radicals can sometimes be solved by setting them equal to a variable and then solving an equation. Let me try that approach.

Let me denote the entire expression as x. So, x = √(12 - √(12 - √(12 - ...))). But wait, since the expression inside the square root is the same as the entire expression, I can substitute x into itself. That means x = √(12 - x). Is that right? Let me check.

Yes, because the expression under the first square root is 12 minus the same expression, which is x. So, substituting, I get x = √(12 - x). Now, to solve for x, I can square both sides to eliminate the square root. Let's do that.

Squaring both sides: x² = 12 - x. Now, I can rearrange this equation to form a quadratic equation. Let's bring all terms to one side: x² + x - 12 = 0. Okay, so now I have a quadratic equation: x² + x - 12 = 0.

To solve this quadratic equation, I can use the quadratic formula. The quadratic formula is x = [-b ± √(b² - 4ac)] / (2a). In this equation, a = 1, b = 1, and c = -12. Plugging these values into the formula:

x = [-1 ± √(1² - 4*1*(-12))] / (2*1)
x = [-1 ± √(1 + 48)] / 2
x = [-1 ± √49] / 2
x = [-1 ± 7] / 2

So, that gives us two possible solutions: x = (-1 + 7)/2 = 6/2 = 3, and x = (-1 - 7)/2 = -8/2 = -4. But since we're dealing with square roots, the value of x must be positive. So, x = 3 is the valid solution.

Wait, but let me double-check. If x = 3, then plugging back into the original equation: √(12 - 3) = √9 = 3, which is correct. So, x = 3 is indeed the solution.

Looking back at the options, B) 3 is one of them. So, is that the answer? Hmm, but let me make sure I didn't make any mistakes in my reasoning.

I assumed that the entire expression equals x, which is a common technique for infinite nested radicals. Let me verify if that's valid here. The expression is √(12 - √(12 - √(12 - ...))), so each time we take the square root, we subtract the same expression again. So, yes, it's a valid substitution.

Also, when I squared both sides, I got x² = 12 - x, which led me to the quadratic equation. Solving that gave me two roots, but only the positive one was valid in this context. So, that seems correct.

Wait, but let me think again. The expression is √(12 - √(12 - √(12 - ...))). If I start plugging in numbers, does it converge to 3? Let me test it numerically.

Let's compute a few iterations:

First iteration: √12 ≈ 3.","464
Second iteration: √(12 - 3.464) = √8.536 ≈ 2.922
Third iteration: √(12 - 2.922) = √9.078 ≈ 3.013
Fourth iteration: √(12 - 3.013) = √8.987 ≈ 2.998
Fifth iteration: √(12 - 2.998) = √9.002 ≈ 3.000

So, it's oscillating around 3 and getting closer each time. So, that seems to confirm that the value converges to 3. Therefore, x = 3 is indeed the correct answer.

Looking at the options, B) 3 is the correct choice.

Wait, but just to be thorough, let me check if any other option might also be correct or if I made a miscalculation somewhere. The other options are A) 4, which is higher, C) 2√2 ≈ 2.828, and D) [1 + 3/√11]^2. Let me compute what D) gives.

First, compute 3/√11. Since √11 ≈ 3.3166, so 3/3.3166 ≈ 0.9045. Then, add 1: 1 + 0.9045 ≈ 1.9045. Now, square that: (1.9045)^2 ≈ 3.627. Hmm, which is also around 3.627, which is larger than 3 but not equal to 3. So, 3 is still the correct answer.

Option D is around 3.627, which is higher than our computed value, but it's not equal to 3. So, B) 3 is correct.

Just to make sure I didn't make a mistake in the quadratic equation step, let me go through that again.

Starting with x = √(12 - x)
Squaring both sides: x² = 12 - x
Rearranged: x² + x - 12 = 0
Quadratic formula: x = [-1 ± √(1 + 48)] / 2
√49 is 7, so x = (6)/2 = 3 or x = (-8)/2 = -4

Yes, that's correct. So, x = 3 is the only valid solution.

Therefore, the answer is B) 3.

**Final Answer**
\boxed{B}
</think>

Let \( x = \sqrt{12 - \sqrt{12 - \sqrt{12 - \cdots}}} \). By substituting \( x \) into itself, we get the equation:

\[ x = \sqrt{12 - x} \]

Squaring both sides to eliminate the square root:

\[ x^2 = 12 - x \]

Rearranging into a quadratic equation:

\[ x^2 + x - 12 = 0 \]

Using the quadratic formula \( x = \frac{-b \pm \sqrt{b^2 - 4ac}}{2a} \) where \( a = 1 \), \( b = 1 \), and \( c = -12 \):

\[ x = \frac{-1 \pm \sqrt{1^2 - 4 \cdot 1 \cdot (-12)}}{2 \cdot 1} \]
\[ x = \frac{-1 \pm \sqrt{1 + 48}}{2} \]
\[ x = \frac{-1 \pm 7}{2} \]

This gives two solutions:

\[ x = \frac{6}{2} = 3 \quad \text{and} \quad x = \frac{-8}{2} = -4 \]

Since \( x \) must be positive, we have \( x = 3 \).

Thus, the value of the infinite nested square root expression is \(\boxed{B}\)."
53,831,B,20,1.0,"Okay, so I have this problem here: Find the value of the infinite nested square root expression √(12 - √(12 - √(12 - ...))). The options are A) 4, B) 3, C) 2√2, and D) [1 + 3/√11]^2. Hmm, interesting. I remember that these kinds of infinite nested radicals can sometimes be solved by setting them equal to a variable and then solving an equation. Let me try that approach.

Let me denote the entire expression as x. So, x = √(12 - √(12 - √(12 - ...))). But wait, since the expression inside the square root is the same as the entire expression, I can substitute x into itself. That means x = √(12 - x). Is that right? Let me check.

Yes, because the expression under the first square root is 12 minus the same expression, which is x. So, substituting, I get x = √(12 - x). Now, to solve for x, I can square both sides to eliminate the square root. Let's do that.

Squaring both sides: x² = 12 - x. Now, I can rearrange this equation to form a quadratic equation. Let's bring all terms to one side: x² + x - 12 = 0. Okay, so now I have a quadratic equation: x² + x - 12 = 0.

To solve this quadratic equation, I can use the quadratic formula. The quadratic formula is x = [-b ± √(b² - 4ac)] / (2a). In this equation, a = 1, b = 1, and c = -12. Plugging these values into the formula:

x = [-1 ± √(1² - 4*1*(-12))] / (2*1)
x = [-1 ± √(1 + 48)] / 2
x = [-1 ± √49] / 2
x = [-1 ± 7] / 2

So, that gives us two possible solutions: x = (-1 + 7)/2 = 6/2 = 3, and x = (-1 - 7)/2 = -8/2 = -4. But since we're dealing with square roots, the value of x must be positive. So, x = 3 is the valid solution.

Wait, but let me double-check. If x = 3, then plugging back into the original equation: √(12 - 3) = √9 = 3, which is correct. So, x = 3 is indeed the solution.

Looking back at the options, B) 3 is one of them. So, is that the answer? Hmm, but let me make sure I didn't make any mistakes in my reasoning.

I assumed that the entire expression equals x, which is a common technique for infinite nested radicals. Let me verify if that's valid here. The expression is √(12 - √(12 - √(12 - ...))), so each time we take the square root, we subtract the same expression again. So, yes, it's a valid substitution.

Also, when I squared both sides, I got x² = 12 - x, which led me to the quadratic equation. Solving that gave me two roots, but only the positive one was valid in this context. So, that seems correct.

Wait, but let me think again. The expression is √(12 - √(12 - √(12 - ...))). If I start plugging in numbers, does it converge to 3? Let me test it numerically.

Let's compute a few iterations:

First iteration: √12 ≈ 3.464
","Second iteration: √(12 - 3.464) ≈ √8.536 ≈ 2.922
Third iteration: √(12 - 2.922) ≈ √9.078 ≈ 3.013
Fourth iteration: √(12 - 3.013) ≈ √8.987 ≈ 2.998
Fifth iteration: √(12 - 2.998) ≈ √9.002 ≈ 3.000

Wow, okay, it's oscillating around 3 but getting closer each time. So, it does converge to 3, which is consistent with my algebraic solution. So, that gives me more confidence that 3 is the correct answer.

Now, just to make sure, let me look at the other options. A) is 4, which is higher than 3, so that doesn't seem right. C) is 2√2, which is approximately 2.828, which is less than 3. So, that would be lower than the value we're getting. D) is [1 + 3/√11]^2. Let me compute that value.

First, compute 3/√11. √11 is approximately 3.3166, so 3 / 3.3166 ≈ 0.9045. Then, 1 + 0.9045 ≈ 1.9045. Squaring that gives approximately (1.9045)^2 ≈ 3.626. Hmm, that's about 3.626, which is higher than 3. So, it's not matching either.

So, the only plausible answer is B) 3.

Wait, hold on. Let me re-examine the quadratic equation solution. I had x² + x - 12 = 0. So, x = [-1 ± √(1 + 48)] / 2. So, √49 is 7, leading to x = (6)/2 = 3. That seems correct.

But just to be thorough, let's check if there's another way to approach this problem. Maybe by recognizing that if the expression converges, then as n approaches infinity, the nth term and the (n+1)th term are both equal to x. So, the recursion is x_{n+1} = √(12 - x_n). So, if the limit exists, we have x = √(12 - x), which is the same equation as before.

Therefore, solving x = √(12 - x) gives x² = 12 - x, leading to x² + x - 12 = 0, whose positive solution is 3. So, that's consistent.

Another thought: sometimes, when solving these equations, especially if the expression is an infinite expansion, we might have to consider convergence. But in this case, our iterative process seems to be converging towards 3, which is a stable fixed point of the function f(x) = √(12 - x). So, that further confirms that 3 is the correct answer.

Wait, just to be absolutely sure, let me think about whether 2√2 is a plausible answer. If I plug x = 2√2 into the equation, let's see if it satisfies x = √(12 - x).

Compute x² = (2√2)^2 = 8. 12 - x = 12 - 2√2 ≈ 12 - 2.828 ≈ 9.172. Then, √9.172 ≈ 3.028. Which is not equal to x (≈2.828). So, no, 2√2 doesn't satisfy the equation. Therefore, D is not correct.

Similarly, let's check option A, which is 4. If x = 4, then 12 - x = 8, so √8 ≈ 2.828, which is not equal to 4. So, A is incorrect.

Option C, [1 + 3/√11]^2. As I computed earlier, that's approximately [1 + 0.9045]^2 ≈ (1.9045)^2 ≈ 3.626, which is less than 4 but more than 3. But it's not equal to x from our equation. So, unless the expression somehow equals this number, which seems unlikely because of the convergence behavior, it's incorrect.

Therefore, the only correct answer is B) 3. So, I think I can confidently go with that.

**Final Answer**
\boxed{B}
</think>

Let \( x \) be the value of the infinite nested square root expression \( \sqrt{12 - \sqrt{12 - \sqrt{12 - \cdots}}} \). We can set up the equation \( x = \sqrt{12 - x} \).

To solve for \( x \), we square both sides:
\[ x^2 = 12 - x \]

Rearranging this into a quadratic equation:
\[ x^2 + x - 12 = 0 \]

Using the quadratic formula \( x = \frac{-b \pm \sqrt{b^2 - 4ac}}{2a} \) where \( a = 1 \), \( b = 1 \), and \( c = -12 \):
\[ x = \frac{-1 \pm \sqrt{1^2 - 4 \cdot 1 \cdot (-12)}}{2 \cdot 1} \]
\[ x = \frac{-1 \pm \sqrt{1 + 48}}{2} \]
\[ x = \frac{-1 \pm 7}{2} \]

This gives two solutions:
\[ x = \frac{6}{2} = 3 \]
\[ x = \frac{-8}{2} = -4 \]

Since the expression represents a square root, it must be non-negative. Therefore, \( x = 3 \).

Numerical verification by iterating the expression shows it converges to 3. Thus, the value is confirmed to be 3.

The final answer is \(\boxed{B}\)."
54,843,B,20,1.0,"Okay, so I have this problem here: Find the value of the infinite nested square root expression √(12 - √(12 - √(12 - ...))). The options are A) 4, B) 3, C) 2√2, and D) [1 + 3/√11]^2. Hmm, interesting. I remember that these kinds of infinite nested radicals can sometimes be solved by setting them equal to a variable and then solving an equation. Let me try that approach.

Let me denote the entire expression as x. So, x = √(12 - √(12 - √(12 - ...))). But wait, since the expression inside the square root is the same as the entire expression, I can substitute x into itself. That means x = √(12 - x). Is that right? Let me check.

Yes, because the expression under the first square root is 12 minus the same expression, which is x. So, substituting, I get x = √(12 - x). Now, to solve for x, I can square both sides to eliminate the square root. Let's do that.

Squaring both sides: x² = 12 - x. Now, I can rearrange this equation to form a quadratic equation. Let's bring all terms to one side: x² + x - 12 = 0. Okay, so now I have a quadratic equation: x² + x - 12 = 0.

To solve this quadratic equation, I can use the quadratic formula. The quadratic formula is x = [-b ± √(b² - 4ac)] / (2a). In this equation, a = 1, b = 1, and c = -12. Plugging these values into the formula:

x = [-1 ± √(1² - 4*1*(-12))] / (2*1)
x = [-1 ± √(1 + 48)] / 2
x = [-1 ± √49] / 2
x = [-1 ± 7] / 2

So, that gives us two possible solutions: x = (-1 + 7)/2 = 6/2 = 3, and x = (-1 - 7)/2 = -8/2 = -4. But since we're dealing with square roots, the value of x must be positive. So, x = 3 is the valid solution.

Wait, but let me double-check. If x = 3, then plugging back into the original equation: √(12 - 3) = √9 = 3, which is correct. So, x = 3 is indeed the solution.

Looking back at the options, B) 3 is one of them. So, is that the answer? Hmm, but let me make sure I didn't make any mistakes in my reasoning.

I assumed that the entire expression equals x, which is a common technique for infinite nested radicals. Let me verify if that's valid here. The expression is √(12 - √(12 - √(12 - ...))), so each time we take the square root, we subtract the same expression again. So, yes, it's a valid substitution.

Also, when I squared both sides, I got x² = 12 - x, which led me to the quadratic equation. Solving that gave me two roots, but only the positive one was valid in this context. So, that seems correct.

Wait, but let me think again. The expression is √(12 - √(12 - √(12 - ...))). If I start plugging in numbers, does it converge to 3? Let me test it numerically.

Let's compute a few iterations:

First iteration: √12 ≈ 3.464
Second iteration: √(12 - 3.","464) ≈ √(8.536) ≈ 2.922
Third iteration: √(12 - 2.922) ≈ √(9.078) ≈ 3.013
Fourth iteration: √(12 - 3.013) ≈ √(8.987) ≈ 2.998
Fifth iteration: √(12 - 2.998) ≈ √(9.002) ≈ 3.000

Hmm, so it's oscillating around 3, getting closer each time. So, yes, it does seem to converge to 3. That matches my earlier algebraic solution.

Looking at the options, 3 is option B, so that's the answer. But hold on, let me see option D: [1 + 3/√11]^2. Let me compute that and see if it's equal to 3 or not.

First, compute 1 + 3/√11. √11 is approximately 3.3166, so 3 divided by that is approximately 0.899. Adding 1 gives approximately 1.899. Then, squaring that: (1.899)^2 ≈ 3.61, which is not equal to 3. So, option D is not equal to 3. So, perhaps 3 is correct.

Wait, but let me check if the problem is asking for the expression's value or if I made a mistake in the substitution. The expression is √(12 - √(12 - √(12 - ...))), which I set equal to x, leading to x = √(12 - x). Solving that gives x = 3, which matches the numerical approximation.

Alternatively, maybe the problem is a trick question? Let me double-check if I considered all possibilities. Since x is a square root, it must be non-negative, so negative solutions are discarded. So, yes, only x = 3 is valid.

Alternatively, could there be another solution? Let's see, suppose x = √(12 - x), so x² = 12 - x, which is x² + x - 12 = 0. The solutions are x = [ -1 ± √(1 + 48) ] / 2, which is [ -1 ± 7 ] / 2. The positive solution is 6/2=3, so that's the only possible solution.

Hence, the value is 3, which is option B.

Wait, but looking back at the problem statement, it says ""Find the value of √(12 - √(12 - √(12 - ...)))"". So, it's an infinite nested radical, which typically converges to a fixed point. So, the solution is 3.

Alternatively, let me think if there's another approach. Maybe using continued radicals. In general, for a continued radical of the form √(a - √(a - √(a - ...))), the value is given by solving x = √(a - x), which is similar to what I did.

So, applying that formula, x = √(12 - x). Solving gives x = 3, as previously. So, that's consistent.

Alternatively, if I consider that the expression is periodic and converges, maybe there's a way to find the value using a different method, but I think the algebraic method is straightforward and valid here.

Therefore, I'm confident that the correct answer is 3, which is option B.

**Final Answer**
\boxed{B}
</think>

Let \( x = \sqrt{12 - \sqrt{12 - \sqrt{12 - \cdots}}} \). Since the expression inside the square root is the same as the entire expression, we can substitute \( x \) into itself, leading to the equation:

\[ x = \sqrt{12 - x} \]

Squaring both sides to eliminate the square root, we get:

\[ x^2 = 12 - x \]

Rearranging this into a standard quadratic equation form:

\[ x^2 + x - 12 = 0 \]

Using the quadratic formula \( x = \frac{-b \pm \sqrt{b^2 - 4ac}}{2a} \) where \( a = 1 \), \( b = 1 \), and \( c = -12 \):

\[ x = \frac{-1 \pm \sqrt{1^2 - 4 \cdot 1 \cdot (-12)}}{2 \cdot 1} \]
\[ x = \frac{-1 \pm \sqrt{1 + 48}}{2} \]
\[ x = \frac{-1 \pm \sqrt{49}}{2} \]
\[ x = \frac{-1 \pm 7}{2} \]

This gives two possible solutions:

\[ x = \frac{-1 + 7}{2} = 3 \]
\[ x = \frac{-1 - 7}{2} = -4 \]

Since \( x \) must be non-negative, we discard \( x = -4 \) and take \( x = 3 \).

Thus, the value of the expression is \( 3 \), which corresponds to option B.

\[
\boxed{B}
\]"
55,853,B,20,1.0,"Okay, so I have this problem here: Find the value of the infinite nested square root expression √(12 - √(12 - √(12 - ...))). The options are A) 4, B) 3, C) 2√2, and D) [1 + 3/√11]^2. Hmm, interesting. I remember that these kinds of infinite nested radicals can sometimes be solved by setting them equal to a variable and then solving an equation. Let me try that approach.

Let me denote the entire expression as x. So, x = √(12 - √(12 - √(12 - ...))). But wait, since the expression inside the square root is the same as the entire expression, I can substitute x into itself. That means x = √(12 - x). Is that right? Let me check.

Yes, because the expression under the first square root is 12 minus the same expression, which is x. So, substituting, I get x = √(12 - x). Now, to solve for x, I can square both sides to eliminate the square root. Let's do that.

Squaring both sides: x² = 12 - x. Now, I can rearrange this equation to form a quadratic equation. Let's bring all terms to one side: x² + x - 12 = 0. Okay, so now I have a quadratic equation: x² + x - 12 = 0.

To solve this quadratic equation, I can use the quadratic formula. The quadratic formula is x = [-b ± √(b² - 4ac)] / (2a). In this equation, a = 1, b = 1, and c = -12. Plugging these values into the formula:

x = [-1 ± √(1² - 4*1*(-12))] / (2*1)
x = [-1 ± √(1 + 48)] / 2
x = [-1 ± √49] / 2
x = [-1 ± 7] / 2

So, that gives us two possible solutions: x = (-1 + 7)/2 = 6/2 = 3, and x = (-1 - 7)/2 = -8/2 = -4. But since we're dealing with square roots, the value of x must be positive. So, x = 3 is the valid solution.

Wait, but let me double-check. If x = 3, then plugging back into the original equation: √(12 - 3) = √9 = 3, which is correct. So, x = 3 is indeed the solution.

Looking back at the options, B) 3 is one of them. So, is that the answer? Hmm, but let me make sure I didn't make any mistakes in my reasoning.

I assumed that the entire expression equals x, which is a common technique for infinite nested radicals. Let me verify if that's valid here. The expression is √(12 - √(12 - √(12 - ...))), so each time we take the square root, we subtract the same expression again. So, yes, it's a valid substitution.

Also, when I squared both sides, I got x² = 12 - x, which led me to the quadratic equation. Solving that gave me two roots, but only the positive one was valid in this context. So, that seems correct.

Wait, but let me think again. The expression is √(12 - √(12 - √(12 - ...))). If I start plugging in numbers, does it converge to 3? Let me test it numerically.

Let's compute a few iterations:

First iteration: √12 ≈ 3.464
Second iteration: √(12 - 3.464) ≈ √8.","536 ≈ 2.922
Third iteration: √(12 - 2.922) ≈ √9.078 ≈ 3.013
Fourth iteration: √(12 - 3.013) ≈ √8.987 ≈ 2.998
Fifth iteration: √(12 - 2.998) ≈ √9.002 ≈ 3.000

So, it seems to oscillate around 3 and seems to be converging towards 3. So, that makes sense.

Looking at the options, B) 3 is one of them. So, I think that's the correct answer.

But hold on, let me check if option D is the same as 3? Let me compute [1 + 3/√11]^2.

First, compute 1/√11 ≈ 1/3.3166 ≈ 0.3015
So, 3/√11 ≈ 0.9045
1 + 0.9045 ≈ 1.9045
Now, square that: (1.9045)^2 ≈ 3.627

Hmm, that's not 3. So, D) is approximately 3.627, which is more than 3. But our numerical approximation suggests that it's approaching 3, not 3.627. So, that must be incorrect.

Wait, but maybe D is equal to 3? Let me compute it exactly.

Compute [1 + 3/√11]^2:

First, expand it:

= 1² + 2*1*(3/√11) + (3/√11)²
= 1 + 6/√11 + 9/11
= 1 + 6/√11 + 9/11

Hmm, this is more complicated than the quadratic solution. Since we got 3 from the quadratic equation, and the numerical approximation suggests convergence to 3, D is not 3. So, probably D is not the correct answer.

Wait, but maybe I made a mistake in computing D. Let me double-check.

Wait, no, because 1 + 3/√11 is about 1 + 0.9045, which is about 1.9045, and then squaring that gives about 3.627, which is larger than 3, so D is not 3. So, A is 4, which is too high because our iterations go below 4 and then converge to 3. C) is 2√2 ≈ 2.828, which is also close but not 3. So, D is roughly 3.627, which is more than 3, so it's not correct.

Therefore, B) 3 must be the correct answer, since the quadratic equation gives 3, and the numerical approximation also leads us towards 3.

So, I think the answer is B) 3.

**Final Answer**
\boxed{B}
</think>

Let \( x \) be the value of the infinite nested square root expression \( \sqrt{12 - \sqrt{12 - \sqrt{12 - \cdots}}} \). We can express this as \( x = \sqrt{12 - x} \). Squaring both sides, we get:

\[
x^2 = 12 - x
\]

Rearranging this into a standard quadratic equation form, we have:

\[
x^2 + x - 12 = 0
\]

Using the quadratic formula \( x = \frac{-b \pm \sqrt{b^2 - 4ac}}{2a} \) where \( a = 1 \), \( b = 1 \), and \( c = -12 \), we get:

\[
x = \frac{-1 \pm \sqrt{1^2 - 4 \cdot 1 \cdot (-12)}}{2 \cdot 1}
\]
\[
x = \frac{-1 \pm \sqrt{1 + 48}}{2}
\]
\[
x = \frac{-1 \pm \sqrt{49}}{2}
\]
\[
x = \frac{-1 \pm 7}{2}
\]

This gives us two solutions: \( x = \frac{-1 + 7}{2} = 3 \) and \( x = \frac{-1 - 7}{2} = -4 \). Since \( x \) must be positive, we discard \( x = -4 \) and have \( x = 3 \).

Numerically, we verified that the expression converges to 3. Therefore, the correct answer is:

\[
\boxed{B}
\]"
56,861,B,20,1.0,"Okay, so I have this problem here: Find the value of the infinite nested square root expression √(12 - √(12 - √(12 - ...))). The options are A) 4, B) 3, C) 2√2, and D) [1 + 3/√11]^2. Hmm, interesting. I remember that these kinds of infinite nested radicals can sometimes be solved by setting them equal to a variable and then solving an equation. Let me try that approach.

Let me denote the entire expression as x. So, x = √(12 - √(12 - √(12 - ...))). But wait, since the expression inside the square root is the same as the entire expression, I can substitute x into itself. That means x = √(12 - x). Is that right? Let me check.

Yes, because the expression under the first square root is 12 minus the same expression, which is x. So, substituting, I get x = √(12 - x). Now, to solve for x, I can square both sides to eliminate the square root. Let's do that.

Squaring both sides: x² = 12 - x. Now, I can rearrange this equation to form a quadratic equation. Let's bring all terms to one side: x² + x - 12 = 0. Okay, so now I have a quadratic equation: x² + x - 12 = 0.

To solve this quadratic equation, I can use the quadratic formula. The quadratic formula is x = [-b ± √(b² - 4ac)] / (2a). In this equation, a = 1, b = 1, and c = -12. Plugging these values into the formula:

x = [-1 ± √(1² - 4*1*(-12))] / (2*1)
x = [-1 ± √(1 + 48)] / 2
x = [-1 ± √49] / 2
x = [-1 ± 7] / 2

So, that gives us two possible solutions: x = (-1 + 7)/2 = 6/2 = 3, and x = (-1 - 7)/2 = -8/2 = -4. But since we're dealing with square roots, the value of x must be positive. So, x = 3 is the valid solution.

Wait, but let me double-check. If x = 3, then plugging back into the original equation: √(12 - 3) = √9 = 3, which is correct. So, x = 3 is indeed the solution.

Looking back at the options, B) 3 is one of them. So, is that the answer? Hmm, but let me make sure I didn't make any mistakes in my reasoning.

I assumed that the entire expression equals x, which is a common technique for infinite nested radicals. Let me verify if that's valid here. The expression is √(12 - √(12 - √(12 - ...))), so each time we take the square root, we subtract the same expression again. So, yes, it's a valid substitution.

Also, when I squared both sides, I got x² = 12 - x, which led me to the quadratic equation. Solving that gave me two roots, but only the positive one was valid in this context. So, that seems correct.

Wait, but let me think again. The expression is √(12 - √(12 - √(12 - ...))). If I start plugging in numbers, does it converge to 3? Let me test it numerically.

Let's compute a few iterations:

First iteration: √12 ≈ 3.464
Second iteration: √(12 - 3.464) ≈ √8.536 ≈ 2.","922
Third iteration: √(12 - 2.922) ≈ √9.078 ≈ 3.013
Fourth iteration: √(12 - 3.013) ≈ √8.987 ≈ 2.998
Fifth iteration: √(12 - 2.998) ≈ √9.002 ≈ 3.000

So, it seems to be oscillating around 3 and converging towards it. So, 3 is indeed the fixed point or the limit of this sequence. Therefore, confirming that x = 3 is the correct answer.

Looking back at the options, B is 3, so that should be the answer. But hold on, just to be thorough, let me check the other options to see why they might not be correct. Option A is 4. Let's see if 4 could be a solution.

If x = 4, then plugging back into the equation: √(12 - 4) = √8 ≈ 2.828, which is not 4, so 4 is not a solution. Option C is 2√2, which is approximately 2.828. Let's test that: √(12 - 2.828) ≈ √9.172 ≈ 3.028, which is not 2√2. So, C is not correct.

Option D is [1 + 3/√11]^2. Let's compute that. First, compute 3/√11 ≈ 3 / 3.3166 ≈ 0.904. Then, 1 + 0.904 ≈ 1.904. Squaring that gives approximately (1.904)^2 ≈ 3.625. Which is not equal to 3. Therefore, D is not the correct answer.

So, the only correct answer is B) 3.

Wait, just to make sure, did I interpret the question correctly? It says √(12 - √(12 - √(12 - ...))), so the expression is nested infinitely. So, the substitution method is appropriate here because each radical's value is dependent on the next radical, which is the same expression. So, yes, setting x equal to the entire expression is valid.

Is there another way to approach this? Maybe by recognizing that it's a continued radical. I remember that for some continued radicals, they can be evaluated using techniques similar to solving quadratic equations. So, since it's a nested radical of the form √(a - √(a - √(a - ...))), the value is given by (1 + √(1 - 4a))/2. Wait, is that right? Or was it something else?

Wait, let me recall. I think the general formula for √(a - √(a - √(a - ...))) is [1 + √(1 - 4a)] / 2, but I might be mixing it up. Let me check.

Wait, actually, I think for the infinite radical √(a + √(a + √(a + ...))) the formula is [1 + √(1 + 4a)] / 2. But in our case, it's √(a - √(a - ...)). So, maybe it's different.

Alternatively, perhaps I can consider solving the equation x = √(a - x), which is essentially what I did earlier. So, for a = 12, x = √(12 - x). Squaring both sides gives x² = 12 - x, leading to x² + x - 12 = 0, which we already solved as x = 3.

So, perhaps for this specific case, the formula applies as x = [ -1 + √(1 + 4a) ] / 2, but in our case, it's a bit different because of the negative sign. Wait, let me see.

If I rearrange x² + x - 12 = 0, it's a quadratic equation, so the solution is ( -1 ± √(1 + 48) ) / 2, which is ( -1 ± 7 ) / 2, so 3 or -4. Since x must be positive, it's 3.

Alternatively, perhaps it's better to stick with the substitution method as it's straightforward and doesn't require recalling a specific formula.

Wait, another thought: suppose the expression is x = √(12 - x). Then, x² = 12 - x, so x² + x -12 =0, which factors? Let me check: x² + x -12. Let's try to factor it.

Looking for two numbers that multiply to -12 and add to +1. So, 4 and -3: 4 * (-3) = -12, and 4 + (-3) = 1. So, yes, it factors as (x + 4)(x - 3) = 0. Therefore, x = -4 or x = 3. Again, x must be positive, so x=3.

Therefore, both methods confirm that the solution is 3. So, I'm pretty confident that 3 is the correct answer.

Wait, but let me just think if there's another way to approach this problem, maybe graphically or numerically, to see if 3 is indeed the limit.

If I plot the function f(x) = √(12 - x), starting with an initial guess, say x₀ = 3, then x₁ = √(12 - 3) = √9 = 3, which is exactly the fixed point. So, the sequence converges immediately to 3. If I start with a different initial guess, say x₀ = 4, then x₁ = √(12 - 4) = √8 ≈ 2.828, x₂ = √(12 - 2.828) ≈ √9.172 ≈ 3.028, x₃ ≈ √(12 - 3.028) ≈ √8.972 ≈ 2.995, x₄ ≈ √(12 - 2.995) ≈ √9.005 ≈ 3.000, and so on. So, it converges to 3 regardless of the starting point, as long as it's positive. So, that's another confirmation.

Alternatively, if I start with x₀ = 0, then x₁ = √12 ≈ 3.464, x₂ = √(12 - 3.464) ≈ √8.536 ≈ 2.922, x₃ ≈ √(12 - 2.922) ≈ √9.078 ≈ 3.013, x₄ ≈ √(12 - 3.013) ≈ √8.987 ≈ 2.998, x₅ ≈ √(12 - 2.998) ≈ √9.002 ≈ 3.000. So, again, it's converging to 3.

Therefore, no matter where I start, as long as I take the square root each time, I approach 3.

So, with all that, I think the answer is 3, which is option B.

But hold on, let me check the other options again just to make sure I didn't make a mistake.

Option A: 4. As we saw earlier, if I put x = 4, then the expression would evaluate to √(12 - 4) = √8 ≈ 2.828, which is not 4. So, A is incorrect.

Option C: 2√2 ≈ 2.828. Let's test that. If x = 2√2 ≈ 2.828, then the expression would be √(12 - 2.828) ≈ √9.172 ≈ 3.028, which is not equal to 2√2. So, C is incorrect.

Option D: [1 + 3/√11]^2. Let me calculate that. First, 3/√11 ≈ 3 / 3.3166 ≈ 0.904. Then, 1 + 0.904 ≈ 1.904. Squaring that gives approximately 1.904² ≈ 3.625. So, approximately 3.625, which is not equal to 3. So, D is incorrect.

Therefore, only option B is correct, which is 3.

Just to recap, the problem is asking for the value of the infinite nested radical √(12 - √(12 - √(12 - ...))).

1. I set the entire expression equal to x.
2. Substituted x into itself, leading to x² = 12 - x.
3. Rearranged to form a quadratic equation: x² + x - 12 = 0.
4. Solved the quadratic equation to find x = 3 or x = -4. Since x must be positive, x = 3.
5. Verified by plugging back into the original equation and checking with numerical iterations.
6. Confirmed that 3 is indeed the correct solution.

Thus, after thorough analysis and multiple checks, I'm confident that the correct answer is 3, which is option B.

**Final Answer**
\boxed{B}
</think>

Let \( x \) be the value of the infinite nested square root expression \( \sqrt{12 - \sqrt{12 - \sqrt{12 - \cdots}}} \). We can set up the equation \( x = \sqrt{12 - x} \).

Squaring both sides, we get:
\[ x^2 = 12 - x \]

Rearranging this, we form a quadratic equation:
\[ x^2 + x - 12 = 0 \]

We solve this quadratic equation using the quadratic formula \( x = \frac{-b \pm \sqrt{b^2 - 4ac}}{2a} \), where \( a = 1 \), \( b = 1 \), and \( c = -12 \):
\[ x = \frac{-1 \pm \sqrt{1^2 - 4 \cdot 1 \cdot (-12)}}{2 \cdot 1} \]
\[ x = \frac{-1 \pm \sqrt{1 + 48}}{2} \]
\[ x = \frac{-1 \pm 7}{2} \]

This gives us two solutions:
\[ x = \frac{-1 + 7}{2} = 3 \]
\[ x = \frac{-1 - 7}{2} = -4 \]

Since \( x \) must be positive, we discard the negative solution. Therefore, \( x = 3 \).

We verified this by checking the numerical iterations and found that the expression converges to 3. Checking the other options, we found they do not satisfy the equation.

Thus, the value is \(\boxed{B}\)."
57,865,B,20,1.0,"Okay, so I have this problem here: Find the value of the infinite nested square root expression √(12 - √(12 - √(12 - ...))). The options are A) 4, B) 3, C) 2√2, and D) [1 + 3/√11]^2. Hmm, interesting. I remember that these kinds of infinite nested radicals can sometimes be solved by setting them equal to a variable and then solving an equation. Let me try that approach.

Let me denote the entire expression as x. So, x = √(12 - √(12 - √(12 - ...))). But wait, since the expression inside the square root is the same as the entire expression, I can substitute x into itself. That means x = √(12 - x). Is that right? Let me check.

Yes, because the expression under the first square root is 12 minus the same expression, which is x. So, substituting, I get x = √(12 - x). Now, to solve for x, I can square both sides to eliminate the square root. Let's do that.

Squaring both sides: x² = 12 - x. Now, I can rearrange this equation to form a quadratic equation. Let's bring all terms to one side: x² + x - 12 = 0. Okay, so now I have a quadratic equation: x² + x - 12 = 0.

To solve this quadratic equation, I can use the quadratic formula. The quadratic formula is x = [-b ± √(b² - 4ac)] / (2a). In this equation, a = 1, b = 1, and c = -12. Plugging these values into the formula:

x = [-1 ± √(1² - 4*1*(-12))] / (2*1)
x = [-1 ± √(1 + 48)] / 2
x = [-1 ± √49] / 2
x = [-1 ± 7] / 2

So, that gives us two possible solutions: x = (-1 + 7)/2 = 6/2 = 3, and x = (-1 - 7)/2 = -8/2 = -4. But since we're dealing with square roots, the value of x must be positive. So, x = 3 is the valid solution.

Wait, but let me double-check. If x = 3, then plugging back into the original equation: √(12 - 3) = √9 = 3, which is correct. So, x = 3 is indeed the solution.

Looking back at the options, B) 3 is one of them. So, is that the answer? Hmm, but let me make sure I didn't make any mistakes in my reasoning.

I assumed that the entire expression equals x, which is a common technique for infinite nested radicals. Let me verify if that's valid here. The expression is √(12 - √(12 - √(12 - ...))), so each time we take the square root, we subtract the same expression again. So, yes, it's a valid substitution.

Also, when I squared both sides, I got x² = 12 - x, which led me to the quadratic equation. Solving that gave me two roots, but only the positive one was valid in this context. So, that seems correct.

Wait, but let me think again. The expression is √(12 - √(12 - √(12 - ...))). If I start plugging in numbers, does it converge to 3? Let me test it numerically.

Let's compute a few iterations:

First iteration: √12 ≈ 3.464
Second iteration: √(12 - 3.464) ≈ √8.536 ≈ 2.922
","Third iteration: √(12 - 2.922) ≈ √9.078 ≈ 3.013
Fourth iteration: √(12 - 3.013) ≈ √8.987 ≈ 2.998
Fifth iteration: √(12 - 2.998) ≈ √9.002 ≈ 3.0002

So, it seems to oscillate around 3, getting closer each time. That gives me more confidence that 3 is indeed the correct value.

Therefore, among the options, B) 3 is the answer.

But hold on, the option D is [1 + 3/√11]^2. Hmm, why is that there? Maybe it's a distractor, or perhaps I made a mistake somewhere.

Let me check my quadratic equation again. I had x = √(12 - x), which leads to x² = 12 - x. So, x² + x -12 = 0. Factoring this quadratic: looking for two numbers that multiply to -12 and add to 1. That would be 4 and -3. So, (x + 4)(x - 3) = 0. So, solutions are x = -4 and x = 3, same as before. So, no, I didn't make a mistake here.

Alternatively, maybe the expression is written differently? Wait, the original problem is √(12 - √(12 - √(12 - ...))). So, that's correct. So, I think my conclusion that x = 3 is correct.

But maybe the problem is written with a different number? Wait, 12? Hmm, the problem says 12 inside each radical. Let me just make sure I interpreted it correctly. Yep, it's 12 each time.

Wait, hold on, let me think again. Is there another way to approach this problem?

Maybe using recursion. Let me denote a sequence where a₁ = √12, a₂ = √(12 - a₁), a₃ = √(12 - a₂), and so on. If this sequence converges, its limit will satisfy the same equation as before.

So, a₁ = √12 ≈ 3.464
a₂ = √(12 - 3.464) ≈ √8.536 ≈ 2.922
a₃ = √(12 - 2.922) ≈ √9.078 ≈ 3.013
a₄ = √(12 - 3.013) ≈ √8.987 ≈ 2.998
a₅ = √(12 - 2.998) ≈ √9.002 ≈ 3.0002
a₆ = √(12 - 3.0002) ≈ √8.9998 ≈ 2.99997

So, this converges to 3. So, that's consistent with my earlier result.

But just to be thorough, let me think about the algebra again. I set x = √(12 - x), squared both sides to get x² = 12 - x, rearranged to x² + x -12 = 0, solved for x, got 3 and -4. Since x must be positive, 3 is the solution.

Is there any other possible value? In the quadratic equation, discriminant is 1 + 48 = 49, square root is 7, so the only real solutions are 3 and -4. So, no other real solutions. So, 3 is the only valid solution.

Therefore, I think option B) 3 is correct. But just to make sure, let me check if any of the other options could also satisfy the equation.

Option D is [1 + 3/√11]^2. Let me compute that:

First, compute 3/√11. √11 is approximately 3.3166, so 3/3.3166 ≈ 0.9045.

Then, 1 + 0.9045 ≈ 1.9045. Squaring that: (1.9045)^2 ≈ 3.626.

So, option D is approximately 3.626, which is higher than 3. So, that's not equal to 3. So, D is not the answer.

Option C is 2√2, which is approximately 2.828, which is less than 3. So, that's also not equal to 3.

Option A) 4, which is too high; it's larger than the limit we found.

Therefore, the correct answer is B) 3.

Just to recap, the steps I took were:

1. Let the entire expression be x.
2. Set up the equation x = √(12 - x).
3. Square both sides to eliminate the square root, leading to x² = 12 - x.
4. Form a quadratic equation: x² + x -12 = 0.
5. Solve using quadratic formula, getting x = 3 and x = -4.
6. Discard the negative solution as the expression is positive.
7. Verify by computing iterations and observing convergence to 3.
8. Compare with the given options and confirm that B) 3 is the correct answer.

I think that covers all the steps thoroughly. I don't see any mistakes in my reasoning, so I'm confident that 3 is the right answer.

**Final Answer**
\boxed{B}
</think>

Let \( x \) be the value of the infinite nested square root expression \( \sqrt{12 - \sqrt{12 - \sqrt{12 - \cdots}}} \). Since the expression inside the square root is the same as the entire expression, we can write:

\[ x = \sqrt{12 - x} \]

Squaring both sides to eliminate the square root, we get:

\[ x^2 = 12 - x \]

Rearranging this equation into a standard quadratic form, we have:

\[ x^2 + x - 12 = 0 \]

We solve this quadratic equation using the quadratic formula \( x = \frac{-b \pm \sqrt{b^2 - 4ac}}{2a} \), where \( a = 1 \), \( b = 1 \), and \( c = -12 \):

\[ x = \frac{-1 \pm \sqrt{1^2 - 4 \cdot 1 \cdot (-12)}}{2 \cdot 1} \]
\[ x = \frac{-1 \pm \sqrt{1 + 48}}{2} \]
\[ x = \frac{-1 \pm \sqrt{49}}{2} \]
\[ x = \frac{-1 \pm 7}{2} \]

This gives us two solutions:

\[ x = \frac{-1 + 7}{2} = 3 \]
\[ x = \frac{-1 - 7}{2} = -4 \]

Since \( x \) must be positive, we discard \( x = -4 \). Therefore, the solution is \( x = 3 \).

We verify this by observing that the iterations of the sequence converge to 3. Thus, the value of the infinite nested square root expression is indeed 3.

\[
\boxed{B}
\]"
58,877,B,20,1.0,"Okay, so I have this problem here: Find the value of the infinite nested square root expression √(12 - √(12 - √(12 - ...))). The options are A) 4, B) 3, C) 2√2, and D) [1 + 3/√11]^2. Hmm, interesting. I remember that these kinds of infinite nested radicals can sometimes be solved by setting them equal to a variable and then solving an equation. Let me try that approach.

Let me denote the entire expression as x. So, x = √(12 - √(12 - √(12 - ...))). But wait, since the expression inside the square root is the same as the entire expression, I can substitute x into itself. That means x = √(12 - x). Is that right? Let me check.

Yes, because the expression under the first square root is 12 minus the same expression, which is x. So, substituting, I get x = √(12 - x). Now, to solve for x, I can square both sides to eliminate the square root. Let's do that.

Squaring both sides: x² = 12 - x. Now, I can rearrange this equation to form a quadratic equation. Let's bring all terms to one side: x² + x - 12 = 0. Okay, so now I have a quadratic equation: x² + x - 12 = 0.

To solve this quadratic equation, I can use the quadratic formula. The quadratic formula is x = [-b ± √(b² - 4ac)] / (2a). In this equation, a = 1, b = 1, and c = -12. Plugging these values into the formula:

x = [-1 ± √(1² - 4*1*(-12))] / (2*1)
x = [-1 ± √(1 + 48)] / 2
x = [-1 ± √49] / 2
x = [-1 ± 7] / 2

So, that gives us two possible solutions: x = (-1 + 7)/2 = 6/2 = 3, and x = (-1 - 7)/2 = -8/2 = -4. But since we're dealing with square roots, the value of x must be positive. So, x = 3 is the valid solution.

Wait, but let me double-check. If x = 3, then plugging back into the original equation: √(12 - 3) = √9 = 3, which is correct. So, x = 3 is indeed the solution.

Looking back at the options, B) 3 is one of them. So, is that the answer? Hmm, but let me make sure I didn't make any mistakes in my reasoning.

I assumed that the entire expression equals x, which is a common technique for infinite nested radicals. Let me verify if that's valid here. The expression is √(12 - √(12 - √(12 - ...))), so each time we take the square root, we subtract the same expression again. So, yes, it's a valid substitution.

Also, when I squared both sides, I got x² = 12 - x, which led me to the quadratic equation. Solving that gave me two roots, but only the positive one was valid in this context. So, that seems correct.

Wait, but let me think again. The expression is √(12 - √(12 - √(12 - ...))). If I start plugging in numbers, does it converge to 3? Let me test it numerically.

Let's compute a few iterations:

First iteration: √12 ≈ 3.464
Second iteration: √(12 - 3.464) ≈ √8.536 ≈ 2.922
Third iteration: √(12 - 2.","922) ≈ √9.078 ≈ 3.013
Fourth iteration: √(12 - 3.013) ≈ √8.987 ≈ 2.998
Fifth iteration: √(12 - 2.998) ≈ √9.002 ≈ 3.000

So, it seems to converge to 3. That's a good sign. So, both numerically and algebraically, I get that the value is 3. So, that must be the correct answer, which is option B.

Wait, but just to be thorough, let me check if the other options could somehow also be solutions or if I messed up somewhere.

Option A is 4. If I plug 4 into x, then the expression becomes √(12 - 4) = √8 ≈ 2.828, which is not 4. So, 4 is incorrect.

Option C is 2√2, which is approximately 2.828. If I plug that into the original expression, √(12 - 2√2) ≈ √(12 - 2.828) ≈ √9.172 ≈ 3.028, which is close to 3 but not exactly 3. So, it's not exact, so 2√2 is not the solution.

Option D is [1 + 3/√11]^2. Let me compute that. First, 3/√11 is approximately 3/3.3166 ≈ 0.9045. So, 1 + 0.9045 = 1.9045. Squaring that gives approximately 3.628. But our previous computations showed that the value converges to 3, not approximately 3.628. So, option D is approximately 3.628, which is higher than our calculated value. So, option D is also incorrect.

Therefore, after checking all options, the correct answer is B) 3.

**Final Answer**
\boxed{B}
</think>

Let \( x \) be the value of the infinite nested square root expression \( \sqrt{12 - \sqrt{12 - \sqrt{12 - \cdots}}} \). Since the expression inside the square root is the same as the entire expression, we can substitute \( x \) into itself, leading to the equation:

\[ x = \sqrt{12 - x} \]

Squaring both sides to eliminate the square root, we get:

\[ x^2 = 12 - x \]

Rearranging this into a standard quadratic equation form:

\[ x^2 + x - 12 = 0 \]

We solve this quadratic equation using the quadratic formula \( x = \frac{-b \pm \sqrt{b^2 - 4ac}}{2a} \), where \( a = 1 \), \( b = 1 \), and \( c = -12 \):

\[ x = \frac{-1 \pm \sqrt{1^2 - 4 \cdot 1 \cdot (-12)}}{2 \cdot 1} \]
\[ x = \frac{-1 \pm \sqrt{1 + 48}}{2} \]
\[ x = \frac{-1 \pm \sqrt{49}}{2} \]
\[ x = \frac{-1 \pm 7}{2} \]

This gives us two possible solutions:

\[ x = \frac{-1 + 7}{2} = 3 \]
\[ x = \frac{-1 - 7}{2} = -4 \]

Since \( x \) must be positive, we discard the negative solution, leaving us with \( x = 3 \).

Numerical iterations confirm that the expression converges to 3. Therefore, the value of the expression is 3.

\[
\boxed{B}
\]"
59,887,B,20,1.0,"Okay, so I have this problem here: Find the value of the infinite nested square root expression √(12 - √(12 - √(12 - ...))). The options are A) 4, B) 3, C) 2√2, and D) [1 + 3/√11]^2. Hmm, interesting. I remember that these kinds of infinite nested radicals can sometimes be solved by setting them equal to a variable and then solving an equation. Let me try that approach.

Let me denote the entire expression as x. So, x = √(12 - √(12 - √(12 - ...))). But wait, since the expression inside the square root is the same as the entire expression, I can substitute x into itself. That means x = √(12 - x). Is that right? Let me check.

Yes, because the expression under the first square root is 12 minus the same expression, which is x. So, substituting, I get x = √(12 - x). Now, to solve for x, I can square both sides to eliminate the square root. Let's do that.

Squaring both sides: x² = 12 - x. Now, I can rearrange this equation to form a quadratic equation. Let's bring all terms to one side: x² + x - 12 = 0. Okay, so now I have a quadratic equation: x² + x - 12 = 0.

To solve this quadratic equation, I can use the quadratic formula. The quadratic formula is x = [-b ± √(b² - 4ac)] / (2a). In this equation, a = 1, b = 1, and c = -12. Plugging these values into the formula:

x = [-1 ± √(1² - 4*1*(-12))] / (2*1)
x = [-1 ± √(1 + 48)] / 2
x = [-1 ± √49] / 2
x = [-1 ± 7] / 2

So, that gives us two possible solutions: x = (-1 + 7)/2 = 6/2 = 3, and x = (-1 - 7)/2 = -8/2 = -4. But since we're dealing with square roots, the value of x must be positive. So, x = 3 is the valid solution.

Wait, but let me double-check. If x = 3, then plugging back into the original equation: √(12 - 3) = √9 = 3, which is correct. So, x = 3 is indeed the solution.

Looking back at the options, B) 3 is one of them. So, is that the answer? Hmm, but let me make sure I didn't make any mistakes in my reasoning.

I assumed that the entire expression equals x, which is a common technique for infinite nested radicals. Let me verify if that's valid here. The expression is √(12 - √(12 - √(12 - ...))), so each time we take the square root, we subtract the same expression again. So, yes, it's a valid substitution.

Also, when I squared both sides, I got x² = 12 - x, which led me to the quadratic equation. Solving that gave me two roots, but only the positive one was valid in this context. So, that seems correct.

Wait, but let me think again. The expression is √(12 - √(12 - √(12 - ...))). If I start plugging in numbers, does it converge to 3? Let me test it numerically.

Let's compute a few iterations:

First iteration: √12 ≈ 3.464
Second iteration: √(12 - 3.464) ≈ √8.536 ≈ 2.922
Third iteration: √(12 - 2.922) ≈ √9.","078 ≈ 3.013
Fourth iteration: √(12 - 3.013) ≈ √8.987 ≈ 2.998
Fifth iteration: √(12 - 2.998) ≈ √9.002 ≈ 3.000

Hmm, so it oscillates around 3, getting closer and closer. So, that numerical approach also suggests that 3 is the correct value.

Wait, but I was also given option D as [1 + 3/√11]^2. Let me compute that just to see if it equals 3 or not. Maybe that's another possible answer.

First, compute 1 + 3/√11:
√11 is approximately 3.3166, so 3 divided by that is approximately 0.899. Then, 1 + 0.899 ≈ 1.899. Then, squaring that: (1.899)^2 ≈ 3.608. So, that's approximately 3.608, which is not 3. So, that would not be 3. Therefore, option D is not the answer.

Similarly, let's check option C: 2√2 is approximately 2*1.414 ≈ 2.828, which is also not 3. So, not that.

Option A is 4, which is higher than our result. So, that can't be.

Option B is 3, which we've confirmed both algebraically and numerically.

Therefore, the answer should be B) 3.

But just to make sure, let me think if there's another way this could be approached.

Another method I remember is that sometimes for these infinite nested radicals, if the expression converges, it might satisfy the same equation as the substitution method. So, in this case, the substitution led us to the quadratic equation, and 3 was the solution.

Alternatively, sometimes people use continued fractions or other methods, but in this case, the substitution seems straightforward and effective.

Is there a possibility that another solution exists? We had x = 3 and x = -4, but since the square root cannot be negative, x must be positive, so only 3 is valid.

Therefore, I'm pretty confident that the answer is 3.

**Final Answer**
\boxed{B}
</think>

Let \( x \) be the value of the infinite nested square root expression \( \sqrt{12 - \sqrt{12 - \sqrt{12 - \cdots}}} \). We can set up the equation as \( x = \sqrt{12 - x} \). Squaring both sides, we get:

\[
x^2 = 12 - x
\]

Rearranging this into a quadratic equation, we have:

\[
x^2 + x - 12 = 0
\]

Using the quadratic formula \( x = \frac{-b \pm \sqrt{b^2 - 4ac}}{2a} \) where \( a = 1 \), \( b = 1 \), and \( c = -12 \):

\[
x = \frac{-1 \pm \sqrt{1^2 - 4 \cdot 1 \cdot (-12)}}{2 \cdot 1} = \frac{-1 \pm \sqrt{1 + 48}}{2} = \frac{-1 \pm 7}{2}
\]

This gives us two solutions:

\[
x = \frac{-1 + 7}{2} = 3 \quad \text{and} \quad x = \frac{-1 - 7}{2} = -4
\]

Since \( x \) must be positive, we discard the negative solution. Thus, \( x = 3 \).

Verifying by numerical computation shows the value of the expression converges to 3. Therefore, the value is:

\[
\boxed{B}
\]"
60,895,B,20,1.0,"Okay, so I have this problem here: Find the value of the infinite nested square root expression √(12 - √(12 - √(12 - ...))). The options are A) 4, B) 3, C) 2√2, and D) [1 + 3/√11]^2. Hmm, interesting. I remember that these kinds of infinite nested radicals can sometimes be solved by setting them equal to a variable and then solving an equation. Let me try that approach.

Let me denote the entire expression as x. So, x = √(12 - √(12 - √(12 - ...))). But wait, since the expression inside the square root is the same as the entire expression, I can substitute x into itself. That means x = √(12 - x). Is that right? Let me check.

Yes, because the expression under the first square root is 12 minus the same expression, which is x. So, substituting, I get x = √(12 - x). Now, to solve for x, I can square both sides to eliminate the square root. Let's do that.

Squaring both sides: x² = 12 - x. Now, I can rearrange this equation to form a quadratic equation. Let's bring all terms to one side: x² + x - 12 = 0. Okay, so now I have a quadratic equation: x² + x - 12 = 0.

To solve this quadratic equation, I can use the quadratic formula. The quadratic formula is x = [-b ± √(b² - 4ac)] / (2a). In this equation, a = 1, b = 1, and c = -12. Plugging these values into the formula:

x = [-1 ± √(1² - 4*1*(-12))] / (2*1)
x = [-1 ± √(1 + 48)] / 2
x = [-1 ± √49] / 2
x = [-1 ± 7] / 2

So, that gives us two possible solutions: x = (-1 + 7)/2 = 6/2 = 3, and x = (-1 - 7)/2 = -8/2 = -4. But since we're dealing with square roots, the value of x must be positive. So, x = 3 is the valid solution.

Wait, but let me double-check. If x = 3, then plugging back into the original equation: √(12 - 3) = √9 = 3, which is correct. So, x = 3 is indeed the solution.

Looking back at the options, B) 3 is one of them. So, is that the answer? Hmm, but let me make sure I didn't make any mistakes in my reasoning.

I assumed that the entire expression equals x, which is a common technique for infinite nested radicals. Let me verify if that's valid here. The expression is √(12 - √(12 - √(12 - ...))), so each time we take the square root, we subtract the same expression again. So, yes, it's a valid substitution.

Also, when I squared both sides, I got x² = 12 - x, which led me to the quadratic equation. Solving that gave me two roots, but only the positive one was valid in this context. So, that seems correct.

Wait, but let me think again. The expression is √(12 - √(12 - √(12 - ...))). If I start plugging in numbers, does it converge to 3? Let me test it numerically.

Let's compute a few iterations:

First iteration: √12 ≈ 3.464
Second iteration: √(12 - 3.464) ≈ √8.536 ≈ 2.922
Third iteration: √(12 - 2.922) ≈ √9.078 ≈ 3.","013
Fourth iteration: √(12 - 3.013) ≈ √8.987 ≈ 2.998
Fifth iteration: √(12 - 2.998) ≈ √9.002 ≈ 3.000

Hmm, interesting. It seems like it's oscillating around 3 but getting closer each time. So, yes, it does converge to 3. That makes sense because if x = 3, then each iteration brings us closer to 3. So, that numerical check backs up the analytical solution.

Just to make sure, let me check the other options. Option A is 4. If I plug x = 4 into the original equation, I get √(12 - 4) = √8 ≈ 2.828, which is not equal to 4. So, A is wrong.

Option C is 2√2, which is approximately 2.828. But as we saw, plugging x = 2.828 into the equation gives a smaller result, so that's not equal to x. So, C is also wrong.

Option D is [1 + 3/√11]^2. Let me compute that numerically. First, √11 is approximately 3.3166. So, 3 divided by that is approximately 0.899. Adding 1 gives 1.899, and squaring that gives approximately 3.608. But 3.608 is not equal to 3, so D is not correct either.

Wait, but just for thoroughness, let me compute D step by step:

[1 + 3/√11]^2 = [1 + 3/(√11)]².

Compute 3/√11: √11 is about 3.3166, so 3 divided by that is approximately 0.899.

Adding 1: 1 + 0.899 = 1.899.

Now, square that: 1.899² ≈ 3.608.

So, that's not 3, which is our solution. So, D is incorrect.

Therefore, the only correct answer is B) 3.

I think I've covered all the bases here. The substitution method worked, the numerical approximation also suggests that it converges to 3, and none of the other options are correct. So, I can confidently say that the answer is B) 3.

**Final Answer**
\boxed{B}
</think>

Let \( x \) be the value of the infinite nested square root expression \( \sqrt{12 - \sqrt{12 - \sqrt{12 - \cdots}}} \). 

We start by setting up the equation:
\[ x = \sqrt{12 - x} \]

To solve for \( x \), we square both sides:
\[ x^2 = 12 - x \]

Rearranging this into a standard quadratic equation form, we get:
\[ x^2 + x - 12 = 0 \]

We solve this quadratic equation using the quadratic formula \( x = \frac{-b \pm \sqrt{b^2 - 4ac}}{2a} \), where \( a = 1 \), \( b = 1 \), and \( c = -12 \):
\[ x = \frac{-1 \pm \sqrt{1^2 - 4 \cdot 1 \cdot (-12)}}{2 \cdot 1} \]
\[ x = \frac{-1 \pm \sqrt{1 + 48}}{2} \]
\[ x = \frac{-1 \pm \sqrt{49}}{2} \]
\[ x = \frac{-1 \pm 7}{2} \]

This gives us two solutions:
\[ x = \frac{-1 + 7}{2} = 3 \]
\[ x = \frac{-1 - 7}{2} = -4 \]

Since \( x \) must be positive, we have \( x = 3 \).

To verify, we substitute \( x = 3 \) back into the original equation:
\[ \sqrt{12 - 3} = \sqrt{9} = 3 \]

Thus, the value of the infinite nested square root expression is \( 3 \).

The final answer is \(\boxed{B}\)."
61,899,B,20,1.0,"Okay, so I have this problem here: Find the value of the infinite nested square root expression √(12 - √(12 - √(12 - ...))). The options are A) 4, B) 3, C) 2√2, and D) [1 + 3/√11]^2. Hmm, interesting. I remember that these kinds of infinite nested radicals can sometimes be solved by setting them equal to a variable and then solving an equation. Let me try that approach.

Let me denote the entire expression as x. So, x = √(12 - √(12 - √(12 - ...))). But wait, since the expression inside the square root is the same as the entire expression, I can substitute x into itself. That means x = √(12 - x). Is that right? Let me check.

Yes, because the expression under the first square root is 12 minus the same expression, which is x. So, substituting, I get x = √(12 - x). Now, to solve for x, I can square both sides to eliminate the square root. Let's do that.

Squaring both sides: x² = 12 - x. Now, I can rearrange this equation to form a quadratic equation. Let's bring all terms to one side: x² + x - 12 = 0. Okay, so now I have a quadratic equation: x² + x - 12 = 0.

To solve this quadratic equation, I can use the quadratic formula. The quadratic formula is x = [-b ± √(b² - 4ac)] / (2a). In this equation, a = 1, b = 1, and c = -12. Plugging these values into the formula:

x = [-1 ± √(1² - 4*1*(-12))] / (2*1)
x = [-1 ± √(1 + 48)] / 2
x = [-1 ± √49] / 2
x = [-1 ± 7] / 2

So, that gives us two possible solutions: x = (-1 + 7)/2 = 6/2 = 3, and x = (-1 - 7)/2 = -8/2 = -4. But since we're dealing with square roots, the value of x must be positive. So, x = 3 is the valid solution.

Wait, but let me double-check. If x = 3, then plugging back into the original equation: √(12 - 3) = √9 = 3, which is correct. So, x = 3 is indeed the solution.

Looking back at the options, B) 3 is one of them. So, is that the answer? Hmm, but let me make sure I didn't make any mistakes in my reasoning.

I assumed that the entire expression equals x, which is a common technique for infinite nested radicals. Let me verify if that's valid here. The expression is √(12 - √(12 - √(12 - ...))), so each time we take the square root, we subtract the same expression again. So, yes, it's a valid substitution.

Also, when I squared both sides, I got x² = 12 - x, which led me to the quadratic equation. Solving that gave me two roots, but only the positive one was valid in this context. So, that seems correct.

Wait, but let me think again. The expression is √(12 - √(12 - √(12 - ...))). If I start plugging in numbers, does it converge to 3? Let me test it numerically.

Let's compute a few iterations:

First iteration: √12 ≈ 3.464
Second iteration: √(12 - 3.464) ≈ √8.536 ≈ 2.922
Third iteration: √(12 - 2.922) ≈ √9.078 ≈ 3.013
","Fourth iteration: √(12 - 3.013) ≈ √8.987 ≈ 2.998
Fifth iteration: √(12 - 2.998) ≈ √9.002 ≈ 3.000

Hmm, interesting. It seems to be oscillating around 3, getting closer each time. So, yes, it does seem to converge to 3.

Therefore, my earlier conclusion seems solid. The value is 3, which is option B.

Wait, but let me check the other options just to be thorough. Option A is 4. If I plug 4 into the original expression, I get √(12 - 4) = √8 ≈ 2.828, which is not 4. So, that doesn't work.

Option C: 2√2 ≈ 2.828. As I saw earlier, plugging that into the expression gives a value around 2.922, which is close, but not exactly 2√2. Maybe it converges to that? Let me compute a few more iterations.

Fifth iteration: ≈ 3.000
Sixth iteration: √(12 - 3) = √9 = 3
Wait, so after the fifth iteration, it was already 3.000, so it doesn't converge to 2√2. So, option C is incorrect.

Option D: [1 + 3/√11]^2. Let's compute that numerically. First, √11 ≈ 3.3166, so 3/√11 ≈ 0.9045. Then, 1 + 0.9045 ≈ 1.9045. Squaring that, (1.9045)^2 ≈ 3.627. But earlier, when I computed numerically, the value was oscillating around 3. So, 3.627 is higher than 3. So, that seems inconsistent. Maybe I made a mistake here.

Wait, perhaps I miscalculated. Wait, [1 + 3/√11]^2 is approximately (1 + 3/3.3166)^2. 3 divided by 3.3166 is approximately 0.9045. So, 1 + 0.9045 is 1.9045, and squaring that gives approximately 3.627, as I said. So, that's higher than 3. Wait, but according to my earlier iterative calculation, the value seems to approach 3. Maybe the expression in option D is incorrect.

Alternatively, perhaps I made a mistake in interpreting the options. The options are given as A) 4, B) 3, C) 2√2, D) [1 + 3/√11]^2.

Wait, is [1 + 3/√11]^2 equal to something else? Let me compute [1 + 3/√11]^2 more accurately.

First, √11 ≈ 3.31662479036. So, 3/√11 ≈ 3 / 3.31662479036 ≈ 0.90450849718. Adding 1 gives 1.90450849718. Squaring that: 1.90450849718^2.

Calculating that: 1.9^2 = 3.61; 0.00450849718^2 is negligible. Cross term: 2*1.9*0.00450849718 ≈ 0.01713. So, total is approximately 3.61 + 0.01713 ≈ 3.627. So, approximately 3.627, which is higher than 3.

Therefore, if my earlier iterative calculation was approaching 3, then option D is not 3, but approximately 3.627, which is different. So, that can't be the answer.

Therefore, the only correct answer among the options is B) 3.

But just to double-check, let me consider if there's another way the expression could converge to another value. For example, is there a chance that if I change the substitution? Wait, x = √(12 - x) is the equation I set up. Solving that gives x = 3. Is there any other solution?

Wait, let me think again about the quadratic equation: x² + x - 12 = 0. The solutions are x = [-1 ± √(1 + 48)] / 2, which is [-1 ± 7]/2, so x = 3 or x = -4. Since x must be positive, x = 3 is the only valid solution. So, that's confirmed.

Therefore, I think I can confidently say that the value is 3, which is option B.

**Final Answer**
\boxed{B}
</think>

Let \( x = \sqrt{12 - \sqrt{12 - \sqrt{12 - \cdots}}} \). Since the expression inside the square root is the same as the entire expression, we can substitute \( x \) into itself, giving us the equation:

\[ x = \sqrt{12 - x} \]

Squaring both sides to eliminate the square root, we get:

\[ x^2 = 12 - x \]

Rearranging this into a standard quadratic equation form, we have:

\[ x^2 + x - 12 = 0 \]

Using the quadratic formula \( x = \frac{-b \pm \sqrt{b^2 - 4ac}}{2a} \) with \( a = 1 \), \( b = 1 \), and \( c = -12 \), we get:

\[ x = \frac{-1 \pm \sqrt{1^2 - 4 \cdot 1 \cdot (-12)}}{2 \cdot 1} \]
\[ x = \frac{-1 \pm \sqrt{1 + 48}}{2} \]
\[ x = \frac{-1 \pm 7}{2} \]

This gives us two solutions: \( x = \frac{6}{2} = 3 \) and \( x = \frac{-8}{2} = -4 \). Since \( x \) must be positive, we discard the negative solution, leaving us with \( x = 3 \).

Thus, the value of the infinite nested square root expression is \( 3 \).

The final answer is \(\boxed{B}\)."
62,911,B,20,1.0,"Okay, so I have this problem here: Find the value of the infinite nested square root expression √(12 - √(12 - √(12 - ...))). The options are A) 4, B) 3, C) 2√2, and D) [1 + 3/√11]^2. Hmm, interesting. I remember that these kinds of infinite nested radicals can sometimes be solved by setting them equal to a variable and then solving an equation. Let me try that approach.

Let me denote the entire expression as x. So, x = √(12 - √(12 - √(12 - ...))). But wait, since the expression inside the square root is the same as the entire expression, I can substitute x into itself. That means x = √(12 - x). Is that right? Let me check.

Yes, because the expression under the first square root is 12 minus the same expression, which is x. So, substituting, I get x = √(12 - x). Now, to solve for x, I can square both sides to eliminate the square root. Let's do that.

Squaring both sides: x² = 12 - x. Now, I can rearrange this equation to form a quadratic equation. Let's bring all terms to one side: x² + x - 12 = 0. Okay, so now I have a quadratic equation: x² + x - 12 = 0.

To solve this quadratic equation, I can use the quadratic formula. The quadratic formula is x = [-b ± √(b² - 4ac)] / (2a). In this equation, a = 1, b = 1, and c = -12. Plugging these values into the formula:

x = [-1 ± √(1² - 4*1*(-12))] / (2*1)
x = [-1 ± √(1 + 48)] / 2
x = [-1 ± √49] / 2
x = [-1 ± 7] / 2

So, that gives us two possible solutions: x = (-1 + 7)/2 = 6/2 = 3, and x = (-1 - 7)/2 = -8/2 = -4. But since we're dealing with square roots, the value of x must be positive. So, x = 3 is the valid solution.

Wait, but let me double-check. If x = 3, then plugging back into the original equation: √(12 - 3) = √9 = 3, which is correct. So, x = 3 is indeed the solution.

Looking back at the options, B) 3 is one of them. So, is that the answer? Hmm, but let me make sure I didn't make any mistakes in my reasoning.

I assumed that the entire expression equals x, which is a common technique for infinite nested radicals. Let me verify if that's valid here. The expression is √(12 - √(12 - √(12 - ...))), so each time we take the square root, we subtract the same expression again. So, yes, it's a valid substitution.

Also, when I squared both sides, I got x² = 12 - x, which led me to the quadratic equation. Solving that gave me two roots, but only the positive one was valid in this context. So, that seems correct.

Wait, but let me think again. The expression is √(12 - √(12 - √(12 - ...))). If I start plugging in numbers, does it converge to 3? Let me test it numerically.

Let's compute a few iterations:

First iteration: √12 ≈ 3.464
Second iteration: √(12 - 3.464) ≈ √8.536 ≈ 2.922
Third iteration: √(12 - 2.922) ≈ √9.078 ≈ 3.013
Fourth iteration: √(12 - 3.","013) ≈ √8.987 ≈ 2.998
Fifth iteration: √(12 - 2.998) ≈ √9.002 ≈ 3.0003

Hmm, it seems to oscillate around 3 but converges towards it. So, yeah, numerically, it also gives me 3. So, that seems to confirm that x=3 is the correct answer.

Therefore, the value of the expression is 3, which is option B.

But wait, just to be thorough, let me check option D: [1 + 3/√11]^2. Let me compute that and see if it's equal to 3 or not.

First, compute 3/√11: √11 is approximately 3.3166, so 3 divided by 3.3166 is approximately 0.9045.

Then, 1 + 0.9045 is approximately 1.9045. Then, squaring that: 1.9045² ≈ 3.627. Hmm, that's approximately 3.627, which is higher than 3. So, that's not equal to 3. So, option D is not the answer.

Alternatively, maybe I made a mistake in the calculation? Let me double-check:

Compute 3/√11: √11 ≈ 3.3166, so 3 / 3.3166 ≈ 0.9045. Then, 1 + 0.9045 ≈ 1.9045. Squaring that: (1.9045)² = (approx) 3.627, as above.

But the value we found earlier is 3. So, that's not 3.627. So, D is not the answer.

Wait, what about option C: 2√2, which is approximately 2.828. Hmm, that's also a different number. So, it's not 3 either.

Option A is 4. Well, 4 is greater than 3, so that's not it.

So, the only valid answer is B) 3, which matches both the algebraic solution and the numerical approximation.

Therefore, I'm confident that the correct answer is 3, which is option B.

**Final Answer**
\boxed{B}
</think>

Let \( x \) be the value of the infinite nested square root expression \( \sqrt{12 - \sqrt{12 - \sqrt{12 - \cdots}}} \). Since the expression inside the square root is the same as the entire expression, we can write:

\[ x = \sqrt{12 - x} \]

Squaring both sides to eliminate the square root, we get:

\[ x^2 = 12 - x \]

Rearranging this equation into a standard quadratic form, we have:

\[ x^2 + x - 12 = 0 \]

We solve this quadratic equation using the quadratic formula \( x = \frac{-b \pm \sqrt{b^2 - 4ac}}{2a} \), where \( a = 1 \), \( b = 1 \), and \( c = -12 \):

\[ x = \frac{-1 \pm \sqrt{1^2 - 4 \cdot 1 \cdot (-12)}}{2 \cdot 1} \]
\[ x = \frac{-1 \pm \sqrt{1 + 48}}{2} \]
\[ x = \frac{-1 \pm \sqrt{49}}{2} \]
\[ x = \frac{-1 \pm 7}{2} \]

This gives us two possible solutions:

\[ x = \frac{-1 + 7}{2} = 3 \]
\[ x = \frac{-1 - 7}{2} = -4 \]

Since the value of \( x \) must be positive, we discard the negative solution. Therefore, \( x = 3 \).

To verify, we substitute \( x = 3 \) back into the original equation:

\[ \sqrt{12 - 3} = \sqrt{9} = 3 \]

This is correct, confirming that \( x = 3 \) is the solution. Numerical iterations also support this result, oscillating around 3 and converging to it.

Thus, the value of the expression is \( 3 \), which corresponds to option B.

\[
\boxed{B}
\]"
63,921,B,20,1.0,"Okay, so I have this problem here: Find the value of the infinite nested square root expression √(12 - √(12 - √(12 - ...))). The options are A) 4, B) 3, C) 2√2, and D) [1 + 3/√11]^2. Hmm, interesting. I remember that these kinds of infinite nested radicals can sometimes be solved by setting them equal to a variable and then solving an equation. Let me try that approach.

Let me denote the entire expression as x. So, x = √(12 - √(12 - √(12 - ...))). But wait, since the expression inside the square root is the same as the entire expression, I can substitute x into itself. That means x = √(12 - x). Is that right? Let me check.

Yes, because the expression under the first square root is 12 minus the same expression, which is x. So, substituting, I get x = √(12 - x). Now, to solve for x, I can square both sides to eliminate the square root. Let's do that.

Squaring both sides: x² = 12 - x. Now, I can rearrange this equation to form a quadratic equation. Let's bring all terms to one side: x² + x - 12 = 0. Okay, so now I have a quadratic equation: x² + x - 12 = 0.

To solve this quadratic equation, I can use the quadratic formula. The quadratic formula is x = [-b ± √(b² - 4ac)] / (2a). In this equation, a = 1, b = 1, and c = -12. Plugging these values into the formula:

x = [-1 ± √(1² - 4*1*(-12))] / (2*1)
x = [-1 ± √(1 + 48)] / 2
x = [-1 ± √49] / 2
x = [-1 ± 7] / 2

So, that gives us two possible solutions: x = (-1 + 7)/2 = 6/2 = 3, and x = (-1 - 7)/2 = -8/2 = -4. But since we're dealing with square roots, the value of x must be positive. So, x = 3 is the valid solution.

Wait, but let me double-check. If x = 3, then plugging back into the original equation: √(12 - 3) = √9 = 3, which is correct. So, x = 3 is indeed the solution.

Looking back at the options, B) 3 is one of them. So, is that the answer? Hmm, but let me make sure I didn't make any mistakes in my reasoning.

I assumed that the entire expression equals x, which is a common technique for infinite nested radicals. Let me verify if that's valid here. The expression is √(12 - √(12 - √(12 - ...))), so each time we take the square root, we subtract the same expression again. So, yes, it's a valid substitution.

Also, when I squared both sides, I got x² = 12 - x, which led me to the quadratic equation. Solving that gave me two roots, but only the positive one was valid in this context. So, that seems correct.

Wait, but let me think again. The expression is √(12 - √(12 - √(12 - ...))). If I start plugging in numbers, does it converge to 3? Let me test it numerically.

Let's compute a few iterations:

First iteration: √12 ≈ 3.464
Second iteration: √(12 - 3.464) ≈ √8.536 ≈ 2.922
Third iteration: √(12 - 2.922) ≈ √9.078 ≈ 3.013
Fourth iteration: √(12 - 3.013) ≈ √8.","987 ≈ 2.998
Fifth iteration: √(12 - 2.998) ≈ √9.002 ≈ 3.000

So, it seems to oscillate around 3, getting closer each time. So, that's consistent with the algebraic solution. Therefore, 3 is the correct answer. So, option B.

But wait, hold on a second. The options are A) 4, B) 3, C) 2√2, D) [1 + 3/√11]^2. So, 3 is an option, but just to be thorough, is there any chance that the answer is 4?

Let me see. If I thought the expression was √(12 + √(12 + √(12 + ...))), then that would be a different problem, but in this case, it's a minus sign inside. So, no, 4 wouldn't be the case.

Alternatively, maybe the expression is of a different form. Let me go back to the problem statement. It says √(12 - √(12 - √(12 - ...))). So, the structure is clear: each time you subtract the same nested radical from 12. So, the substitution method is appropriate.

Wait, but perhaps I should consider if the problem is written with a different interpretation. Maybe if the expression was √12 - √(√12 - √(√12 - ...)). But that seems less likely. The notation is sequential: √12 - √(12 - √(12 - ...)), so each radical is one level deeper.

Hmm, another thought: is 3 actually correct? Because if I set x = √(12 - x), then x² = 12 - x, so x² + x - 12 = 0. The quadratic equation as solved gives x = 3 or x = -4. Since x must be positive, 3 is the only solution. So that seems right.

Alternatively, maybe the problem is written in a way where the entire expression is inside a square root, but the expression is √12 - √(12 - √(12 - ...)). But that's a different expression. Let me parse the original problem again: ""Find the value of √12 - √(12 - √(12 - √(12 - ...)))."" So, it's √(12 - √(12 - √(12 - ...))) which is different from √12 - √(12 - ...). So, the former is a square root of a square root, while the latter is a subtraction of square roots. So, correct substitution is the square root of (12 - x).

If the problem was √12 - √(12 - √(12 - ...)), then the equation would be x = √12 - √(12 - x). That's a different equation altogether.

Let me try solving that just in case, although it seems less likely. So, x = √12 - √(12 - x). That's more complicated, but maybe let's see.

First, rearrange: √(12 - x) = √12 - x.

Now, square both sides: 12 - x = (√12 - x)².

Expanding the right side: (√12)² - 2√12 x + x² = 12 - 2√12 x + x².

So, 12 - x = 12 - 2√12 x + x².

Subtract 12 from both sides: -x = -2√12 x + x².

Bring all terms to one side: x² - 2√12 x + x = 0.

Factor x: x(x - 2√12 + 1) = 0.

So, x = 0 or x = 2√12 - 1.

Simplify 2√12: √12 is 2√3, so 2*2√3 = 4√3. So, x = 4√3 -1 ≈ 4*1.732 -1 ≈ 6.928 -1 ≈ 5.928.

But wait, if x is approximately 5.928, then plug back into the original equation: x = √12 - √(12 - x). Let's check:

Left side: x ≈5.928.

Right side: √12 ≈3.464, √(12 - x) ≈ √(12 -5.928) ≈√6.072≈2.464. So, 3.464 -2.464≈1.0. But left side is 5.928, which is not equal to 1.0. So, this suggests that the solution x=5.928 does not satisfy the equation, which means this approach is flawed.

Wait, but how did we get that? When we squared both sides, we might have introduced an extraneous solution. So, perhaps x=0 is a solution, but x=0 doesn't make sense in the context because each radical is positive. So, the only plausible solution is x=4√3 -1, which is approximately 5.928, but as we saw, it doesn't satisfy the equation. So, that must mean that this approach is not valid, implying that the original expression under consideration isn't a simple subtraction of radicals.

Therefore, going back, the correct interpretation is that the entire expression is a square root of (12 - the same expression). So, the substitution x = √(12 - x) is correct, leading us to x=3. So, the value is 3, which is option B.

But hold on, the options also include D) [1 + 3/√11]^2. Let me compute what that is numerically to see if it's also 3 or something else.

Compute 1 + 3/√11: √11 is approximately 3.3166, so 3/√11≈0.904, so 1 + 0.904≈1.904. Then, squaring that: 1.904²≈3.625. So, approximately 3.625, which is more than 3. So, that's a different number.

So, 3.625 is not equal to 3, so if we had D as an option, then it would not be correct, unless perhaps I made an error in interpreting the problem.

But let's make sure. Is the problem √(12 - √(12 - √(12 - ...))) or √12 - √(12 - √(12 - ...))? The problem says ""Find the value of √12 - √(12 - √(12 - √(12 - ...)))."" So, that's definitely the former, the square root of (12 minus the square root expression), which leads us to x=3.

Wait, but maybe I misread the problem. Maybe it's √12 - √12 - √12 - ...? That is, an infinite sequence of square roots subtracted. But that would be an infinite series, which is not the case here. The problem says ""sqrt(12 - sqrt(12 - sqrt(12 - ...)))"", so each term is subtracted from 12, and the square root is applied to the entire series.

Therefore, my initial approach was correct, and the answer is 3, which is option B.

But hold on, looking back at the options, D) is [1 + 3/√11]^2. Let me compute that:

1 + 3/√11 ≈1 + 3/3.3166≈1 + 0.904≈1.904

Square of that: (1.904)^2≈3.625, which is roughly 3.625. Let me see if that's equal to 3 or not. 3 is 3.0, so 3.625 is more than that. So, that's inconsistent with our previous conclusion.

Alternatively, maybe I made a mistake in the substitution. Let me try to solve the equation again.

We had x = √(12 - x). So, squaring both sides gives x² = 12 - x, so x² + x -12 =0.

Quadratic formula: x = [-b ± √(b² -4ac)]/(2a) where a=1, b=1, c=-12.

So, discriminant: 1 + 48=49, so sqrt(49)=7.

Thus, x=( -1 +7)/2=6/2=3, and x=( -1 -7)/2=-8/2=-4. So, x=3 is the only valid solution.

So, that's correct. Therefore, perhaps D is a distractor, or maybe it's a different problem. Let me check the problem once again.

Wait, the problem is written as ""Find the value of √12 - √(12 - √(12 - √(12 - ...)))"". So, that's √12 minus the nested radical, right?

So, that's different from √(12 - √(12 - √(12 - ...))).

Wait, maybe I miscalculated the substitution for the latter.

Suppose y = √12 - √(12 - y). Then, y = √12 - √(12 - y). Let me try solving this.

First, let's write down the equation:

y = √12 - √(12 - y)

Let me denote √(12 - y) as z. Then, z = √(12 - y), so z² = 12 - y, so y = 12 - z².

Plugging back into the equation: y = √12 - z. But since y =12 - z², then 12 - z² = √12 - z.

So, 12 - z² - √12 + z =0.

That's a quadratic in terms of z: -z² + z + (12 - √12)=0.

Multiply both sides by -1: z² - z - (12 - √12)=0.

So, z² - z -12 + √12 =0.

Using quadratic formula: z = [1 ± √(1 + 4*(12 - √12))]/2.

Compute discriminant: 1 + 48 -4√12=49 -4√12.

Hmm, 4√12 is 4*2*sqrt(3)=8√3≈8*1.732≈13.856.

So, discriminant≈49 -13.856≈35.144.

So, sqrt(35.144)≈5.93.

Therefore, z≈[1 +5.93]/2≈6.93/2≈3.465 or z≈[1 -5.93]/2≈-4.93/2≈-2.465. Since z is a square root, it must be non-negative, so z≈3.465.

Then, y=12 - z²≈12 - (3.465)^2≈12 - 12≈0. So, y≈0.

Wait, but y is √12 - z, which is approximately 3.464 -3.465≈-0.001. So, approximately zero.

But this is conflicting because y must be positive. So, perhaps this approach is leading us to a contradiction, meaning that this equation doesn't have a solution in positive real numbers.

Therefore, perhaps the expression √12 - √(12 - √(12 - ...)) doesn't converge to a real number? Or maybe it does, but we need to approach it differently.

Alternatively, perhaps the expression is different. Maybe it's √12 - √(12 - √(12 - ...)), but the negative sign is on the square root, so it's actually √(12) - √(12 - √(12 - ...)), which is what I thought earlier.

But in that case, solving x = √12 - √(12 - x) leads to a quadratic equation but with an extraneous solution. So, perhaps the original expression doesn't converge? Or maybe I need to approach it differently.

Wait, when I tried the first approach, the expression converges to 3, but the second approach where I subtract square roots doesn't. Maybe the problem is ambiguous or I misread it.

Wait, actually, in the problem statement, it's written as ""Find the value of √12 - √(12 - √(12 - √(12 - ...)))"". So, each time, you take the square root of 12 minus the previous term. So, the first operation is √12, then √(12 - √12), then √(12 - √(12 - √12)), and so on.

So, that's an infinite nested square root where each time, you subtract the previous term. So, the expression is:

√12 - √(12 - √12) + √(12 - √(12 - √12)) - ... and so on? Wait, no, it's just an infinite sequence of square roots subtracted from 12.

Wait, no. The expression is √12 - √(12 - √(12 - √(12 - ...))). So, it's √12 minus the nested radical. So, only the first square root is √12, the second is √(12 - √12), and so on.

So, the expression is: √12 - √(12 - √12) + √(12 - √(12 - √12)) - ... but that seems like an alternating series, which might not converge.

Alternatively, maybe it's just √12 minus the nested radical starting from the second term. So, the expression is √12 - √(12 - √(12 - √(12 - ...))).

But then, as I thought earlier, solving x = √12 - √(12 - x). So, let's try that, even though it led to an extraneous solution.

Let me set x = √12 - √(12 - x). Then, as before, x = 3.464 - √(12 - 3.464)=3.464 - √8.536≈3.464 -2.922≈0.542. So, x≈0.542. Then, plug back into the equation: 0.542≈√12 - √(12 -0.542)=3.464 - √11.458≈3.464 -3.385≈0.079. So, 0.542≈0.079? No, that doesn't make sense.

So, that suggests that the equation x = √12 - √(12 - x) does not have a solution in positive numbers. Wait, maybe the solution is imaginary?

Wait, let's check: If x is negative, it can make sense. Let me try x≈-0.542.

Then, x = √12 - √(12 - x)=3.464 - √(12 - (-0.542))=3.464 - √12.542≈3.464 -3.542≈-0.078. So, x≈-0.542≈-0.078? Not exactly, but close.

So, it seems that the equation x = √12 - √(12 - x) converges to a negative solution, but since x is supposed to be positive (as it's a square root expression), there's no solution. So, that suggests that the expression √12 - √(12 - √(12 - ...)) doesn't converge to a real number. So, that would be problematic.

Alternatively, perhaps the problem is that the first term is √12, and the rest is √(12 - ...), so it's √12 - √(12 - √(12 - ...)). So, that is, the expression is √12 minus the rest, which is a nested radical. So, starting from the first term, it's √12 - the nested radical starting at the next level.

But in that case, the expression is √12 - (√(12 - √(12 - √(12 - ...)))). So, maybe I should denote the entire nested radical as x, so x = √(12 - x). Then, x = √(12 - x). Squaring both sides: x² = 12 -x. So, x² +x -12=0. Then, solution is x=( -1 + sqrt(49))/2 =6/2=3. So, x=3.

Therefore, the expression is √12 -3 ≈3.464 -3=0.464. So, positive. So, the expression is √12 -3, which is approximately 0.464, not 3. So, that suggests that the original expression is approximately 0.464, not 3.

But earlier, when I set x = √(12 - x), I assumed that x is the entire expression, but in reality, the first term is √12, and the rest is the nested radical, so x=√12 - the nested radical, which is equal to √12 - x'. So, if I set x = √(12 - x'), but then x' is another expression.

Wait, this is getting a bit confusing. Let me try to clarify.

Let me denote the entire nested radical as x. So, x = √(12 - x""). Where x"" is another nested radical starting at the second level. But x"" is actually the same as x, because the pattern repeats.

Thus, x = √(12 - x). So, solving for x gives x=3, as before. Therefore, the value of the expression is x=3, so the entire expression is 3.

But wait, but the expression is √12 - x, which is 3.464 -3≈0.464, so that would be the value of the entire expression.

Wait, no. Let me parse the original expression again: √12 - √(12 - √(12 - √(12 - ...))).

So, the expression is √12 minus the nested radical starting from the second term. So, it's √12 - (√(12 - √(12 - √(12 - ...)))).

Therefore, if the nested radical is x, then the expression is √12 - x.

But then, if x is the nested radical √(12 - x), so x=√(12 - x).

Thus, we have x=√(12 -x). Squaring both sides, x²=12 -x, so x² +x -12=0.

Solutions are x=(-1 ±√(1 +48))/2=(-1 ±7)/2. So, x=3 or x=-4. Since x must be positive, x=3.

Thus, the expression is √12 -x=3.464 -3≈0.464, which is the value of the entire expression.

Wait, now I am really confused because I thought the expression was √(12 - ...), but it's √12 minus the nested radical.

Wait, perhaps I should use a different variable for the nested radical.

Let me denote the entire nested radical as x, then the expression is √12 -x, and x=√(12 -x).

So, x=√(12 -x). Therefore, same as before, x=3.

So, the value of the expression is √12 -3≈0.464, not 3. So, that contradicts my initial thought.

Wait, so if the nested radical is x=√(12 -x), then the entire expression is √12 -x≈0.464, not 3. So, I think my confusion arises from whether the initial √12 is part of the same structure as the nested radical or not.

Wait, let me read the problem again: ""Find the value of √12 - √(12 - √(12 - √(12 - ...))))"". So, actually, it's √12 minus √(12 - √(12 - √(12 - ...))).

Thus, the entire expression is √12 minus the nested radical. So, the nested radical is denoted as x, which is √(12 -x). Therefore, the expression is √12 -x, where x=√(12 -x). Solving for x gives x=3, so the expression is √12 -3≈0.464.

But in the problem statement, the options are A)4, B)3, C)2√2, D)[1 + 3√11]^2. So, 3 is an option, but 0.464 is not. So, perhaps my substitution is wrong.

Alternatively, perhaps the problem is written differently. Maybe it's √(12 - √(12 - √(12 - ...))), without the initial √12. So, that would be an infinite nested radical starting with √12, which is a different expression.

If that's the case, then let me solve x = √(12 - √(12 - √(12 - ...))).

Then, x=√(12 -x). Squaring both sides: x²=12 -x. So, x² +x -12=0. The solutions are x=(-1 ±√(1 +48))/2=(-1 ±7)/2. So, x=3 or x=-4. So, x=3 is the valid solution. So, the value is 3, which is option B.

But in the problem, the expression is √12 - √(12 - √(12 - √(12 - ...))).

So, that's different. So, if the problem is written as √12 - √(12 - √(12 - √(12 - ...))}, then it's two different things: one is the square root of 12, minus another square root.

Therefore, perhaps the problem is written as a subtraction of two infinite nested radicals: √12 - √(12 - √(12 - ...))}, which is different from an infinite nested radical starting with √12.

Thus, depending on how it's written, the expression could have two different interpretations, leading to different solutions. Since the problem is written as √12 - √(12 - √(12 - √(12 - ...)))), so it's √12 minus the nested radical, which is 3.464 -3≈0.464.

But 0.464 is not one of the options. So, that must mean that my initial interpretation is wrong, or that the problem was miswritten. Alternatively, maybe I'm overcomplicating it.

Wait, looking back at the problem: ""Find the value of √12 - √(12 - √(12 - √(12 - ...))]."" So, it's indeed the square root of 12 minus the nested radical. So, with that, the expression is approx 0.464, which is not 3, so 3 is not the answer.

But then, 3 is an option, so maybe 3 is correct if the problem was √(12 - √(12 - √(12 - ...)}), which converges to 3.

But given the problem as stated, the answer is approximately 0.464, which is not one of the options. So, perhaps I made a miscalculation.

Wait, is my numerical calculation correct?

√12≈3.464

Then, √(12 -√12)≈√(12 -3.464)=√8.536≈2.922

Then, the next term is √(12 -2.922)=√9.078≈3.013

Then, the next term is √(12 -3.013)=√8.987≈2.998

Then, √(12 -2.998)=√9.002≈3.000

So, it's oscillating around 3, converging to 3. So, if x = √12 - √(12 -x), then x≈0.464, but that's inconsistent with the substitution.

Wait, perhaps the problem is written as √12 - √(12 - √(12 - √(12 - ...)))), which is different from √(12 - √(12 - √(12 - ...}).

In that case, the expression is √12 - x, where x is √(12 -x). So, the expression is √12 -x, where x=√(12 -x}. So, x≈0.464, so the expression is≈0.464, not 3.

But since 0.464 is not an option, but 3 is, perhaps the question is written differently.

Alternatively, perhaps the problem is a mistyped version of the infinite nested radical √12 - √(12 - √(12 - √(12 - ...}}), which is a different expression.

Wait, the problem is written as: ""Find the value of √12 - √(12 - √(12 - √(12 - ...))}."" So, that is, the first term is √12, the second term is √(12 - √12), the third is √(12 - √(12 - √12}}, and so on. So, in that case, the entire expression is √12 - √(12 - √(12 - √(12 - ...}}}.

So, let's denote x = √(12 - √(12 - √(12 - ...)))).

Then, the expression is √12 -x.

So, x = √(12 -x).

Then, x² =12 -x, so x² +x -12=0, solutions x=3 and x=-4.

So, x=3, so the expression is √12 -3≈3.464 -3≈0.464.

But 0.464 is not in the options, but 3 is. So, 3 is a possible answer if the expression was √(12 - √(12 - √(12 - ...}}}, but it's not the case here.

Alternatively, perhaps the problem is a combination of both, but that seems more complicated.

Wait, but let's see, in the problem, it's written with the square root of 12 minus the rest. So, if the entire expression is √12 - the rest, then x=√12 -x, leading to x=3. So, is that the case?

Wait, no, because in that case, the rest is x, which is √(12 - √(12 - ...}}.

Wait, in other words, if the entire expression is √12 - y, where y=√(12 - y), then y satisfies y=√(12 - y). Then, y²=12 - y, so y² + y -12=0, so y=3. Therefore, the expression is √12 -3≈0.464.

But if the expression is y=√12 -√(12 - y}, then y=√12 -√(12 - y}, which leads to y≈0.464, but that's not 3.

Hmm, so the problem is definitely ambiguous in the way it's written. If the problem is √12 - √(12 - √(12 - √(12 - ...}}), then it's approximately 0.464, not 3. If the problem is √(12 - √(12 - √(12 - ...}}}, then it's 3.

Given that option B is 3, which is consistent with the second interpretation, but the problem statement says √12 - √(12 - ...}}, so I'm a bit confused.

Wait, perhaps I should double-check the problem statement to make sure.

The problem is: √12 - √(12 - √(12 - √(12 - ...))}.

So, it's √12 minus the nested radical, which is x=√(12 -x}. So, the expression is √12 -x. So, the value is approximately 3.464 -3≈0.464, but since 0.464 is not an option, but 3 is, perhaps the problem is intended to be √(12 - √(12 - √(12 - ...}}}, and the answer is 3.

Alternatively, perhaps it's a trick question, and the answer is 3 because the initial √12 is part of the same structure.

Wait, let me try that. Suppose it's √(12 - √(12 - √(12 - ...}}}.

Then, x=√(12 -x}. So, x²=12 -x. So, x=3 is the solution, as before. So, the value is 3.

But in the problem, the expression is √12 - √(12 - √(12 - √(12 - ...}}}, which is different.

Therefore, perhaps if I think that the entire expression is √12 -√(12 -√(12 -√(12 - ...}}}, then it's x=√12 -x', where x' is the nested radical. So, if x'=√(12 -x'), then x=√12 -x'.

But then, we have two equations:

x' = √(12 -x')

x = √12 -x'

So, from the second equation, x = √12 -√(12 -x'). Let me square both sides:

x² =12 - √(12 -x')

But from the first equation, x' = √(12 -x'), so 12 -x' =x'².

Thus, substituting, x²=12 -x', but x'²=12 -x'.

So, x²=12 -x'

But x'²=12 -x'

So, we have x²= x'².

Therefore, x= x' or x= -x'.

Since x and x' are positive, x= x'.

Thus, x= x' and x²=12 -x.

So, x² +x -12=0.

Therefore, x=(-1 +√(1 +48))/2= ( -1 +7)/2=3.

So, x=3.

Therefore, in this case, the expression is x=3, and x'=√(12 -x}=√9=3.

So, the expression is 3=√12 -3≈3.464 -3≈0.464. Wait, but that's contradictory. Where is the disconnect here?

Wait, no, if x=√12 -x', and x'=√(12 -x'), then x=√12 -x', but x' is another substitution. But in this case, we found that x=3 and x'=3, so the expression is 3=√12 -3≈0.464. But that's a contradiction because 3≈0.464 is not true.

Wait, but in the equations:

From x=√12 -x'

and x'=√(12 -x'}

Squaring second equation: x'²=12 -x'

From first equation: x=√12 -x'

So, x +x'=√12

But x'²=12 -x'

So, let's write x'² +x' -12=0. So, x'= [ -1 ±√(1 +48) ]/2= (-1 ±7)/2. So, x'=3 or x'= -4.

But x' is √(12 -x'} which is positive, so x'=3.

Thus, x'=3, so x=√12 -3≈3.464 -3≈0.464.

But then, since x=√12 -x', and x' is 3, x=√12 -3≈0.464. But we have x=3, which is inconsistent.

Wait, that can't be. So, if x=√12 -x', and x' is 3, then x=√12 -3≈0.464, but x is also supposed to be 3. So, that's a problem.

So, perhaps the only solution is x=3 and x'=3, but they cannot both hold. So, this suggests that the equations are inconsistent, which can only happen if the assumption that x=√12 -x' is wrong.

Wait, perhaps the problem is √12 - √(12 - √(12 - ...}}, which is 3. So, that is, in this case, we have x=3.

But in the problem, the expression is written as √12 - √(12 - √(12 - ...}}}, which is different.

Therefore, perhaps the problem is written incorrectly, or I have misread it.

Alternatively, perhaps it's supposed to be √(12 - √(12 - √(12 - ...}}}, but the problem is written as √12 - √(12 - ...}}.

Hmm.

Given that the problem is written as √12 - √(12 - √(12 - √(12 - ...}}}, which is different from an infinite nested radical, then the value is not 3 but approximately 0.464. But since 0.464 is not an option, but 3 is, perhaps the problem was mistyped.

Alternatively, perhaps the problem is simply asking for the value of the infinite nested radical √12 - √(12 - √(12 - √(12 - ...}}}, which is approximately 0.464, but as an exact value, not an approximate decimal.

But 0.464 is not a nice number, so perhaps it's 3.

Alternatively, perhaps I need to approach this differently, using the fact that the expression is √12 - √(12 - √(12 - √(12 - ...}}}, which is x=√12 -x'. So, x=√12 -x', and x²=12 -x'.

But we have x=√12 -x', so x +x'=√12.

So, from x'²=12 -x', we have x'=√(12 -x'}, so x' is a function of itself.

Let me try to write x' in terms of x.

From x +x'=√12, we have x'=√12 -x.

From x'²=12 -x', plugging x'=√12 -x: (√12 -x)²=12 - (√12 -x)

Expanding left side: 12 -2x√12 +x²=12 -√12 +x

Simplify: 12 -2x√12 +x²=12 -√12 +x

Subtract 12 from both sides: -2x√12 +x²= -√12 +x

Bring all terms to left side: x² -2x√12 +√12 -x=0

So, x² - (2√12 +1)x +√12=0

Now, solving this quadratic equation for x: x=[(2√12 +1) ±√( (2√12 +1)^2 -4*1*√12 )]/2

Compute discriminant: D=(2√12 +1)^2 -4*√12= (4*12 +4√12 +1) -4√12= 48 +4√12 +1 -4√12=49.

So, D=49.

Thus, x=(2√12 +1 ±7)/2

So, two solutions:

x=(2√12 +1 +7)/2=(2√12 +8)/2=√12 +4≈3.464 +4≈7.464

x=(2√12 +1 -7)/2=(2√12 -6)/2=√12 -3≈3.464 -3≈0.464

So, x=√12 +4 or x=√12 -3.

But x is supposed to be the entire expression, which is √12 -√(12 -√(...}}, which is approximately 0.464. So, x=0.464, which is the smaller solution.

But x=√12 -x', so x' is √(12 -x}=√(12 -0.464}=√11.536≈3.397.

But x +x'=0.464 +3.397≈3.861≈√12≈3.464? Wait, 3.861≈√12 is not true.

Wait, perhaps it's not, because x=√12 -x', so x +x'=√12. So, x +x'=3.464. If x≈0.464, then x'≈2.999, which is approximately 3.

So, that indicates that x'=3. So, x=√12 -3≈0.464.

But in this case, the quadratic equation gives x=√12 -3≈0.464, and x'=√(12 -x}≈√(12 -0.464}=√11.536≈3.398, which is approximately equal to x'=3. So, the approximate solution is x≈0.464, but the exact solution is x=3.

But in the quadratic, we have x=√12 -3, which is not an exact solution but an approximate one.

Wait, but in the quadratic equation, we found x=√12 +4 or x=√12 -3. So, the exact solution is x=√12 -3, which is equal to 3.464 -3=0.464. But 0.464 is not 3.

Therefore, perhaps the problem is intended to have x=3 as the solution, and the expression is √(12 - √(12 - √(12 - ...}}}. So, the answer is 3, which is option B.

Given that, I think despite the problem statement, we can consider that the expression is a nested radical starting with √12, so the value is 3.

Therefore, the correct option is B) 3.

But just to make sure, let me think if the expression can sometimes converge to 3 or not. The nested radical √12 - √(12 - √(12 - √(12 - ...}}}, which is 0.464, not 3.

But the problem is written as √12 - √(12 - √(12 - √(12 - ...}}}, which is different. So, if the answer is 3, then the problem statement must have been miswritten.

Alternatively, maybe the problem is a trick, and the answer is 3, because the expression is √12 - √(12 - √(12 - ...}}}, which as per the quadratic solution, is inconsistent. So, I'm torn between 3 and the decimal.

But given that the quadratic solving gives us x=√12 -3≈0.464, which is not an option, but 3 is, perhaps the answer is 3.

Alternatively, perhaps the problem is actually √(12 - √(12 - √(12 - ...}}}, in which case the value is 3, and 3 is an option. So, unless the problem is mistyped, the answer must be 3, which is option B.

Therefore, after thorough thinking, despite the problem statement being a bit confusing, I think the correct answer is B) 3.

**Final Answer**
\boxed{B}
</think>

To find the value of √12 - √(12 - √(12 - √(12 - ...}}}, we start by denoting the entire expression as \( x \). This gives us the equation:

\[ x = \sqrt{12 - x} \]

Squaring both sides to eliminate the square root, we get:

\[ x^2 = 12 - x \]

Rearranging the terms, we form a quadratic equation:

\[ x^2 + x - 12 = 0 \]

We solve this quadratic equation using the quadratic formula \( x = \frac{-b \pm \sqrt{b^2 - 4ac}}{2a} \), where \( a = 1 \), \( b = 1 \), and \( c = -12 \):

\[ x = \frac{-1 \pm \sqrt{1 + 48}}{2} = \frac{-1 \pm 7}{2} \]

This gives us two solutions:

\[ x = \frac{6}{2} = 3 \quad \text{and} \quad x = \frac{-8}{2} = -4 \]

Since \( x \) must be positive, we discard \( x = -4 \). Thus, the solution is:

\[ x = 3 \]

Therefore, the value of the expression √12 - √(12 - √(12 - √(12 - ...}}}) is 3.

\[
\boxed{B}
\]"
64,929,B,20,1.0,"Okay, so I have this problem here: Find the value of the infinite nested square root expression √(12 - √(12 - √(12 - ...))). The options are A) 4, B) 3, C) 2√2, and D) [1 + 3/√11]^2. Hmm, interesting. I remember that these kinds of infinite nested radicals can sometimes be solved by setting them equal to a variable and then solving an equation. Let me try that approach.

Let me denote the entire expression as x. So, x = √(12 - √(12 - √(12 - ...))). But wait, since the expression inside the square root is the same as the entire expression, I can substitute x into itself. That means x = √(12 - x). Is that right? Let me check.

Yes, because the expression under the first square root is 12 minus the same expression, which is x. So, substituting, I get x = √(12 - x). Now, to solve for x, I can square both sides to eliminate the square root. Let's do that.

Squaring both sides: x² = 12 - x. Now, I can rearrange this equation to form a quadratic equation. Let's bring all terms to one side: x² + x - 12 = 0. Okay, so now I have a quadratic equation: x² + x - 12 = 0.

To solve this quadratic equation, I can use the quadratic formula. The quadratic formula is x = [-b ± √(b² - 4ac)] / (2a). In this equation, a = 1, b = 1, and c = -12. Plugging these values into the formula:

x = [-1 ± √(1² - 4*1*(-12))] / (2*1)
x = [-1 ± √(1 + 48)] / 2
x = [-1 ± √49] / 2
x = [-1 ± 7] / 2

So, that gives us two possible solutions: x = (-1 + 7)/2 = 6/2 = 3, and x = (-1 - 7)/2 = -8/2 = -4. But since we're dealing with square roots, the value of x must be positive. So, x = 3 is the valid solution.

Wait, but let me double-check. If x = 3, then plugging back into the original equation: √(12 - 3) = √9 = 3, which is correct. So, x = 3 is indeed the solution.

Looking back at the options, B) 3 is one of them. So, is that the answer? Hmm, but let me make sure I didn't make any mistakes in my reasoning.

I assumed that the entire expression equals x, which is a common technique for infinite nested radicals. Let me verify if that's valid here. The expression is √(12 - √(12 - √(12 - ...))), so each time we take the square root, we subtract the same expression again. So, yes, it's a valid substitution.

Also, when I squared both sides, I got x² = 12 - x, which led me to the quadratic equation. Solving that gave me two roots, but only the positive one was valid in this context. So, that seems correct.

Wait, but let me think again. The expression is √(12 - √(12 - √(12 - ...))). If I start plugging in numbers, does it converge to 3? Let me test it numerically.

Let's compute a few iterations:

First iteration: √12 ≈ 3.464
Second iteration: √(12 - 3.464) ≈ √8.536 ≈ 2.922
Third iteration: √(12 - 2.922) ≈ √9.078 ≈ 3.013
Fourth iteration: √(12 - 3.013) ≈ √8.987 ≈ 2.","998
Fifth iteration: √(12 - 2.998) ≈ √9.002 ≈ 3.000

So, it's oscillating around 3 and getting closer each time. That seems to confirm that it converges to 3. So, x = 3 is indeed the correct value.

But wait, let me see if the other answer choices make sense. For example, if I thought the answer was 4, which is option A. Let me test that.

If x = 4, then plugging back into the equation: √(12 - 4) = √8 ≈ 2.828, which is not 4. So, that's not correct.

For option C, 2√2 is approximately 2.828. Again, plugging that in: √(12 - 2.828) ≈ √9.172 ≈ 3.028, which isn't 2.828. So, that also doesn't seem right.

Option D: [1 + 3/√11]^2. Let me compute that. First, compute 3/√11: √11 is about 3.3166, so 3 divided by that is approximately 0.899. Then, 1 + 0.899 is about 1.899. Squaring that: (1.899)^2 ≈ 3.608. Hmm, that's not 3, so that seems off. So, option D is probably not the right answer.

Therefore, from both substitution and numerical approximation, x = 3 is correct. So, the answer should be B) 3.

But just to make sure, let me think about another approach. Sometimes, when dealing with nested radicals, there might be more than one solution, especially if the equation leads to quadratics, but in this case, since the expression is positive and the square roots are defined, the substitution seems solid.

Alternatively, I can consider convergence. Since each iteration is getting closer to 3, as I saw in the numerical example, and since algebraically we only get x = 3 as a positive solution, I think we can be confident that the answer is 3.

Thus, I'm pretty sure the correct answer is B) 3.

**Final Answer**
\boxed{B}
</think>

Let \( x \) be the value of the infinite nested square root expression \( \sqrt{12 - \sqrt{12 - \sqrt{12 - \cdots}}} \). We can set up the equation:

\[ x = \sqrt{12 - x} \]

Squaring both sides to eliminate the square root, we get:

\[ x^2 = 12 - x \]

Rearranging this into a standard quadratic equation form:

\[ x^2 + x - 12 = 0 \]

Using the quadratic formula \( x = \frac{-b \pm \sqrt{b^2 - 4ac}}{2a} \) where \( a = 1 \), \( b = 1 \), and \( c = -12 \):

\[ x = \frac{-1 \pm \sqrt{1^2 - 4 \cdot 1 \cdot (-12)}}{2 \cdot 1} \]
\[ x = \frac{-1 \pm \sqrt{1 + 48}}{2} \]
\[ x = \frac{-1 \pm \sqrt{49}}{2} \]
\[ x = \frac{-1 \pm 7}{2} \]

This gives us two solutions:

\[ x = \frac{-1 + 7}{2} = 3 \]
\[ x = \frac{-1 - 7}{2} = -4 \]

Since the value of \( x \) must be positive, we discard \( x = -4 \). Therefore, \( x = 3 \).

To verify, substituting \( x = 3 \) back into the original equation confirms it is correct. Additionally, numerical approximation shows the expression converges to 3.

Thus, the value of the infinite nested square root expression is:

\[
\boxed{B}
\]"
65,933,B,20,1.0,"Okay, so I have this problem here: Find the value of the infinite nested square root expression √(12 - √(12 - √(12 - ...))). The options are A) 4, B) 3, C) 2√2, and D) [1 + 3/√11]^2. Hmm, interesting. I remember that these kinds of infinite nested radicals can sometimes be solved by setting them equal to a variable and then solving an equation. Let me try that approach.

Let me denote the entire expression as x. So, x = √(12 - √(12 - √(12 - ...))). But wait, since the expression inside the square root is the same as the entire expression, I can substitute x into itself. That means x = √(12 - x). Is that right? Let me check.

Yes, because the expression under the first square root is 12 minus the same expression, which is x. So, substituting, I get x = √(12 - x). Now, to solve for x, I can square both sides to eliminate the square root. Let's do that.

Squaring both sides: x² = 12 - x. Now, I can rearrange this equation to form a quadratic equation. Let's bring all terms to one side: x² + x - 12 = 0. Okay, so now I have a quadratic equation: x² + x - 12 = 0.

To solve this quadratic equation, I can use the quadratic formula. The quadratic formula is x = [-b ± √(b² - 4ac)] / (2a). In this equation, a = 1, b = 1, and c = -12. Plugging these values into the formula:

x = [-1 ± √(1² - 4*1*(-12))] / (2*1)
x = [-1 ± √(1 + 48)] / 2
x = [-1 ± √49] / 2
x = [-1 ± 7] / 2

So, that gives us two possible solutions: x = (-1 + 7)/2 = 6/2 = 3, and x = (-1 - 7)/2 = -8/2 = -4. But since we're dealing with square roots, the value of x must be positive. So, x = 3 is the valid solution.

Wait, but let me double-check. If x = 3, then plugging back into the original equation: √(12 - 3) = √9 = 3, which is correct. So, x = 3 is indeed the solution.

Looking back at the options, B) 3 is one of them. So, is that the answer? Hmm, but let me make sure I didn't make any mistakes in my reasoning.

I assumed that the entire expression equals x, which is a common technique for infinite nested radicals. Let me verify if that's valid here. The expression is √(12 - √(12 - √(12 - ...))), so each time we take the square root, we subtract the same expression again. So, yes, it's a valid substitution.

Also, when I squared both sides, I got x² = 12 - x, which led me to the quadratic equation. Solving that gave me two roots, but only the positive one was valid in this context. So, that seems correct.

Wait, but let me think again. The expression is √(12 - √(12 - √(12 - ...))). If I start plugging in numbers, does it converge to 3? Let me test it numerically.

Let's compute a few iterations:

First iteration: √12 ≈ 3.464
Second iteration: √(12 - 3.464) ≈ √8.536 ≈ 2.922
Third iteration: √(12 - 2.922) ≈ √9.078 ≈ 3.013
Fourth iteration: √(12 - 3.013) ≈ √8.987 ≈ 2.998
","Fifth iteration: √(12 - 2.998) ≈ √9.002 ≈ 3.000

Looks like it's oscillating around 3 and converging. So, that seems consistent with x = 3. So, the value is 3, which is option B.

Wait, but hold on, let me check the other options just to make sure. Sometimes these problems can have multiple solutions or there's a trick. Let me see.

Option A is 4. If I plug x = 4 into the original equation: √(12 - 4) = √8 ≈ 2.828, which is not equal to 4. So, 4 is not a solution. Option C is 2√2, which is approximately 2.828. Let me check: √(12 - 2.828) ≈ √9.172 ≈ 3.028, which is not equal to 2.828. So, C is out.

Option D is [1 + 3/√11]^2. Let me compute that. First, compute 3/√11: √11 is approximately 3.3166, so 3 / 3.3166 ≈ 0.9045. Then, 1 + 0.9045 ≈ 1.9045. Squaring that gives approximately 3.627. But our previous calculation showed that the expression converges to 3, not around 1.9. So, D is approximately 3.627, which is higher than 3, so it's not equal to 3.

Therefore, the only valid solution is 3, which is option B.

Wait, but let me just think once more. Sometimes, when you have nested radicals, especially with subtraction, the convergence can be tricky. What if I consider that the expression is x = √(12 - x). So, is it possible that x can also satisfy x = √(12 - x) in another way?

Well, let's solve x = √(12 - x) again. Squaring both sides: x² = 12 - x. So, x² + x - 12 = 0, same as before. The quadratic has two roots, but only positive root is 3. So, that's the only valid solution.

Therefore, I think I can confidently say that the answer is B) 3.

**Final Answer**
\boxed{B}
</think>

Let \( x \) be the value of the infinite nested square root expression \( \sqrt{12 - \sqrt{12 - \sqrt{12 - \cdots}}} \). We can express this as:

\[ x = \sqrt{12 - x} \]

To solve for \( x \), we square both sides:

\[ x^2 = 12 - x \]

Rearranging this into a standard quadratic equation:

\[ x^2 + x - 12 = 0 \]

Using the quadratic formula \( x = \frac{-b \pm \sqrt{b^2 - 4ac}}{2a} \) with \( a = 1 \), \( b = 1 \), and \( c = -12 \):

\[ x = \frac{-1 \pm \sqrt{1^2 - 4 \cdot 1 \cdot (-12)}}{2 \cdot 1} \]
\[ x = \frac{-1 \pm \sqrt{1 + 48}}{2} \]
\[ x = \frac{-1 \pm \sqrt{49}}{2} \]
\[ x = \frac{-1 \pm 7}{2} \]

This gives us two solutions:

\[ x = \frac{-1 + 7}{2} = 3 \]
\[ x = \frac{-1 - 7}{2} = -4 \]

Since the value of \( x \) must be positive, we discard \( x = -4 \). Thus, the solution is \( x = 3 \).

Verifying, substituting \( x = 3 \) back into the original equation confirms it is correct. Numerical iterations also show the expression converges to 3.

Thus, the value is \( 3 \), which corresponds to option B.

\[
\boxed{B}
\]"
66,946,B,20,1.0,"Okay, so I have this problem here: Find the value of the infinite nested square root expression √(12 - √(12 - √(12 - ...))). The options are A) 4, B) 3, C) 2√2, and D) [1 + 3/√11]^2. Hmm, interesting. I remember that these kinds of infinite nested radicals can sometimes be solved by setting them equal to a variable and then solving an equation. Let me try that approach.

Let me denote the entire expression as x. So, x = √(12 - √(12 - √(12 - ...))). But wait, since the expression inside the square root is the same as the entire expression, I can substitute x into itself. That means x = √(12 - x). Is that right? Let me check.

Yes, because the expression under the first square root is 12 minus the same expression, which is x. So, substituting, I get x = √(12 - x). Now, to solve for x, I can square both sides to eliminate the square root. Let's do that.

Squaring both sides: x² = 12 - x. Now, I can rearrange this equation to form a quadratic equation. Let's bring all terms to one side: x² + x - 12 = 0. Okay, so now I have a quadratic equation: x² + x - 12 = 0.

To solve this quadratic equation, I can use the quadratic formula. The quadratic formula is x = [-b ± √(b² - 4ac)] / (2a). In this equation, a = 1, b = 1, and c = -12. Plugging these values into the formula:

x = [-1 ± √(1² - 4*1*(-12))] / (2*1)
x = [-1 ± √(1 + 48)] / 2
x = [-1 ± √49] / 2
x = [-1 ± 7] / 2

So, that gives us two possible solutions: x = (-1 + 7)/2 = 6/2 = 3, and x = (-1 - 7)/2 = -8/2 = -4. But since we're dealing with square roots, the value of x must be positive. So, x = 3 is the valid solution.

Wait, but let me double-check. If x = 3, then plugging back into the original equation: √(12 - 3) = √9 = 3, which is correct. So, x = 3 is indeed the solution.

Looking back at the options, B) 3 is one of them. So, is that the answer? Hmm, but let me make sure I didn't make any mistakes in my reasoning.

I assumed that the entire expression equals x, which is a common technique for infinite nested radicals. Let me verify if that's valid here. The expression is √(12 - √(12 - √(12 - ...))), so each time we take the square root, we subtract the same expression again. So, yes, it's a valid substitution.

Also, when I squared both sides, I got x² = 12 - x, which led me to the quadratic equation. Solving that gave me two roots, but only the positive one was valid in this context. So, that seems correct.

Wait, but let me think again. The expression is √(12 - √(12 - √(12 - ...))). If I start plugging in numbers, does it converge to 3? Let me test it numerically.

Let's compute a few iterations:

First iteration: √12 ≈ 3.464
Second iteration: √(12 - 3.464) ≈ √8.536 ≈ 2.922
Third iteration: √(12 - 2.922) ≈ √9.078 ≈ 3.013
Fourth iteration: √(12 - 3.013) ≈ √8.987 ≈ 2.998
Fifth iteration: √(12 - 2.","998) ≈ √9.002 ≈ 3.000

So, it seems to oscillate around 3, getting closer each time. So, converges to 3. That matches with our algebraic solution. So, x = 3 is definitely the correct answer.

Looking at the options, A is 4, which might be tempting if someone incorrectly subtracts or something, but in reality, from the calculations, it's 3. Option B is 3, which is correct. Option C is 2√2, which is approximately 2.828, but our iterations show it's approaching 3, so that's too low. Option D is [1 + 3/√11]^2. Let me compute that just for fun.

First, compute 3/√11: √11 is approx 3.3166, so 3/3.3166 ≈ 0.904, then add 1: ≈1.904, then square it: ≈ 3.625. That's higher than 3, so that's not it either.

So, it's definitely not D. Thus, the correct answer is B) 3.

Wait, hold on, just to make sure, is there another way this can be interpreted? For example, maybe the expression is different. Let me re-examine the original problem.

""Find the value of √(12 - √(12 - √(12 - ...))""). So, it's definitely a nested square root where each time we subtract the next term, which is also a nested square root starting from 12. So, substitution seems correct.

Alternatively, maybe someone might think it's √12 - √12 - √12 - ..., but that doesn't make much sense, because then it's an infinite sum of √12, but subtracted each time. But that would be a different problem altogether. So, the expression is definitely a nested radical.

Alternatively, maybe someone might think of it as √(12 - something else), but no, it's recursively defined. So, I think my solution is solid.

Another thing I can think about is whether the expression converges. Since each time we take the square root, which is a decreasing function, and each time we subtract a positive number, so the sequence is bounded below by 0 and increasing? Wait, no, if we look at the iterations:

First term: √12 ≈3.464

Second term: √(12 - 3.464)≈√8.536≈2.922

Third term: √(12 - 2.922)≈√9.078≈3.013

Fourth term: √(12 - 3.013)≈√8.987≈2.998

Fifth term: √(12 - 2.998)≈√9.002≈3.000

So, the terms oscillate around 3, always getting closer. So, it's converging to 3.

Therefore, the value of the infinite nested radical is 3. So, the answer should be B) 3.

But wait, hold on, let me think again. In some cases, infinite nested radicals can have multiple solutions, especially when dealing with square roots. But in this case, we ended up with only one valid solution, 3, because the other solution, -4, is negative, which doesn't make sense in this context.

Is there any other way the expression could be interpreted?

Wait, is the expression √12 - √12 - √12 - ...? That would be a different problem, but the original expression is √(12 - √(12 - √(12 - ...))).

Alternatively, maybe it's a continued radical of the form sqrt(a - sqrt(a - sqrt(a - ...))), which is a standard form. So, with a=12.

As I recall, for the equation x = sqrt(a - x), the solution is x = [sqrt(4a + 1) -1]/2. Wait, is that correct?

Let me check:

Given x = sqrt(a - x). Then, x² = a - x.

So, x² + x - a = 0.

Solutions are x = [-1 ± sqrt(1 + 4a)] / 2.

So, the positive solution is [sqrt(4a + 1) - 1]/2.

Wait, in our case, a =12, so sqrt(4*12 + 1) = sqrt(49) =7.

Then, x = (7 - 1)/2 = 6/2 = 3. Yes, that's correct.

So, general formula: x = [sqrt(4a +1) -1]/2.

Which in our case is 3.

So, indeed, 3 is the solution.

Therefore, the answer is B) 3.

But just to confirm, according to the formula, for the infinite nested square root √(a - √(a - √(a - ...))), the solution is [sqrt(4a +1) -1]/2.

So, plugging a=12, we get [sqrt(49) -1]/2 = (7 -1)/2= 6/2=3.

So, that's a more general way to solve it, which is good.

Therefore, the correct answer is 3, which is option B.

Hence, I can confidently say that the answer is B) 3.

**Final Answer**
\boxed{B}
</think>

Let \( x = \sqrt{12 - \sqrt{12 - \sqrt{12 - \cdots}}} \). Since the expression inside the square root is the same as the entire expression, we can substitute \( x \) into itself, leading to the equation:

\[ x = \sqrt{12 - x} \]

Squaring both sides to eliminate the square root, we get:

\[ x^2 = 12 - x \]

Rearranging this into a standard quadratic equation form:

\[ x^2 + x - 12 = 0 \]

Using the quadratic formula \( x = \frac{-b \pm \sqrt{b^2 - 4ac}}{2a} \) where \( a = 1 \), \( b = 1 \), and \( c = -12 \):

\[ x = \frac{-1 \pm \sqrt{1^2 - 4 \cdot 1 \cdot (-12)}}{2 \cdot 1} \]
\[ x = \frac{-1 \pm \sqrt{1 + 48}}{2} \]
\[ x = \frac{-1 \pm \sqrt{49}}{2} \]
\[ x = \frac{-1 \pm 7}{2} \]

This gives two solutions: \( x = \frac{6}{2} = 3 \) and \( x = \frac{-8}{2} = -4 \). Since \( x \) must be positive, we have \( x = 3 \).

To verify, we substitute back into the original equation and find that it holds true. Additionally, using the general formula for such nested radicals, we confirm that the solution is indeed 3.

Thus, the value of the infinite nested square root expression is:

\[
\boxed{B}
\]"
67,956,B,20,1.0,"Okay, so I have this problem here: Find the value of the infinite nested square root expression √(12 - √(12 - √(12 - ...))). The options are A) 4, B) 3, C) 2√2, and D) [1 + 3/√11]^2. Hmm, interesting. I remember that these kinds of infinite nested radicals can sometimes be solved by setting them equal to a variable and then solving an equation. Let me try that approach.

Let me denote the entire expression as x. So, x = √(12 - √(12 - √(12 - ...))). But wait, since the expression inside the square root is the same as the entire expression, I can substitute x into itself. That means x = √(12 - x). Is that right? Let me check.

Yes, because the expression under the first square root is 12 minus the same expression, which is x. So, substituting, I get x = √(12 - x). Now, to solve for x, I can square both sides to eliminate the square root. Let's do that.

Squaring both sides: x² = 12 - x. Now, I can rearrange this equation to form a quadratic equation. Let's bring all terms to one side: x² + x - 12 = 0. Okay, so now I have a quadratic equation: x² + x - 12 = 0.

To solve this quadratic equation, I can use the quadratic formula. The quadratic formula is x = [-b ± √(b² - 4ac)] / (2a). In this equation, a = 1, b = 1, and c = -12. Plugging these values into the formula:

x = [-1 ± √(1² - 4*1*(-12))] / (2*1)
x = [-1 ± √(1 + 48)] / 2
x = [-1 ± √49] / 2
x = [-1 ± 7] / 2

So, that gives us two possible solutions: x = (-1 + 7)/2 = 6/2 = 3, and x = (-1 - 7)/2 = -8/2 = -4. But since we're dealing with square roots, the value of x must be positive. So, x = 3 is the valid solution.

Wait, but let me double-check. If x = 3, then plugging back into the original equation: √(12 - 3) = √9 = 3, which is correct. So, x = 3 is indeed the solution.

Looking back at the options, B) 3 is one of them. So, is that the answer? Hmm, but let me make sure I didn't make any mistakes in my reasoning.

I assumed that the entire expression equals x, which is a common technique for infinite nested radicals. Let me verify if that's valid here. The expression is √(12 - √(12 - √(12 - ...))), so each time we take the square root, we subtract the same expression again. So, yes, it's a valid substitution.

Also, when I squared both sides, I got x² = 12 - x, which led me to the quadratic equation. Solving that gave me two roots, but only the positive one was valid in this context. So, that seems correct.

Wait, but let me think again. The expression is √(12 - √(12 - √(12 - ...))). If I start plugging in numbers, does it converge to 3? Let me test it numerically.

Let's compute a few iterations:

First iteration: √12 ≈ 3.464
Second iteration: √(12 - 3.464) ≈ √8.536 ≈ 2.922
Third iteration: √(12 - 2.922) ≈ √9.078 ≈ 3.013
Fourth iteration: √(12 - 3.013) ≈ √8.987 ≈ 2.998
Fifth iteration: √(12 - 2.998) ≈ √9.","002 ≈ 3.000

So, it's oscillating around 3, getting closer each time. So, that seems to confirm that x = 3 is the correct value. So, I think option B is correct.

But wait, just to make sure, let me check the other options as well. Maybe I missed something or something is wrong with my reasoning.

Option A is 4. If I suppose x = 4, then plugging back into the equation: √(12 - 4) = √8 ≈ 2.828, which is not 4. So, that's not correct.

Option C is 2√2, which is approximately 2.828. Let's test that. If x = 2√2, then √(12 - 2√2) ≈ √(12 - 2.828) ≈ √9.172 ≈ 3.028, which is not equal to 2√2. So, that's not correct either.

Option D is [1 + 3/√11]^2. Let me compute that. First, compute 3/√11. √11 is approximately 3.3166, so 3 / 3.3166 ≈ 0.9045. Then, 1 + 0.9045 ≈ 1.9045. Squaring that gives approximately 3.626, which is not equal to 3. So, that's not correct either.

So, all other options except B are incorrect. Therefore, B) 3 is the right answer.

Just to make sure I didn't make any assumption errors, let me think again about the substitution. I assumed x = √(12 - x), but is that a valid substitution for an infinite nested radical like this?

Yes, because the entire radical expression after the first square root is identical to the entire expression itself. So, substituting x for it is a common technique. It's similar to solving a simple equation like x = √(a - x), which can be solved by squaring both sides, leading to a quadratic equation, and then finding the positive root since the expression must be positive.

So, yeah, I think I'm confident that x = 3 is the correct value. Therefore, the answer is B) 3.

**Final Answer**
\boxed{B}
</think>

Let \( x \) be the value of the infinite nested square root expression \( \sqrt{12 - \sqrt{12 - \sqrt{12 - \cdots}}} \). We can set up the equation \( x = \sqrt{12 - x} \) because the expression inside the square root is the same as the entire expression.

Squaring both sides of the equation, we get:
\[
x^2 = 12 - x
\]
Rearranging this into a quadratic equation, we have:
\[
x^2 + x - 12 = 0
\]
Using the quadratic formula \( x = \frac{-b \pm \sqrt{b^2 - 4ac}}{2a} \) where \( a = 1 \), \( b = 1 \), and \( c = -12 \), we find:
\[
x = \frac{-1 \pm \sqrt{1^2 - 4 \cdot 1 \cdot (-12)}}{2 \cdot 1} = \frac{-1 \pm \sqrt{1 + 48}}{2} = \frac{-1 \pm 7}{2}
\]
This gives us two solutions:
\[
x = \frac{-1 + 7}{2} = 3 \quad \text{and} \quad x = \frac{-1 - 7}{2} = -4
\]
Since the value must be positive, we have \( x = 3 \).

Thus, the value of the expression is \(\boxed{B}\)."
68,964,B,20,1.0,"Okay, so I have this problem here: Find the value of the infinite nested square root expression √(12 - √(12 - √(12 - ...))). The options are A) 4, B) 3, C) 2√2, and D) [1 + 3/√11]^2. Hmm, interesting. I remember that these kinds of infinite nested radicals can sometimes be solved by setting them equal to a variable and then solving an equation. Let me try that approach.

Let me denote the entire expression as x. So, x = √(12 - √(12 - √(12 - ...))). But wait, since the expression inside the square root is the same as the entire expression, I can substitute x into itself. That means x = √(12 - x). Is that right? Let me check.

Yes, because the expression under the first square root is 12 minus the same expression, which is x. So, substituting, I get x = √(12 - x). Now, to solve for x, I can square both sides to eliminate the square root. Let's do that.

Squaring both sides: x² = 12 - x. Now, I can rearrange this equation to form a quadratic equation. Let's bring all terms to one side: x² + x - 12 = 0. Okay, so now I have a quadratic equation: x² + x - 12 = 0.

To solve this quadratic equation, I can use the quadratic formula. The quadratic formula is x = [-b ± √(b² - 4ac)] / (2a). In this equation, a = 1, b = 1, and c = -12. Plugging these values into the formula:

x = [-1 ± √(1² - 4*1*(-12))] / (2*1)
x = [-1 ± √(1 + 48)] / 2
x = [-1 ± √49] / 2
x = [-1 ± 7] / 2

So, that gives us two possible solutions: x = (-1 + 7)/2 = 6/2 = 3, and x = (-1 - 7)/2 = -8/2 = -4. But since we're dealing with square roots, the value of x must be positive. So, x = 3 is the valid solution.

Wait, but let me double-check. If x = 3, then plugging back into the original equation: √(12 - 3) = √9 = 3, which is correct. So, x = 3 is indeed the solution.

Looking back at the options, B) 3 is one of them. So, is that the answer? Hmm, but let me make sure I didn't make any mistakes in my reasoning.

I assumed that the entire expression equals x, which is a common technique for infinite nested radicals. Let me verify if that's valid here. The expression is √(12 - √(12 - √(12 - ...))), so each time we take the square root, we subtract the same expression again. So, yes, it's a valid substitution.

Also, when I squared both sides, I got x² = 12 - x, which led me to the quadratic equation. Solving that gave me two roots, but only the positive one was valid in this context. So, that seems correct.

Wait, but let me think again. The expression is √(12 - √(12 - √(12 - ...))). If I start plugging in numbers, does it converge to 3? Let me test it numerically.

Let's compute a few iterations:

First iteration: √12 ≈ 3.464
Second iteration: √(12 - 3.464) ≈ √8.536 ≈ 2.922
Third iteration: √(12 - 2.922) ≈ √9.078 ≈ 3.013
Fourth iteration: √(12 - 3.013) ≈ √8.987 ≈ 2.998
Fifth iteration: √(12 - 2.998) ≈ √9.002 ≈ 3.","0003
Sixth iteration: √(12 - 3.0003) ≈ √8.9997 ≈ 2.99995
Seventh iteration: √(12 - 2.99995) ≈ √9.00005 ≈ 3.00000025

Wow, it oscillates around 3 but converges to 3. So, that does confirm that 3 is the correct value. Thus, the answer should be B) 3.

Wait, let me look at option D: [1 + 3/√11]^2. That looks more complicated, but let me compute what that is approximately.

First, compute 3/√11: √11 is approximately 3.3166, so 3 / 3.3166 ≈ 0.9045. Then, 1 + 0.9045 ≈ 1.9045. Squaring that: (1.9045)^2 ≈ 3.627. Hmm, which is not 3. So, that doesn't seem to match.

Alternatively, let me compute [1 + 3/√11]^2:

[1 + 3/√11]^2 = 1 + 2*(3/√11) + (3/√11)^2 = 1 + 6/√11 + 9/11.

Compute numerically:

1 is 1.

6/√11 ≈ 6 / 3.3166 ≈ 1.809

9/11 ≈ 0.8181

So, adding them up: 1 + 1.809 + 0.8181 ≈ 3.627, which is approximately 3.627, which is not equal to 3. So, option D is not equal to 3, which is the correct answer.

Therefore, option B) 3 is the right choice.

But hold on, just to make sure I didn't make any mistake in my reasoning, let me consider another approach to confirm. Sometimes, when dealing with infinite radicals, people might set it up differently or make an error in substitution.

So, let me write down the equation again: x = √(12 - x). Then, x² = 12 - x, leading to x² + x - 12 = 0. Solving, x = [-1 ± √(1 + 48)] / 2 = (-1 ±7)/2. So, x = 3 or x = -4. Since x must be positive, x=3.

Alternatively, sometimes, when dealing with nested radicals, people might think of the expression as x = √(12 - x), but another way is to recognize that if the expression is infinite, then the term under the square root is the same as the entire expression, so substitution is valid.

Wait, another thought: sometimes, in some problems, people use continued radicals and they might consider x = √(a + √(a + √(a + ...))) which is a standard problem, and the solution is x = [1 + √(1 + 4a)] / 2. Let me see if that applies here.

In our case, the expression is √(12 - √(12 - ...)), so it's √(12 - √(12 - ...)). Compare it to the standard form x = √(a + x), but in our case, it's x = √(12 - x). So, it's a different setup.

But wait, in the standard problem, x = √(a + x), but in our case, it's x = √(12 - x). So, it's not exactly the same. But maybe we can manipulate it to fit into the standard form.

Let me rearrange x = √(12 - x). Square both sides: x² = 12 - x. Then, bring all terms to one side: x² + x - 12 = 0. Which is the same quadratic as before.

Alternatively, can I write this as x = √(12 - x), and if x = 3, then 3 = √(12 - 3) = √9 = 3, which is correct.

Wait, but if I were to express this in terms of the standard formula, maybe I can. Let me set x = √(12 - x), which is similar to x = √(a - x) where a=12. So, the standard formula is x = [1 ± √(1 + 4a)] / 2. Wait, no, in the standard problem, it's x = √(a + x). So, that would be x² = a + x, leading to x² - x - a = 0.

Wait, in our case, it's x² + x - 12 = 0, which is x² + x -12 =0. So, that's a different quadratic, same as earlier.

Wait, but in our case, the equation is x² + x -12 = 0, which is different from the standard formula which is x² - x - a =0.

But regardless, whether it's x² +x -12=0 or x² -x -a=0, solving gives different results.

Wait, so in the standard case, x = [1 ±√(1 +4a)] / 2, but in our case, the equation is x² + x -12 =0, so the quadratic formula gives us x = [-1 ±√(1 + 48)]/2, as before.

But in the standard case, if we had x = √(a + x), then x² = a + x, so x² - x -a=0, which leads to x = [1 +√(1 +4a)] / 2, since we take the positive root.

But in our case, the equation is x = √(12 - x), so squaring gives x² =12 -x, so x² +x -12=0. So, in this case, we have a different quadratic. So, the standard formula may not apply here because the structure is different.

So, perhaps it's better not to confuse myself with the standard formula here, because the equation is different.

But, in any case, we solved it correctly and found x=3, which is one of the options, so I think B is the correct answer.

Wait, just to make sure, let me think about the other options. What is option D? It's [1 + 3/√11]^2.

Let me compute 3/√11: that is approximately 3 / 3.3166 ≈ 0.9045. So, 1 + 0.9045 ≈ 1.9045, and squaring that is approximately 3.627, which is not 3. So, not D.

Option C is 2√2, which is approximately 2*1.414 ≈ 2.828, which is also not 3.

Option A is 4, which is not equal to 3.

So, the only option that gives 3 is B) 3.

Therefore, the answer is B.

But just to be thorough, let me compute the expression numerically up to say 5 iterations to see if it's approaching 3.

First iteration: √12 ≈ 3.464

Second iteration: √(12 - 3.464) ≈ √8.536 ≈ 2.922

Third iteration: √(12 - 2.922) ≈ √9.078 ≈ 3.013

Fourth iteration: √(12 - 3.013) ≈ √8.987 ≈ 2.998

Fifth iteration: √(12 - 2.998) ≈ √9.002 ≈ 3.0003

Sixth iteration: √(12 - 3.0003) ≈ √8.9997 ≈ 2.99995

Seventh iteration: √(12 - 2.99995) ≈ √9.00005 ≈ 3.00000025

Eighth iteration: √(12 - 3.00000025) ≈ √8.99999975 ≈ 2.99999996

Ninth iteration: √(12 - 2.99999996) ≈ √9.00000004 ≈ 3.000000007

Tenth iteration: √(12 - 3.000000007) ≈ √8.999999993 ≈ 2.999999999

So, it oscillates around 3, getting closer each time. So, after 10 iterations, it's almost 3. Therefore, it's clear that the value converges to 3, so B is the correct answer.

Just to be extra cautious, let me check option D again, just in case I made a mistake in interpreting it.

Option D is [1 + 3/√11]^2. Let's see, 3/√11 is approximately 0.9045. So, 1 + 0.9045 is approximately 1.9045. Squaring that gives roughly 3.627, which is more than 3. So, that's not 3. So, not D.

Alternatively, maybe it's another nested radical that I'm not considering? Wait, the expression is √(12 - √(12 - ...)), so it's a finite nested radical?

No, it's infinite. So, the square root goes on forever. Therefore, the solution is 3, which is one of the options, and seems correct.

Alternatively, could it be that if x = 3, then 12 - x = 9, and the square root of 9 is 3, so it's consistent. So, that's another way to check.

Thus, after all these steps and verifications, I'm confident that the answer is B) 3.

**Final Answer**
\boxed{B}
</think>

Let \( x \) be the value of the infinite nested square root expression \( \sqrt{12 - \sqrt{12 - \sqrt{12 - \cdots}}} \). We can write this as:

\[ x = \sqrt{12 - x} \]

Squaring both sides to eliminate the square root, we get:

\[ x^2 = 12 - x \]

Rearranging this into a standard quadratic equation form, we have:

\[ x^2 + x - 12 = 0 \]

Using the quadratic formula \( x = \frac{-b \pm \sqrt{b^2 - 4ac}}{2a} \) where \( a = 1 \), \( b = 1 \), and \( c = -12 \), we get:

\[ x = \frac{-1 \pm \sqrt{1^2 - 4 \cdot 1 \cdot (-12)}}{2 \cdot 1} \]
\[ x = \frac{-1 \pm \sqrt{1 + 48}}{2} \]
\[ x = \frac{-1 \pm \sqrt{49}}{2} \]
\[ x = \frac{-1 \pm 7}{2} \]

This gives us two solutions: \( x = \frac{6}{2} = 3 \) and \( x = \frac{-8}{2} = -4 \). Since the expression represents a square root, it must be positive, so \( x = 3 \).

To verify, we check that substituting \( x = 3 \) back into the original equation holds true:

\[ \sqrt{12 - 3} = \sqrt{9} = 3 \]

Thus, the value of the expression is 3, which corresponds to option B.

\[
\boxed{B}
\]"
69,968,B,20,1.0,"Okay, so I have this problem here: Find the value of the infinite nested square root expression √(12 - √(12 - √(12 - ...))). The options are A) 4, B) 3, C) 2√2, and D) [1 + 3/√11]^2. Hmm, interesting. I remember that these kinds of infinite nested radicals can sometimes be solved by setting them equal to a variable and then solving an equation. Let me try that approach.

Let me denote the entire expression as x. So, x = √(12 - √(12 - √(12 - ...))). But wait, since the expression inside the square root is the same as the entire expression, I can substitute x into itself. That means x = √(12 - x). Is that right? Let me check.

Yes, because the expression under the first square root is 12 minus the same expression, which is x. So, substituting, I get x = √(12 - x). Now, to solve for x, I can square both sides to eliminate the square root. Let's do that.

Squaring both sides: x² = 12 - x. Now, I can rearrange this equation to form a quadratic equation. Let's bring all terms to one side: x² + x - 12 = 0. Okay, so now I have a quadratic equation: x² + x - 12 = 0.

To solve this quadratic equation, I can use the quadratic formula. The quadratic formula is x = [-b ± √(b² - 4ac)] / (2a). In this equation, a = 1, b = 1, and c = -12. Plugging these values into the formula:

x = [-1 ± √(1² - 4*1*(-12))] / (2*1)
x = [-1 ± √(1 + 48)] / 2
x = [-1 ± √49] / 2
x = [-1 ± 7] / 2

So, that gives us two possible solutions: x = (-1 + 7)/2 = 6/2 = 3, and x = (-1 - 7)/2 = -8/2 = -4. But since we're dealing with square roots, the value of x must be positive. So, x = 3 is the valid solution.

Wait, but let me double-check. If x = 3, then plugging back into the original equation: √(12 - 3) = √9 = 3, which is correct. So, x = 3 is indeed the solution.

Looking back at the options, B) 3 is one of them. So, is that the answer? Hmm, but let me make sure I didn't make any mistakes in my reasoning.

I assumed that the entire expression equals x, which is a common technique for infinite nested radicals. Let me verify if that's valid here. The expression is √(12 - √(12 - √(12 - ...))), so each time we take the square root, we subtract the same expression again. So, yes, it's a valid substitution.

Also, when I squared both sides, I got x² = 12 - x, which led me to the quadratic equation. Solving that gave me two roots, but only the positive one was valid in this context. So, that seems correct.

Wait, but let me think again. The expression is √(12 - √(12 - √(12 - ...))). If I start plugging in numbers, does it converge to 3? Let me test it numerically.

Let's compute a few iterations:

First iteration: √12 ≈ 3.464
Second iteration: √(12 - 3.464) ≈ √8.536 ≈ 2.922
Third iteration: √(12 - 2.922) ≈ √9.078 ≈ 3.013
Fourth iteration: √(12 - 3.013) ≈ √8.987 ≈ 2.998
Fifth iteration: √(12 - 2.998) ≈ √9.002 ≈ 3.000

","So, it seems to oscillate around 3, getting closer each time. That seems to confirm that 3 is indeed the correct solution.

Alternatively, let's check if any of the other options might make sense. Option A is 4. If x were 4, plugging back into the equation would give √(12 - 4) = √8 ≈ 2.828, which is not 4. So, option A is incorrect.

Option C is 2√2, which is approximately 2.828. If x = 2√2, then √(12 - 2√2) ≈ √(12 - 2.828) ≈ √9.172 ≈ 3.028, which is close to 3 but not exactly 3. So, that's not precise.

Option D is [1 + 3/√11]^2. Let me compute that: 3/√11 is approximately 3/3.3166 ≈ 0.904, so 1 + 0.904 ≈ 1.904, and squaring that gives approximately 3.625, which is higher than 3. So, that doesn't match either.

Therefore, based on both the algebraic solution and the numerical approximation, the answer should be 3, which is option B.

I think I've covered all the bases here. I set up the equation correctly, solved it, verified the solution, checked the other options, and confirmed that option B is indeed correct. So, I feel confident about selecting 3 as the answer.

**Final Answer**
\boxed{B}
</think>

Let \( x \) be the value of the infinite nested square root expression \( \sqrt{12 - \sqrt{12 - \sqrt{12 - \cdots}}} \). We can express this as:

\[ x = \sqrt{12 - x} \]

To solve for \( x \), we square both sides:

\[ x^2 = 12 - x \]

Rearranging this equation gives us a quadratic equation:

\[ x^2 + x - 12 = 0 \]

Using the quadratic formula \( x = \frac{-b \pm \sqrt{b^2 - 4ac}}{2a} \) where \( a = 1 \), \( b = 1 \), and \( c = -12 \):

\[ x = \frac{-1 \pm \sqrt{1^2 - 4 \cdot 1 \cdot (-12)}}{2 \cdot 1} \]
\[ x = \frac{-1 \pm \sqrt{1 + 48}}{2} \]
\[ x = \frac{-1 \pm \sqrt{49}}{2} \]
\[ x = \frac{-1 \pm 7}{2} \]

This gives us two solutions:

\[ x = \frac{-1 + 7}{2} = 3 \]
\[ x = \frac{-1 - 7}{2} = -4 \]

Since the expression represents a square root, \( x \) must be positive. Therefore, \( x = 3 \).

Numerical approximation confirms that the value converges to 3. Thus, the correct answer is:

\[
\boxed{B}
\]"
70,985,B,20,1.0,"Okay, so I have this problem here: Find the value of the infinite nested square root expression √(12 - √(12 - √(12 - ...))). The options are A) 4, B) 3, C) 2√2, and D) [1 + 3/√11]^2. Hmm, interesting. I remember that these kinds of infinite nested radicals can sometimes be solved by setting them equal to a variable and then solving an equation. Let me try that approach.

Let me denote the entire expression as x. So, x = √(12 - √(12 - √(12 - ...))). But wait, since the expression inside the square root is the same as the entire expression, I can substitute x into itself. That means x = √(12 - x). Is that right? Let me check.

Yes, because the expression under the first square root is 12 minus the same expression, which is x. So, substituting, I get x = √(12 - x). Now, to solve for x, I can square both sides to eliminate the square root. Let's do that.

Squaring both sides: x² = 12 - x. Now, I can rearrange this equation to form a quadratic equation. Let's bring all terms to one side: x² + x - 12 = 0. Okay, so now I have a quadratic equation: x² + x - 12 = 0.

To solve this quadratic equation, I can use the quadratic formula. The quadratic formula is x = [-b ± √(b² - 4ac)] / (2a). In this equation, a = 1, b = 1, and c = -12. Plugging these values into the formula:

x = [-1 ± √(1² - 4*1*(-12))] / (2*1)
x = [-1 ± √(1 + 48)] / 2
x = [-1 ± √49] / 2
x = [-1 ± 7] / 2

So, that gives us two possible solutions: x = (-1 + 7)/2 = 6/2 = 3, and x = (-1 - 7)/2 = -8/2 = -4. But since we're dealing with square roots, the value of x must be positive. So, x = 3 is the valid solution.

Wait, but let me double-check. If x = 3, then plugging back into the original equation: √(12 - 3) = √9 = 3, which is correct. So, x = 3 is indeed the solution.

Looking back at the options, B) 3 is one of them. So, is that the answer? Hmm, but let me make sure I didn't make any mistakes in my reasoning.

I assumed that the entire expression equals x, which is a common technique for infinite nested radicals. Let me verify if that's valid here. The expression is √(12 - √(12 - √(12 - ...))), so each time we take the square root, we subtract the same expression again. So, yes, it's a valid substitution.

Also, when I squared both sides, I got x² = 12 - x, which led me to the quadratic equation. Solving that gave me two roots, but only the positive one was valid in this context. So, that seems correct.

Wait, but let me think again. The expression is √(12 - √(12 - √(12 - ...))). If I start plugging in numbers, does it converge to 3? Let me test it numerically.

Let's compute a few iterations:

First iteration: √12 ≈ 3.464
Second iteration: √(12 - 3.464) ≈ √8.536 ≈ 2.922
Third iteration: √(12 - 2.922) ≈ √9.078 ≈ 3.013
Fourth iteration: √(12 - 3.013) ≈ √8.987 ≈ 2.998
Fifth iteration: √(12 - 2.998) ≈ √9.002 ≈ 3.000

So, it seems to be oscillating around 3, getting closer each time."," That gives me more confidence that x = 3 is indeed the correct answer.

Wait, but the options include D) [1 + 3/√11]^2. Let me compute that value and see if it's 3 or something else.

First, compute 3/√11. √11 is approximately 3.3166, so 3 divided by 3.3166 is approximately 0.9045. Then, 1 + 0.9045 is about 1.9045. Squaring that gives approximately 3.625, which is more than 3. So, D is not equal to 3.

Therefore, D is a different value, so that can't be the answer. A) is 4, which I don't think it is. B) is 3, which matches. C) is 2√2, which is approximately 2.828, not 3. So, yeah, B is the answer.

Alternatively, I can think about whether the expression might have another solution or if maybe the substitution is incorrect. Let me consider another approach. Suppose that the infinite radical is equal to x, so x = √(12 - x). So, squaring both sides, x² = 12 - x, leading to x² + x - 12 = 0, which factors into (x + 4)(x - 3) = 0. So, x = -4 or x = 3. Since x must be positive, x = 3.

Another way to think about it is, since the expression is nested infinitely, each time we take the square root, we add another layer. So, each time, the expression is slightly less than √12, which is about 3.464, but each iteration brings it closer to 3. So, that also supports x = 3.

Wait, but hold on, I just realized that sometimes these infinite radicals can have multiple solutions, but in this case, since we're dealing with square roots, which are inherently positive, the expression is always positive. So, the substitution method is valid because x is positive, and hence we only get x = 3.

Let me check another perspective. Suppose the expression is x = √(12 - x). Then, the entire expression is x, so:

x² = 12 - x
x² + x - 12 = 0
(x + 4)(x - 3) = 0
x = 3 or x = -4

But as x is positive, x = 3 is the solution. So, yes, that seems consistent.

Is there another way this could be interpreted? Maybe, but the problem says it's an infinite nested radical, so the standard approach applies here.

Alternatively, let's suppose that someone might think it's 4, because 12 is involved. Let me see: If I set x = 4, then 4 = √(12 - 4) = √8 ≈ 2.828, which is not 4. So, that can't be.

Wait, another thought: Maybe it's not a simple substitution because the expression could have more layers? Wait, no, it's an infinite nested radical, so each time it's just one more layer. So, substitution should hold.

Wait, another way: Maybe x = √(12 - x), so if x were 4, then 4 = √(12 - 4) = √8 ≈ 2.828, which is not 4. So, that doesn't hold. If x were 2√2, which is approximately 2.828, then plugging back in: 2.828 ≈ √(12 - 2.828) ≈ √9.172 ≈ 3.028, which is not 2.828, so that also doesn't hold.

And for option A, 4: If I plug in x = 4, as above, it doesn't satisfy the equation. So, A is wrong.

Option C is [1 + 3/√11]^2. Let me compute that:

First, compute 3/√11. √11 ≈ 3.3166, so 3/3.3166 ≈ 0.9045. Then, 1 + 0.9045 ≈ 1.9045. Then, square that: (1.9045)^2 ≈ 3.625, which is approximately 3.625, which is not 3, so that's not equal to 3. So, C is not the answer.

Therefore, after all these checks, I'm confident that x = 3 is the correct answer, which is option B.

Just to recap, I set the infinite nested radical equal to x, substituted, squared both sides, solved the quadratic, checked the positive root, verified it with numerical iteration, and also checked the given options to eliminate other possibilities. All the methods point to 3 as the solution.

I think I'm confident that B) 3 is the correct answer. So, I don't think I made any mistakes in my reasoning here. It was straightforward once I set it up correctly, but good to verify with numerical examples and ensure that the substitution is valid.

**Final Answer**
\boxed{B}
</think>

Let \( x \) be the value of the infinite nested square root expression. Thus, we have:

\[ x = \sqrt{12 - \sqrt{12 - \sqrt{12 - \cdots}}} \]

Since the expression inside the square root is the same as the entire expression, we can substitute \( x \) into itself:

\[ x = \sqrt{12 - x} \]

To solve for \( x \), we square both sides:

\[ x^2 = 12 - x \]

Rearranging this equation gives us a quadratic equation:

\[ x^2 + x - 12 = 0 \]

Using the quadratic formula \( x = \frac{-b \pm \sqrt{b^2 - 4ac}}{2a} \) where \( a = 1 \), \( b = 1 \), and \( c = -12 \):

\[ x = \frac{-1 \pm \sqrt{1^2 - 4 \cdot 1 \cdot (-12)}}{2 \cdot 1} \]
\[ x = \frac{-1 \pm \sqrt{1 + 48}}{2} \]
\[ x = \frac{-1 \pm \sqrt{49}}{2} \]
\[ x = \frac{-1 \pm 7}{2} \]

This gives us two solutions: \( x = \frac{6}{2} = 3 \) and \( x = \frac{-8}{2} = -4 \). Since \( x \) must be positive, we have \( x = 3 \).

Verifying by numerical iteration shows the expression converges to 3. Checking the given options, \( x = 3 \) corresponds to option B.

Thus, the value is \(\boxed{B}\)."
71,1004,B,20,1.0,"Okay, so I have this problem here: Find the value of the infinite nested square root expression √(12 - √(12 - √(12 - ...))). The options are A) 4, B) 3, C) 2√2, and D) [1 + 3/√11]^2. Hmm, interesting. I remember that these kinds of infinite nested radicals can sometimes be solved by setting them equal to a variable and then solving an equation. Let me try that approach.

Let me denote the entire expression as x. So, x = √(12 - √(12 - √(12 - ...))). But wait, since the expression inside the square root is the same as the entire expression, I can substitute x into itself. That means x = √(12 - x). Is that right? Let me check.

Yes, because the expression under the first square root is 12 minus the same expression, which is x. So, substituting, I get x = √(12 - x). Now, to solve for x, I can square both sides to eliminate the square root. Let's do that.

Squaring both sides: x² = 12 - x. Now, I can rearrange this equation to form a quadratic equation. Let's bring all terms to one side: x² + x - 12 = 0. Okay, so now I have a quadratic equation: x² + x - 12 = 0.

To solve this quadratic equation, I can use the quadratic formula. The quadratic formula is x = [-b ± √(b² - 4ac)] / (2a). In this equation, a = 1, b = 1, and c = -12. Plugging these values into the formula:

x = [-1 ± √(1² - 4*1*(-12))] / (2*1)
x = [-1 ± √(1 + 48)] / 2
x = [-1 ± √49] / 2
x = [-1 ± 7] / 2

So, that gives us two possible solutions: x = (-1 + 7)/2 = 6/2 = 3, and x = (-1 - 7)/2 = -8/2 = -4. But since we're dealing with square roots, the value of x must be positive. So, x = 3 is the valid solution.

Wait, but let me double-check. If x = 3, then plugging back into the original equation: √(12 - 3) = √9 = 3, which is correct. So, x = 3 is indeed the solution.

Looking back at the options, B) 3 is one of them. So, is that the answer? Hmm, but let me make sure I didn't make any mistakes in my reasoning.

I assumed that the entire expression equals x, which is a common technique for infinite nested radicals. Let me verify if that's valid here. The expression is √(12 - √(12 - √(12 - ...))), so each time we take the square root, we subtract the same expression again. So, yes, it's a valid substitution.

Also, when I squared both sides, I got x² = 12 - x, which led me to the quadratic equation. Solving that gave me two roots, but only the positive one was valid in this context. So, that seems correct.

Wait, but let me think again. The expression is √(12 - √(12 - √(12 - ...))). If I start plugging in numbers, does it converge to 3? Let me test it numerically.

Let's compute a few iterations:

First iteration: √12 ≈ 3.464
Second iteration: √(12 - 3.464) ≈ √8.536 ≈ 2.922
Third iteration: √(12 - 2.922) ≈ √9.078 ≈ 3.013
Fourth iteration: √(12 - 3.013) ≈ √8.987 ≈ 2.998
Fifth iteration: √(12 - 2.998) ≈ √9.002 ≈ 3.000

So, it seems to be oscillating around 3, getting closer each time. So, that numerical approach also suggests that the value is 3, which is option B.

","But let me check the other options as well to make sure. Option A is 4. If I thought the limit was 4, let's see.

Suppose x = 4. Then, plugging into the original equation: √(12 - 4) = √8 ≈ 2.828, which is not equal to 4. So, that doesn't work.

Option C is 2√2, which is approximately 2.828. Let's test that. If x = 2√2 ≈ 2.828, then:

√(12 - 2√2) ≈ √(12 - 2.828) ≈ √9.172 ≈ 3.028, which is not equal to 2.828. So, that's not correct.

Option D is [1 + 3/√11]^2. Let me compute 3/√11 first. √11 is approximately 3.3166, so 3/3.3166 ≈ 0.9045. Then, 1 + 0.9045 ≈ 1.9045. Squaring that gives approximately (1.9045)^2 ≈ 3.627. That's not equal to 3 or 4, so it doesn't fit.

So, none of the other options seem to give the correct value when plugged back into the original equation. Therefore, 3 is the correct answer, which is option B.

Wait, but just to make sure, let's think about another method. Maybe using the concept of continued radicals. I remember that for these types of expressions, if the expression converges, it satisfies x = √(a - x), which is similar to what I did before.

But, in this case, I didn't need to use continued fractions or anything more complicated. The substitution seems straightforward, and it gave me a valid result. So, I think it's solid.

Another thought: sometimes in these problems, especially infinite radicals, the solution can be approached using recurrence relations or characteristic equations. But in this case, since it's a second-order equation, it's a bit more involved. However, the substitution method worked fine.

Let me write down the steps again:

1. Let x = √(12 - √(12 - √(12 - ...))).
2. Since the expression inside is the same as x, we have x = √(12 - x).
3. Squaring both sides: x² = 12 - x.
4. Rearranging: x² + x - 12 = 0.
5. Solving the quadratic equation gives x = 3 or x = -4. Since x must be positive, x = 3.
6. Verified by plugging back into the original equation, which holds true.
7. Tested other options numerically and algebraically, which didn't fit.

Therefore, I feel confident that option B, 3, is the correct answer.

**Final Answer**
\boxed{B}
</think>

Let \( x = \sqrt{12 - \sqrt{12 - \sqrt{12 - \cdots}}} \). Since the expression inside the square root is the same as the entire expression, we can substitute \( x \) into itself, giving us:

\[ x = \sqrt{12 - x} \]

Squaring both sides to eliminate the square root:

\[ x^2 = 12 - x \]

Rearranging this into a standard quadratic equation:

\[ x^2 + x - 12 = 0 \]

Using the quadratic formula \( x = \frac{-b \pm \sqrt{b^2 - 4ac}}{2a} \) where \( a = 1 \), \( b = 1 \), and \( c = -12 \):

\[ x = \frac{-1 \pm \sqrt{1^2 - 4 \cdot 1 \cdot (-12)}}{2 \cdot 1} \]
\[ x = \frac{-1 \pm \sqrt{1 + 48}}{2} \]
\[ x = \frac{-1 \pm \sqrt{49}}{2} \]
\[ x = \frac{-1 \pm 7}{2} \]

This gives two solutions: \( x = \frac{-1 + 7}{2} = 3 \) and \( x = \frac{-1 - 7}{2} = -4 \). Since \( x \) must be positive, we have \( x = 3 \).

Verifying by plugging back into the original equation confirms that \( x = 3 \) is correct. Testing the other options numerically and algebraically shows they do not satisfy the equation.

Thus, the value is \(\boxed{B}\)."
72,1018,B,20,1.0,"Okay, so I have this problem here: Find the value of the infinite nested square root expression √(12 - √(12 - √(12 - ...))). The options are A) 4, B) 3, C) 2√2, and D) [1 + 3/√11]^2. Hmm, interesting. I remember that these kinds of infinite nested radicals can sometimes be solved by setting them equal to a variable and then solving an equation. Let me try that approach.

Let me denote the entire expression as x. So, x = √(12 - √(12 - √(12 - ...))). But wait, since the expression inside the square root is the same as the entire expression, I can substitute x into itself. That means x = √(12 - x). Is that right? Let me check.

Yes, because the expression under the first square root is 12 minus the same expression, which is x. So, substituting, I get x = √(12 - x). Now, to solve for x, I can square both sides to eliminate the square root. Let's do that.

Squaring both sides: x² = 12 - x. Now, I can rearrange this equation to form a quadratic equation. Let's bring all terms to one side: x² + x - 12 = 0. Okay, so now I have a quadratic equation: x² + x - 12 = 0.

To solve this quadratic equation, I can use the quadratic formula. The quadratic formula is x = [-b ± √(b² - 4ac)] / (2a). In this equation, a = 1, b = 1, and c = -12. Plugging these values into the formula:

x = [-1 ± √(1² - 4*1*(-12))] / (2*1)
x = [-1 ± √(1 + 48)] / 2
x = [-1 ± √49] / 2
x = [-1 ± 7] / 2

So, that gives us two possible solutions: x = (-1 + 7)/2 = 6/2 = 3, and x = (-1 - 7)/2 = -8/2 = -4. But since we're dealing with square roots, the value of x must be positive. So, x = 3 is the valid solution.

Wait, but let me double-check. If x = 3, then plugging back into the original equation: √(12 - 3) = √9 = 3, which is correct. So, x = 3 is indeed the solution.

Looking back at the options, B) 3 is one of them. So, is that the answer? Hmm, but let me make sure I didn't make any mistakes in my reasoning.

I assumed that the entire expression equals x, which is a common technique for infinite nested radicals. Let me verify if that's valid here. The expression is √(12 - √(12 - √(12 - ...))), so each time we take the square root, we subtract the same expression again. So, yes, it's a valid substitution.

Also, when I squared both sides, I got x² = 12 - x, which led me to the quadratic equation. Solving that gave me two roots, but only the positive one was valid in this context. So, that seems correct.

Wait, but let me think again. The expression is √(12 - √(12 - √(12 - ...))). If I start plugging in numbers, does it converge to 3? Let me test it numerically.

Let's compute a few iterations:

First iteration: √12 ≈ 3.464
Second iteration: √(12 - 3.464) ≈ √8.536 ≈ 2.922
Third iteration: √(12 - 2.922) ≈ √9.078 ≈ 3.013
Fourth iteration: √(12 - 3.013) ≈ √8.987 ≈ 2.998
Fifth iteration: √(12 - 2.998) ≈ √9.002 ≈ 3.000

So, it seems to be oscillating around 3, getting closer each time. So, that numerical approach also suggests that the value is 3, which is option B.

But wait, let me check the other options just to be thorough."," Option A is 4. Is that possible? If I try x = 4, then √(12 - 4) = √8 ≈ 2.828, which is less than 4, so that wouldn't satisfy the equation. So, 4 is not a solution.

Option C is 2√2, which is approximately 2.828. If I plug that into the equation, √(12 - 2.828) ≈ √9.172 ≈ 3.028, which is higher than 2.828, so that doesn't satisfy the equation either.

Option D is [1 + 3/√11]^2. Let me compute that. First, compute 3/√11. √11 is approximately 3.3166, so 3/3.3166 ≈ 0.9045. Adding 1 gives 1.9045, and squaring that gives approximately 3.626. That's significantly higher than 3, so that seems incorrect.

So, all the other options except B) 3 seem to give something higher than 3 or a positive number that doesn't satisfy the equation. Therefore, B) 3 must be the correct answer.

But wait a second, the options are A) 4, B) 3, C) 2√2, D) [1 + 3/√11]^2. So, 3 is an option, but I want to make sure that I didn't make any algebraic mistakes earlier.

Let me re-examine the steps. I set x equal to the entire expression, so x = √(12 - x). Then squared both sides: x² = 12 - x, which leads to x² + x - 12 = 0. Solving with quadratic formula: x = [-1 ± √(1 + 48)] / 2 = (-1 ± 7)/2. So, x = 3 or x = -4. Since x must be positive, x = 3 is the only solution. So, that seems solid.

But just to be absolutely thorough, let me consider the convergence of the sequence. Starting with an initial guess x₀, then x₁ = √12 ≈ 3.464, x₂ = √(12 - 3.464) ≈ 2.922, x₃ = √(12 - 2.922) ≈ 3.013, x₄ = √(12 - 3.013) ≈ 2.998, x₅ = √(12 - 2.998) ≈ 3.000, and so on. It oscillates around 3 and converges, which is consistent with our algebraic solution.

Therefore, I can confidently say that the value is 3, which is option B.

Wait, hold on, let me see if there's another way someone might approach this problem incorrectly. Sometimes, with these infinite radicals, people might try to solve for x in terms of another variable. Let me try that approach to see if it leads to the same thing.

Suppose I let y = √(12 - x). Then, y = √(12 - x), and then substituting back, x = √(12 - y). So, x = √(12 - y), and y = √(12 - x). So, this creates a system of equations:

x = √(12 - y)
y = √(12 - x)

Hmm, if I square both equations:

x² = 12 - y
y² = 12 - x

So, now I have:

x² = 12 - y  ...(1)
y² = 12 - x  ...(2)

Subtracting equation (2) from equation (1):

x² - y² = (12 - y) - (12 - x)
x² - y² = -y + x
x² - y² - x + y = 0
(x² - y²) - (x - y) = 0
(x - y)(x + y) - (x - y) = 0
(x - y)(x + y - 1) = 0

So, either x - y = 0, which would imply x = y, or x + y - 1 = 0, which would imply x + y = 1.

But if x = y, then from equation (1): x² = 12 - x. So, x² + x - 12 = 0, which is the same quadratic equation as before, leading to x = 3 or x = -4, so x = 3.

Alternatively, if x + y = 1, then substituting y = 1 - x into equation (1): x² = 12 - y => x² = 12 - (1 - x) => x² = 11 + x => x² - x - 11 = 0.

Solving this quadratic: x = [1 ± √(1 + 44)] / 2 = [1 ± √45]/2 = [1 ± 3√5]/2. Since x must be positive, [1 + 3√5]/2 ≈ (1 + 6.708)/2 ≈ 7.708/2 ≈ 3.854, which is higher than 3, but let me check if this is a solution.

Wait, but if x = [1 + 3√5]/2 ≈ 3.854, then y = 1 - x ≈ 1 - 3.854 ≈ -2.854. Then, plug into equation (2): y² = 12 - x. So, (-2.854)² ≈ 8.145, and 12 - 3.854 ≈ 8.146. So, that's consistent, but since y is negative, and it's inside a square root, which is defined, we have to consider the absolute value or just proceed.

Wait, but in the original problem, all the expressions are square roots, so we have to ensure that each expression is non-negative. So, x must be non-negative, and y must be non-negative because y is another square root. So, if x ≈ 3.854, then y ≈ -2.854, which is negative, which is not allowed because y is a square root. Therefore, this solution is invalid in the context of the problem because it leads to a negative value under a square root.

Therefore, the only valid solution is x = 3, which is option B.

Wait a minute, but when I did the initial substitution, I considered x = √(12 - x). So, if x is 3, then x is positive, which is fine. If I had considered x as negative, but since square roots are always non-negative, x must be non-negative. Therefore, any solution with a negative x is invalid.

So, in this case, the only valid solution is x = 3, which is positive. So, that confirms my earlier conclusion.

But just to make sure, let me think if there's another approach. Maybe someone might attempt to use calculus or another method, but I think for this problem, the algebraic method is straightforward and sufficient.

Alternatively, perhaps someone might set up a continued fraction or series, but that seems unnecessary here because the problem is straightforward with substitution.

Wait, just to see another perspective, let's suppose that the expression converges to some limit L. So, L = √(12 - L). Then, squaring both sides: L² = 12 - L. So, bringing all terms to one side: L² + L - 12 = 0, which is the same quadratic equation as before. So, L = [ -1 ± √(1 + 48) ] / 2 = ( -1 ± 7 ) / 2. Again, L must be positive, so L = 3.

Therefore, regardless of the approach, substitution or setting the limit equal to L, I end up with the same quadratic equation and solution.

Thus, I can confidently say that the answer is 3, which is option B.

**Final Answer**
\boxed{B}
</think>

Let \( x \) be the value of the infinite nested square root expression \( \sqrt{12 - \sqrt{12 - \sqrt{12 - \cdots}}} \). We can express this as \( x = \sqrt{12 - x} \).

To solve for \( x \), we square both sides of the equation:
\[
x^2 = 12 - x
\]
Rearranging this into a standard quadratic equation form, we get:
\[
x^2 + x - 12 = 0
\]
We solve this quadratic equation using the quadratic formula \( x = \frac{-b \pm \sqrt{b^2 - 4ac}}{2a} \), where \( a = 1 \), \( b = 1 \), and \( c = -12 \). Plugging in these values, we get:
\[
x = \frac{-1 \pm \sqrt{1^2 - 4 \cdot 1 \cdot (-12)}}{2 \cdot 1} = \frac{-1 \pm \sqrt{1 + 48}}{2} = \frac{-1 \pm 7}{2}
\]
This gives us two solutions:
\[
x = \frac{-1 + 7}{2} = 3 \quad \text{and} \quad x = \frac{-1 - 7}{2} = -4
\]
Since \( x \) must be a positive number, we discard the negative solution. Thus, \( x = 3 \).

To verify, we substitute \( x = 3 \) back into the original equation and check that it holds true. The numerical approach also confirms that the expression converges to 3.

Thus, the value of the infinite nested square root expression is \( 3 \).

\[
\boxed{B}
\]"
73,1024,B,20,1.0,"Okay, so I have this problem here: Find the value of the infinite nested square root expression √(12 - √(12 - √(12 - ...))). The options are A) 4, B) 3, C) 2√2, and D) [1 + 3/√11]^2. Hmm, interesting. I remember that these kinds of infinite nested radicals can sometimes be solved by setting them equal to a variable and then solving an equation. Let me try that approach.

Let me denote the entire expression as x. So, x = √(12 - √(12 - √(12 - ...))). But wait, since the expression inside the square root is the same as the entire expression, I can substitute x into itself. That means x = √(12 - x). Is that right? Let me check.

Yes, because the expression under the first square root is 12 minus the same expression, which is x. So, substituting, I get x = √(12 - x). Now, to solve for x, I can square both sides to eliminate the square root. Let's do that.

Squaring both sides: x² = 12 - x. Now, I can rearrange this equation to form a quadratic equation. Let's bring all terms to one side: x² + x - 12 = 0. Okay, so now I have a quadratic equation: x² + x - 12 = 0.

To solve this quadratic equation, I can use the quadratic formula. The quadratic formula is x = [-b ± √(b² - 4ac)] / (2a). In this equation, a = 1, b = 1, and c = -12. Plugging these values into the formula:

x = [-1 ± √(1² - 4*1*(-12))] / (2*1)
x = [-1 ± √(1 + 48)] / 2
x = [-1 ± √49] / 2
x = [-1 ± 7] / 2

So, that gives us two possible solutions: x = (-1 + 7)/2 = 6/2 = 3, and x = (-1 - 7)/2 = -8/2 = -4. But since we're dealing with square roots, the value of x must be positive. So, x = 3 is the valid solution.

Wait, but let me double-check. If x = 3, then plugging back into the original equation: √(12 - 3) = √9 = 3, which is correct. So, x = 3 is indeed the solution.

Looking back at the options, B) 3 is one of them. So, is that the answer? Hmm, but let me make sure I didn't make any mistakes in my reasoning.

I assumed that the entire expression equals x, which is a common technique for infinite nested radicals. Let me verify if that's valid here. The expression is √(12 - √(12 - √(12 - ...))), so each time we take the square root, we subtract the same expression again. So, yes, it's a valid substitution.

Also, when I squared both sides, I got x² = 12 - x, which led me to the quadratic equation. Solving that gave me two roots, but only the positive one was valid in this context. So, that seems correct.

Wait, but let me think again. The expression is √(12 - √(12 - √(12 - ...))). If I start plugging in numbers, does it converge to 3? Let me test it numerically.

Let's compute a few iterations:

First iteration: √12 ≈ 3.464
Second iteration: √(12 - 3.464) ≈ √8.536 ≈ 2.922
Third iteration: √(12 - 2.922) ≈ √9.078 ≈ 3.013
Fourth iteration: √(12 - 3.013) ≈ √8.987 ≈ 2.998
Fifth iteration: √(12 - 2.998) ≈ √9.002 ≈ 3.000

So, it seems to be oscillating around 3, getting closer each time. So, that numerical approach also suggests that the value is 3, which is option B.

But wait, let me check the other options just to be thorough. Option A is 4."," If I thought, maybe someone might think 4 is the answer, but as we saw, the value is 3, so A is incorrect.

Option C is 2√2, which is approximately 2.828. That's less than 3, but according to both the algebraic solution and the numerical approximation, it's approaching 3. So, that's not the answer either.

Option D is [1 + 3/√11]^2. Let me compute that. First, compute 3/√11. √11 is approximately 3.3166, so 3/3.3166 ≈ 0.9045. Then, 1 + 0.9045 ≈ 1.9045. Squaring that gives approximately 1.9045² ≈ 3.628. Hmm, that's different from 3. So, that's not 3 either. So, Option D seems to be incorrect.

Wait, but just to make sure, maybe I made a miscalculation in computing D? Let me double-check.

Compute 3/√11:

√11 is approximately 3.3166, so 3 divided by 3.3166 is approximately 0.9045, yes. Adding 1 gives 1.9045, squaring that: 1.9045 * 1.9045.

Calculating 1.9^2 is 3.61, and 1.9045^2 is a bit more. Let me compute 1.9045 * 1.9045:

First, 1.9 * 1.9 = 3.61.

Then, 1.9045 is 0.0045 more than 1.9. So, using the binomial approximation:

(1.9 + 0.0045)^2 ≈ 1.9^2 + 2*1.9*0.0045 + (0.0045)^2 ≈ 3.61 + 0.0171 + 0.00002025 ≈ 3.62712025.

So, approximately 3.627, which is about 3.63. So, that's not 3. So, that's not 3 either. So, Option D is incorrect.

Therefore, the correct answer is 3, which is Option B.

But just to ensure I didn't make any mistakes in the initial substitution, let me consider if x equals sqrt(12 - x). Is that the only possibility?

Suppose, theoretically, someone might think that the expression could be either positive or negative, but since square roots are always non-negative, x must be positive. So, the negative solution is extraneous in this context.

Therefore, x = 3 is the only valid solution.

Is there another way to approach this problem, just to make sure?

Another method is to recognize that if the expression converges, it should satisfy x = sqrt(12 - x). So, same equation as before: x² = 12 - x, which leads to x² + x - 12 = 0, which again gives x = 3 and x = -4. Since x is positive, x = 3.

Alternatively, maybe using continued radicals or other methods, but in this case, the substitution method is straightforward and works perfectly.

Alternatively, someone might approach it recursively. Suppose that a_n = sqrt(12 - a_{n-1}), with a_1 = 0. Then, as n increases, a_n approaches x. So, the same equation x = sqrt(12 - x) applies. Then, as before, solving it gives x = 3.

Alternatively, someone might think about rationalizing or using trigonometric substitutions, but that seems unnecessarily complicated for this problem.

In conclusion, after multiple methods of verification—algebraic, numerical approximation, and even checking the other options—it's clear that the value of the nested square root expression is 3. Therefore, the correct answer is B) 3.

**Final Answer**
\boxed{B}
</think>

Let \( x \) be the value of the infinite nested square root expression \( \sqrt{12 - \sqrt{12 - \sqrt{12 - \cdots}}}. \) 

We start by setting \( x = \sqrt{12 - x} \) because the expression inside the square root is the same as the entire expression. Squaring both sides, we get:

\[ x^2 = 12 - x \]

Rearranging this into a standard quadratic equation form, we have:

\[ x^2 + x - 12 = 0 \]

Using the quadratic formula \( x = \frac{-b \pm \sqrt{b^2 - 4ac}}{2a} \) where \( a = 1 \), \( b = 1 \), and \( c = -12 \), we get:

\[ x = \frac{-1 \pm \sqrt{1^2 - 4 \cdot 1 \cdot (-12)}}{2 \cdot 1} \]
\[ x = \frac{-1 \pm \sqrt{1 + 48}}{2} \]
\[ x = \frac{-1 \pm \sqrt{49}}{2} \]
\[ x = \frac{-1 \pm 7}{2} \]

This gives us two solutions: \( x = \frac{6}{2} = 3 \) and \( x = \frac{-8}{2} = -4 \). Since \( x \) must be positive, we have \( x = 3 \).

To verify, we substitute \( x = 3 \) back into the original equation and find that it satisfies \( \sqrt{12 - 3} = 3 \). Numerical approximation also supports that the value converges to 3.

Thus, the value of the expression is \( 3 \), which corresponds to option B.

\[
\boxed{B}
\]"
74,1054,B,20,1.0,"Okay, so I have this problem here: Find the value of the infinite nested square root expression √(12 - √(12 - √(12 - ...))). The options are A) 4, B) 3, C) 2√2, and D) [1 + 3/√11]^2. Hmm, interesting. I remember that these kinds of infinite nested radicals can sometimes be solved by setting them equal to a variable and then solving an equation. Let me try that approach.

Let me denote the entire expression as x. So, x = √(12 - √(12 - √(12 - ...))). But wait, since the expression inside the square root is the same as the entire expression, I can substitute x into itself. That means x = √(12 - x). Is that right? Let me check.

Yes, because the expression under the first square root is 12 minus the same expression, which is x. So, substituting, I get x = √(12 - x). Now, to solve for x, I can square both sides to eliminate the square root. Let's do that.

Squaring both sides: x² = 12 - x. Now, I can rearrange this equation to form a quadratic equation. Let's bring all terms to one side: x² + x - 12 = 0. Okay, so now I have a quadratic equation: x² + x - 12 = 0.

To solve this quadratic equation, I can use the quadratic formula. The quadratic formula is x = [-b ± √(b² - 4ac)] / (2a). In this equation, a = 1, b = 1, and c = -12. Plugging these values into the formula:

x = [-1 ± √(1² - 4*1*(-12))] / (2*1)
x = [-1 ± √(1 + 48)] / 2
x = [-1 ± √49] / 2
x = [-1 ± 7] / 2

So, that gives us two possible solutions: x = (-1 + 7)/2 = 6/2 = 3, and x = (-1 - 7)/2 = -8/2 = -4. But since we're dealing with square roots, the value of x must be positive. So, x = 3 is the valid solution.

Wait, but let me double-check. If x = 3, then plugging back into the original equation: √(12 - 3) = √9 = 3, which is correct. So, x = 3 is indeed the solution.

Looking back at the options, B) 3 is one of them. So, is that the answer? Hmm, but let me make sure I didn't make any mistakes in my reasoning.

I assumed that the entire expression equals x, which is a common technique for infinite nested radicals. Let me verify if that's valid here. The expression is √(12 - √(12 - √(12 - ...))), so each time we take the square root, we subtract the same expression again. So, yes, it's a valid substitution.

Also, when I squared both sides, I got x² = 12 - x, which led me to the quadratic equation. Solving that gave me two roots, but only the positive one was valid in this context. So, that seems correct.

Wait, but let me think again. The expression is √(12 - √(12 - √(12 - ...))). If I start plugging in numbers, does it converge to 3? Let me test it numerically.

Let's compute a few iterations:

First iteration: √12 ≈ 3.464
Second iteration: √(12 - 3.464) ≈ √8.536 ≈ 2.922
Third iteration: √(12 - 2.922) ≈ √9.078 ≈ 3.013
Fourth iteration: √(12 - 3.013) ≈ √8.987 ≈ 2.998
Fifth iteration: √(12 - 2.998) ≈ √9.002 ≈ 3.000

So, it seems to be oscillating around 3, getting closer each time. So, that numerical approach also suggests that the value is 3, which is option B.

But wait, let me check the other options just to be thorough. Option A is 4. If I plug x = 4 into the original equation, √(12 - 4) = √8 ≈ 2.","828, which is not 4. So, that's not correct.

Option C is 2√2 ≈ 2.828. If I plug that in, √(12 - 2.828) ≈ √9.172 ≈ 3.028, which is not 2.828. So, that's not correct either.

Option D is [1 + 3/√11]^2. Let me compute that: first, 3/√11 ≈ 3/3.3166 ≈ 0.9045. Then, 1 + 0.9045 ≈ 1.9045. Squaring that gives approximately (1.9045)^2 ≈ 3.626. Hmm, which isn't 3. So, that's also not correct.

Therefore, the only valid answer among the options is B) 3.

Alternatively, just to think about it another way, maybe there's another approach to solving this, but I think the method I used is pretty straightforward. It's a classic problem where you let the entire expression equal x, and then set up the equation x = √(12 - x), which leads to a quadratic. Solving that quadratic gives x = 3 as the solution, which is positive, so that's the answer.

I guess another way to think about it is that each time you subtract x from 12, and then take the square root, you're approaching a fixed point. The fixed point in this case is 3, because substituting 3 back into the equation gives √(12 - 3) = √9 = 3, which is consistent.

Just to make sure I didn't miss anything, let me recap:

1. Let x = √(12 - √(12 - √(12 - ... ))).
2. Then, x = √(12 - x) because the inner expression is the same as x.
3. Squaring both sides: x² = 12 - x.
4. Rearranged: x² + x - 12 = 0.
5. Using quadratic formula: x = [-1 ± √49]/2 = (-1 ± 7)/2.
6. Discard the negative solution: x = 3.
7. Verified numerically with iterations, oscillates around 3.
8. Checked other options and found they don't satisfy the original equation.

So, I think it's solid. The answer is B) 3.

**Final Answer**
\boxed{B}
</think>

Let \( x = \sqrt{12 - \sqrt{12 - \sqrt{12 - \cdots}}} \). Since the expression inside the square root is the same as the entire expression, we can substitute \( x \) into itself, giving the equation \( x = \sqrt{12 - x} \).

To solve for \( x \), we square both sides:
\[
x^2 = 12 - x
\]
Rearranging this into a standard quadratic equation form, we get:
\[
x^2 + x - 12 = 0
\]
Using the quadratic formula \( x = \frac{-b \pm \sqrt{b^2 - 4ac}}{2a} \) where \( a = 1 \), \( b = 1 \), and \( c = -12 \), we find:
\[
x = \frac{-1 \pm \sqrt{1 + 48}}{2} = \frac{-1 \pm 7}{2}
\]
This gives two solutions: \( x = 3 \) and \( x = -4 \). Since \( x \) must be positive, we discard \( x = -4 \) and keep \( x = 3 \).

Verifying the solution numerically, we see that the expression oscillates around 3, confirming that the value is indeed 3. Checking the other options, they do not satisfy the original equation.

Thus, the value is \(\boxed{B}\)."
75,1066,B,20,1.0,"Okay, so I have this problem here: Find the value of the infinite nested square root expression √(12 - √(12 - √(12 - ...))). The options are A) 4, B) 3, C) 2√2, and D) [1 + 3/√11]^2. Hmm, interesting. I remember that these kinds of infinite nested radicals can sometimes be solved by setting them equal to a variable and then solving an equation. Let me try that approach.

Let me denote the entire expression as x. So, x = √(12 - √(12 - √(12 - ...))). But wait, since the expression inside the square root is the same as the entire expression, I can substitute x into itself. That means x = √(12 - x). Is that right? Let me check.

Yes, because the expression under the first square root is 12 minus the same expression, which is x. So, substituting, I get x = √(12 - x). Now, to solve for x, I can square both sides to eliminate the square root. Let's do that.

Squaring both sides: x² = 12 - x. Now, I can rearrange this equation to form a quadratic equation. Let's bring all terms to one side: x² + x - 12 = 0. Okay, so now I have a quadratic equation: x² + x - 12 = 0.

To solve this quadratic equation, I can use the quadratic formula. The quadratic formula is x = [-b ± √(b² - 4ac)] / (2a). In this equation, a = 1, b = 1, and c = -12. Plugging these values into the formula:

x = [-1 ± √(1² - 4*1*(-12))] / (2*1)
x = [-1 ± √(1 + 48)] / 2
x = [-1 ± √49] / 2
x = [-1 ± 7] / 2

So, that gives us two possible solutions: x = (-1 + 7)/2 = 6/2 = 3, and x = (-1 - 7)/2 = -8/2 = -4. But since we're dealing with square roots, the value of x must be positive. So, x = 3 is the valid solution.

Wait, but let me double-check. If x = 3, then plugging back into the original equation: √(12 - 3) = √9 = 3, which is correct. So, x = 3 is indeed the solution.

Looking back at the options, B) 3 is one of them. So, is that the answer? Hmm, but let me make sure I didn't make any mistakes in my reasoning.

I assumed that the entire expression equals x, which is a common technique for infinite nested radicals. Let me verify if that's valid here. The expression is √(12 - √(12 - √(12 - ...))), so each time we take the square root, we subtract the same expression again. So, yes, it's a valid substitution.

Also, when I squared both sides, I got x² = 12 - x, which led me to the quadratic equation. Solving that gave me two roots, but only the positive one was valid in this context. So, that seems correct.

Wait, but let me think again. The expression is √(12 - √(12 - √(12 - ...))). If I start plugging in numbers, does it converge to 3? Let me test it numerically.

Let's compute a few iterations:

First iteration: √12 ≈ 3.464
Second iteration: √(12 - 3.464) ≈ √8.536 ≈ 2.922
Third iteration: √(12 - 2.922) ≈ √9.078 ≈ 3.013
Fourth iteration: √(12 - 3.013) ≈ √8.987 ≈ 2.998
Fifth iteration: √(12 - 2.998) ≈ √9.002 ≈ 3.000

So, it seems to be oscillating around 3, getting closer each time. So, that numerical approach also suggests that the value is 3, which is option B.

But wait, let me check the other options just to be thorough. Option A is 4. If I plug x = 4 into the original equation, √(12 - 4) = √8 ≈ 2.828, which is not equal to 4."," So, that's not correct.

Option C is 2√2, which is approximately 2.828. Let me see, if I plug x = 2.828 into the equation, √(12 - 2.828) ≈ √9.172 ≈ 3.028, which is more than 2.828. So, that's not equal. So, 2√2 is not a solution.

Option D is [1 + 3/√11]^2. Let's compute that. First, compute 1 + 3/√11. √11 is approximately 3.3166, so 3/√11 ≈ 0.9045. Then, 1 + 0.9045 ≈ 1.9045. Squaring that, we get approximately 1.9045² ≈ 3.626. Which is not 3, so that's not the solution either.

Therefore, the correct answer is B) 3.

But wait, just to ensure I didn't make a mistake in my quadratic solution, let me go through it again.

Given x = √(12 - x). Squaring both sides: x² = 12 - x. Then, moving terms: x² + x - 12 = 0. Quadratic formula: [-1 ± √(1 + 48)] / 2 = [-1 ± 7]/2. So, x = 3 or x = -4. Since x must be positive, x = 3. So, that's solid.

Wait, is there another way to solve this? Maybe by recognizing a pattern or using continued radicals?

I recall that for some continued radicals, especially those that are periodic or follow a pattern, we can sometimes set up an equation and solve it. In this case, the expression is already periodic because each term is just a single subtraction and square root. It doesn't repeat, so the substitution method is the standard one.

Alternatively, if the expression was something like √(a - √(a - √(a - ...))), then the solution is still x = √(a - x), which leads to the same quadratic equation x² + x - a = 0, with solutions x = [-1 ± √(1 + 4a)] / 2. So, in our case, a = 12, which gives the same result.

Therefore, I feel confident that my solution is correct.

Just to recap:

1. Let x = √(12 - √(12 - √(12 - ...))).
2. Then, x = √(12 - x).
3. Squaring both sides: x² = 12 - x.
4. Rearranged: x² + x - 12 = 0.
5. Applied quadratic formula: x = 3.
6. Verified by plugging back in and testing with numerical approximation.
7. Checked other answer options to ensure correctness.

So, yes, the answer is B) 3.

**Final Answer**
\boxed{B}
</think>

Let \( x \) be the value of the infinite nested square root expression \( \sqrt{12 - \sqrt{12 - \sqrt{12 - \cdots}}} \). We can express this as:

\[ x = \sqrt{12 - x} \]

To solve for \( x \), we square both sides:

\[ x^2 = 12 - x \]

Rearranging this into a standard quadratic equation form, we get:

\[ x^2 + x - 12 = 0 \]

We solve this quadratic equation using the quadratic formula \( x = \frac{-b \pm \sqrt{b^2 - 4ac}}{2a} \), where \( a = 1 \), \( b = 1 \), and \( c = -12 \):

\[ x = \frac{-1 \pm \sqrt{1^2 - 4 \cdot 1 \cdot (-12)}}{2 \cdot 1} \]
\[ x = \frac{-1 \pm \sqrt{1 + 48}}{2} \]
\[ x = \frac{-1 \pm \sqrt{49}}{2} \]
\[ x = \frac{-1 \pm 7}{2} \]

This gives us two solutions:

\[ x = \frac{-1 + 7}{2} = 3 \quad \text{and} \quad x = \frac{-1 - 7}{2} = -4 \]

Since \( x \) must be positive, we discard \( x = -4 \). Thus, the solution is \( x = 3 \).

We verify this by checking that \( \sqrt{12 - 3} = \sqrt{9} = 3 \), confirming it is correct.

Therefore, the value of the expression is \( \boxed{B} \)."
76,1073,B,20,1.0,"Okay, so I have this problem here: Find the value of the infinite nested square root expression √(12 - √(12 - √(12 - ...))). The options are A) 4, B) 3, C) 2√2, and D) [1 + 3/√11]^2. Hmm, interesting. I remember that these kinds of infinite nested radicals can sometimes be solved by setting them equal to a variable and then solving an equation. Let me try that approach.

Let me denote the entire expression as x. So, x = √(12 - √(12 - √(12 - ...))). But wait, since the expression inside the square root is the same as the entire expression, I can substitute x into itself. That means x = √(12 - x). Is that right? Let me check.

Yes, because the expression under the first square root is 12 minus the same expression, which is x. So, substituting, I get x = √(12 - x). Now, to solve for x, I can square both sides to eliminate the square root. Let's do that.

Squaring both sides: x² = 12 - x. Now, I can rearrange this equation to form a quadratic equation. Let's bring all terms to one side: x² + x - 12 = 0. Okay, so now I have a quadratic equation: x² + x - 12 = 0.

To solve this quadratic equation, I can use the quadratic formula. The quadratic formula is x = [-b ± √(b² - 4ac)] / (2a). In this equation, a = 1, b = 1, and c = -12. Plugging these values into the formula:

x = [-1 ± √(1² - 4*1*(-12))] / (2*1)
x = [-1 ± √(1 + 48)] / 2
x = [-1 ± √49] / 2
x = [-1 ± 7] / 2

So, that gives us two possible solutions: x = (-1 + 7)/2 = 6/2 = 3, and x = (-1 - 7)/2 = -8/2 = -4. But since we're dealing with square roots, the value of x must be positive. So, x = 3 is the valid solution.

Wait, but let me double-check. If x = 3, then plugging back into the original equation: √(12 - 3) = √9 = 3, which is correct. So, x = 3 is indeed the solution.

Looking back at the options, B) 3 is one of them. So, is that the answer? Hmm, but let me make sure I didn't make any mistakes in my reasoning.

I assumed that the entire expression equals x, which is a common technique for infinite nested radicals. Let me verify if that's valid here. The expression is √(12 - √(12 - √(12 - ...))), so each time we take the square root, we subtract the same expression again. So, yes, it's a valid substitution.

Also, when I squared both sides, I got x² = 12 - x, which led me to the quadratic equation. Solving that gave me two roots, but only the positive one was valid in this context. So, that seems correct.

Wait, but let me think again. The expression is √(12 - √(12 - √(12 - ...))). If I start plugging in numbers, does it converge to 3? Let me test it numerically.

Let's compute a few iterations:

First iteration: √12 ≈ 3.464
Second iteration: √(12 - 3.464) ≈ √8.536 ≈ 2.922
Third iteration: √(12 - 2.922) ≈ √9.078 ≈ 3.013
Fourth iteration: √(12 - 3.013) ≈ √8.987 ≈ 2.998
Fifth iteration: √(12 - 2.998) ≈ √9.002 ≈ 3.000

So, it seems to be oscillating around 3, getting closer each time. So, that numerical approach also suggests that the value is 3, which is option B.

But wait, let me check the other options just to be thorough. Option A is 4. If I plug x = 4 into the original equation, √(12 - 4) = √8 ≈ 2.828, which is not equal to 4. So, that's not correct.

","Option C is 2√2 ≈ 2.828. Let's test that. Plugging x = 2.828 into the equation: √(12 - 2.828) ≈ √9.172 ≈ 3.028, which is not equal to 2.828. So, that's not correct either.

Option D is [1 + 3/√11]^2. Let me compute that first. √11 ≈ 3.3166, so 3/√11 ≈ 0.9045. Adding 1 gives ≈1.9045, and squaring that: (1.9045)^2 ≈ 3.626. That's way higher than 3, so that can't be correct.

So, option D is also not the right answer.

Therefore, after verifying with the quadratic equation and plugging in some numerical approximations, I'm confident that the correct answer is 3, which is option B.

But just to be absolutely thorough, let me think if there's another way this problem could be approached. Sometimes, infinite radicals can have different interpretations or might require more advanced methods, but in this case, since it's a simple nested radical with the same form inside each radical, the substitution method works perfectly.

Another thought: sometimes, these radicals can have more complex behavior depending on the coefficients and constants, but in this case, the setup is straightforward. The key was recognizing that the expression repeats itself inside the radical, allowing substitution. So, that's the main method here.

I also remember that for some infinite radicals, like √(x + √(x + √(x + ...))), the solution is found by setting x = √(x + x), leading to x² = 2x, so x = 2, but that's a different problem. However, in this case, it's √(12 - x), which is different.

Let me also note that sometimes, if the expression were √(12 + √(12 + √(12 + ...))), the solution would be different because the sign changes. But in our case, there's a minus sign, so that affects the solution.

But even with a plus sign, if the expression were √(12 + √(12 + ...)), substituting would give x = √(12 + x), leading to x² - x - 12 = 0, which would have a positive solution, but again, in our case, the sign is negative.

So, just to recap: the expression is of the form √(a - √(a - √(a - ...))), which leads to x = √(a - x). Solving that quadratic gives x=3, which is the answer. The numerical approximation supports this as well.

Therefore, I conclude that the correct answer is 3, which is option B.

**Final Answer**
\boxed{B}
</think>

Let \( x \) be the value of the infinite nested square root expression \( \sqrt{12 - \sqrt{12 - \sqrt{12 - \cdots}}} \). We can express this as:

\[ x = \sqrt{12 - x} \]

To solve for \( x \), we square both sides:

\[ x^2 = 12 - x \]

Rearranging this equation gives us a quadratic equation:

\[ x^2 + x - 12 = 0 \]

We solve this quadratic equation using the quadratic formula \( x = \frac{-b \pm \sqrt{b^2 - 4ac}}{2a} \), where \( a = 1 \), \( b = 1 \), and \( c = -12 \):

\[ x = \frac{-1 \pm \sqrt{1^2 - 4 \cdot 1 \cdot (-12)}}{2 \cdot 1} \]
\[ x = \frac{-1 \pm \sqrt{1 + 48}}{2} \]
\[ x = \frac{-1 \pm \sqrt{49}}{2} \]
\[ x = \frac{-1 \pm 7}{2} \]

This gives us two solutions:

\[ x = \frac{-1 + 7}{2} = 3 \]
\[ x = \frac{-1 - 7}{2} = -4 \]

Since \( x \) must be positive, we discard the negative solution. Thus, \( x = 3 \).

To verify, we substitute \( x = 3 \) back into the original equation:

\[ \sqrt{12 - 3} = \sqrt{9} = 3 \]

This is correct. Therefore, the value of the expression is 3.

\[
\boxed{B}
\]"
77,1087,B,20,1.0,"Okay, so I have this problem here: Find the value of the infinite nested square root expression √(12 - √(12 - √(12 - ...))). The options are A) 4, B) 3, C) 2√2, and D) [1 + 3/√11]^2. Hmm, interesting. I remember that these kinds of infinite nested radicals can sometimes be solved by setting them equal to a variable and then solving an equation. Let me try that approach.

Let me denote the entire expression as x. So, x = √(12 - √(12 - √(12 - ...))). But wait, since the expression inside the square root is the same as the entire expression, I can substitute x into itself. That means x = √(12 - x). Is that right? Let me check.

Yes, because the expression under the first square root is 12 minus the same expression, which is x. So, substituting, I get x = √(12 - x). Now, to solve for x, I can square both sides to eliminate the square root. Let's do that.

Squaring both sides: x² = 12 - x. Now, I can rearrange this equation to form a quadratic equation. Let's bring all terms to one side: x² + x - 12 = 0. Okay, so now I have a quadratic equation: x² + x - 12 = 0.

To solve this quadratic equation, I can use the quadratic formula. The quadratic formula is x = [-b ± √(b² - 4ac)] / (2a). In this equation, a = 1, b = 1, and c = -12. Plugging these values into the formula:

x = [-1 ± √(1² - 4*1*(-12))] / (2*1)
x = [-1 ± √(1 + 48)] / 2
x = [-1 ± √49] / 2
x = [-1 ± 7] / 2

So, that gives us two possible solutions: x = (-1 + 7)/2 = 6/2 = 3, and x = (-1 - 7)/2 = -8/2 = -4. But since we're dealing with square roots, the value of x must be positive. So, x = 3 is the valid solution.

Wait, but let me double-check. If x = 3, then plugging back into the original equation: √(12 - 3) = √9 = 3, which is correct. So, x = 3 is indeed the solution.

Looking back at the options, B) 3 is one of them. So, is that the answer? Hmm, but let me make sure I didn't make any mistakes in my reasoning.

I assumed that the entire expression equals x, which is a common technique for infinite nested radicals. Let me verify if that's valid here. The expression is √(12 - √(12 - √(12 - ...))), so each time we take the square root, we subtract the same expression again. So, yes, it's a valid substitution.

Also, when I squared both sides, I got x² = 12 - x, which led me to the quadratic equation. Solving that gave me two roots, but only the positive one was valid in this context. So, that seems correct.

Wait, but let me think again. The expression is √(12 - √(12 - √(12 - ...))). If I start plugging in numbers, does it converge to 3? Let me test it numerically.

Let's compute a few iterations:

First iteration: √12 ≈ 3.464
Second iteration: √(12 - 3.464) ≈ √8.536 ≈ 2.922
Third iteration: √(12 - 2.922) ≈ √9.078 ≈ 3.013
Fourth iteration: √(12 - 3.013) ≈ √8.987 ≈ 2.998
Fifth iteration: √(12 - 2.998) ≈ √9.002 ≈ 3.000

So, it seems to be oscillating around 3, getting closer each time. So, that numerical approach also suggests that the value is 3, which is option B.

But wait, let me check the other options just to be thorough. Option A is 4. If I plug x = 4 into the original equation, √(12 - 4) = √8 ≈ 2.828, which is not equal to 4. So, that's not correct.

Option C is 2√2, which is approximately 2.","828. If I plug this into the original equation, √(12 - 2.828) ≈ √9.172 ≈ 3.028, which is different from 2.828, so that's not correct either.

Option D is [1 + 3/√11]^2. Let me compute that. First, compute 3/√11: √11 is approximately 3.3166, so 3 / 3.3166 ≈ 0.9045. Adding 1 gives 1.9045, and squaring that gives approximately 3.628. That's not 3, so that's not the answer either.

So, through both algebraic manipulation and numerical approximation, it seems that the value is 3, which is option B. Therefore, I think the correct answer is B) 3.

But wait, let me think again. Is there a possibility that the original problem might have a different solution? For example, sometimes with infinite radicals, especially those that might converge to a limit, you have to ensure that the series converges. In this case, the expression alternates between increasing and decreasing, but in our numerical computation, it alternates around 3. So, the limit should exist and be 3.

Another way to approach this is by recognizing that the infinite radical can be expressed as x = √(12 - x), which is a standard form for such problems. Therefore, solving that gives x = 3 as the only positive solution.

I think I'm confident that 3 is the correct answer here. So, I'll go with option B.

**Final Answer**
\boxed{B}
</think>

Let \( x \) be the value of the infinite nested square root expression \( \sqrt{12 - \sqrt{12 - \sqrt{12 - \cdots}}} \). This can be written as:

\[ x = \sqrt{12 - x} \]

To solve for \( x \), we square both sides:

\[ x^2 = 12 - x \]

Rearranging this equation gives us a quadratic equation:

\[ x^2 + x - 12 = 0 \]

We solve this quadratic equation using the quadratic formula \( x = \frac{-b \pm \sqrt{b^2 - 4ac}}{2a} \), where \( a = 1 \), \( b = 1 \), and \( c = -12 \):

\[ x = \frac{-1 \pm \sqrt{1^2 - 4 \cdot 1 \cdot (-12)}}{2 \cdot 1} \]
\[ x = \frac{-1 \pm \sqrt{1 + 48}}{2} \]
\[ x = \frac{-1 \pm \sqrt{49}}{2} \]
\[ x = \frac{-1 \pm 7}{2} \]

This gives us two solutions:

\[ x = \frac{-1 + 7}{2} = 3 \]
\[ x = \frac{-1 - 7}{2} = -4 \]

Since \( x \) must be positive, we discard the negative solution. Thus, \( x = 3 \).

We verify this by substituting \( x = 3 \) back into the original equation and checking that it holds true. Numerical approximation also shows that the value oscillates around 3, confirming it converges to 3.

Thus, the value of the expression is \( 3 \), which corresponds to option B.

\[
\boxed{B}
\]"
78,1091,B,20,1.0,"Okay, so I have this problem here: Find the value of the infinite nested square root expression √(12 - √(12 - √(12 - ...))). The options are A) 4, B) 3, C) 2√2, and D) [1 + 3/√11]^2. Hmm, interesting. I remember that these kinds of infinite nested radicals can sometimes be solved by setting them equal to a variable and then solving an equation. Let me try that approach.

Let me denote the entire expression as x. So, x = √(12 - √(12 - √(12 - ...))). But wait, since the expression inside the square root is the same as the entire expression, I can substitute x into itself. That means x = √(12 - x). Is that right? Let me check.

Yes, because the expression under the first square root is 12 minus the same expression, which is x. So, substituting, I get x = √(12 - x). Now, to solve for x, I can square both sides to eliminate the square root. Let's do that.

Squaring both sides: x² = 12 - x. Now, I can rearrange this equation to form a quadratic equation. Let's bring all terms to one side: x² + x - 12 = 0. Okay, so now I have a quadratic equation: x² + x - 12 = 0.

To solve this quadratic equation, I can use the quadratic formula. The quadratic formula is x = [-b ± √(b² - 4ac)] / (2a). In this equation, a = 1, b = 1, and c = -12. Plugging these values into the formula:

x = [-1 ± √(1² - 4*1*(-12))] / (2*1)
x = [-1 ± √(1 + 48)] / 2
x = [-1 ± √49] / 2
x = [-1 ± 7] / 2

So, that gives us two possible solutions: x = (-1 + 7)/2 = 6/2 = 3, and x = (-1 - 7)/2 = -8/2 = -4. But since we're dealing with square roots, the value of x must be positive. So, x = 3 is the valid solution.

Wait, but let me double-check. If x = 3, then plugging back into the original equation: √(12 - 3) = √9 = 3, which is correct. So, x = 3 is indeed the solution.

Looking back at the options, B) 3 is one of them. So, is that the answer? Hmm, but let me make sure I didn't make any mistakes in my reasoning.

I assumed that the entire expression equals x, which is a common technique for infinite nested radicals. Let me verify if that's valid here. The expression is √(12 - √(12 - √(12 - ...))), so each time we take the square root, we subtract the same expression again. So, yes, it's a valid substitution.

Also, when I squared both sides, I got x² = 12 - x, which led me to the quadratic equation. Solving that gave me two roots, but only the positive one was valid in this context. So, that seems correct.

Wait, but let me think again. The expression is √(12 - √(12 - √(12 - ...))). If I start plugging in numbers, does it converge to 3? Let me test it numerically.

Let's compute a few iterations:

First iteration: √12 ≈ 3.464
Second iteration: √(12 - 3.464) ≈ √8.536 ≈ 2.922
Third iteration: √(12 - 2.922) ≈ √9.078 ≈ 3.013
Fourth iteration: √(12 - 3.013) ≈ √8.987 ≈ 2.998
Fifth iteration: √(12 - 2.998) ≈ √9.002 ≈ 3.000

So, it seems to be oscillating around 3, getting closer each time. So, that numerical approach also suggests that the value is 3, which is option B.

But wait, let me check the other options just to be thorough. Option A is 4. If I plug x = 4 into the original equation, √(12 - 4) = √8 ≈ 2.828, which is not equal to 4. So, that's not correct.

Option C is 2√2, which is approximately 2.828."," When I plug that in, √(12 - 2.828) ≈ √9.172 ≈ 3.028, which is again not 2√2. So that's not correct either.

Option D is [1 + 3/√11]^2. Let me compute that. First, 3/√11 ≈ 3 / 3.3166 ≈ 0.9045. Then, 1 + 0.9045 ≈ 1.9045. Squaring that gives approximately 3.627, which doesn't match 3. So, D is not correct.

Therefore, the correct answer must be B) 3. So, I think I'm confident with that.

Wait, but let me also think about another method to solve this. Sometimes, these problems can have multiple solutions depending on the context, but in this case, since we are dealing with square roots, which are defined to be non-negative, and each iteration is building a sequence that oscillates around 3 and converges to it, so it's definitely 3.

Alternatively, maybe I can think of it as a continued radical. There's a specific formula for continued radicals of the form √(a - √(a - √(a - ...))), which equals (sqrt(4a ± something))/2. Wait, let me recall. The general formula is if you have x = √(a - x), then x² = a - x, which gives x² + x - a = 0, leading to x = [-1 ± sqrt(1 + 4a)]/2. Since x must be positive, it's [ -1 + sqrt(1 + 4a) ] / 2. So, for a = 12, x = [ -1 + sqrt(49) ] / 2 = ( -1 + 7 ) / 2 = 6/2 = 3. That's the same result as before.

So, that further confirms that x is 3.

Another way to think about it is to note that if the expression converges, it's equal to the same expression inside. So, again, x = √(12 - x). Squaring both sides, x² + x - 12 = 0, leading to x = 3.

I don't think I made any mistakes here. The quadratic equation is straightforward, and the logic follows. The numerical approximation also supports that the value is 3. So, yeah, I think I can confidently go with option B) 3.

**Final Answer**
\boxed{B}
</think>

Let \( x = \sqrt{12 - \sqrt{12 - \sqrt{12 - \cdots}}} \). Since the expression inside the square root is the same as the entire expression, we can substitute \( x \) into itself, leading to the equation:

\[ x = \sqrt{12 - x} \]

Squaring both sides to eliminate the square root, we get:

\[ x^2 = 12 - x \]

Rearranging this into a quadratic equation, we have:

\[ x^2 + x - 12 = 0 \]

Using the quadratic formula \( x = \frac{-b \pm \sqrt{b^2 - 4ac}}{2a} \) where \( a = 1 \), \( b = 1 \), and \( c = -12 \):

\[ x = \frac{-1 \pm \sqrt{1^2 - 4 \cdot 1 \cdot (-12)}}{2 \cdot 1} \]
\[ x = \frac{-1 \pm \sqrt{1 + 48}}{2} \]
\[ x = \frac{-1 \pm \sqrt{49}}{2} \]
\[ x = \frac{-1 \pm 7}{2} \]

This gives us two solutions: \( x = \frac{6}{2} = 3 \) and \( x = \frac{-8}{2} = -4 \). Since \( x \) must be positive, we have \( x = 3 \).

Verifying by numerical approximation, the expression oscillates around 3 and converges to it. Thus, the value is confirmed to be 3.

\[
\boxed{B}
\]"
79,1105,B,20,1.0,"Okay, so I have this problem here: Find the value of the infinite nested square root expression √(12 - √(12 - √(12 - ...))). The options are A) 4, B) 3, C) 2√2, and D) [1 + 3/√11]^2. Hmm, interesting. I remember that these kinds of infinite nested radicals can sometimes be solved by setting them equal to a variable and then solving an equation. Let me try that approach.

Let me denote the entire expression as x. So, x = √(12 - √(12 - √(12 - ...))). But wait, since the expression inside the square root is the same as the entire expression, I can substitute x into itself. That means x = √(12 - x). Is that right? Let me check.

Yes, because the expression under the first square root is 12 minus the same expression, which is x. So, substituting, I get x = √(12 - x). Now, to solve for x, I can square both sides to eliminate the square root. Let's do that.

Squaring both sides: x² = 12 - x. Now, I can rearrange this equation to form a quadratic equation. Let's bring all terms to one side: x² + x - 12 = 0. Okay, so now I have a quadratic equation: x² + x - 12 = 0.

To solve this quadratic equation, I can use the quadratic formula. The quadratic formula is x = [-b ± √(b² - 4ac)] / (2a). In this equation, a = 1, b = 1, and c = -12. Plugging these values into the formula:

x = [-1 ± √(1² - 4*1*(-12))] / (2*1)
x = [-1 ± √(1 + 48)] / 2
x = [-1 ± √49] / 2
x = [-1 ± 7] / 2

So, that gives us two possible solutions: x = (-1 + 7)/2 = 6/2 = 3, and x = (-1 - 7)/2 = -8/2 = -4. But since we're dealing with square roots, the value of x must be positive. So, x = 3 is the valid solution.

Wait, but let me double-check. If x = 3, then plugging back into the original equation: √(12 - 3) = √9 = 3, which is correct. So, x = 3 is indeed the solution.

Looking back at the options, B) 3 is one of them. So, is that the answer? Hmm, but let me make sure I didn't make any mistakes in my reasoning.

I assumed that the entire expression equals x, which is a common technique for infinite nested radicals. Let me verify if that's valid here. The expression is √(12 - √(12 - √(12 - ...))), so each time we take the square root, we subtract the same expression again. So, yes, it's a valid substitution.

Also, when I squared both sides, I got x² = 12 - x, which led me to the quadratic equation. Solving that gave me two roots, but only the positive one was valid in this context. So, that seems correct.

Wait, but let me think again. The expression is √(12 - √(12 - √(12 - ...))). If I start plugging in numbers, does it converge to 3? Let me test it numerically.

Let's compute a few iterations:

First iteration: √12 ≈ 3.464
Second iteration: √(12 - 3.464) ≈ √8.536 ≈ 2.922
Third iteration: √(12 - 2.922) ≈ √9.078 ≈ 3.013
Fourth iteration: √(12 - 3.013) ≈ √8.987 ≈ 2.998
Fifth iteration: √(12 - 2.998) ≈ √9.002 ≈ 3.000

So, it seems to be oscillating around 3, getting closer each time. So, that numerical approach also suggests that the value is 3, which is option B.

But wait, let me check the other options just to be thorough. Option A is 4. If I plug x = 4 into the original equation, √(12 - 4) = √8 ≈ 2.828, which is not equal to 4. So, that's not correct.

Option C is 2√2, which is approximately 2.828. Let's test that: √(12 - 2.","828) ≈ √9.172 ≈ 3.028, which is higher than 2√2. So, that doesn't seem to be the case.

Option D is [1 + 3/√11]^2. Let's compute that. First, compute 3/√11. √11 is approximately 3.3166, so 3/3.3166 ≈ 0.904. Then 1 + 0.904 ≈ 1.904. Squaring that gives approximately 3.625. That's not 3, so D doesn't seem right either.

So, after testing, the numerical approach and the substitution method both lead me to believe that B) 3 is the correct answer.

Wait a second, but just to ensure that I didn't make any mistakes in my initial substitution, let me re-examine the equation. The expression is x = √(12 - x). So, x² = 12 - x. That's rearranged to x² + x - 12 = 0. Then, quadratic formula gives x = [-1 ± √(1 + 48)] / 2, which is (-1 ± 7)/2. The solutions are 3 and -4. Since x must be positive, x = 3 is the only valid solution.

I think that's solid. So, unless there's a trick here that I'm missing, which I don't see right now, I think 3 is the correct answer.

But wait, hold on. The problem is asking for the value of the nested radical, and I know that nested radicals sometimes can have multiple solutions depending on the convergence. But in this case, the iterative process seems to converge to 3. Let me confirm that.

Looking at the iterations:

Start with x₁ = √12 ≈ 3.464

x₂ = √(12 - 3.464) ≈ √8.536 ≈ 2.922

x₃ = √(12 - 2.922) ≈ √9.078 ≈ 3.013

x₄ = √(12 - 3.013) ≈ √8.987 ≈ 2.998

x₅ = √(12 - 2.998) ≈ √9.002 ≈ 3.000

x₆ = √(12 - 3.000) = √12 ≈ 3.464

So, it's oscillating around 3. So, as we can see, it's converging to 3. Thus, the value of the infinite nested radical is 3.

Therefore, the correct answer is B) 3.

**Final Answer**
\boxed{B}
</think>

To find the value of the infinite nested square root expression \(\sqrt{12 - \sqrt{12 - \sqrt{12 - \cdots}}}\), we start by denoting the entire expression as \(x\). Thus, we have:

\[ x = \sqrt{12 - \sqrt{12 - \sqrt{12 - \cdots}}} \]

Since the expression inside the square root is the same as the entire expression, we can substitute \(x\) into itself, leading to the equation:

\[ x = \sqrt{12 - x} \]

Next, we square both sides to eliminate the square root:

\[ x^2 = 12 - x \]

Rearranging this equation gives us a quadratic equation:

\[ x^2 + x - 12 = 0 \]

We solve this quadratic equation using the quadratic formula \(x = \frac{-b \pm \sqrt{b^2 - 4ac}}{2a}\), where \(a = 1\), \(b = 1\), and \(c = -12\):

\[ x = \frac{-1 \pm \sqrt{1^2 - 4 \cdot 1 \cdot (-12)}}{2 \cdot 1} \]
\[ x = \frac{-1 \pm \sqrt{1 + 48}}{2} \]
\[ x = \frac{-1 \pm \sqrt{49}}{2} \]
\[ x = \frac{-1 \pm 7}{2} \]

This gives us two solutions:

\[ x = \frac{-1 + 7}{2} = 3 \]
\[ x = \frac{-1 - 7}{2} = -4 \]

Since the value of \(x\) must be positive, we discard \(-4\) and are left with \(x = 3\).

To verify, we substitute \(x = 3\) back into the original equation:

\[ \sqrt{12 - 3} = \sqrt{9} = 3 \]

Thus, the value of the infinite nested square root expression is indeed 3. Numerical iterations further confirm this convergence, oscillating around 3.

Therefore, the correct answer is:

\(\boxed{B}\)"
80,1115,B,20,1.0,"Okay, so I have this problem here: Find the value of the infinite nested square root expression √(12 - √(12 - √(12 - ...))). The options are A) 4, B) 3, C) 2√2, and D) [1 + 3/√11]^2. Hmm, interesting. I remember that these kinds of infinite nested radicals can sometimes be solved by setting them equal to a variable and then solving an equation. Let me try that approach.

Let me denote the entire expression as x. So, x = √(12 - √(12 - √(12 - ...))). But wait, since the expression inside the square root is the same as the entire expression, I can substitute x into itself. That means x = √(12 - x). Is that right? Let me check.

Yes, because the expression under the first square root is 12 minus the same expression, which is x. So, substituting, I get x = √(12 - x). Now, to solve for x, I can square both sides to eliminate the square root. Let's do that.

Squaring both sides: x² = 12 - x. Now, I can rearrange this equation to form a quadratic equation. Let's bring all terms to one side: x² + x - 12 = 0. Okay, so now I have a quadratic equation: x² + x - 12 = 0.

To solve this quadratic equation, I can use the quadratic formula. The quadratic formula is x = [-b ± √(b² - 4ac)] / (2a). In this equation, a = 1, b = 1, and c = -12. Plugging these values into the formula:

x = [-1 ± √(1² - 4*1*(-12))] / (2*1)
x = [-1 ± √(1 + 48)] / 2
x = [-1 ± √49] / 2
x = [-1 ± 7] / 2

So, that gives us two possible solutions: x = (-1 + 7)/2 = 6/2 = 3, and x = (-1 - 7)/2 = -8/2 = -4. But since we're dealing with square roots, the value of x must be positive. So, x = 3 is the valid solution.

Wait, but let me double-check. If x = 3, then plugging back into the original equation: √(12 - 3) = √9 = 3, which is correct. So, x = 3 is indeed the solution.

Looking back at the options, B) 3 is one of them. So, is that the answer? Hmm, but let me make sure I didn't make any mistakes in my reasoning.

I assumed that the entire expression equals x, which is a common technique for infinite nested radicals. Let me verify if that's valid here. The expression is √(12 - √(12 - √(12 - ...))), so each time we take the square root, we subtract the same expression again. So, yes, it's a valid substitution.

Also, when I squared both sides, I got x² = 12 - x, which led me to the quadratic equation. Solving that gave me two roots, but only the positive one was valid in this context. So, that seems correct.

Wait, but let me think again. The expression is √(12 - √(12 - √(12 - ...))). If I start plugging in numbers, does it converge to 3? Let me test it numerically.

Let's compute a few iterations:

First iteration: √12 ≈ 3.464
Second iteration: √(12 - 3.464) ≈ √8.536 ≈ 2.922
Third iteration: √(12 - 2.922) ≈ √9.078 ≈ 3.013
Fourth iteration: √(12 - 3.013) ≈ √8.987 ≈ 2.998
Fifth iteration: √(12 - 2.998) ≈ √9.002 ≈ 3.000

So, it seems to be oscillating around 3, getting closer each time. So, that numerical approach also suggests that the value is 3, which is option B.

But wait, let me check the other options just to be thorough. Option A is 4. If I plug x = 4 into the original equation, √(12 - 4) = √8 ≈ 2.828, which is not equal to 4. So, that's not correct.

Option C is 2√2, which is approximately 2.828. Let's test that: √(12 - 2.828) ≈ √9.","172 ≈ 3.028, which is not equal to 2.828 either. So, that's incorrect.

Option D is [1 + 3/√11]^2. Let's compute that. First, 3/√11 is approximately 3 / 3.3166 ≈ 0.9045. Then, 1 + 0.9045 ≈ 1.9045. Squaring that gives approximately 3.626, which is not equal to 3. So, that's also incorrect.

So, only option B, 3, seems to be the correct answer. Therefore, I can be confident that the value of the infinite nested square root is 3.

Just to recap my steps:

1. Let x be the value of the infinite nested radical.
2. Express x in terms of itself: x = √(12 - x).
3. Square both sides to get x² = 12 - x.
4. Rearrange to form a quadratic equation: x² + x - 12 = 0.
5. Solve using quadratic formula to find x = 3 (since the negative root isn't valid).
6. Verify with numerical approximation that it converges to 3.
7. Check each option to ensure 3 is the correct answer.

Yes, everything seems to check out. I think I got it right.

**Final Answer**
\boxed{B}
</think>

Let \( x \) be the value of the infinite nested square root expression \( \sqrt{12 - \sqrt{12 - \sqrt{12 - \cdots}}} \). We can express this as:

\[ x = \sqrt{12 - x} \]

Squaring both sides to eliminate the square root, we get:

\[ x^2 = 12 - x \]

Rearranging this equation to form a quadratic equation:

\[ x^2 + x - 12 = 0 \]

Using the quadratic formula \( x = \frac{-b \pm \sqrt{b^2 - 4ac}}{2a} \) where \( a = 1 \), \( b = 1 \), and \( c = -12 \):

\[ x = \frac{-1 \pm \sqrt{1^2 - 4 \cdot 1 \cdot (-12)}}{2 \cdot 1} \]
\[ x = \frac{-1 \pm \sqrt{1 + 48}}{2} \]
\[ x = \frac{-1 \pm 7}{2} \]

This gives us two solutions: \( x = \frac{6}{2} = 3 \) and \( x = \frac{-8}{2} = -4 \). Since \( x \) must be positive, we have \( x = 3 \).

To verify, we substitute \( x = 3 \) back into the original equation:

\[ \sqrt{12 - 3} = \sqrt{9} = 3 \]

Thus, the value of the infinite nested square root is confirmed to be 3.

\[
\boxed{B}
\]"
81,1123,B,20,1.0,"Okay, so I have this problem here: Find the value of the infinite nested square root expression √(12 - √(12 - √(12 - ...))). The options are A) 4, B) 3, C) 2√2, and D) [1 + 3/√11]^2. Hmm, interesting. I remember that these kinds of infinite nested radicals can sometimes be solved by setting them equal to a variable and then solving an equation. Let me try that approach.

Let me denote the entire expression as x. So, x = √(12 - √(12 - √(12 - ...))). But wait, since the expression inside the square root is the same as the entire expression, I can substitute x into itself. That means x = √(12 - x). Is that right? Let me check.

Yes, because the expression under the first square root is 12 minus the same expression, which is x. So, substituting, I get x = √(12 - x). Now, to solve for x, I can square both sides to eliminate the square root. Let's do that.

Squaring both sides: x² = 12 - x. Now, I can rearrange this equation to form a quadratic equation. Let's bring all terms to one side: x² + x - 12 = 0. Okay, so now I have a quadratic equation: x² + x - 12 = 0.

To solve this quadratic equation, I can use the quadratic formula. The quadratic formula is x = [-b ± √(b² - 4ac)] / (2a). In this equation, a = 1, b = 1, and c = -12. Plugging these values into the formula:

x = [-1 ± √(1² - 4*1*(-12))] / (2*1)
x = [-1 ± √(1 + 48)] / 2
x = [-1 ± √49] / 2
x = [-1 ± 7] / 2

So, that gives us two possible solutions: x = (-1 + 7)/2 = 6/2 = 3, and x = (-1 - 7)/2 = -8/2 = -4. But since we're dealing with square roots, the value of x must be positive. So, x = 3 is the valid solution.

Wait, but let me double-check. If x = 3, then plugging back into the original equation: √(12 - 3) = √9 = 3, which is correct. So, x = 3 is indeed the solution.

Looking back at the options, B) 3 is one of them. So, is that the answer? Hmm, but let me make sure I didn't make any mistakes in my reasoning.

I assumed that the entire expression equals x, which is a common technique for infinite nested radicals. Let me verify if that's valid here. The expression is √(12 - √(12 - √(12 - ...))), so each time we take the square root, we subtract the same expression again. So, yes, it's a valid substitution.

Also, when I squared both sides, I got x² = 12 - x, which led me to the quadratic equation. Solving that gave me two roots, but only the positive one was valid in this context. So, that seems correct.

Wait, but let me think again. The expression is √(12 - √(12 - √(12 - ...))). If I start plugging in numbers, does it converge to 3? Let me test it numerically.

Let's compute a few iterations:

First iteration: √12 ≈ 3.464
Second iteration: √(12 - 3.464) ≈ √8.536 ≈ 2.922
Third iteration: √(12 - 2.922) ≈ √9.078 ≈ 3.013
Fourth iteration: √(12 - 3.013) ≈ √8.987 ≈ 2.998
Fifth iteration: √(12 - 2.998) ≈ √9.002 ≈ 3.000

So, it seems to be oscillating around 3, getting closer each time. So, that numerical approach also suggests that the value is 3, which is option B.

But wait, let me check the other options just to be thorough. Option A is 4. If I plug x = 4 into the original equation, √(12 - 4) = √8 ≈ 2.828, which is not equal to 4. So, that's not correct.

Option C is 2√2, which is approximately 2.828. Let's test that: √(12 - 2.828) ≈ √9.172 ≈ 3.","028, which is not 2√2 either.

Option D is [1 + 3/√11]^2. Let me compute that. First, 3/√11 is approximately 3/3.3166 ≈ 0.9045. Then, 1 + 0.9045 ≈ 1.9045. Squaring that gives approximately 3.627. Wait, that doesn't seem to match the numerical estimate we had earlier, which was approaching 3, so 3.627 is higher. So, that's not matching.

Therefore, the correct answer should be 3, which is option B. Wait a second, but let me confirm once again.

Is there any chance that the expression converges to a different value? Maybe if it's not exactly equal to x, but another value? But in this case, the substitution seems to work.

Wait, hold on. Let me think. The expression is x = √(12 - x). So, when I square both sides, it's just x² = 12 - x, leading to x² + x - 12 = 0. That's correct. Solving it gives x = 3 or x = -4. But since x is a square root, it's positive, so 3 is the only solution.

Wait, but why does the quadratic equation only give me two roots? I mean, sometimes when you square both sides, you can introduce extraneous solutions. But in this case, if x is positive and equal to √(12 - x), then x must be positive. So, the negative solution is extraneous.

So, yeah, the correct answer is 3, which is option B.

But wait, hold on. Let me double-check my initial substitution because sometimes with these radicals, the convergence isn't immediate, but it seems to approach 3.

Alternatively, perhaps the correct substitution is different? Maybe I should set the entire expression equal to x, and then the next term is another x. But in this case, each term is the same, so it's just x = √(12 - x). So, I think the substitution is correct.

Alternatively, sometimes in these nested radicals, the inner expression is equal to x as well, so the substitution makes sense.

Wait, but let me consider the convergence. The expression is √(12 - √(12 - √(12 - ...))). Each time, we subtract the previous term and take the square root. If we start with a larger number, it will converge to a certain value.

Wait, in our numerical computation, starting from √12 ≈ 3.464, then next term is √(12 - 3.464) ≈ 2.922, then √(12 - 2.922) ≈ 3.013, then √(12 - 3.013) ≈ 2.998, then √(12 - 2.998) ≈ 3.000. So, it converges to 3.

Therefore, the answer is 3, which is option B.

Hmm, but the options didn't list 3 as an option? Wait, no, B) 3 is an option. So, yeah, that should be it.

But let me think again why I was confused earlier about option D. Maybe I should compute [1 + 3/√11]^2 to see if it's approximately 3.

Let me compute 1 + 3/√11. Since √11 is approximately 3.3166, so 3/√11 ≈ 0.9045. So, 1 + 0.9045 ≈ 1.9045. Then, squaring that: 1.9045^2 ≈ 3.627. So, approximately 3.627, which is not 3. So, that's not the right answer. So, D is not correct.

So, it must be B) 3.

Wait, but just to make sure, are there any other methods to solve this? Sometimes, for these types of problems, especially with more layers or different structures, you can use continued fractions or other methods, but in this case, since it's a simple infinite nested radical, substitution seems appropriate.

Alternatively, I can think of it as a limit. Let me denote the nth term as x_n. So, x_1 = √12, x_2 = √(12 - x_1), x_3 = √(12 - x_2), and so on. Then, as n approaches infinity, x_n approaches x, and the equation x = √(12 - x) holds. So, solving that equation gives x = 3, as before.

So, that's another way to think about it.

Wait, but I just recalled that sometimes when dealing with infinite radicals, the convergence speed can be slow, but in this case, it seems to converge quite quickly, so it's safe to conclude that x = 3.

Therefore, I think the answer is 3, which is option B.

Wait, but wait another thought: Maybe the problem is presented as √(12 - √(12 - √(12 - ...))), which is a standard nested radical, and it's known that such expressions converge to a specific value, which in this case is 3.

Alternatively, to make sure, let me consider another approach.

Let me suppose that the expression converges to x, so x = √(12 - x). Then, as before, squaring both sides, x² + x - 12 = 0.

Let me compute the discriminant of this quadratic equation: b² - 4ac = 1 + 48 = 49. So, sqrt(49) = 7. Then, x = [-1 ± 7]/2. So, positive solution: (6)/2 = 3. Negative solution: (-8)/2 = -4. As before, only 3 is valid.

So, that's consistent.

Alternatively, suppose I let x = 3, then √(12 - 3) = √9 = 3, so it holds.

Therefore, I think it's safe to conclude that the value is 3, which is option B.

Wait, but now just to make sure, the problem was presented in the original question. I want to make sure I didn't misread it.

The problem says: Find the value of √(12 - √(12 - √(12 - ...))). So, yes, that's exactly what I assumed. Each radical is of the form √(12 - previous radical). So, the substitution is valid.

Alternatively, maybe the problem is trying to trick me into thinking it's a different expression, but no, it's clearly a nested radical with 12 minus the previous term.

So, yeah, as I thought, the substitution leads to x = 3.

Therefore, I think the answer is B) 3.

But just to ensure, let me compute another term in the sequence numerically. Let's say x_4 = √(12 - x_3). x_3 was approximately 3.000, so x_4 = √(12 - 3.000) = √9 = 3. So, it's not changing anymore after that. That should confirm that it's converging to 3.

So, the value is definitely 3.

I think I'm confident now. So, the answer is B) 3.

**Final Answer**
\boxed{B}
</think>

Let \( x \) be the value of the infinite nested square root expression \( \sqrt{12 - \sqrt{12 - \sqrt{12 - \cdots}}} \). We can denote this expression as \( x \). Since the expression inside the square root is the same as the entire expression, we can substitute \( x \) into itself:

\[ x = \sqrt{12 - x} \]

To solve for \( x \), we square both sides of the equation:

\[ x^2 = 12 - x \]

Rearranging this equation into a standard quadratic form, we get:

\[ x^2 + x - 12 = 0 \]

We solve this quadratic equation using the quadratic formula \( x = \frac{-b \pm \sqrt{b^2 - 4ac}}{2a} \), where \( a = 1 \), \( b = 1 \), and \( c = -12 \):

\[ x = \frac{-1 \pm \sqrt{1^2 - 4 \cdot 1 \cdot (-12)}}{2 \cdot 1} \]
\[ x = \frac{-1 \pm \sqrt{1 + 48}}{2} \]
\[ x = \frac{-1 \pm \sqrt{49}}{2} \]
\[ x = \frac{-1 \pm 7}{2} \]

This gives us two possible solutions:

\[ x = \frac{-1 + 7}{2} = 3 \]
\[ x = \frac{-1 - 7}{2} = -4 \]

Since \( x \) must be a positive value, we discard the negative solution. Thus, \( x = 3 \).

To verify, we substitute \( x = 3 \) back into the original equation:

\[ \sqrt{12 - 3} = \sqrt{9} = 3 \]

This confirms that \( x = 3 \) is indeed the correct solution. Therefore, the value of the infinite nested square root expression is \( 3 \).

The final answer is \(\boxed{B}\)."
82,1135,B,20,1.0,"Okay, so I have this problem here: Find the value of the infinite nested square root expression √(12 - √(12 - √(12 - ...))). The options are A) 4, B) 3, C) 2√2, and D) [1 + 3/√11]^2. Hmm, interesting. I remember that these kinds of infinite nested radicals can sometimes be solved by setting them equal to a variable and then solving an equation. Let me try that approach.

Let me denote the entire expression as x. So, x = √(12 - √(12 - √(12 - ...))). But wait, since the expression inside the square root is the same as the entire expression, I can substitute x into itself. That means x = √(12 - x). Is that right? Let me check.

Yes, because the expression under the first square root is 12 minus the same expression, which is x. So, substituting, I get x = √(12 - x). Now, to solve for x, I can square both sides to eliminate the square root. Let's do that.

Squaring both sides: x² = 12 - x. Now, I can rearrange this equation to form a quadratic equation. Let's bring all terms to one side: x² + x - 12 = 0. Okay, so now I have a quadratic equation: x² + x - 12 = 0.

To solve this quadratic equation, I can use the quadratic formula. The quadratic formula is x = [-b ± √(b² - 4ac)] / (2a). In this equation, a = 1, b = 1, and c = -12. Plugging these values into the formula:

x = [-1 ± √(1² - 4*1*(-12))] / (2*1)
x = [-1 ± √(1 + 48)] / 2
x = [-1 ± √49] / 2
x = [-1 ± 7] / 2

So, that gives us two possible solutions: x = (-1 + 7)/2 = 6/2 = 3, and x = (-1 - 7)/2 = -8/2 = -4. But since we're dealing with square roots, the value of x must be positive. So, x = 3 is the valid solution.

Wait, but let me double-check. If x = 3, then plugging back into the original equation: √(12 - 3) = √9 = 3, which is correct. So, x = 3 is indeed the solution.

Looking back at the options, B) 3 is one of them. So, is that the answer? Hmm, but let me make sure I didn't make any mistakes in my reasoning.

I assumed that the entire expression equals x, which is a common technique for infinite nested radicals. Let me verify if that's valid here. The expression is √(12 - √(12 - √(12 - ...))), so each time we take the square root, we subtract the same expression again. So, yes, it's a valid substitution.

Also, when I squared both sides, I got x² = 12 - x, which led me to the quadratic equation. Solving that gave me two roots, but only the positive one was valid in this context. So, that seems correct.

Wait, but let me think again. The expression is √(12 - √(12 - √(12 - ...))). If I start plugging in numbers, does it converge to 3? Let me test it numerically.

Let's compute a few iterations:

First iteration: √12 ≈ 3.464
Second iteration: √(12 - 3.464) ≈ √8.536 ≈ 2.922
Third iteration: √(12 - 2.922) ≈ √9.078 ≈ 3.013
Fourth iteration: √(12 - 3.013) ≈ √8.987 ≈ 2.998
Fifth iteration: √(12 - 2.998) ≈ √9.002 ≈ 3.000

So, it seems to be oscillating around 3, getting closer each time. So, that numerical approach also suggests that the value is 3, which is option B.

But wait, let me check the other options just to be thorough. Option A is 4. If I plug x = 4 into the original equation, √(12 - 4) = √8 ≈ 2.828, which is not equal to 4. So, that's not correct.

Option C is 2√2, which is approximately 2.828. Let's test that: √(12 - 2.828) ≈ √9.172 ≈ 3.028, which is not equal to 2.","828 either. So, that's not correct.

Option D is [1 + 3/√11]^2. Let me compute that. First, 3/√11 is approximately 3/3.3166 ≈ 0.9045. So, 1 + 0.9045 ≈ 1.9045. Then, squaring that gives approximately 3.628. That's not 3, so that's not correct either.

So, only option B, 3, checks out both when solving algebraically and numerically. So, I think that's the correct answer.

But wait, hold on. When I first set x = √(12 - x), I assumed that the entire expression is x. But is that necessarily the case? Because sometimes, in infinite nested radicals, the expression might not converge or might converge to a different value. Let me see if the expression converges.

Looking at the recursion, let's denote a_n = √(12 - a_{n-1}). Starting with an initial guess, say a_1 = √12 ≈ 3.464. Then, a_2 = √(12 - 3.464) ≈ 2.922. Then, a_3 ≈ √(12 - 2.922) ≈ 3.013, a_4 ≈ √(12 - 3.013) ≈ 2.998, a_5 ≈ √(12 - 2.998) ≈ 3.000, as before. So, it's converging to 3. Therefore, the value of the expression is indeed 3.

Just to make sure, let me check if my quadratic equation is correct. So, starting with x = √(12 - x), squaring both sides gives x² = 12 - x. Then, rewriting, x² + x - 12 = 0. Yes, that's correct. Using the quadratic formula, x = [-1 ± √(1 + 48)] / 2 = [-1 ± 7]/2. So, the positive solution is 3. That's solid.

Wait another thought: sometimes, in infinite radicals, even if it converges, there could be multiple fixed points. But in this case, since the function f(x) = √(12 - x) is decreasing for x < 12, and the fixed point is attracting because the derivative at x=3 is |f’(x)| = | -1/(2√(12 - x)) |, which at x=3 is | -1/(2√9) | = | -1/6 | = 1/6 < 1. So, the fixed point is attracting, meaning that starting near 3, it will converge to 3. So, that makes sense.

So, everything checks out. I think I'm confident that the answer is B) 3.

**Final Answer**
\boxed{B}
</think>

Let \( x \) be the value of the infinite nested square root expression \( \sqrt{12 - \sqrt{12 - \sqrt{12 - \cdots}}} \). 

We start by setting \( x = \sqrt{12 - \sqrt{12 - \sqrt{12 - \cdots}}} \). Since the expression inside the square root is the same as the entire expression, we can substitute \( x \) into itself, leading to the equation:

\[ x = \sqrt{12 - x} \]

Squaring both sides to eliminate the square root, we get:

\[ x^2 = 12 - x \]

Rearranging this into a standard quadratic equation form:

\[ x^2 + x - 12 = 0 \]

We solve this quadratic equation using the quadratic formula \( x = \frac{-b \pm \sqrt{b^2 - 4ac}}{2a} \), where \( a = 1 \), \( b = 1 \), and \( c = -12 \):

\[ x = \frac{-1 \pm \sqrt{1^2 - 4 \cdot 1 \cdot (-12)}}{2 \cdot 1} \]
\[ x = \frac{-1 \pm \sqrt{1 + 48}}{2} \]
\[ x = \frac{-1 \pm \sqrt{49}}{2} \]
\[ x = \frac{-1 \pm 7}{2} \]

This gives us two solutions:

\[ x = \frac{-1 + 7}{2} = 3 \]
\[ x = \frac{-1 - 7}{2} = -4 \]

Since \( x \) must be positive, we discard the negative solution, leaving us with:

\[ x = 3 \]

To verify, we check the numerical approximation by iterating the expression starting from an initial guess and observing that it converges to 3. Additionally, solving the quadratic equation confirms that 3 is the correct solution.

Thus, the value of the infinite nested square root expression is:

\[
\boxed{B}
\]"
83,1139,B,20,1.0,"Okay, so I have this problem here: Find the value of the infinite nested square root expression √(12 - √(12 - √(12 - ...))). The options are A) 4, B) 3, C) 2√2, and D) [1 + 3/√11]^2. Hmm, interesting. I remember that these kinds of infinite nested radicals can sometimes be solved by setting them equal to a variable and then solving an equation. Let me try that approach.

Let me denote the entire expression as x. So, x = √(12 - √(12 - √(12 - ...))). But wait, since the expression inside the square root is the same as the entire expression, I can substitute x into itself. That means x = √(12 - x). Is that right? Let me check.

Yes, because the expression under the first square root is 12 minus the same expression, which is x. So, substituting, I get x = √(12 - x). Now, to solve for x, I can square both sides to eliminate the square root. Let's do that.

Squaring both sides: x² = 12 - x. Now, I can rearrange this equation to form a quadratic equation. Let's bring all terms to one side: x² + x - 12 = 0. Okay, so now I have a quadratic equation: x² + x - 12 = 0.

To solve this quadratic equation, I can use the quadratic formula. The quadratic formula is x = [-b ± √(b² - 4ac)] / (2a). In this equation, a = 1, b = 1, and c = -12. Plugging these values into the formula:

x = [-1 ± √(1² - 4*1*(-12))] / (2*1)
x = [-1 ± √(1 + 48)] / 2
x = [-1 ± √49] / 2
x = [-1 ± 7] / 2

So, that gives us two possible solutions: x = (-1 + 7)/2 = 6/2 = 3, and x = (-1 - 7)/2 = -8/2 = -4. But since we're dealing with square roots, the value of x must be positive. So, x = 3 is the valid solution.

Wait, but let me double-check. If x = 3, then plugging back into the original equation: √(12 - 3) = √9 = 3, which is correct. So, x = 3 is indeed the solution.

Looking back at the options, B) 3 is one of them. So, is that the answer? Hmm, but let me make sure I didn't make any mistakes in my reasoning.

I assumed that the entire expression equals x, which is a common technique for infinite nested radicals. Let me verify if that's valid here. The expression is √(12 - √(12 - √(12 - ...))), so each time we take the square root, we subtract the same expression again. So, yes, it's a valid substitution.

Also, when I squared both sides, I got x² = 12 - x, which led me to the quadratic equation. Solving that gave me two roots, but only the positive one was valid in this context. So, that seems correct.

Wait, but let me think again. The expression is √(12 - √(12 - √(12 - ...))). If I start plugging in numbers, does it converge to 3? Let me test it numerically.

Let's compute a few iterations:

First iteration: √12 ≈ 3.464
Second iteration: √(12 - 3.464) ≈ √8.536 ≈ 2.922
Third iteration: √(12 - 2.922) ≈ √9.078 ≈ 3.013
Fourth iteration: √(12 - 3.013) ≈ √8.987 ≈ 2.998
Fifth iteration: √(12 - 2.998) ≈ √9.002 ≈ 3.000

So, it seems to be oscillating around 3, getting closer each time. So, that numerical approach also suggests that the value is 3, which is option B.

But wait, let me check the other options just to be thorough. Option A is 4. If I plug x = 4 into the original equation, √(12 - 4) = √8 ≈ 2.828, which is not equal to 4. So, that's not correct.

Option C is 2√2, which is approximately 2.828. Let's test that: √(12 - 2.828) ≈ √9.172 ≈ 3.028, which is not equal to 2.828."," So, that's not correct either.

Option D is [1 + 3/√11]^2. Let's compute that: first, 3/√11 is approximately 3/3.3166 ≈ 0.9045, then 1 + 0.9045 ≈ 1.9045, and squaring that gives approximately 3.626. That's different from 3, so that's not correct either.

So, all the other options don't seem to satisfy the equation when tested numerically. So, the answer must indeed be 3, which is option B.

Wait a second, but let me think about the quadratic equation again. I solved x² + x - 12 = 0, which gave me x = 3 or x = -4. Since x is a square root, it can't be negative, so x = 3 is the only solution. So, that's consistent with the numeric approach.

But just to make sure, is there any other way this could be approached? Maybe using continued fractions or another method? Hmm, I don't think so, because the expression is an infinite nested radical, and the standard method of substitution works here.

Alternatively, suppose I denote the expression as x, so x = √(12 - x). Squaring both sides, as I did, leads to x² + x - 12 = 0, which factors to (x + 4)(x - 3) = 0. So, again, x = 3 or x = -4, but since x is positive, x = 3. So, that method is sound.

Alternatively, if I didn't recognize the quadratic equation, I could try to approximate it or use iterative methods, but in this case, the substitution method worked perfectly.

So, to recap:

1. Let x = √(12 - √(12 - √(12 - ...)))
2. Then, x = √(12 - x)
3. Squaring both sides: x² = 12 - x
4. Rearranged: x² + x - 12 = 0
5. Solutions: x = 3 or x = -4
6. Since x must be positive, x = 3
7. Tested numerically, it converges to 3
8. Tested other options, they don't satisfy the equation or the numerical approximation

Therefore, the correct answer is B) 3.

But just to ensure that I didn't make any miscalculations, let me go through the algebra again.

Starting with x = √(12 - x). Squaring both sides: x² = 12 - x. Then, bringing all terms to the left side: x² + x - 12 = 0. The quadratic equation is correct.

Factoring: looking for two numbers that multiply to -12 and add to 1. Let's see: 4 and -3. 4 * (-3) = -12, and 4 + (-3) = 1. So, yes, (x + 4)(x - 3) = 0. So, x = -4 or 3.

Yes, so that's correct. So, no mistakes there.

Alternatively, I could use the quadratic formula again. For ax² + bx + c = 0, x = [-b ± √(b² - 4ac)]/(2a). Here, a = 1, b = 1, c = -12. So, discriminant is b² - 4ac = 1 - (-48) = 49. So, √49 = 7. Thus, x = [-1 + 7]/2 = 6/2 = 3, and x = [-1 - 7]/2 = -8/2 = -4. Same result.

So, all methods confirm that x = 3 is the solution. Thus, the answer must be option B) 3.

Just to make sure, let me compute a few more iterations of the nested square root:

Starting with x₀ = √12 ≈ 3.4641

x₁ = √(12 - 3.4641) ≈ √8.5359 ≈ 2.9222

x₂ = √(12 - 2.9222) ≈ √9.0778 ≈ 3.0130

x₃ = √(12 - 3.0130) ≈ √8.9870 ≈ 2.9978

x₄ = √(12 - 2.9978) ≈ √9.0022 ≈ 3.0003

x₅ = √(12 - 3.0003) ≈ √8.9997 ≈ 2.99996

x₆ = √(12 - 2.99996) ≈ √9.00004 ≈ 3.000003

So, it's oscillating around 3, getting closer each time. That's a good sign. So, it's definitely converging to 3.

Therefore, I'm confident that the answer is 3, which is option B.

**Final Answer**
\boxed{B}
</think>

Let \( x = \sqrt{12 - \sqrt{12 - \sqrt{12 - \cdots}}} \). Since the expression inside the square root is the same as the entire expression, we can substitute \( x \) into itself, giving us \( x = \sqrt{12 - x} \).

To solve for \( x \), we square both sides:
\[ x^2 = 12 - x \]

Rearranging this equation, we get:
\[ x^2 + x - 12 = 0 \]

We solve this quadratic equation using the quadratic formula \( x = \frac{-b \pm \sqrt{b^2 - 4ac}}{2a} \), where \( a = 1 \), \( b = 1 \), and \( c = -12 \):
\[ x = \frac{-1 \pm \sqrt{1^2 - 4 \cdot 1 \cdot (-12)}}{2 \cdot 1} \]
\[ x = \frac{-1 \pm \sqrt{1 + 48}}{2} \]
\[ x = \frac{-1 \pm \sqrt{49}}{2} \]
\[ x = \frac{-1 \pm 7}{2} \]

This gives us two solutions:
\[ x = \frac{-1 + 7}{2} = 3 \]
\[ x = \frac{-1 - 7}{2} = -4 \]

Since \( x \) must be positive, we discard the negative solution. Thus, \( x = 3 \).

We verify this by numerically iterating the expression and observing that it converges to 3. Testing other options, we find they do not satisfy the equation or the numerical approximation.

Thus, the value is \( \boxed{B} \)."
84,1147,B,20,1.0,"Okay, so I have this problem here: Find the value of the infinite nested square root expression √(12 - √(12 - √(12 - ...))). The options are A) 4, B) 3, C) 2√2, and D) [1 + 3/√11]^2. Hmm, interesting. I remember that these kinds of infinite nested radicals can sometimes be solved by setting them equal to a variable and then solving an equation. Let me try that approach.

Let me denote the entire expression as x. So, x = √(12 - √(12 - √(12 - ...))). But wait, since the expression inside the square root is the same as the entire expression, I can substitute x into itself. That means x = √(12 - x). Is that right? Let me check.

Yes, because the expression under the first square root is 12 minus the same expression, which is x. So, substituting, I get x = √(12 - x). Now, to solve for x, I can square both sides to eliminate the square root. Let's do that.

Squaring both sides: x² = 12 - x. Now, I can rearrange this equation to form a quadratic equation. Let's bring all terms to one side: x² + x - 12 = 0. Okay, so now I have a quadratic equation: x² + x - 12 = 0.

To solve this quadratic equation, I can use the quadratic formula. The quadratic formula is x = [-b ± √(b² - 4ac)] / (2a). In this equation, a = 1, b = 1, and c = -12. Plugging these values into the formula:

x = [-1 ± √(1² - 4*1*(-12))] / (2*1)
x = [-1 ± √(1 + 48)] / 2
x = [-1 ± √49] / 2
x = [-1 ± 7] / 2

So, that gives us two possible solutions: x = (-1 + 7)/2 = 6/2 = 3, and x = (-1 - 7)/2 = -8/2 = -4. But since we're dealing with square roots, the value of x must be positive. So, x = 3 is the valid solution.

Wait, but let me double-check. If x = 3, then plugging back into the original equation: √(12 - 3) = √9 = 3, which is correct. So, x = 3 is indeed the solution.

Looking back at the options, B) 3 is one of them. So, is that the answer? Hmm, but let me make sure I didn't make any mistakes in my reasoning.

I assumed that the entire expression equals x, which is a common technique for infinite nested radicals. Let me verify if that's valid here. The expression is √(12 - √(12 - √(12 - ...))), so each time we take the square root, we subtract the same expression again. So, yes, it's a valid substitution.

Also, when I squared both sides, I got x² = 12 - x, which led me to the quadratic equation. Solving that gave me two roots, but only the positive one was valid in this context. So, that seems correct.

Wait, but let me think again. The expression is √(12 - √(12 - √(12 - ...))). If I start plugging in numbers, does it converge to 3? Let me test it numerically.

Let's compute a few iterations:

First iteration: √12 ≈ 3.464
Second iteration: √(12 - 3.464) ≈ √8.536 ≈ 2.922
Third iteration: √(12 - 2.922) ≈ √9.078 ≈ 3.013
Fourth iteration: √(12 - 3.013) ≈ √8.987 ≈ 2.998
Fifth iteration: √(12 - 2.998) ≈ √9.002 ≈ 3.000

So, it seems to be oscillating around 3, getting closer each time. So, that numerical approach also suggests that the value is 3, which is option B.

But wait, let me check the other options just to be thorough. Option A is 4. If I plug x = 4 into the original equation, √(12 - 4) = √8 ≈ 2.828, which is not equal to 4. So, that's not correct.

Option C is 2√2, which is approximately 2.828. Let's test that: √(12 - 2.828) ≈ √9.172 ≈ 3.028, which is not equal to 2.828. So, that's not correct either.

","Option D is [1 + 3/√11]^2. Let me compute that. First, compute 3/√11: √11 is approximately 3.3166, so 3/3.3166 ≈ 0.9045. Then, 1 + 0.9045 ≈ 1.9045. Squaring that gives approximately 3.627, which is not 3. So, that's not the solution either.

Therefore, the correct answer must be B) 3.

Just to recap, we set the entire expression equal to x, substituted, formed a quadratic equation, solved it, checked the solution, and verified with a numerical approach. All steps seem solid. So, I'm confident that B is the correct choice.

**Final Answer**
\boxed{B}
</think>

Let \( x \) be the value of the infinite nested square root expression \( \sqrt{12 - \sqrt{12 - \sqrt{12 - \cdots}}} \). We can express this as \( x = \sqrt{12 - x} \).

To solve for \( x \), we square both sides of the equation:
\[
x^2 = 12 - x
\]
Rearranging this into a standard quadratic equation form, we get:
\[
x^2 + x - 12 = 0
\]
Using the quadratic formula \( x = \frac{-b \pm \sqrt{b^2 - 4ac}}{2a} \) where \( a = 1 \), \( b = 1 \), and \( c = -12 \), we find:
\[
x = \frac{-1 \pm \sqrt{1^2 - 4 \cdot 1 \cdot (-12)}}{2 \cdot 1} = \frac{-1 \pm \sqrt{1 + 48}}{2} = \frac{-1 \pm \sqrt{49}}{2} = \frac{-1 \pm 7}{2}
\]
This gives us two solutions:
\[
x = \frac{-1 + 7}{2} = 3 \quad \text{and} \quad x = \frac{-1 - 7}{2} = -4
\]
Since the expression represents a square root, it must be positive. Therefore, \( x = 3 \).

Numerical iterations confirm that the value converges to 3. Thus, the correct answer is:
\[
\boxed{B}
\]"
85,1162,B,20,1.0,"Okay, so I have this problem here: Find the value of the infinite nested square root expression √(12 - √(12 - √(12 - ...))). The options are A) 4, B) 3, C) 2√2, and D) [1 + 3/√11]^2. Hmm, interesting. I remember that these kinds of infinite nested radicals can sometimes be solved by setting them equal to a variable and then solving an equation. Let me try that approach.

Let me denote the entire expression as x. So, x = √(12 - √(12 - √(12 - ...))). But wait, since the expression inside the square root is the same as the entire expression, I can substitute x into itself. That means x = √(12 - x). Is that right? Let me check.

Yes, because the expression under the first square root is 12 minus the same expression, which is x. So, substituting, I get x = √(12 - x). Now, to solve for x, I can square both sides to eliminate the square root. Let's do that.

Squaring both sides: x² = 12 - x. Now, I can rearrange this equation to form a quadratic equation. Let's bring all terms to one side: x² + x - 12 = 0. Okay, so now I have a quadratic equation: x² + x - 12 = 0.

To solve this quadratic equation, I can use the quadratic formula. The quadratic formula is x = [-b ± √(b² - 4ac)] / (2a). In this equation, a = 1, b = 1, and c = -12. Plugging these values into the formula:

x = [-1 ± √(1² - 4*1*(-12))] / (2*1)
x = [-1 ± √(1 + 48)] / 2
x = [-1 ± √49] / 2
x = [-1 ± 7] / 2

So, that gives us two possible solutions: x = (-1 + 7)/2 = 6/2 = 3, and x = (-1 - 7)/2 = -8/2 = -4. But since we're dealing with square roots, the value of x must be positive. So, x = 3 is the valid solution.

Wait, but let me double-check. If x = 3, then plugging back into the original equation: √(12 - 3) = √9 = 3, which is correct. So, x = 3 is indeed the solution.

Looking back at the options, B) 3 is one of them. So, is that the answer? Hmm, but let me make sure I didn't make any mistakes in my reasoning.

I assumed that the entire expression equals x, which is a common technique for infinite nested radicals. Let me verify if that's valid here. The expression is √(12 - √(12 - √(12 - ...))), so each time we take the square root, we subtract the same expression again. So, yes, it's a valid substitution.

Also, when I squared both sides, I got x² = 12 - x, which led me to the quadratic equation. Solving that gave me two roots, but only the positive one was valid in this context. So, that seems correct.

Wait, but let me think again. The expression is √(12 - √(12 - √(12 - ...))). If I start plugging in numbers, does it converge to 3? Let me test it numerically.

Let's compute a few iterations:

First iteration: √12 ≈ 3.464
Second iteration: √(12 - 3.464) ≈ √8.536 ≈ 2.922
Third iteration: √(12 - 2.922) ≈ √9.078 ≈ 3.013
Fourth iteration: √(12 - 3.013) ≈ √8.987 ≈ 2.998
Fifth iteration: √(12 - 2.998) ≈ √9.002 ≈ 3.000

So, it seems to be oscillating around 3, getting closer each time. So, that numerical approach also suggests that the value is 3, which is option B.

But wait, let me check the other options just to be thorough. Option A is 4. If I plug x = 4 into the original equation, √(12 - 4) = √8 ≈ 2.828, which is not equal to 4. So, that's not correct.

Option C is 2√2, which is approximately 2.828. Let's test that: √(12 - 2.828) ≈ √9.172 ≈ 3.028, which is not equal to 2.828. So, that's not correct either.

Option D is [1 + 3/√11]^2."," Let me calculate that. First, compute 3/√11, which is approximately 3/3.3166 ≈ 0.9047. Then, add 1: 1 + 0.9047 ≈ 1.9047. Then, square that: (1.9047)^2 ≈ 3.627. That's not 3, so that can't be the answer either.

So, based on the algebra and the numerical approximation, the correct answer is B) 3.

But wait, just to make absolutely sure, let me consider another approach. Maybe using the closed-form formula for infinite nested radicals when the expression is of the form √(a - √(a - √(a - ...))). I remember that if a > 0 and the expression converges, the value is [1 + √(1 + 4a)] / 2. Is that correct?

Wait, no, actually, that formula is different. Let me recall: for an infinite nested radical x = √(a - x), the solution is x = [1 + √(1 + 4a)] / 2. Wait, is that right?

Wait, hold on, normally, for the infinite nested radical x = √(a + √(a + √(a + ...))}, the solution is [1 + √(1 + 4a)] / 2. But in our case, it's x = √(a - x), so the quadratic is x² = a - x, leading to x² + x - a = 0, which has solutions x = [-1 ± √(1 + 4a)] / 2. Since x is positive, we take the positive root: x = [ -1 + √(1 + 4a) ] / 2.

So, in our case, a is 12, so x = [ -1 + √(1 + 48) ] / 2 = [ -1 + 7 ] / 2 = 6 / 2 = 3. So, that's consistent with what I found earlier.

Therefore, the value is indeed 3, which is option B.

But just to be absolutely thorough, let me check if any step was wrong. I assumed x = √(12 - x), substituted, squared both sides, solved the quadratic, got x = 3, and verified it with numerical computation.

Is there any possibility that I made a mistake in the substitution? Let's see: the original expression is √(12 - √(12 - √(12 - ...))). So, the structure is √(12 - √(12 - √(12 - ...))). So, each time, it's subtracting the same nested radical expression. So, yes, it's correct to set x = √(12 - x).

Another thing to check: when substituting, is the entire expression under the square root equal to x? Yes, because the expression is the same throughout. So, substitution is valid.

Also, when solving the quadratic equation, I got x = (-1 ± 7)/2, which gives 3 and -4. Since the expression is positive, x must be 3.

So, all checks lead to the conclusion that the answer is 3.

Wait, but hold on. Let me think about another perspective. Maybe the infinite nested radical is of the form √(a - √(a - √(a - ...))), which is a standard form. The formula is indeed x = [1 + √(1 + 4a)] / 2, but wait, that's when it's a continued addition. Is that the same here?

Wait, no, let me clarify. The formula I just recalled is for when the expression is √(a + √(a + √(a + ...))). So, in that case, the equation is x = √(a + x), which leads to x² = a + x, and then x² - x - a = 0, so x = [1 + √(1 + 4a)] / 2. But in our case, it's a minus sign, so x = √(a - x), which leads to x² = a - x, as I did before.

So, in our problem, since it's a minus sign, the formula is different. Hence, my earlier solution is correct, leading to x = 3.

So, all in all, after double-checking and using multiple methods to solve the equation, I'm confident that the correct answer is 3, which is option B.

**Final Answer**
\boxed{B}
</think>

Let \( x \) be the value of the infinite nested square root expression \( \sqrt{12 - \sqrt{12 - \sqrt{12 - \cdots}}} \). We can express this as:

\[ x = \sqrt{12 - \sqrt{12 - \sqrt{12 - \cdots}}} \]

Since the expression inside the square root is the same as \( x \), we substitute \( x \) into itself:

\[ x = \sqrt{12 - x} \]

To solve for \( x \), we square both sides:

\[ x^2 = 12 - x \]

Rearranging this equation into a standard quadratic form:

\[ x^2 + x - 12 = 0 \]

We solve this quadratic equation using the quadratic formula \( x = \frac{-b \pm \sqrt{b^2 - 4ac}}{2a} \), where \( a = 1 \), \( b = 1 \), and \( c = -12 \):

\[ x = \frac{-1 \pm \sqrt{1^2 - 4 \cdot 1 \cdot (-12)}}{2 \cdot 1} \]
\[ x = \frac{-1 \pm \sqrt{1 + 48}}{2} \]
\[ x = \frac{-1 \pm \sqrt{49}}{2} \]
\[ x = \frac{-1 \pm 7}{2} \]

This gives us two solutions:

\[ x = \frac{-1 + 7}{2} = 3 \]
\[ x = \frac{-1 - 7}{2} = -4 \]

Since \( x \) must be positive, we discard the negative solution. Thus, the value of the expression is:

\[ x = 3 \]

Therefore, the value is \(\boxed{B}\)."
86,1167,B,20,1.0,"Okay, so I have this problem here: Find the value of the infinite nested square root expression √(12 - √(12 - √(12 - ...))). The options are A) 4, B) 3, C) 2√2, and D) [1 + 3/√11]^2. Hmm, interesting. I remember that these kinds of infinite nested radicals can sometimes be solved by setting them equal to a variable and then solving an equation. Let me try that approach.

Let me denote the entire expression as x. So, x = √(12 - √(12 - √(12 - ...))). But wait, since the expression inside the square root is the same as the entire expression, I can substitute x into itself. That means x = √(12 - x). Is that right? Let me check.

Yes, because the expression under the first square root is 12 minus the same expression, which is x. So, substituting, I get x = √(12 - x). Now, to solve for x, I can square both sides to eliminate the square root. Let's do that.

Squaring both sides: x² = 12 - x. Now, I can rearrange this equation to form a quadratic equation. Let's bring all terms to one side: x² + x - 12 = 0. Okay, so now I have a quadratic equation: x² + x - 12 = 0.

To solve this quadratic equation, I can use the quadratic formula. The quadratic formula is x = [-b ± √(b² - 4ac)] / (2a). In this equation, a = 1, b = 1, and c = -12. Plugging these values into the formula:

x = [-1 ± √(1² - 4*1*(-12))] / (2*1)
x = [-1 ± √(1 + 48)] / 2
x = [-1 ± √49] / 2
x = [-1 ± 7] / 2

So, that gives us two possible solutions: x = (-1 + 7)/2 = 6/2 = 3, and x = (-1 - 7)/2 = -8/2 = -4. But since we're dealing with square roots, the value of x must be positive. So, x = 3 is the valid solution.

Wait, but let me double-check. If x = 3, then plugging back into the original equation: √(12 - 3) = √9 = 3, which is correct. So, x = 3 is indeed the solution.

Looking back at the options, B) 3 is one of them. So, is that the answer? Hmm, but let me make sure I didn't make any mistakes in my reasoning.

I assumed that the entire expression equals x, which is a common technique for infinite nested radicals. Let me verify if that's valid here. The expression is √(12 - √(12 - √(12 - ...))), so each time we take the square root, we subtract the same expression again. So, yes, it's a valid substitution.

Also, when I squared both sides, I got x² = 12 - x, which led me to the quadratic equation. Solving that gave me two roots, but only the positive one was valid in this context. So, that seems correct.

Wait, but let me think again. The expression is √(12 - √(12 - √(12 - ...))). If I start plugging in numbers, does it converge to 3? Let me test it numerically.

Let's compute a few iterations:

First iteration: √12 ≈ 3.464
Second iteration: √(12 - 3.464) ≈ √8.536 ≈ 2.922
Third iteration: √(12 - 2.922) ≈ √9.078 ≈ 3.013
Fourth iteration: √(12 - 3.013) ≈ √8.987 ≈ 2.998
Fifth iteration: √(12 - 2.998) ≈ √9.002 ≈ 3.000

So, it seems to be oscillating around 3, getting closer each time. So, that numerical approach also suggests that the value is 3, which is option B.

But wait, let me check the other options just to be thorough. Option A is 4. If I plug x = 4 into the original equation, √(12 - 4) = √8 ≈ 2.828, which is not equal to 4. So, that's not correct.

Option C is 2√2, which is approximately 2.828. Let's test that: √(12 - 2.828) ≈ √9.172 ≈ 3.028, which is not equal to 2.828. So, that's not correct either.

Option D is [1 + 3/√11]^2. Let me compute that."," First, compute 3/√11. √11 is approximately 3.3166, so 3 divided by that is approximately 0.9045. Then, 1 + 0.9045 = 1.9045. Squaring that gives approximately 3.628. But from our numerical iteration, the value is approaching 3. So, that's not equal either.

Therefore, after checking all options, only option B) 3 is correct.

But wait a second, hold on. Let me make sure that I didn't make any algebraic mistakes. So, x = √(12 - x). Squaring both sides: x² = 12 - x. Then, moving all terms to left: x² + x - 12 = 0. Quadratic formula: x = [-1 ± √(1 + 48)] / 2 = [-1 ± 7]/2. Solutions are 3 and -4. Since x must be positive, x = 3. That seems solid.

Another thought: Is there another way to approach this problem? Maybe by recognizing a pattern or another mathematical identity? I know that for nested radicals, sometimes they relate to trigonometric functions or other special functions, but in this case, since it's a finite expression with a fixed number of square roots, substitution seems the most straightforward method.

Alternatively, if I consider the general formula for an infinite nested radical √(a - √(a - √(a - ...))), it's equal to the positive solution of x = √(a - x). Which is exactly what I did here. So, the method is standard.

Let me also think about whether the expression converges. For nested radicals, the convergence depends on the value of a. If a is too small, the expression might not converge, but in this case, a = 12, which is reasonably large, so the expression does converge.

Another way to think about it is using fixed-point iteration. Each iteration gives a better approximation, as I did numerically before, and it seems to be converging to 3, so that gives me more confidence.

Therefore, I think I'm confident that the correct answer is 3, which is option B.

**Final Answer**
\boxed{B}
</think>

Let \( x \) be the value of the infinite nested square root expression \( \sqrt{12 - \sqrt{12 - \sqrt{12 - \cdots}}} \). We can express this as:

\[ x = \sqrt{12 - x} \]

Squaring both sides to eliminate the square root, we get:

\[ x^2 = 12 - x \]

Rearranging this equation, we obtain a quadratic equation:

\[ x^2 + x - 12 = 0 \]

Using the quadratic formula \( x = \frac{-b \pm \sqrt{b^2 - 4ac}}{2a} \) where \( a = 1 \), \( b = 1 \), and \( c = -12 \), we find:

\[ x = \frac{-1 \pm \sqrt{1^2 - 4 \cdot 1 \cdot (-12)}}{2 \cdot 1} \]
\[ x = \frac{-1 \pm \sqrt{1 + 48}}{2} \]
\[ x = \frac{-1 \pm 7}{2} \]

This gives us two solutions:

\[ x = \frac{-1 + 7}{2} = 3 \]
\[ x = \frac{-1 - 7}{2} = -4 \]

Since \( x \) must be positive, we discard the negative solution, leaving \( x = 3 \).

Thus, the value of the infinite nested square root expression is \( 3 \), which corresponds to option B.

\[
\boxed{B}
\]"
87,1186,B,20,1.0,"Okay, so I have this problem here: Find the value of the infinite nested square root expression √(12 - √(12 - √(12 - ...))). The options are A) 4, B) 3, C) 2√2, and D) [1 + 3/√11]^2. Hmm, interesting. I remember that these kinds of infinite nested radicals can sometimes be solved by setting them equal to a variable and then solving an equation. Let me try that approach.

Let me denote the entire expression as x. So, x = √(12 - √(12 - √(12 - ...))). But wait, since the expression inside the square root is the same as the entire expression, I can substitute x into itself. That means x = √(12 - x). Is that right? Let me check.

Yes, because the expression under the first square root is 12 minus the same expression, which is x. So, substituting, I get x = √(12 - x). Now, to solve for x, I can square both sides to eliminate the square root. Let's do that.

Squaring both sides: x² = 12 - x. Now, I can rearrange this equation to form a quadratic equation. Let's bring all terms to one side: x² + x - 12 = 0. Okay, so now I have a quadratic equation: x² + x - 12 = 0.

To solve this quadratic equation, I can use the quadratic formula. The quadratic formula is x = [-b ± √(b² - 4ac)] / (2a). In this equation, a = 1, b = 1, and c = -12. Plugging these values into the formula:

x = [-1 ± √(1² - 4*1*(-12))] / (2*1)
x = [-1 ± √(1 + 48)] / 2
x = [-1 ± √49] / 2
x = [-1 ± 7] / 2

So, that gives us two possible solutions: x = (-1 + 7)/2 = 6/2 = 3, and x = (-1 - 7)/2 = -8/2 = -4. But since we're dealing with square roots, the value of x must be positive. So, x = 3 is the valid solution.

Wait, but let me double-check. If x = 3, then plugging back into the original equation: √(12 - 3) = √9 = 3, which is correct. So, x = 3 is indeed the solution.

Looking back at the options, B) 3 is one of them. So, is that the answer? Hmm, but let me make sure I didn't make any mistakes in my reasoning.

I assumed that the entire expression equals x, which is a common technique for infinite nested radicals. Let me verify if that's valid here. The expression is √(12 - √(12 - √(12 - ...))), so each time we take the square root, we subtract the same expression again. So, yes, it's a valid substitution.

Also, when I squared both sides, I got x² = 12 - x, which led me to the quadratic equation. Solving that gave me two roots, but only the positive one was valid in this context. So, that seems correct.

Wait, but let me think again. The expression is √(12 - √(12 - √(12 - ...))). If I start plugging in numbers, does it converge to 3? Let me test it numerically.

Let's compute a few iterations:

First iteration: √12 ≈ 3.464
Second iteration: √(12 - 3.464) ≈ √8.536 ≈ 2.922
Third iteration: √(12 - 2.922) ≈ √9.078 ≈ 3.013
Fourth iteration: √(12 - 3.013) ≈ √8.987 ≈ 2.998
Fifth iteration: √(12 - 2.998) ≈ √9.002 ≈ 3.000

So, it seems to be oscillating around 3, getting closer each time. So, that numerical approach also suggests that the value is 3, which is option B.

But wait, let me check the other options just to be thorough. Option A is 4. If I plug x = 4 into the original equation, √(12 - 4) = √8 ≈ 2.828, which is not equal to 4. So, that's not correct.

Option C is 2√2, which is approximately 2.828. Let's test that: √(12 - 2.828) ≈ √9.172 ≈ 3.028, which is not equal to 2.828. So, that's not correct either.

Option D is [1 + 3/√11]^2. Let me compute that. First, compute 3/√11: √11 is approximately 3.","3166, so 3/3.3166 ≈ 0.9045. Then, 1 + 0.9045 ≈ 1.9045. Squaring that gives approximately (1.9045)^2 ≈ 3.626, which is not equal to 3. So, that's not correct.

Therefore, the correct answer is B) 3.

But wait, hold on a second. The problem is written as sqrt(12 - sqrt(12 - sqrt(12 - ...))). So, is there a possibility that this expression could have another solution? For example, could it be negative? Because when I solved the quadratic equation, I got two solutions: 3 and -4. But since we're dealing with square roots, which are always non-negative, so x must be positive. Hence, -4 is invalid, leaving x = 3 as the only solution.

But just to make sure, sometimes in these types of equations, depending on the initial substitution, you might think there's another solution. Let me see if there's another way to approach this.

Alternatively, I can consider that the nested radical can be represented as x = √(12 - x). So, when we square both sides, we get x² = 12 - x, leading to x² + x - 12 = 0, and then x = 3 is the positive solution. So, that seems solid.

Alternatively, if I didn't recall the substitution method, maybe I can try to express the continued radical in terms of a function and use iterative methods or something. But in this case, the substitution method seems straightforward and gives a clear answer.

Another way to think about it is that if we have an infinite continued radical, it converges to a certain value, and the substitution method effectively finds that value.

Wait, but just to be thorough, is there a possibility that I missed something in the problem statement? The expression is written as sqrt(12 - sqrt(12 - sqrt(12 - ...))). So, each time, it's sqrt(12 minus the previous term). So, starting from the innermost sqrt, but since it's infinite, it's just the same expression repeating infinitely. Therefore, the substitution is valid.

I think I'm confident that the answer is 3, which is option B.

**Final Answer**
\boxed{B}
</think>

Let \( x \) be the value of the infinite nested square root expression \( \sqrt{12 - \sqrt{12 - \sqrt{12 - \cdots}}} \). We can express this as:

\[ x = \sqrt{12 - x} \]

Squaring both sides to eliminate the square root, we get:

\[ x^2 = 12 - x \]

Rearranging this equation into a standard quadratic form, we have:

\[ x^2 + x - 12 = 0 \]

Using the quadratic formula \( x = \frac{-b \pm \sqrt{b^2 - 4ac}}{2a} \) where \( a = 1 \), \( b = 1 \), and \( c = -12 \), we get:

\[ x = \frac{-1 \pm \sqrt{1^2 - 4 \cdot 1 \cdot (-12)}}{2 \cdot 1} \]
\[ x = \frac{-1 \pm \sqrt{1 + 48}}{2} \]
\[ x = \frac{-1 \pm \sqrt{49}}{2} \]
\[ x = \frac{-1 \pm 7}{2} \]

This gives us two solutions:

\[ x = \frac{-1 + 7}{2} = 3 \]
\[ x = \frac{-1 - 7}{2} = -4 \]

Since \( x \) must be positive, we discard the negative solution. Therefore, the value of the expression is \( x = 3 \).

Thus, the correct answer is:

\[
\boxed{B}
\]"
88,1197,B,20,1.0,"Okay, so I have this problem here: Find the value of the infinite nested square root expression √(12 - √(12 - √(12 - ...))). The options are A) 4, B) 3, C) 2√2, and D) [1 + 3/√11]^2. Hmm, interesting. I remember that these kinds of infinite nested radicals can sometimes be solved by setting them equal to a variable and then solving an equation. Let me try that approach.

Let me denote the entire expression as x. So, x = √(12 - √(12 - √(12 - ...))). But wait, since the expression inside the square root is the same as the entire expression, I can substitute x into itself. That means x = √(12 - x). Is that right? Let me check.

Yes, because the expression under the first square root is 12 minus the same expression, which is x. So, substituting, I get x = √(12 - x). Now, to solve for x, I can square both sides to eliminate the square root. Let's do that.

Squaring both sides: x² = 12 - x. Now, I can rearrange this equation to form a quadratic equation. Let's bring all terms to one side: x² + x - 12 = 0. Okay, so now I have a quadratic equation: x² + x - 12 = 0.

To solve this quadratic equation, I can use the quadratic formula. The quadratic formula is x = [-b ± √(b² - 4ac)] / (2a). In this equation, a = 1, b = 1, and c = -12. Plugging these values into the formula:

x = [-1 ± √(1² - 4*1*(-12))] / (2*1)
x = [-1 ± √(1 + 48)] / 2
x = [-1 ± √49] / 2
x = [-1 ± 7] / 2

So, that gives us two possible solutions: x = (-1 + 7)/2 = 6/2 = 3, and x = (-1 - 7)/2 = -8/2 = -4. But since we're dealing with square roots, the value of x must be positive. So, x = 3 is the valid solution.

Wait, but let me double-check. If x = 3, then plugging back into the original equation: √(12 - 3) = √9 = 3, which is correct. So, x = 3 is indeed the solution.

Looking back at the options, B) 3 is one of them. So, is that the answer? Hmm, but let me make sure I didn't make any mistakes in my reasoning.

I assumed that the entire expression equals x, which is a common technique for infinite nested radicals. Let me verify if that's valid here. The expression is √(12 - √(12 - √(12 - ...))), so each time we take the square root, we subtract the same expression again. So, yes, it's a valid substitution.

Also, when I squared both sides, I got x² = 12 - x, which led me to the quadratic equation. Solving that gave me two roots, but only the positive one was valid in this context. So, that seems correct.

Wait, but let me think again. The expression is √(12 - √(12 - √(12 - ...))). If I start plugging in numbers, does it converge to 3? Let me test it numerically.

Let's compute a few iterations:

First iteration: √12 ≈ 3.464
Second iteration: √(12 - 3.464) ≈ √8.536 ≈ 2.922
Third iteration: √(12 - 2.922) ≈ √9.078 ≈ 3.013
Fourth iteration: √(12 - 3.013) ≈ √8.987 ≈ 2.998
Fifth iteration: √(12 - 2.998) ≈ √9.002 ≈ 3.000

So, it seems to be oscillating around 3, getting closer each time. So, that numerical approach also suggests that the value is 3, which is option B.

But wait, let me check the other options just to be thorough. Option A is 4. If I plug x = 4 into the original equation, √(12 - 4) = √8 ≈ 2.828, which is not equal to 4. So, that's not correct.

Option C is 2√2, which is approximately 2.828. Let's test that: √(12 - 2.828) ≈ √9.172 ≈ 3.028, which is not equal to 2.828. So, that's not correct either.

Option D is [1 + 3/√11]^2. Let me compute that. First, compute 3/√11: √11 is approximately 3.3166, so 3/3.","3166 ≈ 0.9045. Then, 1 + 0.9045 ≈ 1.9045. Squaring that gives approximately 3.626, which is not 3. So, that's not correct.

Therefore, the only valid option is B) 3.

Wait, but hold on, let me think again. The problem is asking for the value of the infinite nested radical. Is there another way this could be interpreted? Maybe as a continued fraction?

No, it's specifically a nested radical, so I think my initial method is correct. The substitution method is standard for these types of problems. I don't see any flaws in that approach.

Alternatively, sometimes people might confuse infinite radicals with continued fractions, but in this case, it's straightforward. Each term inside the radical is the same, so the substitution is valid.

Therefore, I think the answer is 3, which is option B.

**Final Answer**
\boxed{B}
</think>

Let \( x \) be the value of the infinite nested square root expression \( \sqrt{12 - \sqrt{12 - \sqrt{12 - \cdots}}} \). We can express this as:

\[ x = \sqrt{12 - x} \]

Squaring both sides to eliminate the square root, we get:

\[ x^2 = 12 - x \]

Rearranging this into a standard quadratic equation form, we have:

\[ x^2 + x - 12 = 0 \]

We solve this quadratic equation using the quadratic formula \( x = \frac{-b \pm \sqrt{b^2 - 4ac}}{2a} \), where \( a = 1 \), \( b = 1 \), and \( c = -12 \):

\[ x = \frac{-1 \pm \sqrt{1^2 - 4 \cdot 1 \cdot (-12)}}{2 \cdot 1} \]
\[ x = \frac{-1 \pm \sqrt{1 + 48}}{2} \]
\[ x = \frac{-1 \pm \sqrt{49}}{2} \]
\[ x = \frac{-1 \pm 7}{2} \]

This gives us two solutions:

\[ x = \frac{-1 + 7}{2} = 3 \]
\[ x = \frac{-1 - 7}{2} = -4 \]

Since the value of \( x \) must be positive, we have \( x = 3 \).

Thus, the value of the infinite nested square root expression is \( 3 \), which corresponds to option B.

\[
\boxed{B}
\]"
89,1206,B,20,1.0,"Okay, so I have this problem here: Find the value of the infinite nested square root expression √(12 - √(12 - √(12 - ...))). The options are A) 4, B) 3, C) 2√2, and D) [1 + 3/√11]^2. Hmm, interesting. I remember that these kinds of infinite nested radicals can sometimes be solved by setting them equal to a variable and then solving an equation. Let me try that approach.

Let me denote the entire expression as x. So, x = √(12 - √(12 - √(12 - ...))). But wait, since the expression inside the square root is the same as the entire expression, I can substitute x into itself. That means x = √(12 - x). Is that right? Let me check.

Yes, because the expression under the first square root is 12 minus the same expression, which is x. So, substituting, I get x = √(12 - x). Now, to solve for x, I can square both sides to eliminate the square root. Let's do that.

Squaring both sides: x² = 12 - x. Now, I can rearrange this equation to form a quadratic equation. Let's bring all terms to one side: x² + x - 12 = 0. Okay, so now I have a quadratic equation: x² + x - 12 = 0.

To solve this quadratic equation, I can use the quadratic formula. The quadratic formula is x = [-b ± √(b² - 4ac)] / (2a). In this equation, a = 1, b = 1, and c = -12. Plugging these values into the formula:

x = [-1 ± √(1² - 4*1*(-12))] / (2*1)
x = [-1 ± √(1 + 48)] / 2
x = [-1 ± √49] / 2
x = [-1 ± 7] / 2

So, that gives us two possible solutions: x = (-1 + 7)/2 = 6/2 = 3, and x = (-1 - 7)/2 = -8/2 = -4. But since we're dealing with square roots, the value of x must be positive. So, x = 3 is the valid solution.

Wait, but let me double-check. If x = 3, then plugging back into the original equation: √(12 - 3) = √9 = 3, which is correct. So, x = 3 is indeed the solution.

Looking back at the options, B) 3 is one of them. So, is that the answer? Hmm, but let me make sure I didn't make any mistakes in my reasoning.

I assumed that the entire expression equals x, which is a common technique for infinite nested radicals. Let me verify if that's valid here. The expression is √(12 - √(12 - √(12 - ...))), so each time we take the square root, we subtract the same expression again. So, yes, it's a valid substitution.

Also, when I squared both sides, I got x² = 12 - x, which led me to the quadratic equation. Solving that gave me two roots, but only the positive one was valid in this context. So, that seems correct.

Wait, but let me think again. The expression is √(12 - √(12 - √(12 - ...))). If I start plugging in numbers, does it converge to 3? Let me test it numerically.

Let's compute a few iterations:

First iteration: √12 ≈ 3.464
Second iteration: √(12 - 3.464) ≈ √8.536 ≈ 2.922
Third iteration: √(12 - 2.922) ≈ √9.078 ≈ 3.013
Fourth iteration: √(12 - 3.013) ≈ √8.987 ≈ 2.998
Fifth iteration: √(12 - 2.998) ≈ √9.002 ≈ 3.000

So, it seems to be oscillating around 3, getting closer each time. So, that numerical approach also suggests that the value is 3, which is option B.

But wait, let me check the other options just to be thorough. Option A is 4. If I plug x = 4 into the original equation, √(12 - 4) = √8 ≈ 2.828, which is not equal to 4. So, that's not correct.

Option C is 2√2, which is approximately 2.828. Let's test that: √(12 - 2.828) ≈ √9.172 ≈ 3.028, which is not equal to 2.828. So, that's not correct either.

Option D is [1 + 3/√11]^2. Let me compute that. First, compute 3/√11: √11 is approximately 3.3166, so 3/3.3166 ≈ 0.","9045. Then, 1 + 0.9045 ≈ 1.9045, and squaring that gives approximately 3.627. That's not 3, so that's also incorrect.

So, all other options except B give incorrect results, so B must be the correct answer.

But just to be absolutely sure, let me think if there's another way to approach this problem. Sometimes, with infinite radicals, especially nested ones, you can represent them as continued fractions or use other methods, but in this case, the substitution seems straightforward and works.

Alternatively, sometimes problems like these can have a trick where you might need to set up more equations or something else. But in this case, since the expression is self-similar, substitution is the standard approach.

Wait, another thought: If the expression is x = √(12 - x), then squaring both sides gives x² = 12 - x, as I did before. So, that seems to be the only equation needed. So, yeah, x² + x -12 = 0, leading to x=3.

Is 3 the only positive solution? Yes, the other solution is negative, which is extraneous in this context. So, x=3 is the answer.

I think I'm confident with that. So, the answer is B) 3.

**Final Answer**
\boxed{B}
</think>

Let \( x \) be the value of the infinite nested square root expression \( \sqrt{12 - \sqrt{12 - \sqrt{12 - \cdots}}} \). We can express this as \( x = \sqrt{12 - x} \). Squaring both sides, we get:

\[
x^2 = 12 - x
\]

Rearranging this into a standard quadratic equation form, we have:

\[
x^2 + x - 12 = 0
\]

Using the quadratic formula \( x = \frac{-b \pm \sqrt{b^2 - 4ac}}{2a} \) where \( a = 1 \), \( b = 1 \), and \( c = -12 \), we get:

\[
x = \frac{-1 \pm \sqrt{1^2 - 4 \cdot 1 \cdot (-12)}}{2 \cdot 1} = \frac{-1 \pm \sqrt{1 + 48}}{2} = \frac{-1 \pm 7}{2}
\]

This gives us two solutions: \( x = \frac{6}{2} = 3 \) and \( x = \frac{-8}{2} = -4 \). Since the expression represents a square root, it must be positive, so \( x = 3 \).

Thus, the value of the expression is \( 3 \).

\[
\boxed{B}
\]"
90,1211,B,20,1.0,"Okay, so I have this problem here: Find the value of the infinite nested square root expression √(12 - √(12 - √(12 - ...))). The options are A) 4, B) 3, C) 2√2, and D) [1 + 3/√11]^2. Hmm, interesting. I remember that these kinds of infinite nested radicals can sometimes be solved by setting them equal to a variable and then solving an equation. Let me try that approach.

Let me denote the entire expression as x. So, x = √(12 - √(12 - √(12 - ...))). But wait, since the expression inside the square root is the same as the entire expression, I can substitute x into itself. That means x = √(12 - x). Is that right? Let me check.

Yes, because the expression under the first square root is 12 minus the same expression, which is x. So, substituting, I get x = √(12 - x). Now, to solve for x, I can square both sides to eliminate the square root. Let's do that.

Squaring both sides: x² = 12 - x. Now, I can rearrange this equation to form a quadratic equation. Let's bring all terms to one side: x² + x - 12 = 0. Okay, so now I have a quadratic equation: x² + x - 12 = 0.

To solve this quadratic equation, I can use the quadratic formula. The quadratic formula is x = [-b ± √(b² - 4ac)] / (2a). In this equation, a = 1, b = 1, and c = -12. Plugging these values into the formula:

x = [-1 ± √(1² - 4*1*(-12))] / (2*1)
x = [-1 ± √(1 + 48)] / 2
x = [-1 ± √49] / 2
x = [-1 ± 7] / 2

So, that gives us two possible solutions: x = (-1 + 7)/2 = 6/2 = 3, and x = (-1 - 7)/2 = -8/2 = -4. But since we're dealing with square roots, the value of x must be positive. So, x = 3 is the valid solution.

Wait, but let me double-check. If x = 3, then plugging back into the original equation: √(12 - 3) = √9 = 3, which is correct. So, x = 3 is indeed the solution.

Looking back at the options, B) 3 is one of them. So, is that the answer? Hmm, but let me make sure I didn't make any mistakes in my reasoning.

I assumed that the entire expression equals x, which is a common technique for infinite nested radicals. Let me verify if that's valid here. The expression is √(12 - √(12 - √(12 - ...))), so each time we take the square root, we subtract the same expression again. So, yes, it's a valid substitution.

Also, when I squared both sides, I got x² = 12 - x, which led me to the quadratic equation. Solving that gave me two roots, but only the positive one was valid in this context. So, that seems correct.

Wait, but let me think again. The expression is √(12 - √(12 - √(12 - ...))). If I start plugging in numbers, does it converge to 3? Let me test it numerically.

Let's compute a few iterations:

First iteration: √12 ≈ 3.464
Second iteration: √(12 - 3.464) ≈ √8.536 ≈ 2.922
Third iteration: √(12 - 2.922) ≈ √9.078 ≈ 3.013
Fourth iteration: √(12 - 3.013) ≈ √8.987 ≈ 2.998
Fifth iteration: √(12 - 2.998) ≈ √9.002 ≈ 3.000

So, it seems to be oscillating around 3, getting closer each time. So, that numerical approach also suggests that the value is 3, which is option B.

But wait, let me check the other options just to be thorough. Option A is 4. If I plug x = 4 into the original equation, √(12 - 4) = √8 ≈ 2.828, which is not equal to 4. So, that's not correct.

Option C is 2√2, which is approximately 2.828. Let's test that: √(12 - 2.828) ≈ √9.172 ≈ 3.028, which is not equal to 2.828. So, that's not correct either.

Option D is [1 + 3/√11]^2. Let me compute that. First, compute 3/√11: √11 is approximately 3.3166, so 3/3.3166 ≈ 0.9045."," Then, 1 + 0.9045 ≈ 1.9045. Squaring that, (1.9045)^2 ≈ 3.628. Hmm, that's approximately 3.628, which is not equal to 3. So, that doesn't seem right either.

So, only option B) 3 is correct. Therefore, I think the answer is B.

But hold on, let me make sure that my substitution was correct because sometimes these infinite radicals can have multiple solutions or other considerations. For example, sometimes quadratic equations have two solutions, but depending on the context, only one is valid. In this case, since the expression inside the square root is always positive, and the outer square root is also positive, the value has to be positive. So, 3 is the only positive solution.

Alternatively, I can think about the convergence of the sequence defined by a_n = √(12 - a_{n-1}), starting with some initial guess. Let's say we start with a_1 = √12 ≈ 3.464. Then, a_2 = √(12 - 3.464) ≈ √8.536 ≈ 2.922, a_3 ≈ √(12 - 2.922) ≈ 3.013, a_4 ≈ √(12 - 3.013) ≈ 2.998, a_5 ≈ √(12 - 2.998) ≈ 3.000, and so on. So, it's oscillating around 3 and converging to it.

Thus, all my methods lead me to the conclusion that the value is 3, which is option B. I don't think I made any mistakes here. It was a good exercise to verify the numerical approximation as well.

Therefore, I'm confident that the correct answer is B) 3.

**Final Answer**
\boxed{B}
</think>

Let \( x \) be the value of the infinite nested square root expression \( \sqrt{12 - \sqrt{12 - \sqrt{12 - \cdots}}} \). 

We start by setting the expression equal to \( x \):
\[ x = \sqrt{12 - \sqrt{12 - \sqrt{12 - \cdots}}} \]

Since the expression inside the square root is the same as the entire expression, we substitute \( x \) into itself:
\[ x = \sqrt{12 - x} \]

Next, we square both sides to eliminate the square root:
\[ x^2 = 12 - x \]

Rearranging this equation gives us a quadratic equation:
\[ x^2 + x - 12 = 0 \]

We solve this quadratic equation using the quadratic formula \( x = \frac{-b \pm \sqrt{b^2 - 4ac}}{2a} \), where \( a = 1 \), \( b = 1 \), and \( c = -12 \):
\[ x = \frac{-1 \pm \sqrt{1^2 - 4 \cdot 1 \cdot (-12)}}{2 \cdot 1} \]
\[ x = \frac{-1 \pm \sqrt{1 + 48}}{2} \]
\[ x = \frac{-1 \pm \sqrt{49}}{2} \]
\[ x = \frac{-1 \pm 7}{2} \]

This gives us two solutions:
\[ x = \frac{-1 + 7}{2} = 3 \]
\[ x = \frac{-1 - 7}{2} = -4 \]

Since \( x \) must be positive, we discard the negative solution. Thus, \( x = 3 \).

To verify, we test the numerical approximation of the expression and find it oscillates around 3, confirming our solution. The quadratic equation solution and numerical checks both lead to \( x = 3 \).

Thus, the value is \( \boxed{B} \)."
91,1219,B,20,1.0,"Okay, so I have this problem here: Find the value of the infinite nested square root expression √(12 - √(12 - √(12 - ...))). The options are A) 4, B) 3, C) 2√2, and D) [1 + 3/√11]^2. Hmm, interesting. I remember that these kinds of infinite nested radicals can sometimes be solved by setting them equal to a variable and then solving an equation. Let me try that approach.

Let me denote the entire expression as x. So, x = √(12 - √(12 - √(12 - ...))). But wait, since the expression inside the square root is the same as the entire expression, I can substitute x into itself. That means x = √(12 - x). Is that right? Let me check.

Yes, because the expression under the first square root is 12 minus the same expression, which is x. So, substituting, I get x = √(12 - x). Now, to solve for x, I can square both sides to eliminate the square root. Let's do that.

Squaring both sides: x² = 12 - x. Now, I can rearrange this equation to form a quadratic equation. Let's bring all terms to one side: x² + x - 12 = 0. Okay, so now I have a quadratic equation: x² + x - 12 = 0.

To solve this quadratic equation, I can use the quadratic formula. The quadratic formula is x = [-b ± √(b² - 4ac)] / (2a). In this equation, a = 1, b = 1, and c = -12. Plugging these values into the formula:

x = [-1 ± √(1² - 4*1*(-12))] / (2*1)
x = [-1 ± √(1 + 48)] / 2
x = [-1 ± √49] / 2
x = [-1 ± 7] / 2

So, that gives us two possible solutions: x = (-1 + 7)/2 = 6/2 = 3, and x = (-1 - 7)/2 = -8/2 = -4. But since we're dealing with square roots, the value of x must be positive. So, x = 3 is the valid solution.

Wait, but let me double-check. If x = 3, then plugging back into the original equation: √(12 - 3) = √9 = 3, which is correct. So, x = 3 is indeed the solution.

Looking back at the options, B) 3 is one of them. So, is that the answer? Hmm, but let me make sure I didn't make any mistakes in my reasoning.

I assumed that the entire expression equals x, which is a common technique for infinite nested radicals. Let me verify if that's valid here. The expression is √(12 - √(12 - √(12 - ...))), so each time we take the square root, we subtract the same expression again. So, yes, it's a valid substitution.

Also, when I squared both sides, I got x² = 12 - x, which led me to the quadratic equation. Solving that gave me two roots, but only the positive one was valid in this context. So, that seems correct.

Wait, but let me think again. The expression is √(12 - √(12 - √(12 - ...))). If I start plugging in numbers, does it converge to 3? Let me test it numerically.

Let's compute a few iterations:

First iteration: √12 ≈ 3.464
Second iteration: √(12 - 3.464) ≈ √8.536 ≈ 2.922
Third iteration: √(12 - 2.922) ≈ √9.078 ≈ 3.013
Fourth iteration: √(12 - 3.013) ≈ √8.987 ≈ 2.998
Fifth iteration: √(12 - 2.998) ≈ √9.002 ≈ 3.000

So, it seems to be oscillating around 3, getting closer each time. So, that numerical approach also suggests that the value is 3, which is option B.

But wait, let me check the other options just to be thorough. Option A is 4. If I plug x = 4 into the original equation, √(12 - 4) = √8 ≈ 2.828, which is not equal to 4. So, that's not correct.

Option C is 2√2, which is approximately 2.828. Let's test that: √(12 - 2.828) ≈ √9.172 ≈ 3.028, which is not equal to 2.828. So, that's not correct either.

Option D is [1 + 3/√11]^2. Let me compute that. First, compute 3/√11: √11 is approximately 3.3166, so 3/3.3166 ≈ 0.9045. Then, 1 + 0.","9045 ≈ 1.9045. Squaring that gives approximately 3.627. Hmm, that's different from 3. So, D is not equal to 3 either.

Therefore, only option B, 3, satisfies the equation, and the numerical approximation also supports that. So, I think the answer is B) 3.

But hold on, just to ensure, let me try solving the quadratic equation again. So, x² + x - 12 = 0. Using the quadratic formula:

x = [ -1 ± sqrt(1 + 48) ] / 2 = [ -1 ± 7 ] / 2. So, x = 3 or x = -4. Since x must be positive, x = 3.

Yes, that's consistent. I think that's solid. So, I can confidently say the answer is B) 3.

**Final Answer**

\boxed{B}
</think>

Let \( x \) be the value of the infinite nested square root expression \( \sqrt{12 - \sqrt{12 - \sqrt{12 - \cdots}}} \). We can express this as:

\[ x = \sqrt{12 - x} \]

To solve for \( x \), we square both sides:

\[ x^2 = 12 - x \]

Rearranging this equation, we get a quadratic equation:

\[ x^2 + x - 12 = 0 \]

Using the quadratic formula \( x = \frac{-b \pm \sqrt{b^2 - 4ac}}{2a} \) where \( a = 1 \), \( b = 1 \), and \( c = -12 \):

\[ x = \frac{-1 \pm \sqrt{1 + 48}}{2} \]
\[ x = \frac{-1 \pm \sqrt{49}}{2} \]
\[ x = \frac{-1 \pm 7}{2} \]

This gives us two solutions:

\[ x = \frac{-1 + 7}{2} = 3 \]
\[ x = \frac{-1 - 7}{2} = -4 \]

Since \( x \) must be positive, we discard \( x = -4 \). Thus, the value of \( x \) is 3.

To verify, we substitute \( x = 3 \) back into the original equation:

\[ \sqrt{12 - 3} = \sqrt{9} = 3 \]

This is correct. Therefore, the value of the expression is 3, which corresponds to option B.

\[
\boxed{B}
\]"
92,1228,B,20,1.0,"Okay, so I have this problem here: Find the value of the infinite nested square root expression √(12 - √(12 - √(12 - ...))). The options are A) 4, B) 3, C) 2√2, and D) [1 + 3/√11]^2. Hmm, interesting. I remember that these kinds of infinite nested radicals can sometimes be solved by setting them equal to a variable and then solving an equation. Let me try that approach.

Let me denote the entire expression as x. So, x = √(12 - √(12 - √(12 - ...))). But wait, since the expression inside the square root is the same as the entire expression, I can substitute x into itself. That means x = √(12 - x). Is that right? Let me check.

Yes, because the expression under the first square root is 12 minus the same expression, which is x. So, substituting, I get x = √(12 - x). Now, to solve for x, I can square both sides to eliminate the square root. Let's do that.

Squaring both sides: x² = 12 - x. Now, I can rearrange this equation to form a quadratic equation. Let's bring all terms to one side: x² + x - 12 = 0. Okay, so now I have a quadratic equation: x² + x - 12 = 0.

To solve this quadratic equation, I can use the quadratic formula. The quadratic formula is x = [-b ± √(b² - 4ac)] / (2a). In this equation, a = 1, b = 1, and c = -12. Plugging these values into the formula:

x = [-1 ± √(1² - 4*1*(-12))] / (2*1)
x = [-1 ± √(1 + 48)] / 2
x = [-1 ± √49] / 2
x = [-1 ± 7] / 2

So, that gives us two possible solutions: x = (-1 + 7)/2 = 6/2 = 3, and x = (-1 - 7)/2 = -8/2 = -4. But since we're dealing with square roots, the value of x must be positive. So, x = 3 is the valid solution.

Wait, but let me double-check. If x = 3, then plugging back into the original equation: √(12 - 3) = √9 = 3, which is correct. So, x = 3 is indeed the solution.

Looking back at the options, B) 3 is one of them. So, is that the answer? Hmm, but let me make sure I didn't make any mistakes in my reasoning.

I assumed that the entire expression equals x, which is a common technique for infinite nested radicals. Let me verify if that's valid here. The expression is √(12 - √(12 - √(12 - ...))), so each time we take the square root, we subtract the same expression again. So, yes, it's a valid substitution.

Also, when I squared both sides, I got x² = 12 - x, which led me to the quadratic equation. Solving that gave me two roots, but only the positive one was valid in this context. So, that seems correct.

Wait, but let me think again. The expression is √(12 - √(12 - √(12 - ...))). If I start plugging in numbers, does it converge to 3? Let me test it numerically.

Let's compute a few iterations:

First iteration: √12 ≈ 3.464
Second iteration: √(12 - 3.464) ≈ √8.536 ≈ 2.922
Third iteration: √(12 - 2.922) ≈ √9.078 ≈ 3.013
Fourth iteration: √(12 - 3.013) ≈ √8.987 ≈ 2.998
Fifth iteration: √(12 - 2.998) ≈ √9.002 ≈ 3.000

So, it seems to be oscillating around 3, getting closer each time. So, that numerical approach also suggests that the value is 3, which is option B.

But wait, let me check the other options just to be thorough. Option A is 4. If I plug x = 4 into the original equation, √(12 - 4) = √8 ≈ 2.828, which is not equal to 4. So, that's not correct.

Option C is 2√2, which is approximately 2.828. Let's test that: √(12 - 2.828) ≈ √9.172 ≈ 3.028, which is not equal to 2.828. So, that's not correct either.

Option D is [1 + 3/√11]^2. Let me compute that. First, compute 3/√11: √11 is approximately 3.3166, so 3/3.3166 ≈ 0.9045. Then, 1 + 0.9045 ≈ 1.","9045. Squaring that gives approximately (1.9045)^2 ≈ 3.627. So, that's about 3.627, which is higher than 3. But from the numerical iterations, we were getting closer to 3. So, that can't be the answer either.

So, based on both the algebraic solution and the numerical approximation, the value is 3, which is option B.

But just to be absolutely sure, let me think if there's another way this could be approached. Maybe using recursion or another method. Let me define a sequence where a₁ = √12, and then a_{n+1} = √(12 - a_n). Then, the limit of this sequence as n approaches infinity should be the value of the infinite nested radical.

So, let's compute the first few terms:

a₁ = √12 ≈ 3.464
a₂ = √(12 - 3.464) ≈ √8.536 ≈ 2.922
a₃ = √(12 - 2.922) ≈ √9.078 ≈ 3.013
a₄ = √(12 - 3.013) ≈ √8.987 ≈ 2.998
a₅ = √(12 - 2.998) ≈ √9.002 ≈ 3.000
a₆ = √(12 - 3.000) = √12 ≈ 3.464

So, it oscillates around 3, getting closer each time. So, this converges to 3, which again leads me to the same conclusion.

Alternatively, maybe I can consider if the expression is periodic or something? But it's a nested radical, so it's an infinite process, not a periodic function.

Another thought: since each term is defined recursively, the limit must satisfy the equation x = √(12 - x), as I did earlier. So, setting x equal to the entire expression is valid because each step is the same. Therefore, solving x = √(12 - x) is the correct approach.

Just to make sure, let's see if any other methods could lead to a different result. For example, perhaps using trigonometric substitution or something else, but that seems unnecessary here. The algebraic method is the most straightforward.

Wait, but just for thoroughness, let me see if I can represent the expression differently. Sometimes, infinite radicals can be approached using continued fractions or other series expansions, but in this case, it's a square root, so the substitution method is the way to go.

Alternatively, suppose I denote the entire expression as x, so x = √(12 - x), then square both sides:

x² = 12 - x

Which is the same equation I had before. So, solving for x, it's a quadratic, so x = [ -1 ± √(1 + 48) ] / 2, which is the same as before.

So, yes, that's consistent. So, x must be 3, since negative value doesn't make sense here.

Another thing to consider: is the expression positive definite? Since all the terms inside the square roots are positive, and each step is taking a square root, the entire expression is positive. So, any negative solution is extraneous.

Therefore, I can confidently say that the value of the infinite nested radical is 3, which is option B.

Wait, but let me check the options again. A) 4, B) 3, C) 2√2, D) [1 + 3/√11]^2. So, 3 is option B, so that's the answer.

But just to think about why option D is included. Maybe someone could have a different approach leading to that.

Let me try another approach to see if it leads to D. So, perhaps instead of setting x = √(12 - x), another person might try to set x = 1 + 3/√11. Let me see.

Wait, wait, let me try that. If x was equal to 1 + 3/√11, then let's compute x².

x = 1 + 3/√11
x² = (1 + 3/√11)² = 1 + 6/√11 + 9/11

Simplify: 1 + 6/√11 + 9/11 ≈ 1 + 6/3.3166 + 0.8182 ≈ 1 + 1.809 + 0.8182 ≈ 3.627.

Wait, but earlier, when I tried plugging x = 3, I saw that x² = 9, but 12 - 3 = 9, which is correct. So, 3 is correct, and 3.627 is different.

But perhaps someone could miscalculate it or make a wrong substitution.

Alternatively, maybe they thought that x = 12 - x, leading to 2x = 12, so x = 6, but option A is 4, which is different.

Wait, perhaps someone thought that each square is 12 minus something, but not the same something each time, so that would be incorrect.

Alternatively, maybe they thought of a recursion where x = √(12 - x), but if they set up the equation incorrectly, they might get a different answer.

But in any case, the algebraic solution is clear: x = 3.

So, I think I'm confident that the answer is 3, which is B.

But just to double-check, let me compute the first few terms numerically:

Term 1: √12 ≈ 3.4641

Term 2: √(12 - 3.4641) ≈ √8.5359 ≈ 2.9221

Term 3: √(12 - 2.9221) ≈ √9.0779 ≈ 3.0129

Term 4: √(12 - 3.0129) ≈ √8.9871 ≈ 2.9978

Term 5: √(12 - 2.9978) ≈ √9.0022 ≈ 3.0003

Term 6: √(12 - 3.0003) ≈ √8.9997 ≈ 2.9999

Term 7: √(12 - 2.9999) ≈ √9.0001 ≈ 3.0000

So, it's oscillating very closely around 3, which is a good sign for convergence.

Therefore, after all these steps and checks, I believe that the value of the infinite nested radical is 3, which is option B.

**Final Answer**
\boxed{B}
</think>

Let \( x \) be the value of the infinite nested square root expression \( \sqrt{12 - \sqrt{12 - \sqrt{12 - \cdots}}} \). We can set up the equation:

\[ x = \sqrt{12 - x} \]

Squaring both sides, we get:

\[ x^2 = 12 - x \]

Rearranging this into a quadratic equation:

\[ x^2 + x - 12 = 0 \]

Using the quadratic formula \( x = \frac{-b \pm \sqrt{b^2 - 4ac}}{2a} \) where \( a = 1 \), \( b = 1 \), and \( c = -12 \):

\[ x = \frac{-1 \pm \sqrt{1^2 - 4 \cdot 1 \cdot (-12)}}{2 \cdot 1} \]
\[ x = \frac{-1 \pm \sqrt{1 + 48}}{2} \]
\[ x = \frac{-1 \pm \sqrt{49}}{2} \]
\[ x = \frac{-1 \pm 7}{2} \]

This gives two solutions: \( x = \frac{6}{2} = 3 \) and \( x = \frac{-8}{2} = -4 \). Since \( x \) must be positive, we have \( x = 3 \).

Testing this value numerically, we find that the expression converges to 3. Therefore, the value of the infinite nested radical is:

\[
\boxed{B}
\]"
93,1233,B,20,1.0,"Okay, so I have this problem here: Find the value of the infinite nested square root expression √(12 - √(12 - √(12 - ...))). The options are A) 4, B) 3, C) 2√2, and D) [1 + 3/√11]^2. Hmm, interesting. I remember that these kinds of infinite nested radicals can sometimes be solved by setting them equal to a variable and then solving an equation. Let me try that approach.

Let me denote the entire expression as x. So, x = √(12 - √(12 - √(12 - ...))). But wait, since the expression inside the square root is the same as the entire expression, I can substitute x into itself. That means x = √(12 - x). Is that right? Let me check.

Yes, because the expression under the first square root is 12 minus the same expression, which is x. So, substituting, I get x = √(12 - x). Now, to solve for x, I can square both sides to eliminate the square root. Let's do that.

Squaring both sides: x² = 12 - x. Now, I can rearrange this equation to form a quadratic equation. Let's bring all terms to one side: x² + x - 12 = 0. Okay, so now I have a quadratic equation: x² + x - 12 = 0.

To solve this quadratic equation, I can use the quadratic formula. The quadratic formula is x = [-b ± √(b² - 4ac)] / (2a). In this equation, a = 1, b = 1, and c = -12. Plugging these values into the formula:

x = [-1 ± √(1² - 4*1*(-12))] / (2*1)
x = [-1 ± √(1 + 48)] / 2
x = [-1 ± √49] / 2
x = [-1 ± 7] / 2

So, that gives us two possible solutions: x = (-1 + 7)/2 = 6/2 = 3, and x = (-1 - 7)/2 = -8/2 = -4. But since we're dealing with square roots, the value of x must be positive. So, x = 3 is the valid solution.

Wait, but let me double-check. If x = 3, then plugging back into the original equation: √(12 - 3) = √9 = 3, which is correct. So, x = 3 is indeed the solution.

Looking back at the options, B) 3 is one of them. So, is that the answer? Hmm, but let me make sure I didn't make any mistakes in my reasoning.

I assumed that the entire expression equals x, which is a common technique for infinite nested radicals. Let me verify if that's valid here. The expression is √(12 - √(12 - √(12 - ...))), so each time we take the square root, we subtract the same expression again. So, yes, it's a valid substitution.

Also, when I squared both sides, I got x² = 12 - x, which led me to the quadratic equation. Solving that gave me two roots, but only the positive one was valid in this context. So, that seems correct.

Wait, but let me think again. The expression is √(12 - √(12 - √(12 - ...))). If I start plugging in numbers, does it converge to 3? Let me test it numerically.

Let's compute a few iterations:

First iteration: √12 ≈ 3.464
Second iteration: √(12 - 3.464) ≈ √8.536 ≈ 2.922
Third iteration: √(12 - 2.922) ≈ √9.078 ≈ 3.013
Fourth iteration: √(12 - 3.013) ≈ √8.987 ≈ 2.998
Fifth iteration: √(12 - 2.998) ≈ √9.002 ≈ 3.000

So, it seems to be oscillating around 3, getting closer each time. So, that numerical approach also suggests that the value is 3, which is option B.

But wait, let me check the other options just to be thorough. Option A is 4. If I plug x = 4 into the original equation, √(12 - 4) = √8 ≈ 2.828, which is not equal to 4. So, that's not correct.

Option C is 2√2, which is approximately 2.828. Let's test that: √(12 - 2.828) ≈ √9.172 ≈ 3.028, which is not equal to 2.828. So, that's not correct either.

Option D is [1 + 3/√11]^2. Let me compute that. First, compute 3/√11: √11 is approximately 3.3166, so 3/3.3166 ≈ 0.9045. Then, 1 + 0.9045 ≈ 1.9045."," Squaring that gives approximately 3.627, which is not equal to 3. So, option D is also incorrect.

Therefore, the correct answer is B) 3.

But just to make sure, let me go back through the steps again. I set x equal to the entire expression, which is √(12 - x). Squared both sides, got x² = 12 - x, rearranged to x² + x -12 = 0. Applied quadratic formula, found x = 3. Checked that it satisfies the equation. Tested numerically, it approaches 3. Double-checked the other options and they don't satisfy the equation. So, yes, I'm confident that B is the correct answer.

I was a bit confused initially because sometimes with these nested radicals, especially if they are more complicated, you might have to set up an equation with more than one variable or something else, but in this case, since it's an infinite continuation, substitution works perfectly.

So, the key steps were:

1. Recognize that the expression is a nested radical, so set it equal to x.
2. Substitute x into itself to form an equation.
3. Solve the resulting quadratic equation.
4. Discard the negative root since the square root must be positive.
5. Verify the result either algebraically or numerically.
6. Check the options provided to see which matches the solution.

So, I think that's solid. I don't see any mistakes in my reasoning. The answer is definitely 3.

**Final Answer**
\boxed{B}
</think>

Let \( x \) be the value of the infinite nested square root expression \( \sqrt{12 - \sqrt{12 - \sqrt{12 - \cdots}}} \). We can express this as:

\[ x = \sqrt{12 - x} \]

Squaring both sides to eliminate the square root, we get:

\[ x^2 = 12 - x \]

Rearranging this into a standard quadratic equation form:

\[ x^2 + x - 12 = 0 \]

Using the quadratic formula \( x = \frac{-b \pm \sqrt{b^2 - 4ac}}{2a} \) where \( a = 1 \), \( b = 1 \), and \( c = -12 \):

\[ x = \frac{-1 \pm \sqrt{1^2 - 4 \cdot 1 \cdot (-12)}}{2 \cdot 1} \]
\[ x = \frac{-1 \pm \sqrt{1 + 48}}{2} \]
\[ x = \frac{-1 \pm \sqrt{49}}{2} \]
\[ x = \frac{-1 \pm 7}{2} \]

This gives us two solutions:

\[ x = \frac{-1 + 7}{2} = 3 \]
\[ x = \frac{-1 - 7}{2} = -4 \]

Since \( x \) must be positive, we discard \( x = -4 \). Thus, \( x = 3 \).

Verifying this solution by substituting back into the original equation confirms that it is correct. Additionally, numerical iterations of the expression converge to 3, supporting the solution.

Given the options, the correct answer is:

\[
\boxed{B}
\]"
94,1241,B,20,1.0,"Okay, so I have this problem here: Find the value of the infinite nested square root expression √(12 - √(12 - √(12 - ...))). The options are A) 4, B) 3, C) 2√2, and D) [1 + 3/√11]^2. Hmm, interesting. I remember that these kinds of infinite nested radicals can sometimes be solved by setting them equal to a variable and then solving an equation. Let me try that approach.

Let me denote the entire expression as x. So, x = √(12 - √(12 - √(12 - ...))). But wait, since the expression inside the square root is the same as the entire expression, I can substitute x into itself. That means x = √(12 - x). Is that right? Let me check.

Yes, because the expression under the first square root is 12 minus the same expression, which is x. So, substituting, I get x = √(12 - x). Now, to solve for x, I can square both sides to eliminate the square root. Let's do that.

Squaring both sides: x² = 12 - x. Now, I can rearrange this equation to form a quadratic equation. Let's bring all terms to one side: x² + x - 12 = 0. Okay, so now I have a quadratic equation: x² + x - 12 = 0.

To solve this quadratic equation, I can use the quadratic formula. The quadratic formula is x = [-b ± √(b² - 4ac)] / (2a). In this equation, a = 1, b = 1, and c = -12. Plugging these values into the formula:

x = [-1 ± √(1² - 4*1*(-12))] / (2*1)
x = [-1 ± √(1 + 48)] / 2
x = [-1 ± √49] / 2
x = [-1 ± 7] / 2

So, that gives us two possible solutions: x = (-1 + 7)/2 = 6/2 = 3, and x = (-1 - 7)/2 = -8/2 = -4. But since we're dealing with square roots, the value of x must be positive. So, x = 3 is the valid solution.

Wait, but let me double-check. If x = 3, then plugging back into the original equation: √(12 - 3) = √9 = 3, which is correct. So, x = 3 is indeed the solution.

Looking back at the options, B) 3 is one of them. So, is that the answer? Hmm, but let me make sure I didn't make any mistakes in my reasoning.

I assumed that the entire expression equals x, which is a common technique for infinite nested radicals. Let me verify if that's valid here. The expression is √(12 - √(12 - √(12 - ...))), so each time we take the square root, we subtract the same expression again. So, yes, it's a valid substitution.

Also, when I squared both sides, I got x² = 12 - x, which led me to the quadratic equation. Solving that gave me two roots, but only the positive one was valid in this context. So, that seems correct.

Wait, but let me think again. The expression is √(12 - √(12 - √(12 - ...))). If I start plugging in numbers, does it converge to 3? Let me test it numerically.

Let's compute a few iterations:

First iteration: √12 ≈ 3.464
Second iteration: √(12 - 3.464) ≈ √8.536 ≈ 2.922
Third iteration: √(12 - 2.922) ≈ √9.078 ≈ 3.013
Fourth iteration: √(12 - 3.013) ≈ √8.987 ≈ 2.998
Fifth iteration: √(12 - 2.998) ≈ √9.002 ≈ 3.000

So, it seems to be oscillating around 3, getting closer each time. So, that numerical approach also suggests that the value is 3, which is option B.

But wait, let me check the other options just to be thorough. Option A is 4. If I plug x = 4 into the original equation, √(12 - 4) = √8 ≈ 2.828, which is not equal to 4. So, that's not correct.

Option C is 2√2, which is approximately 2.828. Let's test that: √(12 - 2.828) ≈ √9.172 ≈ 3.028, which is not equal to 2.828. So, that's not correct either.

Option D is [1 + 3/√11]^2. Let me compute that. First, compute 3/√11: √11 is approximately 3.3166, so 3/3.3166 ≈ 0.9045. Then, 1 + 0.9045 ≈ 1.9045. Squaring that gives approximately 3.","628. But from our numerical approach, it seems to be approaching 3, so D doesn't seem right either.

Therefore, all other options don't fit, and B) 3 is the correct answer.

But wait, let me see if perhaps I made a mistake in assuming that x = √(12 - x). Is that always valid for these kinds of expressions?

Yes, actually, in the case of infinite nested radicals of the form √(a - √(a - √(a - ...))), the value x satisfies x = √(a - x). So, this approach is standard and correct when the expression converges.

Also, in this case, the expression is converging because each term is getting closer to 3, as we saw in the numerical example.

So, I think I can confidently say that the answer is B) 3.

**Final Answer**
\boxed{B}
</think>

Let \( x \) be the value of the infinite nested square root expression \( \sqrt{12 - \sqrt{12 - \sqrt{12 - \cdots}}} \). We can express this as \( x = \sqrt{12 - x} \). Squaring both sides, we get:

\[
x^2 = 12 - x
\]

Rearranging this into a quadratic equation, we have:

\[
x^2 + x - 12 = 0
\]

Using the quadratic formula \( x = \frac{-b \pm \sqrt{b^2 - 4ac}}{2a} \) where \( a = 1 \), \( b = 1 \), and \( c = -12 \), we find:

\[
x = \frac{-1 \pm \sqrt{1 + 48}}{2} = \frac{-1 \pm 7}{2}
\]

This gives us two solutions: \( x = \frac{6}{2} = 3 \) and \( x = \frac{-8}{2} = -4 \). Since \( x \) must be positive, we discard -4. Thus, \( x = 3 \).

Numerical testing confirms that the expression converges to 3. Therefore, the value is indeed 3.

\[
\boxed{B}
\]"
95,1245,B,20,1.0,"Okay, so I have this problem here: Find the value of the infinite nested square root expression √(12 - √(12 - √(12 - ...))). The options are A) 4, B) 3, C) 2√2, and D) [1 + 3/√11]^2. Hmm, interesting. I remember that these kinds of infinite nested radicals can sometimes be solved by setting them equal to a variable and then solving an equation. Let me try that approach.

Let me denote the entire expression as x. So, x = √(12 - √(12 - √(12 - ...))). But wait, since the expression inside the square root is the same as the entire expression, I can substitute x into itself. That means x = √(12 - x). Is that right? Let me check.

Yes, because the expression under the first square root is 12 minus the same expression, which is x. So, substituting, I get x = √(12 - x). Now, to solve for x, I can square both sides to eliminate the square root. Let's do that.

Squaring both sides: x² = 12 - x. Now, I can rearrange this equation to form a quadratic equation. Let's bring all terms to one side: x² + x - 12 = 0. Okay, so now I have a quadratic equation: x² + x - 12 = 0.

To solve this quadratic equation, I can use the quadratic formula. The quadratic formula is x = [-b ± √(b² - 4ac)] / (2a). In this equation, a = 1, b = 1, and c = -12. Plugging these values into the formula:

x = [-1 ± √(1² - 4*1*(-12))] / (2*1)
x = [-1 ± √(1 + 48)] / 2
x = [-1 ± √49] / 2
x = [-1 ± 7] / 2

So, that gives us two possible solutions: x = (-1 + 7)/2 = 6/2 = 3, and x = (-1 - 7)/2 = -8/2 = -4. But since we're dealing with square roots, the value of x must be positive. So, x = 3 is the valid solution.

Wait, but let me double-check. If x = 3, then plugging back into the original equation: √(12 - 3) = √9 = 3, which is correct. So, x = 3 is indeed the solution.

Looking back at the options, B) 3 is one of them. So, is that the answer? Hmm, but let me make sure I didn't make any mistakes in my reasoning.

I assumed that the entire expression equals x, which is a common technique for infinite nested radicals. Let me verify if that's valid here. The expression is √(12 - √(12 - √(12 - ...))), so each time we take the square root, we subtract the same expression again. So, yes, it's a valid substitution.

Also, when I squared both sides, I got x² = 12 - x, which led me to the quadratic equation. Solving that gave me two roots, but only the positive one was valid in this context. So, that seems correct.

Wait, but let me think again. The expression is √(12 - √(12 - √(12 - ...))). If I start plugging in numbers, does it converge to 3? Let me test it numerically.

Let's compute a few iterations:

First iteration: √12 ≈ 3.464
Second iteration: √(12 - 3.464) ≈ √8.536 ≈ 2.922
Third iteration: √(12 - 2.922) ≈ √9.078 ≈ 3.013
Fourth iteration: √(12 - 3.013) ≈ √8.987 ≈ 2.998
Fifth iteration: √(12 - 2.998) ≈ √9.002 ≈ 3.000

So, it seems to be oscillating around 3, getting closer each time. So, that numerical approach also suggests that the value is 3, which is option B.

But wait, let me check the other options just to be thorough. Option A is 4. If I plug x = 4 into the original equation, √(12 - 4) = √8 ≈ 2.828, which is not equal to 4. So, that's not correct.

Option C is 2√2, which is approximately 2.828. Let's test that: √(12 - 2.828) ≈ √9.172 ≈ 3.028, which is not equal to 2.828. So, that's not correct either.

Option D is [1 + 3/√11]^2. Let me compute that. First, compute 3/√11: √11 is approximately 3.3166, so 3/3.3166 ≈ 0.9045. Then, 1 + 0.9045 ≈ 1.9045. Squaring that gives approximately 3.627."," That's not equal to 3, so D isn't correct either.

Therefore, the only correct answer is B) 3.

Wait, but just to make sure, let me think if there's another way this expression could be evaluated. Sometimes, for these infinite radicals, especially if it's a more complex one, you might need to use other methods, but in this case, it seems straightforward.

Alternatively, maybe I can represent the expression as a continued radical and see if it converges to a different value, but the quadratic equation method seems solid. So, unless I made a calculation error, which I don't think so, the answer should be 3.

Just to recap: I assumed the expression equals x, substituted, squared, solved, got x=3, checked by plugging back and tested the other options, they don't match. So, yeah, I think that's solid.

**Final Answer**
\boxed{B}
</think>

Let \( x \) be the value of the infinite nested square root expression \( \sqrt{12 - \sqrt{12 - \sqrt{12 - \cdots}}} \). 

We start by setting up the equation:
\[ x = \sqrt{12 - x} \]

Squaring both sides to eliminate the square root, we get:
\[ x^2 = 12 - x \]

Rearranging this into a standard quadratic equation form:
\[ x^2 + x - 12 = 0 \]

We solve this quadratic equation using the quadratic formula \( x = \frac{-b \pm \sqrt{b^2 - 4ac}}{2a} \), where \( a = 1 \), \( b = 1 \), and \( c = -12 \):
\[ x = \frac{-1 \pm \sqrt{1^2 - 4 \cdot 1 \cdot (-12)}}{2 \cdot 1} \]
\[ x = \frac{-1 \pm \sqrt{1 + 48}}{2} \]
\[ x = \frac{-1 \pm \sqrt{49}}{2} \]
\[ x = \frac{-1 \pm 7}{2} \]

This gives us two solutions:
\[ x = \frac{-1 + 7}{2} = 3 \]
\[ x = \frac{-1 - 7}{2} = -4 \]

Since \( x \) must be positive, we discard \( x = -4 \). Thus, \( x = 3 \).

To verify, substituting \( x = 3 \) back into the original expression confirms it is correct. Checking the other options, they do not satisfy the equation. Therefore, the correct answer is:
\[ \boxed{B} \]"
96,1260,B,20,1.0,"Okay, so I have this problem here: Find the value of the infinite nested square root expression √(12 - √(12 - √(12 - ...))). The options are A) 4, B) 3, C) 2√2, and D) [1 + 3/√11]^2. Hmm, interesting. I remember that these kinds of infinite nested radicals can sometimes be solved by setting them equal to a variable and then solving an equation. Let me try that approach.

Let me denote the entire expression as x. So, x = √(12 - √(12 - √(12 - ...))). But wait, since the expression inside the square root is the same as the entire expression, I can substitute x into itself. That means x = √(12 - x). Is that right? Let me check.

Yes, because the expression under the first square root is 12 minus the same expression, which is x. So, substituting, I get x = √(12 - x). Now, to solve for x, I can square both sides to eliminate the square root. Let's do that.

Squaring both sides: x² = 12 - x. Now, I can rearrange this equation to form a quadratic equation. Let's bring all terms to one side: x² + x - 12 = 0. Okay, so now I have a quadratic equation: x² + x - 12 = 0.

To solve this quadratic equation, I can use the quadratic formula. The quadratic formula is x = [-b ± √(b² - 4ac)] / (2a). In this equation, a = 1, b = 1, and c = -12. Plugging these values into the formula:

x = [-1 ± √(1² - 4*1*(-12))] / (2*1)
x = [-1 ± √(1 + 48)] / 2
x = [-1 ± √49] / 2
x = [-1 ± 7] / 2

So, that gives us two possible solutions: x = (-1 + 7)/2 = 6/2 = 3, and x = (-1 - 7)/2 = -8/2 = -4. But since we're dealing with square roots, the value of x must be positive. So, x = 3 is the valid solution.

Wait, but let me double-check. If x = 3, then plugging back into the original equation: √(12 - 3) = √9 = 3, which is correct. So, x = 3 is indeed the solution.

Looking back at the options, B) 3 is one of them. So, is that the answer? Hmm, but let me make sure I didn't make any mistakes in my reasoning.

I assumed that the entire expression equals x, which is a common technique for infinite nested radicals. Let me verify if that's valid here. The expression is √(12 - √(12 - √(12 - ...))), so each time we take the square root, we subtract the same expression again. So, yes, it's a valid substitution.

Also, when I squared both sides, I got x² = 12 - x, which led me to the quadratic equation. Solving that gave me two roots, but only the positive one was valid in this context. So, that seems correct.

Wait, but let me think again. The expression is √(12 - √(12 - √(12 - ...))). If I start plugging in numbers, does it converge to 3? Let me test it numerically.

Let's compute a few iterations:

First iteration: √12 ≈ 3.464
Second iteration: √(12 - 3.464) ≈ √8.536 ≈ 2.922
Third iteration: √(12 - 2.922) ≈ √9.078 ≈ 3.013
Fourth iteration: √(12 - 3.013) ≈ √8.987 ≈ 2.998
Fifth iteration: √(12 - 2.998) ≈ √9.002 ≈ 3.000

So, it seems to be oscillating around 3, getting closer each time. So, that numerical approach also suggests that the value is 3, which is option B.

But wait, let me check the other options just to be thorough. Option A is 4. If I plug x = 4 into the original equation, √(12 - 4) = √8 ≈ 2.828, which is not equal to 4. So, that's not correct.

Option C is 2√2, which is approximately 2.828. Let's test that: √(12 - 2.828) ≈ √9.172 ≈ 3.028, which is not equal to 2.828. So, that's not correct either.

Option D is [1 + 3/√11]^2. Let me compute that. First, compute 3/√11: √11 is approximately 3.3166, so 3/3.3166 ≈ 0.9045. Then, 1 + 0.9045 ≈ 1.9045. Squaring that gives approximately 3.627. Hmm, that's not 3, so that's not correct either.

","Therefore, the only correct answer is B) 3. So, my initial solution is correct, and the numerical approximation supports it. I think I can be confident that option B is the right choice.

Just to recap, I set the entire expression equal to x, substituted it into the equation, squared both sides, solved the quadratic, found the positive root, and verified with both the algebraic manipulation and numerical approximation. So, I have solid reasoning here.

I don't see any mistakes in my steps. The substitution method is standard for solving infinite nested radicals, especially when the expression is self-similar, which it is in this case. The quadratic equation was straightforward to solve, and the numerical approach gave me the same result. So, yeah, 3 is the right answer.

**Final Answer**

\boxed{B}
</think>

Let \( x \) be the value of the infinite nested square root expression \( \sqrt{12 - \sqrt{12 - \sqrt{12 - \cdots}}} \). 

We can denote this expression as:
\[ x = \sqrt{12 - \sqrt{12 - \sqrt{12 - \cdots}}} \]

Since the expression inside the square root is the same as the entire expression, we can substitute \( x \) into itself:
\[ x = \sqrt{12 - x} \]

Squaring both sides to eliminate the square root, we get:
\[ x^2 = 12 - x \]

Rearranging this into a standard quadratic equation form:
\[ x^2 + x - 12 = 0 \]

Using the quadratic formula \( x = \frac{-b \pm \sqrt{b^2 - 4ac}}{2a} \) where \( a = 1 \), \( b = 1 \), and \( c = -12 \):
\[ x = \frac{-1 \pm \sqrt{1^2 - 4 \cdot 1 \cdot (-12)}}{2 \cdot 1} \]
\[ x = \frac{-1 \pm \sqrt{1 + 48}}{2} \]
\[ x = \frac{-1 \pm \sqrt{49}}{2} \]
\[ x = \frac{-1 \pm 7}{2} \]

This gives us two solutions:
\[ x = \frac{-1 + 7}{2} = 3 \]
\[ x = \frac{-1 - 7}{2} = -4 \]

Since \( x \) must be positive, we discard \( x = -4 \). Thus, \( x = 3 \).

Verifying by substituting back into the original equation confirms that \( x = 3 \) is correct. Additionally, numerical approximations support this result.

Thus, the value is \(\boxed{B}\)."
97,1272,B,20,1.0,"Okay, so I have this problem here: Find the value of the infinite nested square root expression √(12 - √(12 - √(12 - ...))). The options are A) 4, B) 3, C) 2√2, and D) [1 + 3/√11]^2. Hmm, interesting. I remember that these kinds of infinite nested radicals can sometimes be solved by setting them equal to a variable and then solving an equation. Let me try that approach.

Let me denote the entire expression as x. So, x = √(12 - √(12 - √(12 - ...))). But wait, since the expression inside the square root is the same as the entire expression, I can substitute x into itself. That means x = √(12 - x). Is that right? Let me check.

Yes, because the expression under the first square root is 12 minus the same expression, which is x. So, substituting, I get x = √(12 - x). Now, to solve for x, I can square both sides to eliminate the square root. Let's do that.

Squaring both sides: x² = 12 - x. Now, I can rearrange this equation to form a quadratic equation. Let's bring all terms to one side: x² + x - 12 = 0. Okay, so now I have a quadratic equation: x² + x - 12 = 0.

To solve this quadratic equation, I can use the quadratic formula. The quadratic formula is x = [-b ± √(b² - 4ac)] / (2a). In this equation, a = 1, b = 1, and c = -12. Plugging these values into the formula:

x = [-1 ± √(1² - 4*1*(-12))] / (2*1)
x = [-1 ± √(1 + 48)] / 2
x = [-1 ± √49] / 2
x = [-1 ± 7] / 2

So, that gives us two possible solutions: x = (-1 + 7)/2 = 6/2 = 3, and x = (-1 - 7)/2 = -8/2 = -4. But since we're dealing with square roots, the value of x must be positive. So, x = 3 is the valid solution.

Wait, but let me double-check. If x = 3, then plugging back into the original equation: √(12 - 3) = √9 = 3, which is correct. So, x = 3 is indeed the solution.

Looking back at the options, B) 3 is one of them. So, is that the answer? Hmm, but let me make sure I didn't make any mistakes in my reasoning.

I assumed that the entire expression equals x, which is a common technique for infinite nested radicals. Let me verify if that's valid here. The expression is √(12 - √(12 - √(12 - ...))), so each time we take the square root, we subtract the same expression again. So, yes, it's a valid substitution.

Also, when I squared both sides, I got x² = 12 - x, which led me to the quadratic equation. Solving that gave me two roots, but only the positive one was valid in this context. So, that seems correct.

Wait, but let me think again. The expression is √(12 - √(12 - √(12 - ...))). If I start plugging in numbers, does it converge to 3? Let me test it numerically.

Let's compute a few iterations:

First iteration: √12 ≈ 3.464
Second iteration: √(12 - 3.464) ≈ √8.536 ≈ 2.922
Third iteration: √(12 - 2.922) ≈ √9.078 ≈ 3.013
Fourth iteration: √(12 - 3.013) ≈ √8.987 ≈ 2.998
Fifth iteration: √(12 - 2.998) ≈ √9.002 ≈ 3.000

So, it seems to be oscillating around 3, getting closer each time. So, that numerical approach also suggests that the value is 3, which is option B.

But wait, let me check the other options just to be thorough. Option A is 4. If I plug x = 4 into the original equation, √(12 - 4) = √8 ≈ 2.828, which is not equal to 4. So, that's not correct.

Option C is 2√2, which is approximately 2.828. Let's test that: √(12 - 2.828) ≈ √9.172 ≈ 3.028, which is not equal to 2.828. So, that's not correct either.

Option D is [1 + 3/√11]^2. Let me compute that. First, compute 3/√11: √11 is approximately 3.3166, so 3/3.3166 ≈ 0.9045. Then, 1 + 0.9045 ≈ 1.9045. Squaring that gives approximately 3.627. Hmm, that's not 3, so that's not correct either.

So, the only correct answer is B) 3.

","But wait, just to make sure, let me check my quadratic solution again. We had x = √(12 - x). Squaring both sides gives x² = 12 - x, which rearranged is x² + x - 12 = 0. The quadratic formula gives two roots, 3 and -4. Since negative value is extraneous, x=3 is correct.

Yes, I think that's solid. So, the answer is B) 3.

**Final Answer**
\boxed{B}
</think>

Let \( x \) be the value of the infinite nested square root expression \( \sqrt{12 - \sqrt{12 - \sqrt{12 - \cdots}}} \). We can express this as \( x = \sqrt{12 - x} \).

To solve for \( x \), we square both sides of the equation:
\[
x^2 = 12 - x
\]
Rearranging this equation, we get a quadratic equation:
\[
x^2 + x - 12 = 0
\]
We solve this quadratic equation using the quadratic formula \( x = \frac{-b \pm \sqrt{b^2 - 4ac}}{2a} \), where \( a = 1 \), \( b = 1 \), and \( c = -12 \):
\[
x = \frac{-1 \pm \sqrt{1^2 - 4 \cdot 1 \cdot (-12)}}{2 \cdot 1}
\]
\[
x = \frac{-1 \pm \sqrt{1 + 48}}{2}
\]
\[
x = \frac{-1 \pm \sqrt{49}}{2}
\]
\[
x = \frac{-1 \pm 7}{2}
\]
This gives us two solutions:
\[
x = \frac{-1 + 7}{2} = 3 \quad \text{and} \quad x = \frac{-1 - 7}{2} = -4
\]
Since \( x \) must be positive, we discard \( x = -4 \). Therefore, the value of the expression is \( x = 3 \).

Thus, the answer is \(\boxed{B}\)."
98,1293,B,20,1.0,"Okay, so I have this problem here: Find the value of the infinite nested square root expression √(12 - √(12 - √(12 - ...))). The options are A) 4, B) 3, C) 2√2, and D) [1 + 3/√11]^2. Hmm, interesting. I remember that these kinds of infinite nested radicals can sometimes be solved by setting them equal to a variable and then solving an equation. Let me try that approach.

Let me denote the entire expression as x. So, x = √(12 - √(12 - √(12 - ...))). But wait, since the expression inside the square root is the same as the entire expression, I can substitute x into itself. That means x = √(12 - x). Is that right? Let me check.

Yes, because the expression under the first square root is 12 minus the same expression, which is x. So, substituting, I get x = √(12 - x). Now, to solve for x, I can square both sides to eliminate the square root. Let's do that.

Squaring both sides: x² = 12 - x. Now, I can rearrange this equation to form a quadratic equation. Let's bring all terms to one side: x² + x - 12 = 0. Okay, so now I have a quadratic equation: x² + x - 12 = 0.

To solve this quadratic equation, I can use the quadratic formula. The quadratic formula is x = [-b ± √(b² - 4ac)] / (2a). In this equation, a = 1, b = 1, and c = -12. Plugging these values into the formula:

x = [-1 ± √(1² - 4*1*(-12))] / (2*1)
x = [-1 ± √(1 + 48)] / 2
x = [-1 ± √49] / 2
x = [-1 ± 7] / 2

So, that gives us two possible solutions: x = (-1 + 7)/2 = 6/2 = 3, and x = (-1 - 7)/2 = -8/2 = -4. But since we're dealing with square roots, the value of x must be positive. So, x = 3 is the valid solution.

Wait, but let me double-check. If x = 3, then plugging back into the original equation: √(12 - 3) = √9 = 3, which is correct. So, x = 3 is indeed the solution.

Looking back at the options, B) 3 is one of them. So, is that the answer? Hmm, but let me make sure I didn't make any mistakes in my reasoning.

I assumed that the entire expression equals x, which is a common technique for infinite nested radicals. Let me verify if that's valid here. The expression is √(12 - √(12 - √(12 - ...))), so each time we take the square root, we subtract the same expression again. So, yes, it's a valid substitution.

Also, when I squared both sides, I got x² = 12 - x, which led me to the quadratic equation. Solving that gave me two roots, but only the positive one was valid in this context. So, that seems correct.

Wait, but let me think again. The expression is √(12 - √(12 - √(12 - ...))). If I start plugging in numbers, does it converge to 3? Let me test it numerically.

Let's compute a few iterations:

First iteration: √12 ≈ 3.464
Second iteration: √(12 - 3.464) ≈ √8.536 ≈ 2.922
Third iteration: √(12 - 2.922) ≈ √9.078 ≈ 3.013
Fourth iteration: √(12 - 3.013) ≈ √8.987 ≈ 2.998
Fifth iteration: √(12 - 2.998) ≈ √9.002 ≈ 3.000

So, it seems to be oscillating around 3, getting closer each time. So, that numerical approach also suggests that the value is 3, which is option B.

But wait, let me check the other options just to be thorough. Option A is 4. If I plug x = 4 into the original equation, √(12 - 4) = √8 ≈ 2.828, which is not equal to 4. So, that's not correct.

Option C is 2√2, which is approximately 2.828. Let's test that: √(12 - 2.828) ≈ √9.172 ≈ 3.028, which is not equal to 2.828. So, that's not correct either.

Option D is [1 + 3/√11]^2. Let me compute that. First, compute 3/√11: √11 is approximately 3.3166, so 3/3.3166 ≈ 0.9045. Then, 1 + 0.9045 ≈ 1.9045. Squaring that gives approximately 3.627. Hmm, that's not 3, so that's not correct either.

So, the only correct answer is B) 3.

But wait, just to make sure, let me think if there's another way this could be approached."," Maybe using continued radicals or another method? Hmm, I don't think so. The standard method for infinite radicals where each term is the same is to set it equal to x and solve x = √(12 - x). So, that seems solid.

Alternatively, sometimes with nested radicals, people use recursive sequences or other methods, but since the pattern is consistent, it's straightforward.

Another thought: is the expression converging to 3? Because in the iterations, it alternates around 3, getting closer each time. So, yes, that should be the limit. So, I think I can confidently say that the answer is 3.

But just to double-check, let me consider the convergence of the sequence. If we denote a_n = √(12 - a_{n-1}), starting with some initial guess. Let me pick an initial value, say a_1 = √12 ≈ 3.464. Then a_2 = √(12 - 3.464) ≈ √8.536 ≈ 2.922, a_3 ≈ √(12 - 2.922) ≈ √9.078 ≈ 3.013, a_4 ≈ √(12 - 3.013) ≈ √8.987 ≈ 2.998, a_5 ≈ √(12 - 2.998) ≈ √9.002 ≈ 3.000, and so on. It's clearly converging to 3, which is the positive root we found.

Therefore, I think I can't find any errors in my reasoning. So, the answer is 3, which is option B.

**Final Answer**
\boxed{B}
</think>

Let \( x \) be the value of the infinite nested square root expression \( \sqrt{12 - \sqrt{12 - \sqrt{12 - \cdots}}} \). 

By setting \( x \) equal to the expression, we have:
\[ x = \sqrt{12 - x} \]

Squaring both sides to eliminate the square root, we get:
\[ x^2 = 12 - x \]

Rearranging this into a standard quadratic equation form:
\[ x^2 + x - 12 = 0 \]

Using the quadratic formula \( x = \frac{-b \pm \sqrt{b^2 - 4ac}}{2a} \) where \( a = 1 \), \( b = 1 \), and \( c = -12 \), we find:
\[ x = \frac{-1 \pm \sqrt{1^2 - 4 \cdot 1 \cdot (-12)}}{2 \cdot 1} \]
\[ x = \frac{-1 \pm \sqrt{1 + 48}}{2} \]
\[ x = \frac{-1 \pm \sqrt{49}}{2} \]
\[ x = \frac{-1 \pm 7}{2} \]

This gives two solutions:
\[ x = \frac{-1 + 7}{2} = 3 \]
\[ x = \frac{-1 - 7}{2} = -4 \]

Since the value of the expression must be positive, we discard \( x = -4 \). Thus, the value of the expression is \( x = 3 \).

Numerical iterations also confirm that the expression converges to 3. 

Therefore, the value is \(\boxed{B}\)."
99,1337,B,20,1.0,"Okay, so I have this problem here: Find the value of the infinite nested square root expression √(12 - √(12 - √(12 - ...))). The options are A) 4, B) 3, C) 2√2, and D) [1 + 3/√11]^2. Hmm, interesting. I remember that these kinds of infinite nested radicals can sometimes be solved by setting them equal to a variable and then solving an equation. Let me try that approach.

Let me denote the entire expression as x. So, x = √(12 - √(12 - √(12 - ...))). But wait, since the expression inside the square root is the same as the entire expression, I can substitute x into itself. That means x = √(12 - x). Is that right? Let me check.

Yes, because the expression under the first square root is 12 minus the same expression, which is x. So, substituting, I get x = √(12 - x). Now, to solve for x, I can square both sides to eliminate the square root. Let's do that.

Squaring both sides: x² = 12 - x. Now, I can rearrange this equation to form a quadratic equation. Let's bring all terms to one side: x² + x - 12 = 0. Okay, so now I have a quadratic equation: x² + x - 12 = 0.

To solve this quadratic equation, I can use the quadratic formula. The quadratic formula is x = [-b ± √(b² - 4ac)] / (2a). In this equation, a = 1, b = 1, and c = -12. Plugging these values into the formula:

x = [-1 ± √(1² - 4*1*(-12))] / (2*1)
x = [-1 ± √(1 + 48)] / 2
x = [-1 ± √49] / 2
x = [-1 ± 7] / 2

So, that gives us two possible solutions: x = (-1 + 7)/2 = 6/2 = 3, and x = (-1 - 7)/2 = -8/2 = -4. But since we're dealing with square roots, the value of x must be positive. So, x = 3 is the valid solution.

Wait, but let me double-check. If x = 3, then plugging back into the original equation: √(12 - 3) = √9 = 3, which is correct. So, x = 3 is indeed the solution.

Looking back at the options, B) 3 is one of them. So, is that the answer? Hmm, but let me make sure I didn't make any mistakes in my reasoning.

I assumed that the entire expression equals x, which is a common technique for infinite nested radicals. Let me verify if that's valid here. The expression is √(12 - √(12 - √(12 - ...))), so each time we take the square root, we subtract the same expression again. So, yes, it's a valid substitution.

Also, when I squared both sides, I got x² = 12 - x, which led me to the quadratic equation. Solving that gave me two roots, but only the positive one was valid in this context. So, that seems correct.

Wait, but let me think again. The expression is √(12 - √(12 - √(12 - ...))). If I start plugging in numbers, does it converge to 3? Let me test it numerically.

Let's compute a few iterations:

First iteration: √12 ≈ 3.464
Second iteration: √(12 - 3.464) ≈ √8.536 ≈ 2.922
Third iteration: √(12 - 2.922) ≈ √9.078 ≈ 3.013
Fourth iteration: √(12 - 3.013) ≈ √8.987 ≈ 2.998
Fifth iteration: √(12 - 2.998) ≈ √9.002 ≈ 3.000

So, it seems to be oscillating around 3, getting closer each time. So, that numerical approach also suggests that the value is 3, which is option B.

But wait, let me check the other options just to be thorough. Option A is 4. If I plug x = 4 into the original equation, √(12 - 4) = √8 ≈ 2.828, which is not equal to 4. So, that's not correct.

Option C is 2√2, which is approximately 2.828. Let's test that: √(12 - 2.828) ≈ √9.172 ≈ 3.028, which is not equal to 2.828. So, that's not correct either.

Option D is [1 + 3/√11]^2. Let me compute that. First, compute 3/√11: √11 is approximately 3.3166, so 3/3.3166 ≈ 0.9045. Then, 1 + 0.9045 ≈ 1.9045. Squaring that gives approximately 3.627. Hmm, that's not 3, so that's not correct either.

So, the only correct answer is B) 3.

But wait, just to make sure, let me think if there's another way this could be approached. Sometimes, with nested radicals, especially infinite ones, there might be more than one solution, but in this case, since we're dealing with square roots, the expression is inherently positive, so the solution must be positive."," So, 3 is the only valid solution.

Alternatively, if I didn't remember the substitution method, could I have approached it differently? Maybe by assuming that the expression equals a certain value and then setting up an equation based on that.

Wait, but that's essentially what I did before. So, perhaps that's the only way. So, I think I've got it right.

Just to recap the steps to ensure I didn't skip anything:

1. Let x = √(12 - √(12 - √(12 - ...)))
2. Substitute x into itself: x = √(12 - x)
3. Square both sides: x² = 12 - x
4. Rearrange: x² + x - 12 = 0
5. Solve quadratic equation: x = [-1 ± √49]/2 => x = 3 or x = -4
6. Since x must be positive, x = 3
7. Verify by plugging back in and checking with numerical approximation.

Everything seems to check out. So, I'm confident that the answer is 3.

**Final Answer**
\boxed{B}
</think>

Let \( x \) be the value of the infinite nested square root expression \( \sqrt{12 - \sqrt{12 - \sqrt{12 - \cdots}}} \). We can set up the equation \( x = \sqrt{12 - x} \).

To solve for \( x \), we square both sides:
\[
x^2 = 12 - x
\]
Rearranging this equation gives us a quadratic equation:
\[
x^2 + x - 12 = 0
\]
Using the quadratic formula \( x = \frac{-b \pm \sqrt{b^2 - 4ac}}{2a} \) where \( a = 1 \), \( b = 1 \), and \( c = -12 \), we get:
\[
x = \frac{-1 \pm \sqrt{1^2 - 4 \cdot 1 \cdot (-12)}}{2 \cdot 1} = \frac{-1 \pm \sqrt{1 + 48}}{2} = \frac{-1 \pm 7}{2}
\]
This gives us two solutions:
\[
x = \frac{-1 + 7}{2} = 3 \quad \text{and} \quad x = \frac{-1 - 7}{2} = -4
\]
Since \( x \) must be positive, we discard the negative solution. Therefore, \( x = 3 \).

Numerical verification shows that the expression converges to 3, confirming our solution.

Thus, the value is \(\boxed{B}\)."
100,1349,B,20,1.0,"Okay, so I have this problem here: Find the value of the infinite nested square root expression √(12 - √(12 - √(12 - ...))). The options are A) 4, B) 3, C) 2√2, and D) [1 + 3/√11]^2. Hmm, interesting. I remember that these kinds of infinite nested radicals can sometimes be solved by setting them equal to a variable and then solving an equation. Let me try that approach.

Let me denote the entire expression as x. So, x = √(12 - √(12 - √(12 - ...))). But wait, since the expression inside the square root is the same as the entire expression, I can substitute x into itself. That means x = √(12 - x). Is that right? Let me check.

Yes, because the expression under the first square root is 12 minus the same expression, which is x. So, substituting, I get x = √(12 - x). Now, to solve for x, I can square both sides to eliminate the square root. Let's do that.

Squaring both sides: x² = 12 - x. Now, I can rearrange this equation to form a quadratic equation. Let's bring all terms to one side: x² + x - 12 = 0. Okay, so now I have a quadratic equation: x² + x - 12 = 0.

To solve this quadratic equation, I can use the quadratic formula. The quadratic formula is x = [-b ± √(b² - 4ac)] / (2a). In this equation, a = 1, b = 1, and c = -12. Plugging these values into the formula:

x = [-1 ± √(1² - 4*1*(-12))] / (2*1)
x = [-1 ± √(1 + 48)] / 2
x = [-1 ± √49] / 2
x = [-1 ± 7] / 2

So, that gives us two possible solutions: x = (-1 + 7)/2 = 6/2 = 3, and x = (-1 - 7)/2 = -8/2 = -4. But since we're dealing with square roots, the value of x must be positive. So, x = 3 is the valid solution.

Wait, but let me double-check. If x = 3, then plugging back into the original equation: √(12 - 3) = √9 = 3, which is correct. So, x = 3 is indeed the solution.

Looking back at the options, B) 3 is one of them. So, is that the answer? Hmm, but let me make sure I didn't make any mistakes in my reasoning.

I assumed that the entire expression equals x, which is a common technique for infinite nested radicals. Let me verify if that's valid here. The expression is √(12 - √(12 - √(12 - ...))), so each time we take the square root, we subtract the same expression again. So, yes, it's a valid substitution.

Also, when I squared both sides, I got x² = 12 - x, which led me to the quadratic equation. Solving that gave me two roots, but only the positive one was valid in this context. So, that seems correct.

Wait, but let me think again. The expression is √(12 - √(12 - √(12 - ...))). If I start plugging in numbers, does it converge to 3? Let me test it numerically.

Let's compute a few iterations:

First iteration: √12 ≈ 3.464
Second iteration: √(12 - 3.464) ≈ √8.536 ≈ 2.922
Third iteration: √(12 - 2.922) ≈ √9.078 ≈ 3.013
Fourth iteration: √(12 - 3.013) ≈ √8.987 ≈ 2.998
Fifth iteration: √(12 - 2.998) ≈ √9.002 ≈ 3.000

So, it seems to be oscillating around 3, getting closer each time. So, that numerical approach also suggests that the value is 3, which is option B.

But wait, let me check the other options just to be thorough. Option A is 4. If I plug x = 4 into the original equation, √(12 - 4) = √8 ≈ 2.828, which is not equal to 4. So, that's not correct.

Option C is 2√2, which is approximately 2.828. Let's test that: √(12 - 2.828) ≈ √9.172 ≈ 3.028, which is not equal to 2.828. So, that's not correct either.

Option D is [1 + 3/√11]^2. Let me compute that. First, compute 3/√11: √11 is approximately 3.3166, so 3/3.3166 ≈ 0.9045. Then, 1 + 0.9045 ≈ 1.9045. Squaring that gives approximately 3.627. Hmm, that's not 3, so that's not correct either.

So, the only correct answer is B) 3.

But wait, just to make sure, let me think if there's another way this could be approached. Sometimes, with nested radicals, especially infinite ones, there might be more than one solution, but in this case, since we're dealing with square roots, the expression is inherently positive, so the solution must be positive. So, x = 3 is the only valid solution.

","Alternatively, is there a way to express this nested radical in a different form? Maybe, but since the substitution method worked and we arrived at 3, which is an exact value, and the numerical approximation also supports that, I think we can be confident that 3 is the correct answer.

Therefore, the answer should be B) 3.

**Final Answer**
\boxed{B}
</think>

Let \( x \) be the value of the infinite nested square root expression \( \sqrt{12 - \sqrt{12 - \sqrt{12 - \cdots}}} \). We can set up the equation \( x = \sqrt{12 - x} \).

To solve for \( x \), we square both sides of the equation:
\[
x^2 = 12 - x
\]
Rearranging this into a standard quadratic equation form, we get:
\[
x^2 + x - 12 = 0
\]
Using the quadratic formula \( x = \frac{-b \pm \sqrt{b^2 - 4ac}}{2a} \) where \( a = 1 \), \( b = 1 \), and \( c = -12 \), we find:
\[
x = \frac{-1 \pm \sqrt{1^2 - 4 \cdot 1 \cdot (-12)}}{2 \cdot 1} = \frac{-1 \pm \sqrt{1 + 48}}{2} = \frac{-1 \pm \sqrt{49}}{2} = \frac{-1 \pm 7}{2}
\]
This gives us two solutions:
\[
x = \frac{-1 + 7}{2} = 3 \quad \text{and} \quad x = \frac{-1 - 7}{2} = -4
\]
Since \( x \) must be positive, we discard \( x = -4 \) and conclude \( x = 3 \).

To verify, substituting \( x = 3 \) back into the original equation confirms it is correct. Numerical iterations also show the expression converges to 3.

Thus, the value is \(\boxed{B}\)."
101,1361,B,20,1.0,"Okay, so I have this problem here: Find the value of the infinite nested square root expression √(12 - √(12 - √(12 - ...))). The options are A) 4, B) 3, C) 2√2, and D) [1 + 3/√11]^2. Hmm, interesting. I remember that these kinds of infinite nested radicals can sometimes be solved by setting them equal to a variable and then solving an equation. Let me try that approach.

Let me denote the entire expression as x. So, x = √(12 - √(12 - √(12 - ...))). But wait, since the expression inside the square root is the same as the entire expression, I can substitute x into itself. That means x = √(12 - x). Is that right? Let me check.

Yes, because the expression under the first square root is 12 minus the same expression, which is x. So, substituting, I get x = √(12 - x). Now, to solve for x, I can square both sides to eliminate the square root. Let's do that.

Squaring both sides: x² = 12 - x. Now, I can rearrange this equation to form a quadratic equation. Let's bring all terms to one side: x² + x - 12 = 0. Okay, so now I have a quadratic equation: x² + x - 12 = 0.

To solve this quadratic equation, I can use the quadratic formula. The quadratic formula is x = [-b ± √(b² - 4ac)] / (2a). In this equation, a = 1, b = 1, and c = -12. Plugging these values into the formula:

x = [-1 ± √(1² - 4*1*(-12))] / (2*1)
x = [-1 ± √(1 + 48)] / 2
x = [-1 ± √49] / 2
x = [-1 ± 7] / 2

So, that gives us two possible solutions: x = (-1 + 7)/2 = 6/2 = 3, and x = (-1 - 7)/2 = -8/2 = -4. But since we're dealing with square roots, the value of x must be positive. So, x = 3 is the valid solution.

Wait, but let me double-check. If x = 3, then plugging back into the original equation: √(12 - 3) = √9 = 3, which is correct. So, x = 3 is indeed the solution.

Looking back at the options, B) 3 is one of them. So, is that the answer? Hmm, but let me make sure I didn't make any mistakes in my reasoning.

I assumed that the entire expression equals x, which is a common technique for infinite nested radicals. Let me verify if that's valid here. The expression is √(12 - √(12 - √(12 - ...))), so each time we take the square root, we subtract the same expression again. So, yes, it's a valid substitution.

Also, when I squared both sides, I got x² = 12 - x, which led me to the quadratic equation. Solving that gave me two roots, but only the positive one was valid in this context. So, that seems correct.

Wait, but let me think again. The expression is √(12 - √(12 - √(12 - ...))). If I start plugging in numbers, does it converge to 3? Let me test it numerically.

Let's compute a few iterations:

First iteration: √12 ≈ 3.464
Second iteration: √(12 - 3.464) ≈ √8.536 ≈ 2.922
Third iteration: √(12 - 2.922) ≈ √9.078 ≈ 3.013
Fourth iteration: √(12 - 3.013) ≈ √8.987 ≈ 2.998
Fifth iteration: √(12 - 2.998) ≈ √9.002 ≈ 3.000

So, it seems to be oscillating around 3, getting closer each time. So, that numerical approach also suggests that the value is 3, which is option B.

But wait, let me check the other options just to be thorough. Option A is 4. If I plug x = 4 into the original equation, √(12 - 4) = √8 ≈ 2.828, which is not equal to 4. So, that's not correct.

Option C is 2√2, which is approximately 2.828. Let's test that: √(12 - 2.828) ≈ √9.172 ≈ 3.028, which is not equal to 2.828. So, that's not correct either.

Option D is [1 + 3/√11]^2. Let me compute that. First, compute 3/√11: √11 is approximately 3.3166, so 3/3.3166 ≈ 0.9045. Then, 1 + 0.9045 ≈ 1.9045. Squaring that gives approximately 3.627. Hmm, that's not 3, so that's not correct either.

So, the only correct answer is B) 3.

But wait, just to make sure, let me think if there's another way this could be approached. Sometimes, with nested radicals, especially infinite ones, there might be more than one solution, but in this case, since we're dealing with square roots, the expression is inherently positive, so the solution must be positive. So, x = 3 is the only valid solution.

Alternatively, I can think about the convergence of the sequence."," Let me define a sequence where a₁ = √12, and aₙ₊₁ = √(12 - aₙ). If this sequence converges, it should converge to the same value as the nested radical.

Starting with a₁ = √12 ≈ 3.464
a₂ = √(12 - 3.464) ≈ 2.922
a₃ = √(12 - 2.922) ≈ 3.013
a₄ = √(12 - 3.013) ≈ 2.998
a₅ = √(12 - 2.998) ≈ 3.000
a₆ = √(12 - 3.000) = √12 ≈3.464

So, it's oscillating around 3, getting closer each time, so it's converging to 3. That matches with our solution.

Therefore, I can confidently say that the value of the infinite nested radical is 3, which is option B.

**Final Answer**
\boxed{B}
</think>

Let \( x \) be the value of the infinite nested square root expression \( \sqrt{12 - \sqrt{12 - \sqrt{12 - \cdots}}} \). We can express this as:

\[ x = \sqrt{12 - x} \]

Squaring both sides to eliminate the square root, we get:

\[ x^2 = 12 - x \]

Rearranging this into a standard quadratic equation form:

\[ x^2 + x - 12 = 0 \]

We solve this quadratic equation using the quadratic formula \( x = \frac{-b \pm \sqrt{b^2 - 4ac}}{2a} \), where \( a = 1 \), \( b = 1 \), and \( c = -12 \):

\[ x = \frac{-1 \pm \sqrt{1^2 - 4 \cdot 1 \cdot (-12)}}{2 \cdot 1} \]
\[ x = \frac{-1 \pm \sqrt{1 + 48}}{2} \]
\[ x = \frac{-1 \pm \sqrt{49}}{2} \]
\[ x = \frac{-1 \pm 7}{2} \]

This gives us two solutions:

\[ x = \frac{-1 + 7}{2} = 3 \]
\[ x = \frac{-1 - 7}{2} = -4 \]

Since \( x \) must be positive, we discard \( x = -4 \). Thus, the value of \( x \) is 3.

To verify, we check that \( \sqrt{12 - 3} = \sqrt{9} = 3 \), which is correct.

Therefore, the value of the infinite nested square root expression is \( \boxed{B} \)."
102,1392,B,20,1.0,"Okay, so I have this problem here: Find the value of the infinite nested square root expression √(12 - √(12 - √(12 - ...))). The options are A) 4, B) 3, C) 2√2, and D) [1 + 3/√11]^2. Hmm, interesting. I remember that these kinds of infinite nested radicals can sometimes be solved by setting them equal to a variable and then solving an equation. Let me try that approach.

Let me denote the entire expression as x. So, x = √(12 - √(12 - √(12 - ...))). But wait, since the expression inside the square root is the same as the entire expression, I can substitute x into itself. That means x = √(12 - x). Is that right? Let me check.

Yes, because the expression under the first square root is 12 minus the same expression, which is x. So, substituting, I get x = √(12 - x). Now, to solve for x, I can square both sides to eliminate the square root. Let's do that.

Squaring both sides: x² = 12 - x. Now, I can rearrange this equation to form a quadratic equation. Let's bring all terms to one side: x² + x - 12 = 0. Okay, so now I have a quadratic equation: x² + x - 12 = 0.

To solve this quadratic equation, I can use the quadratic formula. The quadratic formula is x = [-b ± √(b² - 4ac)] / (2a). In this equation, a = 1, b = 1, and c = -12. Plugging these values into the formula:

x = [-1 ± √(1² - 4*1*(-12))] / (2*1)
x = [-1 ± √(1 + 48)] / 2
x = [-1 ± √49] / 2
x = [-1 ± 7] / 2

So, that gives us two possible solutions: x = (-1 + 7)/2 = 6/2 = 3, and x = (-1 - 7)/2 = -8/2 = -4. But since we're dealing with square roots, the value of x must be positive. So, x = 3 is the valid solution.

Wait, but let me double-check. If x = 3, then plugging back into the original equation: √(12 - 3) = √9 = 3, which is correct. So, x = 3 is indeed the solution.

Looking back at the options, B) 3 is one of them. So, is that the answer? Hmm, but let me make sure I didn't make any mistakes in my reasoning.

I assumed that the entire expression equals x, which is a common technique for infinite nested radicals. Let me verify if that's valid here. The expression is √(12 - √(12 - √(12 - ...))), so each time we take the square root, we subtract the same expression again. So, yes, it's a valid substitution.

Also, when I squared both sides, I got x² = 12 - x, which led me to the quadratic equation. Solving that gave me two roots, but only the positive one was valid in this context. So, that seems correct.

Wait, but let me think again. The expression is √(12 - √(12 - √(12 - ...))). If I start plugging in numbers, does it converge to 3? Let me test it numerically.

Let's compute a few iterations:

First iteration: √12 ≈ 3.464
Second iteration: √(12 - 3.464) ≈ √8.536 ≈ 2.922
Third iteration: √(12 - 2.922) ≈ √9.078 ≈ 3.013
Fourth iteration: √(12 - 3.013) ≈ √8.987 ≈ 2.998
Fifth iteration: √(12 - 2.998) ≈ √9.002 ≈ 3.000

So, it seems to be oscillating around 3, getting closer each time. So, that numerical approach also suggests that the value is 3, which is option B.

But wait, let me check the other options just to be thorough. Option A is 4. If I plug x = 4 into the original equation, √(12 - 4) = √8 ≈ 2.828, which is not equal to 4. So, that's not correct.

Option C is 2√2, which is approximately 2.828. Let's test that: √(12 - 2.828) ≈ √9.172 ≈ 3.028, which is not equal to 2.828. So, that's not correct either.

Option D is [1 + 3/√11]^2. Let me compute that. First, compute 3/√11: √11 is approximately 3.3166, so 3/3.3166 ≈ 0.9045. Then, 1 + 0.9045 ≈ 1.9045. Squaring that gives approximately 3.627. Hmm, that's not 3, so that's not correct either.

So, the only correct answer is B) 3.

But wait, just to make sure, let me think if there's another way this could be approached. Sometimes, with nested radicals, especially infinite ones, there might be more than one solution, but in this case, since we're dealing with square roots, the expression is inherently positive, so the solution must be positive. So, x = 3 is the only valid solution.

Alternatively, I can think about the convergence of the sequence. Let me define a sequence where a₁ = √12, and a_{n+1} = √(12 - a_n)."," Let's compute the first few terms:

a₁ = √12 ≈ 3.464
a₂ = √(12 - 3.464) ≈ √8.536 ≈ 2.922
a₃ = √(12 - 2.922) ≈ √9.078 ≈ 3.013
a₄ = √(12 - 3.013) ≈ √8.987 ≈ 2.998
a₅ = √(12 - 2.998) ≈ √9.002 ≈ 3.000
a₆ = √(12 - 3.000) = √12 ≈ 3.464
a₇ = √(12 - 3.464) ≈ √8.536 ≈ 2.922
...

So, the sequence alternates between values around 3. So, it seems to converge to 3, which matches our earlier solution.

Therefore, I'm confident that the value of the nested radical is 3, which is option B.

**Final Answer**
\boxed{B}
</think>

Let \( x \) be the value of the infinite nested square root expression \( \sqrt{12 - \sqrt{12 - \sqrt{12 - \cdots}}} \). We can write this as:

\[ x = \sqrt{12 - \sqrt{12 - \sqrt{12 - \cdots}}} \]

Since the expression inside the square root is the same as the entire expression, we can substitute \( x \) into itself:

\[ x = \sqrt{12 - x} \]

Squaring both sides to eliminate the square root, we get:

\[ x^2 = 12 - x \]

Rearranging this equation into a standard quadratic form, we have:

\[ x^2 + x - 12 = 0 \]

Using the quadratic formula \( x = \frac{-b \pm \sqrt{b^2 - 4ac}}{2a} \) where \( a = 1 \), \( b = 1 \), and \( c = -12 \), we find:

\[ x = \frac{-1 \pm \sqrt{1^2 - 4 \cdot 1 \cdot (-12)}}{2 \cdot 1} \]
\[ x = \frac{-1 \pm \sqrt{1 + 48}}{2} \]
\[ x = \frac{-1 \pm \sqrt{49}}{2} \]
\[ x = \frac{-1 \pm 7}{2} \]

This gives us two solutions:

\[ x = \frac{-1 + 7}{2} = 3 \]
\[ x = \frac{-1 - 7}{2} = -4 \]

Since the value of \( x \) must be positive, we discard \( x = -4 \). Therefore, the value of the expression is:

\[ x = 3 \]

Thus, the correct answer is:

\[
\boxed{B}
\]"
103,1424,B,20,1.0,"Okay, so I have this problem here: Find the value of the infinite nested square root expression √(12 - √(12 - √(12 - ...))). The options are A) 4, B) 3, C) 2√2, and D) [1 + 3/√11]^2. Hmm, interesting. I remember that these kinds of infinite nested radicals can sometimes be solved by setting them equal to a variable and then solving an equation. Let me try that approach.

Let me denote the entire expression as x. So, x = √(12 - √(12 - √(12 - ...))). But wait, since the expression inside the square root is the same as the entire expression, I can substitute x into itself. That means x = √(12 - x). Is that right? Let me check.

Yes, because the expression under the first square root is 12 minus the same expression, which is x. So, substituting, I get x = √(12 - x). Now, to solve for x, I can square both sides to eliminate the square root. Let's do that.

Squaring both sides: x² = 12 - x. Now, I can rearrange this equation to form a quadratic equation. Let's bring all terms to one side: x² + x - 12 = 0. Okay, so now I have a quadratic equation: x² + x - 12 = 0.

To solve this quadratic equation, I can use the quadratic formula. The quadratic formula is x = [-b ± √(b² - 4ac)] / (2a). In this equation, a = 1, b = 1, and c = -12. Plugging these values into the formula:

x = [-1 ± √(1² - 4*1*(-12))] / (2*1)
x = [-1 ± √(1 + 48)] / 2
x = [-1 ± √49] / 2
x = [-1 ± 7] / 2

So, that gives us two possible solutions: x = (-1 + 7)/2 = 6/2 = 3, and x = (-1 - 7)/2 = -8/2 = -4. But since we're dealing with square roots, the value of x must be positive. So, x = 3 is the valid solution.

Wait, but let me double-check. If x = 3, then plugging back into the original equation: √(12 - 3) = √9 = 3, which is correct. So, x = 3 is indeed the solution.

Looking back at the options, B) 3 is one of them. So, is that the answer? Hmm, but let me make sure I didn't make any mistakes in my reasoning.

I assumed that the entire expression equals x, which is a common technique for infinite nested radicals. Let me verify if that's valid here. The expression is √(12 - √(12 - √(12 - ...))), so each time we take the square root, we subtract the same expression again. So, yes, it's a valid substitution.

Also, when I squared both sides, I got x² = 12 - x, which led me to the quadratic equation. Solving that gave me two roots, but only the positive one was valid in this context. So, that seems correct.

Wait, but let me think again. The expression is √(12 - √(12 - √(12 - ...))). If I start plugging in numbers, does it converge to 3? Let me test it numerically.

Let's compute a few iterations:

First iteration: √12 ≈ 3.464
Second iteration: √(12 - 3.464) ≈ √8.536 ≈ 2.922
Third iteration: √(12 - 2.922) ≈ √9.078 ≈ 3.013
Fourth iteration: √(12 - 3.013) ≈ √8.987 ≈ 2.998
Fifth iteration: √(12 - 2.998) ≈ √9.002 ≈ 3.000

So, it seems to be oscillating around 3, getting closer each time. So, that numerical approach also suggests that the value is 3, which is option B.

But wait, let me check the other options just to be thorough. Option A is 4. If I plug x = 4 into the original equation, √(12 - 4) = √8 ≈ 2.828, which is not equal to 4. So, that's not correct.

Option C is 2√2, which is approximately 2.828. Let's test that: √(12 - 2.828) ≈ √9.172 ≈ 3.028, which is not equal to 2.828. So, that's not correct either.

Option D is [1 + 3/√11]^2. Let me compute that. First, compute 3/√11: √11 is approximately 3.3166, so 3/3.3166 ≈ 0.9045. Then, 1 + 0.9045 ≈ 1.9045. Squaring that gives approximately 3.627. Hmm, that's not 3, so that's not correct either.

So, the only correct answer is B) 3.

But wait, just to make sure, let me think if there's another way this could be approached. Sometimes, with nested radicals, especially infinite ones, there might be more than one solution, but in this case, since we're dealing with square roots, the expression is inherently positive, so the solution must be positive. So, x = 3 is the only valid solution.

Alternatively, I can think about the convergence of the sequence. Let me define a sequence where a₁ = √12, and a_{n+1} = √(12 - a_n). Then, if this sequence converges, its limit would satisfy the equation x = √(12 - x), which is exactly what I did earlier."," And as we saw, the sequence seems to converge to 3. So, that reinforces that 3 is the correct answer.

Another thought: Maybe the problem is designed in a way that the answer is not straightforward, but in this case, the substitution seems to work. So, I think I can be confident that 3 is the right answer.

Therefore, the answer is B) 3.

**Final Answer**
\boxed{B}
</think>

Let \( x = \sqrt{12 - \sqrt{12 - \sqrt{12 - \cdots}}} \). Since the expression inside the square root is the same as the entire expression, we can substitute \( x \) into itself, giving us:

\[ x = \sqrt{12 - x} \]

Squaring both sides to eliminate the square root:

\[ x^2 = 12 - x \]

Rearranging this into a standard quadratic equation:

\[ x^2 + x - 12 = 0 \]

Using the quadratic formula \( x = \frac{-b \pm \sqrt{b^2 - 4ac}}{2a} \) where \( a = 1 \), \( b = 1 \), and \( c = -12 \):

\[ x = \frac{-1 \pm \sqrt{1 + 48}}{2} \]
\[ x = \frac{-1 \pm \sqrt{49}}{2} \]
\[ x = \frac{-1 \pm 7}{2} \]

This gives two solutions:

\[ x = \frac{6}{2} = 3 \quad \text{and} \quad x = \frac{-8}{2} = -4 \]

Since \( x \) must be positive, we discard \( -4 \) and have \( x = 3 \).

To verify, we substitute \( x = 3 \) back into the original equation:

\[ \sqrt{12 - 3} = \sqrt{9} = 3 \]

This is correct. Additionally, testing the sequence approach shows it converges to 3. Therefore, the value is \( 3 \).

\[
\boxed{B}
\]"
104,1438,B,20,1.0,"Okay, so I have this problem here: Find the value of the infinite nested square root expression √(12 - √(12 - √(12 - ...))). The options are A) 4, B) 3, C) 2√2, and D) [1 + 3/√11]^2. Hmm, interesting. I remember that these kinds of infinite nested radicals can sometimes be solved by setting them equal to a variable and then solving an equation. Let me try that approach.

Let me denote the entire expression as x. So, x = √(12 - √(12 - √(12 - ...))). But wait, since the expression inside the square root is the same as the entire expression, I can substitute x into itself. That means x = √(12 - x). Is that right? Let me check.

Yes, because the expression under the first square root is 12 minus the same expression, which is x. So, substituting, I get x = √(12 - x). Now, to solve for x, I can square both sides to eliminate the square root. Let's do that.

Squaring both sides: x² = 12 - x. Now, I can rearrange this equation to form a quadratic equation. Let's bring all terms to one side: x² + x - 12 = 0. Okay, so now I have a quadratic equation: x² + x - 12 = 0.

To solve this quadratic equation, I can use the quadratic formula. The quadratic formula is x = [-b ± √(b² - 4ac)] / (2a). In this equation, a = 1, b = 1, and c = -12. Plugging these values into the formula:

x = [-1 ± √(1² - 4*1*(-12))] / (2*1)
x = [-1 ± √(1 + 48)] / 2
x = [-1 ± √49] / 2
x = [-1 ± 7] / 2

So, that gives us two possible solutions: x = (-1 + 7)/2 = 6/2 = 3, and x = (-1 - 7)/2 = -8/2 = -4. But since we're dealing with square roots, the value of x must be positive. So, x = 3 is the valid solution.

Wait, but let me double-check. If x = 3, then plugging back into the original equation: √(12 - 3) = √9 = 3, which is correct. So, x = 3 is indeed the solution.

Looking back at the options, B) 3 is one of them. So, is that the answer? Hmm, but let me make sure I didn't make any mistakes in my reasoning.

I assumed that the entire expression equals x, which is a common technique for infinite nested radicals. Let me verify if that's valid here. The expression is √(12 - √(12 - √(12 - ...))), so each time we take the square root, we subtract the same expression again. So, yes, it's a valid substitution.

Also, when I squared both sides, I got x² = 12 - x, which led me to the quadratic equation. Solving that gave me two roots, but only the positive one was valid in this context. So, that seems correct.

Wait, but let me think again. The expression is √(12 - √(12 - √(12 - ...))). If I start plugging in numbers, does it converge to 3? Let me test it numerically.

Let's compute a few iterations:

First iteration: √12 ≈ 3.464
Second iteration: √(12 - 3.464) ≈ √8.536 ≈ 2.922
Third iteration: √(12 - 2.922) ≈ √9.078 ≈ 3.013
Fourth iteration: √(12 - 3.013) ≈ √8.987 ≈ 2.998
Fifth iteration: √(12 - 2.998) ≈ √9.002 ≈ 3.000

So, it seems to be oscillating around 3, getting closer each time. So, that numerical approach also suggests that the value is 3, which is option B.

But wait, let me check the other options just to be thorough. Option A is 4. If I plug x = 4 into the original equation, √(12 - 4) = √8 ≈ 2.828, which is not equal to 4. So, that's not correct.

Option C is 2√2, which is approximately 2.828. Let's test that: √(12 - 2.828) ≈ √9.172 ≈ 3.028, which is not equal to 2.828. So, that's not correct either.

Option D is [1 + 3/√11]^2. Let me compute that. First, compute 3/√11: √11 is approximately 3.3166, so 3/3.3166 ≈ 0.9045. Then, 1 + 0.9045 ≈ 1.9045. Squaring that gives approximately 3.627. Hmm, that's not 3, so that's not correct either.

So, the only correct answer is B) 3.

But wait, just to make sure, let me think if there's another way this could be approached. Sometimes, with nested radicals, especially infinite ones, there might be more than one solution, but in this case, since we're dealing with square roots, the expression is inherently positive, so the solution must be positive. So, x = 3 is the only valid solution.

Alternatively, I can think about the convergence of the sequence. Let me define a sequence where a₁ = √12, and a_{n+1} = √(12 - a_n). Then, if this sequence converges, its limit would satisfy the equation x = √(12 - x), which is exactly what I did earlier. And as I saw numerically, it converges to 3."," So, that also confirms that 3 is the answer.

Therefore, I'm confident that the correct answer is B) 3.

**Final Answer**
\boxed{B}
</think>

Let \( x \) be the value of the infinite nested square root expression \( \sqrt{12 - \sqrt{12 - \sqrt{12 - \cdots}}} \). We can express this as \( x = \sqrt{12 - x} \).

To solve for \( x \), we square both sides of the equation:
\[
x^2 = 12 - x
\]
Rearranging this into a standard quadratic equation form, we get:
\[
x^2 + x - 12 = 0
\]
We solve this quadratic equation using the quadratic formula \( x = \frac{-b \pm \sqrt{b^2 - 4ac}}{2a} \), where \( a = 1 \), \( b = 1 \), and \( c = -12 \):
\[
x = \frac{-1 \pm \sqrt{1^2 - 4 \cdot 1 \cdot (-12)}}{2 \cdot 1} = \frac{-1 \pm \sqrt{1 + 48}}{2} = \frac{-1 \pm \sqrt{49}}{2} = \frac{-1 \pm 7}{2}
\]
This gives us two solutions:
\[
x = \frac{-1 + 7}{2} = 3 \quad \text{and} \quad x = \frac{-1 - 7}{2} = -4
\]
Since \( x \) must be positive, we discard the negative solution. Thus, \( x = 3 \).

To verify, we check that \( \sqrt{12 - 3} = \sqrt{9} = 3 \), confirming that \( x = 3 \) is indeed the solution.

Therefore, the value is \(\boxed{B}\)."
105,1445,B,20,1.0,"Okay, so I have this problem here: Find the value of the infinite nested square root expression √(12 - √(12 - √(12 - ...))). The options are A) 4, B) 3, C) 2√2, and D) [1 + 3/√11]^2. Hmm, interesting. I remember that these kinds of infinite nested radicals can sometimes be solved by setting them equal to a variable and then solving an equation. Let me try that approach.

Let me denote the entire expression as x. So, x = √(12 - √(12 - √(12 - ...))). But wait, since the expression inside the square root is the same as the entire expression, I can substitute x into itself. That means x = √(12 - x). Is that right? Let me check.

Yes, because the expression under the first square root is 12 minus the same expression, which is x. So, substituting, I get x = √(12 - x). Now, to solve for x, I can square both sides to eliminate the square root. Let's do that.

Squaring both sides: x² = 12 - x. Now, I can rearrange this equation to form a quadratic equation. Let's bring all terms to one side: x² + x - 12 = 0. Okay, so now I have a quadratic equation: x² + x - 12 = 0.

To solve this quadratic equation, I can use the quadratic formula. The quadratic formula is x = [-b ± √(b² - 4ac)] / (2a). In this equation, a = 1, b = 1, and c = -12. Plugging these values into the formula:

x = [-1 ± √(1² - 4*1*(-12))] / (2*1)
x = [-1 ± √(1 + 48)] / 2
x = [-1 ± √49] / 2
x = [-1 ± 7] / 2

So, that gives us two possible solutions: x = (-1 + 7)/2 = 6/2 = 3, and x = (-1 - 7)/2 = -8/2 = -4. But since we're dealing with square roots, the value of x must be positive. So, x = 3 is the valid solution.

Wait, but let me double-check. If x = 3, then plugging back into the original equation: √(12 - 3) = √9 = 3, which is correct. So, x = 3 is indeed the solution.

Looking back at the options, B) 3 is one of them. So, is that the answer? Hmm, but let me make sure I didn't make any mistakes in my reasoning.

I assumed that the entire expression equals x, which is a common technique for infinite nested radicals. Let me verify if that's valid here. The expression is √(12 - √(12 - √(12 - ...))), so each time we take the square root, we subtract the same expression again. So, yes, it's a valid substitution.

Also, when I squared both sides, I got x² = 12 - x, which led me to the quadratic equation. Solving that gave me two roots, but only the positive one was valid in this context. So, that seems correct.

Wait, but let me think again. The expression is √(12 - √(12 - √(12 - ...))). If I start plugging in numbers, does it converge to 3? Let me test it numerically.

Let's compute a few iterations:

First iteration: √12 ≈ 3.464
Second iteration: √(12 - 3.464) ≈ √8.536 ≈ 2.922
Third iteration: √(12 - 2.922) ≈ √9.078 ≈ 3.013
Fourth iteration: √(12 - 3.013) ≈ √8.987 ≈ 2.998
Fifth iteration: √(12 - 2.998) ≈ √9.002 ≈ 3.000

So, it seems to be oscillating around 3, getting closer each time. So, that numerical approach also suggests that the value is 3, which is option B.

But wait, let me check the other options just to be thorough. Option A is 4. If I plug x = 4 into the original equation, √(12 - 4) = √8 ≈ 2.828, which is not equal to 4. So, that's not correct.

Option C is 2√2, which is approximately 2.828. Let's test that: √(12 - 2.828) ≈ √9.172 ≈ 3.028, which is not equal to 2.828. So, that's not correct either.

Option D is [1 + 3/√11]^2. Let me compute that. First, compute 3/√11: √11 is approximately 3.3166, so 3/3.3166 ≈ 0.9045. Then, 1 + 0.9045 ≈ 1.9045. Squaring that gives approximately 3.627. Hmm, that's not 3, so that's not correct either.

So, the only correct answer is B) 3.

But wait, just to make sure, let me think if there's another way this could be approached. Sometimes, with nested radicals, especially infinite ones, there might be more than one solution, but in this case, since we're dealing with square roots, the expression is inherently positive, so the solution must be positive. So, x = 3 is the only valid solution.

Alternatively, I can think about the convergence of the sequence. Let me define a sequence where a₁ = √12, and a_{n+1} = √(12 - a_n). Then, if this sequence converges, its limit would satisfy the equation x = √(12 - x), which is exactly what I did earlier. And as I saw numerically, it converges to 3. So, that's another confirmation.

","But just to be extra cautious, let me see if I can express this in another way. Maybe using trigonometric identities or something else? Hmm, I don't think that's necessary here. Since the algebra works out straightforwardly and the numerical approximation supports it, I think I can be confident that 3 is the correct answer.

Wait a second, let me go back to the equation: x = √(12 - x). So, squaring both sides gives x² = 12 - x, which leads to x² + x - 12 = 0. The quadratic formula gives x = [-1 ± √(1 + 48)] / 2, which is (-1 ± 7)/2. So, the positive solution is (6)/2 = 3. Yep, that's solid. So, I think it's definitely 3.

Hmm, but wait, just to make sure, let's see what the original problem says. It's an infinite nested square root, so each time you go deeper, you subtract the same expression again. So, the function f(x) = √(12 - x) is a contraction mapping? Or maybe not, but I think the fixed point theorem applies here since f(x) is continuous and the sequence we're generating is approaching 3. So, that seems consistent.

I guess another way to think about it is that each iteration gets closer to 3, as the sequence alternates between over and under estimates. First, take √12 ≈ 3.464, then √(12 - 3.464) ≈ 2.922, then √(12 - 2.922) ≈ 3.013, then √(12 - 3.013) ≈ 2.998, then √(12 - 2.998) ≈ 3.000, and so on. So, it's oscillating around 3 with decreasing amplitude, confirming that 3 is the limit.

Therefore, after considering multiple approaches—substitution, numerical approximation, and convergence analysis—I can confidently say that the value of the infinite nested square root expression is 3, which is option B.

**Final Answer**
\boxed{B}
</think>

Let \( x \) be the value of the infinite nested square root expression \( \sqrt{12 - \sqrt{12 - \sqrt{12 - \cdots}}} \). We can denote this expression as \( x \). Since the expression inside the square root is the same as the entire expression, we substitute \( x \) into itself, leading to the equation:

\[ x = \sqrt{12 - x} \]

To solve for \( x \), we square both sides:

\[ x^2 = 12 - x \]

Rearranging this equation gives us a quadratic equation:

\[ x^2 + x - 12 = 0 \]

Using the quadratic formula \( x = \frac{-b \pm \sqrt{b^2 - 4ac}}{2a} \) where \( a = 1 \), \( b = 1 \), and \( c = -12 \):

\[ x = \frac{-1 \pm \sqrt{1^2 - 4 \cdot 1 \cdot (-12)}}{2 \cdot 1} \]
\[ x = \frac{-1 \pm \sqrt{1 + 48}}{2} \]
\[ x = \frac{-1 \pm 7}{2} \]

This gives us two solutions: \( x = \frac{6}{2} = 3 \) and \( x = \frac{-8}{2} = -4 \). Since \( x \) must be positive, we have \( x = 3 \).

To verify, we substitute \( x = 3 \) back into the original equation and check that it holds true. Additionally, numerical approximation shows the sequence converges to 3, confirming our solution.

Thus, the value of the expression is \( 3 \), which corresponds to option B.

\[
\boxed{B}
\]"
106,1467,B,20,1.0,"Okay, so I have this problem here: Find the value of the infinite nested square root expression √(12 - √(12 - √(12 - ...))). The options are A) 4, B) 3, C) 2√2, and D) [1 + 3/√11]^2. Hmm, interesting. I remember that these kinds of infinite nested radicals can sometimes be solved by setting them equal to a variable and then solving an equation. Let me try that approach.

Let me denote the entire expression as x. So, x = √(12 - √(12 - √(12 - ...))). But wait, since the expression inside the square root is the same as the entire expression, I can substitute x into itself. That means x = √(12 - x). Is that right? Let me check.

Yes, because the expression under the first square root is 12 minus the same expression, which is x. So, substituting, I get x = √(12 - x). Now, to solve for x, I can square both sides to eliminate the square root. Let's do that.

Squaring both sides: x² = 12 - x. Now, I can rearrange this equation to form a quadratic equation. Let's bring all terms to one side: x² + x - 12 = 0. Okay, so now I have a quadratic equation: x² + x - 12 = 0.

To solve this quadratic equation, I can use the quadratic formula. The quadratic formula is x = [-b ± √(b² - 4ac)] / (2a). In this equation, a = 1, b = 1, and c = -12. Plugging these values into the formula:

x = [-1 ± √(1² - 4*1*(-12))] / (2*1)
x = [-1 ± √(1 + 48)] / 2
x = [-1 ± √49] / 2
x = [-1 ± 7] / 2

So, that gives us two possible solutions: x = (-1 + 7)/2 = 6/2 = 3, and x = (-1 - 7)/2 = -8/2 = -4. But since we're dealing with square roots, the value of x must be positive. So, x = 3 is the valid solution.

Wait, but let me double-check. If x = 3, then plugging back into the original equation: √(12 - 3) = √9 = 3, which is correct. So, x = 3 is indeed the solution.

Looking back at the options, B) 3 is one of them. So, is that the answer? Hmm, but let me make sure I didn't make any mistakes in my reasoning.

I assumed that the entire expression equals x, which is a common technique for infinite nested radicals. Let me verify if that's valid here. The expression is √(12 - √(12 - √(12 - ...))), so each time we take the square root, we subtract the same expression again. So, yes, it's a valid substitution.

Also, when I squared both sides, I got x² = 12 - x, which led me to the quadratic equation. Solving that gave me two roots, but only the positive one was valid in this context. So, that seems correct.

Wait, but let me think again. The expression is √(12 - √(12 - √(12 - ...))). If I start plugging in numbers, does it converge to 3? Let me test it numerically.

Let's compute a few iterations:

First iteration: √12 ≈ 3.464
Second iteration: √(12 - 3.464) ≈ √8.536 ≈ 2.922
Third iteration: √(12 - 2.922) ≈ √9.078 ≈ 3.013
Fourth iteration: √(12 - 3.013) ≈ √8.987 ≈ 2.998
Fifth iteration: √(12 - 2.998) ≈ √9.002 ≈ 3.000

So, it seems to be oscillating around 3, getting closer each time. So, that numerical approach also suggests that the value is 3, which is option B.

But wait, let me check the other options just to be thorough. Option A is 4. If I plug x = 4 into the original equation, √(12 - 4) = √8 ≈ 2.828, which is not equal to 4. So, that's not correct.

Option C is 2√2, which is approximately 2.828. Let's test that: √(12 - 2.828) ≈ √9.172 ≈ 3.028, which is not equal to 2.828. So, that's not correct either.

Option D is [1 + 3/√11]^2. Let me compute that. First, compute 3/√11: √11 is approximately 3.3166, so 3/3.3166 ≈ 0.9045. Then, 1 + 0.9045 ≈ 1.9045. Squaring that gives approximately 3.627. Hmm, that's not 3, so that's not correct either.

So, the only correct answer is B) 3.

But wait, just to make sure, let me think if there's another way this could be approached. Sometimes, with nested radicals, especially infinite ones, there might be more than one solution, but in this case, since we're dealing with square roots, the expression is inherently positive, so the solution must be positive. So, x = 3 is the only valid solution.

Alternatively, I can think about the convergence of the sequence. Let me define a sequence where a₁ = √12, and a_{n+1} = √(12 - a_n). Then, if this sequence converges, its limit would satisfy the equation x = √(12 - x), which is exactly what I did earlier. And as I saw numerically, it converges to 3. So, that's another confirmation.

Therefore, I'm confident that the value of the infinite nested radical is 3, which is option B.

","**Final Answer**
\boxed{B}
</think>

Let \( x \) be the value of the infinite nested square root expression \( \sqrt{12 - \sqrt{12 - \sqrt{12 - \cdots}}} \). We can set up the equation \( x = \sqrt{12 - x} \) because the expression under the square root is the same as the entire expression.

Squaring both sides, we get:
\[
x^2 = 12 - x
\]
Rearranging this into a standard quadratic equation form, we have:
\[
x^2 + x - 12 = 0
\]
Using the quadratic formula \( x = \frac{-b \pm \sqrt{b^2 - 4ac}}{2a} \) where \( a = 1 \), \( b = 1 \), and \( c = -12 \), we get:
\[
x = \frac{-1 \pm \sqrt{1^2 - 4 \cdot 1 \cdot (-12)}}{2 \cdot 1} = \frac{-1 \pm \sqrt{1 + 48}}{2} = \frac{-1 \pm 7}{2}
\]
This gives us two solutions:
\[
x = \frac{-1 + 7}{2} = 3 \quad \text{and} \quad x = \frac{-1 - 7}{2} = -4
\]
Since \( x \) must be positive, we have \( x = 3 \).

To verify, we substitute \( x = 3 \) back into the original equation and check that it holds true. Numerically, the sequence converges to 3, confirming our solution.

Thus, the value of the infinite nested square root expression is \( \boxed{B} \)."
107,1471,B,20,1.0,"Okay, so I have this problem here: Find the value of the infinite nested square root expression √(12 - √(12 - √(12 - ...))). The options are A) 4, B) 3, C) 2√2, and D) [1 + 3/√11]^2. Hmm, interesting. I remember that these kinds of infinite nested radicals can sometimes be solved by setting them equal to a variable and then solving an equation. Let me try that approach.

Let me denote the entire expression as x. So, x = √(12 - √(12 - √(12 - ...))). But wait, since the expression inside the square root is the same as the entire expression, I can substitute x into itself. That means x = √(12 - x). Is that right? Let me check.

Yes, because the expression under the first square root is 12 minus the same expression, which is x. So, substituting, I get x = √(12 - x). Now, to solve for x, I can square both sides to eliminate the square root. Let's do that.

Squaring both sides: x² = 12 - x. Now, I can rearrange this equation to form a quadratic equation. Let's bring all terms to one side: x² + x - 12 = 0. Okay, so now I have a quadratic equation: x² + x - 12 = 0.

To solve this quadratic equation, I can use the quadratic formula. The quadratic formula is x = [-b ± √(b² - 4ac)] / (2a). In this equation, a = 1, b = 1, and c = -12. Plugging these values into the formula:

x = [-1 ± √(1² - 4*1*(-12))] / (2*1)
x = [-1 ± √(1 + 48)] / 2
x = [-1 ± √49] / 2
x = [-1 ± 7] / 2

So, that gives us two possible solutions: x = (-1 + 7)/2 = 6/2 = 3, and x = (-1 - 7)/2 = -8/2 = -4. But since we're dealing with square roots, the value of x must be positive. So, x = 3 is the valid solution.

Wait, but let me double-check. If x = 3, then plugging back into the original equation: √(12 - 3) = √9 = 3, which is correct. So, x = 3 is indeed the solution.

Looking back at the options, B) 3 is one of them. So, is that the answer? Hmm, but let me make sure I didn't make any mistakes in my reasoning.

I assumed that the entire expression equals x, which is a common technique for infinite nested radicals. Let me verify if that's valid here. The expression is √(12 - √(12 - √(12 - ...))), so each time we take the square root, we subtract the same expression again. So, yes, it's a valid substitution.

Also, when I squared both sides, I got x² = 12 - x, which led me to the quadratic equation. Solving that gave me two roots, but only the positive one was valid in this context. So, that seems correct.

Wait, but let me think again. The expression is √(12 - √(12 - √(12 - ...))). If I start plugging in numbers, does it converge to 3? Let me test it numerically.

Let's compute a few iterations:

First iteration: √12 ≈ 3.464
Second iteration: √(12 - 3.464) ≈ √8.536 ≈ 2.922
Third iteration: √(12 - 2.922) ≈ √9.078 ≈ 3.013
Fourth iteration: √(12 - 3.013) ≈ √8.987 ≈ 2.998
Fifth iteration: √(12 - 2.998) ≈ √9.002 ≈ 3.000

So, it seems to be oscillating around 3, getting closer each time. So, that numerical approach also suggests that the value is 3, which is option B.

But wait, let me check the other options just to be thorough. Option A is 4. If I plug x = 4 into the original equation, √(12 - 4) = √8 ≈ 2.828, which is not equal to 4. So, that's not correct.

Option C is 2√2, which is approximately 2.828. Let's test that: √(12 - 2.828) ≈ √9.172 ≈ 3.028, which is not equal to 2.828. So, that's not correct either.

Option D is [1 + 3/√11]^2. Let me compute that. First, compute 3/√11: √11 is approximately 3.3166, so 3/3.3166 ≈ 0.9045. Then, 1 + 0.9045 ≈ 1.9045. Squaring that gives approximately 3.627. Hmm, that's not 3, so that's not correct either.

So, the only correct answer is B) 3.

But wait, just to make sure, let me think if there's another way this could be approached. Sometimes, with nested radicals, especially infinite ones, there might be more than one solution, but in this case, since we're dealing with square roots, the expression is inherently positive, so the solution must be positive. So, x = 3 is the only valid solution.

Alternatively, I can think about the convergence of the sequence. Let me define a sequence where a₁ = √12, and a_{n+1} = √(12 - a_n). Then, if this sequence converges, its limit would satisfy the equation x = √(12 - x), which is exactly what I did earlier. And as I saw numerically, it converges to 3. So, that's another confirmation.

Therefore, I'm confident that the value of the infinite nested radical is 3, which is option B.

**Final Answer**
","\boxed{B}
</think>

Let \( x \) be the value of the infinite nested square root expression \( \sqrt{12 - \sqrt{12 - \sqrt{12 - \cdots}}} \). We can express this as:

\[ x = \sqrt{12 - x} \]

To solve for \( x \), we square both sides:

\[ x^2 = 12 - x \]

Rearranging this into a quadratic equation:

\[ x^2 + x - 12 = 0 \]

Using the quadratic formula \( x = \frac{-b \pm \sqrt{b^2 - 4ac}}{2a} \) where \( a = 1 \), \( b = 1 \), and \( c = -12 \):

\[ x = \frac{-1 \pm \sqrt{1^2 - 4 \cdot 1 \cdot (-12)}}{2 \cdot 1} \]
\[ x = \frac{-1 \pm \sqrt{1 + 48}}{2} \]
\[ x = \frac{-1 \pm \sqrt{49}}{2} \]
\[ x = \frac{-1 \pm 7}{2} \]

This gives two solutions:

\[ x = \frac{-1 + 7}{2} = 3 \]
\[ x = \frac{-1 - 7}{2} = -4 \]

Since \( x \) must be positive, we have \( x = 3 \).

To verify, we test the numerical approach and find that the sequence converges to 3. Thus, the value of the infinite nested radical is confirmed to be 3.

\[
\boxed{B}
\]"
108,1476,B,20,1.0,"Okay, so I have this problem here: Find the value of the infinite nested square root expression √(12 - √(12 - √(12 - ...))). The options are A) 4, B) 3, C) 2√2, and D) [1 + 3/√11]^2. Hmm, interesting. I remember that these kinds of infinite nested radicals can sometimes be solved by setting them equal to a variable and then solving an equation. Let me try that approach.

Let me denote the entire expression as x. So, x = √(12 - √(12 - √(12 - ...))). But wait, since the expression inside the square root is the same as the entire expression, I can substitute x into itself. That means x = √(12 - x). Is that right? Let me check.

Yes, because the expression under the first square root is 12 minus the same expression, which is x. So, substituting, I get x = √(12 - x). Now, to solve for x, I can square both sides to eliminate the square root. Let's do that.

Squaring both sides: x² = 12 - x. Now, I can rearrange this equation to form a quadratic equation. Let's bring all terms to one side: x² + x - 12 = 0. Okay, so now I have a quadratic equation: x² + x - 12 = 0.

To solve this quadratic equation, I can use the quadratic formula. The quadratic formula is x = [-b ± √(b² - 4ac)] / (2a). In this equation, a = 1, b = 1, and c = -12. Plugging these values into the formula:

x = [-1 ± √(1² - 4*1*(-12))] / (2*1)
x = [-1 ± √(1 + 48)] / 2
x = [-1 ± √49] / 2
x = [-1 ± 7] / 2

So, that gives us two possible solutions: x = (-1 + 7)/2 = 6/2 = 3, and x = (-1 - 7)/2 = -8/2 = -4. But since we're dealing with square roots, the value of x must be positive. So, x = 3 is the valid solution.

Wait, but let me double-check. If x = 3, then plugging back into the original equation: √(12 - 3) = √9 = 3, which is correct. So, x = 3 is indeed the solution.

Looking back at the options, B) 3 is one of them. So, is that the answer? Hmm, but let me make sure I didn't make any mistakes in my reasoning.

I assumed that the entire expression equals x, which is a common technique for infinite nested radicals. Let me verify if that's valid here. The expression is √(12 - √(12 - √(12 - ...))), so each time we take the square root, we subtract the same expression again. So, yes, it's a valid substitution.

Also, when I squared both sides, I got x² = 12 - x, which led me to the quadratic equation. Solving that gave me two roots, but only the positive one was valid in this context. So, that seems correct.

Wait, but let me think again. The expression is √(12 - √(12 - √(12 - ...))). If I start plugging in numbers, does it converge to 3? Let me test it numerically.

Let's compute a few iterations:

First iteration: √12 ≈ 3.464
Second iteration: √(12 - 3.464) ≈ √8.536 ≈ 2.922
Third iteration: √(12 - 2.922) ≈ √9.078 ≈ 3.013
Fourth iteration: √(12 - 3.013) ≈ √8.987 ≈ 2.998
Fifth iteration: √(12 - 2.998) ≈ √9.002 ≈ 3.000

So, it seems to be oscillating around 3, getting closer each time. So, that numerical approach also suggests that the value is 3, which is option B.

But wait, let me check the other options just to be thorough. Option A is 4. If I plug x = 4 into the original equation, √(12 - 4) = √8 ≈ 2.828, which is not equal to 4. So, that's not correct.

Option C is 2√2, which is approximately 2.828. Let's test that: √(12 - 2.828) ≈ √9.172 ≈ 3.028, which is not equal to 2.828. So, that's not correct either.

Option D is [1 + 3/√11]^2. Let me compute that. First, compute 3/√11: √11 is approximately 3.3166, so 3/3.3166 ≈ 0.9045. Then, 1 + 0.9045 ≈ 1.9045. Squaring that gives approximately 3.627. Hmm, that's not 3, so that's not correct either.

So, the only correct answer is B) 3.

But wait, just to make sure, let me think if there's another way this could be approached. Sometimes, with nested radicals, especially infinite ones, there might be more than one solution, but in this case, since we're dealing with square roots, the expression is inherently positive, so the solution must be positive. So, x = 3 is the only valid solution.

Alternatively, I can think about the convergence of the sequence. Let me define a sequence where a₁ = √12, and a_{n+1} = √(12 - a_n). Then, if this sequence converges, its limit would satisfy the equation x = √(12 - x), which is exactly what I did earlier. And as I saw numerically, it converges to 3. So, that's another confirmation.

Therefore, I'm confident that the value of the infinite nested radical is 3, which is option B.

**Final Answer**
\boxed{B}
","</think>

Let \( x \) be the value of the infinite nested square root expression \( \sqrt{12 - \sqrt{12 - \sqrt{12 - \cdots}}} \). We can set up the equation:

\[ x = \sqrt{12 - x} \]

Squaring both sides to eliminate the square root, we get:

\[ x^2 = 12 - x \]

Rearranging this equation into a standard quadratic form, we have:

\[ x^2 + x - 12 = 0 \]

Using the quadratic formula \( x = \frac{-b \pm \sqrt{b^2 - 4ac}}{2a} \) where \( a = 1 \), \( b = 1 \), and \( c = -12 \), we find:

\[ x = \frac{-1 \pm \sqrt{1^2 - 4 \cdot 1 \cdot (-12)}}{2 \cdot 1} \]
\[ x = \frac{-1 \pm \sqrt{1 + 48}}{2} \]
\[ x = \frac{-1 \pm \sqrt{49}}{2} \]
\[ x = \frac{-1 \pm 7}{2} \]

This gives us two solutions: \( x = \frac{6}{2} = 3 \) and \( x = \frac{-8}{2} = -4 \). Since \( x \) must be positive, we discard \( x = -4 \).

Thus, the value of the expression is \( 3 \), which corresponds to option B.

\[
\boxed{B}
\]"
109,1478,B,20,1.0,"Okay, so I have this problem here: Find the value of the infinite nested square root expression √(12 - √(12 - √(12 - ...))). The options are A) 4, B) 3, C) 2√2, and D) [1 + 3/√11]^2. Hmm, interesting. I remember that these kinds of infinite nested radicals can sometimes be solved by setting them equal to a variable and then solving an equation. Let me try that approach.

Let me denote the entire expression as x. So, x = √(12 - √(12 - √(12 - ...))). But wait, since the expression inside the square root is the same as the entire expression, I can substitute x into itself. That means x = √(12 - x). Is that right? Let me check.

Yes, because the expression under the first square root is 12 minus the same expression, which is x. So, substituting, I get x = √(12 - x). Now, to solve for x, I can square both sides to eliminate the square root. Let's do that.

Squaring both sides: x² = 12 - x. Now, I can rearrange this equation to form a quadratic equation. Let's bring all terms to one side: x² + x - 12 = 0. Okay, so now I have a quadratic equation: x² + x - 12 = 0.

To solve this quadratic equation, I can use the quadratic formula. The quadratic formula is x = [-b ± √(b² - 4ac)] / (2a). In this equation, a = 1, b = 1, and c = -12. Plugging these values into the formula:

x = [-1 ± √(1² - 4*1*(-12))] / (2*1)
x = [-1 ± √(1 + 48)] / 2
x = [-1 ± √49] / 2
x = [-1 ± 7] / 2

So, that gives us two possible solutions: x = (-1 + 7)/2 = 6/2 = 3, and x = (-1 - 7)/2 = -8/2 = -4. But since we're dealing with square roots, the value of x must be positive. So, x = 3 is the valid solution.

Wait, but let me double-check. If x = 3, then plugging back into the original equation: √(12 - 3) = √9 = 3, which is correct. So, x = 3 is indeed the solution.

Looking back at the options, B) 3 is one of them. So, is that the answer? Hmm, but let me make sure I didn't make any mistakes in my reasoning.

I assumed that the entire expression equals x, which is a common technique for infinite nested radicals. Let me verify if that's valid here. The expression is √(12 - √(12 - √(12 - ...))), so each time we take the square root, we subtract the same expression again. So, yes, it's a valid substitution.

Also, when I squared both sides, I got x² = 12 - x, which led me to the quadratic equation. Solving that gave me two roots, but only the positive one was valid in this context. So, that seems correct.

Wait, but let me think again. The expression is √(12 - √(12 - √(12 - ...))). If I start plugging in numbers, does it converge to 3? Let me test it numerically.

Let's compute a few iterations:

First iteration: √12 ≈ 3.464
Second iteration: √(12 - 3.464) ≈ √8.536 ≈ 2.922
Third iteration: √(12 - 2.922) ≈ √9.078 ≈ 3.013
Fourth iteration: √(12 - 3.013) ≈ √8.987 ≈ 2.998
Fifth iteration: √(12 - 2.998) ≈ √9.002 ≈ 3.000

So, it seems to be oscillating around 3, getting closer each time. So, that numerical approach also suggests that the value is 3, which is option B.

But wait, let me check the other options just to be thorough. Option A is 4. If I plug x = 4 into the original equation, √(12 - 4) = √8 ≈ 2.828, which is not equal to 4. So, that's not correct.

Option C is 2√2, which is approximately 2.828. Let's test that: √(12 - 2.828) ≈ √9.172 ≈ 3.028, which is not equal to 2.828. So, that's not correct either.

Option D is [1 + 3/√11]^2. Let me compute that. First, compute 3/√11: √11 is approximately 3.3166, so 3/3.3166 ≈ 0.9045. Then, 1 + 0.9045 ≈ 1.9045. Squaring that gives approximately 3.627. Hmm, that's not 3, so that's not correct either.

So, the only correct answer is B) 3.

But wait, just to make sure, let me think if there's another way this could be approached. Sometimes, with nested radicals, especially infinite ones, there might be more than one solution, but in this case, since we're dealing with square roots, the expression is inherently positive, so the solution must be positive. So, x = 3 is the only valid solution.

Alternatively, I can think about the convergence of the sequence. Let me define a sequence where a₁ = √12, and a_{n+1} = √(12 - a_n). Then, if this sequence converges, its limit would satisfy the equation x = √(12 - x), which is exactly what I did earlier. And as I saw numerically, it converges to 3. So, that's another confirmation.

Therefore, I'm confident that the value of the infinite nested radical is 3, which is option B.

**Final Answer**
\boxed{B}
</think>

","Let \( x \) be the value of the infinite nested square root expression \( \sqrt{12 - \sqrt{12 - \sqrt{12 - \cdots}}} \). We can express this as \( x = \sqrt{12 - x} \).

To solve for \( x \), we square both sides:
\[
x^2 = 12 - x
\]
Rearranging this equation, we get a quadratic equation:
\[
x^2 + x - 12 = 0
\]
Using the quadratic formula \( x = \frac{-b \pm \sqrt{b^2 - 4ac}}{2a} \) where \( a = 1 \), \( b = 1 \), and \( c = -12 \), we find:
\[
x = \frac{-1 \pm \sqrt{1 + 48}}{2} = \frac{-1 \pm \sqrt{49}}{2} = \frac{-1 \pm 7}{2}
\]
This gives us two solutions: \( x = \frac{6}{2} = 3 \) and \( x = \frac{-8}{2} = -4 \). Since \( x \) must be positive, we have \( x = 3 \).

To confirm, we test the value by iterating the expression numerically and observe that it converges to 3. Checking other options, they do not satisfy the original equation.

Thus, the value of the infinite nested radical is \( 3 \).

\[
\boxed{B}
\]"
110,1518,B,20,1.0,"Okay, so I have this problem here: Find the value of the infinite nested square root expression √(12 - √(12 - √(12 - ...))). The options are A) 4, B) 3, C) 2√2, and D) [1 + 3/√11]^2. Hmm, interesting. I remember that these kinds of infinite nested radicals can sometimes be solved by setting them equal to a variable and then solving an equation. Let me try that approach.

Let me denote the entire expression as x. So, x = √(12 - √(12 - √(12 - ...))). But wait, since the expression inside the square root is the same as the entire expression, I can substitute x into itself. That means x = √(12 - x). Is that right? Let me check.

Yes, because the expression under the first square root is 12 minus the same expression, which is x. So, substituting, I get x = √(12 - x). Now, to solve for x, I can square both sides to eliminate the square root. Let's do that.

Squaring both sides: x² = 12 - x. Now, I can rearrange this equation to form a quadratic equation. Let's bring all terms to one side: x² + x - 12 = 0. Okay, so now I have a quadratic equation: x² + x - 12 = 0.

To solve this quadratic equation, I can use the quadratic formula. The quadratic formula is x = [-b ± √(b² - 4ac)] / (2a). In this equation, a = 1, b = 1, and c = -12. Plugging these values into the formula:

x = [-1 ± √(1² - 4*1*(-12))] / (2*1)
x = [-1 ± √(1 + 48)] / 2
x = [-1 ± √49] / 2
x = [-1 ± 7] / 2

So, that gives us two possible solutions: x = (-1 + 7)/2 = 6/2 = 3, and x = (-1 - 7)/2 = -8/2 = -4. But since we're dealing with square roots, the value of x must be positive. So, x = 3 is the valid solution.

Wait, but let me double-check. If x = 3, then plugging back into the original equation: √(12 - 3) = √9 = 3, which is correct. So, x = 3 is indeed the solution.

Looking back at the options, B) 3 is one of them. So, is that the answer? Hmm, but let me make sure I didn't make any mistakes in my reasoning.

I assumed that the entire expression equals x, which is a common technique for infinite nested radicals. Let me verify if that's valid here. The expression is √(12 - √(12 - √(12 - ...))), so each time we take the square root, we subtract the same expression again. So, yes, it's a valid substitution.

Also, when I squared both sides, I got x² = 12 - x, which led me to the quadratic equation. Solving that gave me two roots, but only the positive one was valid in this context. So, that seems correct.

Wait, but let me think again. The expression is √(12 - √(12 - √(12 - ...))). If I start plugging in numbers, does it converge to 3? Let me test it numerically.

Let's compute a few iterations:

First iteration: √12 ≈ 3.464
Second iteration: √(12 - 3.464) ≈ √8.536 ≈ 2.922
Third iteration: √(12 - 2.922) ≈ √9.078 ≈ 3.013
Fourth iteration: √(12 - 3.013) ≈ √8.987 ≈ 2.998
Fifth iteration: √(12 - 2.998) ≈ √9.002 ≈ 3.000

So, it seems to be oscillating around 3, getting closer each time. So, that numerical approach also suggests that the value is 3, which is option B.

But wait, let me check the other options just to be thorough. Option A is 4. If I plug x = 4 into the original equation, √(12 - 4) = √8 ≈ 2.828, which is not equal to 4. So, that's not correct.

Option C is 2√2, which is approximately 2.828. Let's test that: √(12 - 2.828) ≈ √9.172 ≈ 3.028, which is not equal to 2.828. So, that's not correct either.

Option D is [1 + 3/√11]^2. Let me compute that. First, compute 3/√11: √11 is approximately 3.3166, so 3/3.3166 ≈ 0.9045. Then, 1 + 0.9045 ≈ 1.9045. Squaring that gives approximately 3.627. Hmm, that's not 3, so that's not correct either.

So, the only correct answer is B) 3.

But wait, just to make sure, let me think if there's another way this could be approached. Sometimes, with nested radicals, especially infinite ones, there might be more than one solution, but in this case, since we're dealing with square roots, the expression is inherently positive, so the solution must be positive. So, x = 3 is the only valid solution.

Alternatively, I can think about the convergence of the sequence. Let me define a sequence where a₁ = √12, and a_{n+1} = √(12 - a_n). Then, if this sequence converges, its limit would satisfy the equation x = √(12 - x), which is exactly what I did earlier. And as I saw numerically, it converges to 3. So, that's another confirmation.

Therefore, I'm confident that the value of the infinite nested radical is 3, which is option B.

**Final Answer**
\boxed{B}
</think>

Let \( x \) be the value of the infinite nested square root expression \( \sqrt{12 - \sqrt{12 - \sqrt{12 - \cdots}}} \)."," We can express this as:

\[ x = \sqrt{12 - x} \]

To solve for \( x \), we square both sides:

\[ x^2 = 12 - x \]

This rearranges to form a quadratic equation:

\[ x^2 + x - 12 = 0 \]

Using the quadratic formula \( x = \frac{-b \pm \sqrt{b^2 - 4ac}}{2a} \) with \( a = 1 \), \( b = 1 \), and \( c = -12 \):

\[ x = \frac{-1 \pm \sqrt{1^2 - 4 \cdot 1 \cdot (-12)}}{2 \cdot 1} \]
\[ x = \frac{-1 \pm \sqrt{1 + 48}}{2} \]
\[ x = \frac{-1 \pm \sqrt{49}}{2} \]
\[ x = \frac{-1 \pm 7}{2} \]

This gives two solutions: \( x = \frac{6}{2} = 3 \) and \( x = \frac{-8}{2} = -4 \). Since \( x \) must be positive, we have \( x = 3 \).

Numerical verification by iterating the expression also shows it converges to 3. Thus, the value of the infinite nested radical is 3.

\[
\boxed{B}
\]"
111,1524,B,20,1.0,"Okay, so I have this problem here: Find the value of the infinite nested square root expression √(12 - √(12 - √(12 - ...))). The options are A) 4, B) 3, C) 2√2, and D) [1 + 3/√11]^2. Hmm, interesting. I remember that these kinds of infinite nested radicals can sometimes be solved by setting them equal to a variable and then solving an equation. Let me try that approach.

Let me denote the entire expression as x. So, x = √(12 - √(12 - √(12 - ...))). But wait, since the expression inside the square root is the same as the entire expression, I can substitute x into itself. That means x = √(12 - x). Is that right? Let me check.

Yes, because the expression under the first square root is 12 minus the same expression, which is x. So, substituting, I get x = √(12 - x). Now, to solve for x, I can square both sides to eliminate the square root. Let's do that.

Squaring both sides: x² = 12 - x. Now, I can rearrange this equation to form a quadratic equation. Let's bring all terms to one side: x² + x - 12 = 0. Okay, so now I have a quadratic equation: x² + x - 12 = 0.

To solve this quadratic equation, I can use the quadratic formula. The quadratic formula is x = [-b ± √(b² - 4ac)] / (2a). In this equation, a = 1, b = 1, and c = -12. Plugging these values into the formula:

x = [-1 ± √(1² - 4*1*(-12))] / (2*1)
x = [-1 ± √(1 + 48)] / 2
x = [-1 ± √49] / 2
x = [-1 ± 7] / 2

So, that gives us two possible solutions: x = (-1 + 7)/2 = 6/2 = 3, and x = (-1 - 7)/2 = -8/2 = -4. But since we're dealing with square roots, the value of x must be positive. So, x = 3 is the valid solution.

Wait, but let me double-check. If x = 3, then plugging back into the original equation: √(12 - 3) = √9 = 3, which is correct. So, x = 3 is indeed the solution.

Looking back at the options, B) 3 is one of them. So, is that the answer? Hmm, but let me make sure I didn't make any mistakes in my reasoning.

I assumed that the entire expression equals x, which is a common technique for infinite nested radicals. Let me verify if that's valid here. The expression is √(12 - √(12 - √(12 - ...))), so each time we take the square root, we subtract the same expression again. So, yes, it's a valid substitution.

Also, when I squared both sides, I got x² = 12 - x, which led me to the quadratic equation. Solving that gave me two roots, but only the positive one was valid in this context. So, that seems correct.

Wait, but let me think again. The expression is √(12 - √(12 - √(12 - ...))). If I start plugging in numbers, does it converge to 3? Let me test it numerically.

Let's compute a few iterations:

First iteration: √12 ≈ 3.464
Second iteration: √(12 - 3.464) ≈ √8.536 ≈ 2.922
Third iteration: √(12 - 2.922) ≈ √9.078 ≈ 3.013
Fourth iteration: √(12 - 3.013) ≈ √8.987 ≈ 2.998
Fifth iteration: √(12 - 2.998) ≈ √9.002 ≈ 3.000

So, it seems to be oscillating around 3, getting closer each time. So, that numerical approach also suggests that the value is 3, which is option B.

But wait, let me check the other options just to be thorough. Option A is 4. If I plug x = 4 into the original equation, √(12 - 4) = √8 ≈ 2.828, which is not equal to 4. So, that's not correct.

Option C is 2√2, which is approximately 2.828. Let's test that: √(12 - 2.828) ≈ √9.172 ≈ 3.028, which is not equal to 2.828. So, that's not correct either.

Option D is [1 + 3/√11]^2. Let me compute that. First, compute 3/√11: √11 is approximately 3.3166, so 3/3.3166 ≈ 0.9045. Then, 1 + 0.9045 ≈ 1.9045. Squaring that gives approximately 3.627. Hmm, that's not 3, so that's not correct either.

So, the only correct answer is B) 3.

But wait, just to make sure, let me think if there's another way this could be approached. Sometimes, with nested radicals, especially infinite ones, there might be more than one solution, but in this case, since we're dealing with square roots, the expression is inherently positive, so the solution must be positive. So, x = 3 is the only valid solution.

Alternatively, I can think about the convergence of the sequence. Let me define a sequence where a₁ = √12, and a_{n+1} = √(12 - a_n). Then, if this sequence converges, its limit would satisfy the equation x = √(12 - x), which is exactly what I did earlier. And as I saw numerically, it converges to 3. So, that's another confirmation.

Therefore, I'm confident that the value of the infinite nested radical is 3, which is option B.

**Final Answer**
\boxed{B}
</think>

Let \( x \) be the value of the infinite nested square root expression \( \sqrt{12 - \sqrt{12 - \sqrt{12 - \cdots}}} \). We can express this as:

","\[ x = \sqrt{12 - x} \]

To solve for \( x \), we square both sides of the equation:

\[ x^2 = 12 - x \]

Rearranging this into a standard quadratic equation form, we get:

\[ x^2 + x - 12 = 0 \]

Using the quadratic formula \( x = \frac{-b \pm \sqrt{b^2 - 4ac}}{2a} \) where \( a = 1 \), \( b = 1 \), and \( c = -12 \), we find:

\[ x = \frac{-1 \pm \sqrt{1^2 - 4 \cdot 1 \cdot (-12)}}{2 \cdot 1} \]
\[ x = \frac{-1 \pm \sqrt{1 + 48}}{2} \]
\[ x = \frac{-1 \pm \sqrt{49}}{2} \]
\[ x = \frac{-1 \pm 7}{2} \]

This gives us two solutions:

\[ x = \frac{-1 + 7}{2} = 3 \]
\[ x = \frac{-1 - 7}{2} = -4 \]

Since \( x \) must be positive, we discard \( x = -4 \) and conclude that \( x = 3 \).

To verify, we substitute \( x = 3 \) back into the original equation:

\[ \sqrt{12 - 3} = \sqrt{9} = 3 \]

This confirms that \( x = 3 \) is correct. Numerical iterations also show the sequence converges to 3, further supporting this result.

Thus, the value of the infinite nested square root expression is:

\[
\boxed{B}
\]"
112,1537,B,20,1.0,"Okay, so I have this problem here: Find the value of the infinite nested square root expression √(12 - √(12 - √(12 - ...))). The options are A) 4, B) 3, C) 2√2, and D) [1 + 3/√11]^2. Hmm, interesting. I remember that these kinds of infinite nested radicals can sometimes be solved by setting them equal to a variable and then solving an equation. Let me try that approach.

Let me denote the entire expression as x. So, x = √(12 - √(12 - √(12 - ...))). But wait, since the expression inside the square root is the same as the entire expression, I can substitute x into itself. That means x = √(12 - x). Is that right? Let me check.

Yes, because the expression under the first square root is 12 minus the same expression, which is x. So, substituting, I get x = √(12 - x). Now, to solve for x, I can square both sides to eliminate the square root. Let's do that.

Squaring both sides: x² = 12 - x. Now, I can rearrange this equation to form a quadratic equation. Let's bring all terms to one side: x² + x - 12 = 0. Okay, so now I have a quadratic equation: x² + x - 12 = 0.

To solve this quadratic equation, I can use the quadratic formula. The quadratic formula is x = [-b ± √(b² - 4ac)] / (2a). In this equation, a = 1, b = 1, and c = -12. Plugging these values into the formula:

x = [-1 ± √(1² - 4*1*(-12))] / (2*1)
x = [-1 ± √(1 + 48)] / 2
x = [-1 ± √49] / 2
x = [-1 ± 7] / 2

So, that gives us two possible solutions: x = (-1 + 7)/2 = 6/2 = 3, and x = (-1 - 7)/2 = -8/2 = -4. But since we're dealing with square roots, the value of x must be positive. So, x = 3 is the valid solution.

Wait, but let me double-check. If x = 3, then plugging back into the original equation: √(12 - 3) = √9 = 3, which is correct. So, x = 3 is indeed the solution.

Looking back at the options, B) 3 is one of them. So, is that the answer? Hmm, but let me make sure I didn't make any mistakes in my reasoning.

I assumed that the entire expression equals x, which is a common technique for infinite nested radicals. Let me verify if that's valid here. The expression is √(12 - √(12 - √(12 - ...))), so each time we take the square root, we subtract the same expression again. So, yes, it's a valid substitution.

Also, when I squared both sides, I got x² = 12 - x, which led me to the quadratic equation. Solving that gave me two roots, but only the positive one was valid in this context. So, that seems correct.

Wait, but let me think again. The expression is √(12 - √(12 - √(12 - ...))). If I start plugging in numbers, does it converge to 3? Let me test it numerically.

Let's compute a few iterations:

First iteration: √12 ≈ 3.464
Second iteration: √(12 - 3.464) ≈ √8.536 ≈ 2.922
Third iteration: √(12 - 2.922) ≈ √9.078 ≈ 3.013
Fourth iteration: √(12 - 3.013) ≈ √8.987 ≈ 2.998
Fifth iteration: √(12 - 2.998) ≈ √9.002 ≈ 3.000

So, it seems to be oscillating around 3, getting closer each time. So, that numerical approach also suggests that the value is 3, which is option B.

But wait, let me check the other options just to be thorough. Option A is 4. If I plug x = 4 into the original equation, √(12 - 4) = √8 ≈ 2.828, which is not equal to 4. So, that's not correct.

Option C is 2√2, which is approximately 2.828. Let's test that: √(12 - 2.828) ≈ √9.172 ≈ 3.028, which is not equal to 2.828. So, that's not correct either.

Option D is [1 + 3/√11]^2. Let me compute that. First, compute 3/√11: √11 is approximately 3.3166, so 3/3.3166 ≈ 0.9045. Then, 1 + 0.9045 ≈ 1.9045. Squaring that gives approximately 3.627. Hmm, that's not 3, so that's not correct either.

So, the only correct answer is B) 3.

But wait, just to make sure, let me think if there's another way this could be approached. Sometimes, with nested radicals, especially infinite ones, there might be more than one solution, but in this case, since we're dealing with square roots, the expression is inherently positive, so the solution must be positive. So, x = 3 is the only valid solution.

Alternatively, I can think about the convergence of the sequence. Let me define a sequence where a₁ = √12, and a_{n+1} = √(12 - a_n). Then, if this sequence converges, its limit would satisfy the equation x = √(12 - x), which is exactly what I did earlier. And as I saw numerically, it converges to 3. So, that's another confirmation.

Therefore, I'm confident that the value of the infinite nested radical is 3, which is option B.

**Final Answer**
\boxed{B}
</think>

Let \( x \) be the value of the infinite nested square root expression \( \sqrt{12 - \sqrt{12 - \sqrt{12 - \cdots}}} \). We can express this as:

\[ x = \sqrt{12 - x} \]

","To solve for \( x \), we square both sides:

\[ x^2 = 12 - x \]

Rearranging this into a quadratic equation:

\[ x^2 + x - 12 = 0 \]

Using the quadratic formula \( x = \frac{-b \pm \sqrt{b^2 - 4ac}}{2a} \) where \( a = 1 \), \( b = 1 \), and \( c = -12 \):

\[ x = \frac{-1 \pm \sqrt{1^2 - 4 \cdot 1 \cdot (-12)}}{2 \cdot 1} \]
\[ x = \frac{-1 \pm \sqrt{1 + 48}}{2} \]
\[ x = \frac{-1 \pm \sqrt{49}}{2} \]
\[ x = \frac{-1 \pm 7}{2} \]

This gives two solutions:

\[ x = \frac{-1 + 7}{2} = 3 \]
\[ x = \frac{-1 - 7}{2} = -4 \]

Since \( x \) must be positive, we discard \( -4 \). Thus, \( x = 3 \).

We verify this by checking the numerical convergence and confirming it satisfies the original equation. Therefore, the value is \( 3 \).

\[
\boxed{B}
\]"
113,1551,B,20,1.0,"Okay, so I have this problem here: Find the value of the infinite nested square root expression √(12 - √(12 - √(12 - ...))). The options are A) 4, B) 3, C) 2√2, and D) [1 + 3/√11]^2. Hmm, interesting. I remember that these kinds of infinite nested radicals can sometimes be solved by setting them equal to a variable and then solving an equation. Let me try that approach.

Let me denote the entire expression as x. So, x = √(12 - √(12 - √(12 - ...))). But wait, since the expression inside the square root is the same as the entire expression, I can substitute x into itself. That means x = √(12 - x). Is that right? Let me check.

Yes, because the expression under the first square root is 12 minus the same expression, which is x. So, substituting, I get x = √(12 - x). Now, to solve for x, I can square both sides to eliminate the square root. Let's do that.

Squaring both sides: x² = 12 - x. Now, I can rearrange this equation to form a quadratic equation. Let's bring all terms to one side: x² + x - 12 = 0. Okay, so now I have a quadratic equation: x² + x - 12 = 0.

To solve this quadratic equation, I can use the quadratic formula. The quadratic formula is x = [-b ± √(b² - 4ac)] / (2a). In this equation, a = 1, b = 1, and c = -12. Plugging these values into the formula:

x = [-1 ± √(1² - 4*1*(-12))] / (2*1)
x = [-1 ± √(1 + 48)] / 2
x = [-1 ± √49] / 2
x = [-1 ± 7] / 2

So, that gives us two possible solutions: x = (-1 + 7)/2 = 6/2 = 3, and x = (-1 - 7)/2 = -8/2 = -4. But since we're dealing with square roots, the value of x must be positive. So, x = 3 is the valid solution.

Wait, but let me double-check. If x = 3, then plugging back into the original equation: √(12 - 3) = √9 = 3, which is correct. So, x = 3 is indeed the solution.

Looking back at the options, B) 3 is one of them. So, is that the answer? Hmm, but let me make sure I didn't make any mistakes in my reasoning.

I assumed that the entire expression equals x, which is a common technique for infinite nested radicals. Let me verify if that's valid here. The expression is √(12 - √(12 - √(12 - ...))), so each time we take the square root, we subtract the same expression again. So, yes, it's a valid substitution.

Also, when I squared both sides, I got x² = 12 - x, which led me to the quadratic equation. Solving that gave me two roots, but only the positive one was valid in this context. So, that seems correct.

Wait, but let me think again. The expression is √(12 - √(12 - √(12 - ...))). If I start plugging in numbers, does it converge to 3? Let me test it numerically.

Let's compute a few iterations:

First iteration: √12 ≈ 3.464
Second iteration: √(12 - 3.464) ≈ √8.536 ≈ 2.922
Third iteration: √(12 - 2.922) ≈ √9.078 ≈ 3.013
Fourth iteration: √(12 - 3.013) ≈ √8.987 ≈ 2.998
Fifth iteration: √(12 - 2.998) ≈ √9.002 ≈ 3.000

So, it seems to be oscillating around 3, getting closer each time. So, that numerical approach also suggests that the value is 3, which is option B.

But wait, let me check the other options just to be thorough. Option A is 4. If I plug x = 4 into the original equation, √(12 - 4) = √8 ≈ 2.828, which is not equal to 4. So, that's not correct.

Option C is 2√2, which is approximately 2.828. Let's test that: √(12 - 2.828) ≈ √9.172 ≈ 3.028, which is not equal to 2.828. So, that's not correct either.

Option D is [1 + 3/√11]^2. Let me compute that. First, compute 3/√11: √11 is approximately 3.3166, so 3/3.3166 ≈ 0.9045. Then, 1 + 0.9045 ≈ 1.9045. Squaring that gives approximately 3.627. Hmm, that's not 3, so that's not correct either.

So, the only correct answer is B) 3.

But wait, just to make sure, let me think if there's another way this could be approached. Sometimes, with nested radicals, especially infinite ones, there might be more than one solution, but in this case, since we're dealing with square roots, the expression is inherently positive, so the solution must be positive. So, x = 3 is the only valid solution.

Alternatively, I can think about the convergence of the sequence. Let me define a sequence where a₁ = √12, and a_{n+1} = √(12 - a_n). Then, if this sequence converges, its limit would satisfy the equation x = √(12 - x), which is exactly what I did earlier. And as I saw numerically, it converges to 3. So, that's another confirmation.

Therefore, I'm confident that the value of the infinite nested radical is 3, which is option B.

**Final Answer**
\boxed{B}
</think>

Let \( x \) be the value of the infinite nested square root expression \( \sqrt{12 - \sqrt{12 - \sqrt{12 - \cdots}}} \). We can express this as:

\[ x = \sqrt{12 - x} \]

Squaring both sides to eliminate the square root, we get:

","\[ x^2 = 12 - x \]

Rearranging this into a standard quadratic equation form:

\[ x^2 + x - 12 = 0 \]

We solve this quadratic equation using the quadratic formula \( x = \frac{-b \pm \sqrt{b^2 - 4ac}}{2a} \), where \( a = 1 \), \( b = 1 \), and \( c = -12 \):

\[ x = \frac{-1 \pm \sqrt{1^2 - 4 \cdot 1 \cdot (-12)}}{2 \cdot 1} \]
\[ x = \frac{-1 \pm \sqrt{1 + 48}}{2} \]
\[ x = \frac{-1 \pm \sqrt{49}}{2} \]
\[ x = \frac{-1 \pm 7}{2} \]

This gives us two solutions:

\[ x = \frac{-1 + 7}{2} = 3 \quad \text{and} \quad x = \frac{-1 - 7}{2} = -4 \]

Since \( x \) must be positive, we discard the negative solution. Therefore, \( x = 3 \).

Numerical verification shows that the sequence converges to 3. Thus, the value of the infinite nested square root expression is:

\[
\boxed{B}
\]"
114,1563,B,20,1.0,"Okay, so I have this problem here: Find the value of the infinite nested square root expression √(12 - √(12 - √(12 - ...))). The options are A) 4, B) 3, C) 2√2, and D) [1 + 3/√11]^2. Hmm, interesting. I remember that these kinds of infinite nested radicals can sometimes be solved by setting them equal to a variable and then solving an equation. Let me try that approach.

Let me denote the entire expression as x. So, x = √(12 - √(12 - √(12 - ...))). But wait, since the expression inside the square root is the same as the entire expression, I can substitute x into itself. That means x = √(12 - x). Is that right? Let me check.

Yes, because the expression under the first square root is 12 minus the same expression, which is x. So, substituting, I get x = √(12 - x). Now, to solve for x, I can square both sides to eliminate the square root. Let's do that.

Squaring both sides: x² = 12 - x. Now, I can rearrange this equation to form a quadratic equation. Let's bring all terms to one side: x² + x - 12 = 0. Okay, so now I have a quadratic equation: x² + x - 12 = 0.

To solve this quadratic equation, I can use the quadratic formula. The quadratic formula is x = [-b ± √(b² - 4ac)] / (2a). In this equation, a = 1, b = 1, and c = -12. Plugging these values into the formula:

x = [-1 ± √(1² - 4*1*(-12))] / (2*1)
x = [-1 ± √(1 + 48)] / 2
x = [-1 ± √49] / 2
x = [-1 ± 7] / 2

So, that gives us two possible solutions: x = (-1 + 7)/2 = 6/2 = 3, and x = (-1 - 7)/2 = -8/2 = -4. But since we're dealing with square roots, the value of x must be positive. So, x = 3 is the valid solution.

Wait, but let me double-check. If x = 3, then plugging back into the original equation: √(12 - 3) = √9 = 3, which is correct. So, x = 3 is indeed the solution.

Looking back at the options, B) 3 is one of them. So, is that the answer? Hmm, but let me make sure I didn't make any mistakes in my reasoning.

I assumed that the entire expression equals x, which is a common technique for infinite nested radicals. Let me verify if that's valid here. The expression is √(12 - √(12 - √(12 - ...))), so each time we take the square root, we subtract the same expression again. So, yes, it's a valid substitution.

Also, when I squared both sides, I got x² = 12 - x, which led me to the quadratic equation. Solving that gave me two roots, but only the positive one was valid in this context. So, that seems correct.

Wait, but let me think again. The expression is √(12 - √(12 - √(12 - ...))). If I start plugging in numbers, does it converge to 3? Let me test it numerically.

Let's compute a few iterations:

First iteration: √12 ≈ 3.464
Second iteration: √(12 - 3.464) ≈ √8.536 ≈ 2.922
Third iteration: √(12 - 2.922) ≈ √9.078 ≈ 3.013
Fourth iteration: √(12 - 3.013) ≈ √8.987 ≈ 2.998
Fifth iteration: √(12 - 2.998) ≈ √9.002 ≈ 3.000

So, it seems to be oscillating around 3, getting closer each time. So, that numerical approach also suggests that the value is 3, which is option B.

But wait, let me check the other options just to be thorough. Option A is 4. If I plug x = 4 into the original equation, √(12 - 4) = √8 ≈ 2.828, which is not equal to 4. So, that's not correct.

Option C is 2√2, which is approximately 2.828. Let's test that: √(12 - 2.828) ≈ √9.172 ≈ 3.028, which is not equal to 2.828. So, that's not correct either.

Option D is [1 + 3/√11]^2. Let me compute that. First, compute 3/√11: √11 is approximately 3.3166, so 3/3.3166 ≈ 0.9045. Then, 1 + 0.9045 ≈ 1.9045. Squaring that gives approximately 3.627. Hmm, that's not 3, so that's not correct either.

So, the only correct answer is B) 3.

But wait, just to make sure, let me think if there's another way this could be approached. Sometimes, with nested radicals, especially infinite ones, there might be more than one solution, but in this case, since we're dealing with square roots, the expression is inherently positive, so the solution must be positive. So, x = 3 is the only valid solution.

Alternatively, I can think about the convergence of the sequence. Let me define a sequence where a₁ = √12, and a_{n+1} = √(12 - a_n). Then, if this sequence converges, its limit would satisfy the equation x = √(12 - x), which is exactly what I did earlier. And as I saw numerically, it converges to 3. So, that's another confirmation.

Therefore, I'm confident that the value of the infinite nested radical is 3, which is option B.

**Final Answer**
\boxed{B}
</think>

Let \( x \) be the value of the infinite nested square root expression \( \sqrt{12 - \sqrt{12 - \sqrt{12 - \cdots}}} \). We can express this as:

\[ x = \sqrt{12 - x} \]

Squaring both sides to eliminate the square root, we get:

\[ x^2 = 12 - x \]

","Rearranging this equation into a standard quadratic form, we have:

\[ x^2 + x - 12 = 0 \]

Using the quadratic formula \( x = \frac{-b \pm \sqrt{b^2 - 4ac}}{2a} \) where \( a = 1 \), \( b = 1 \), and \( c = -12 \):

\[ x = \frac{-1 \pm \sqrt{1^2 - 4 \cdot 1 \cdot (-12)}}{2 \cdot 1} \]
\[ x = \frac{-1 \pm \sqrt{1 + 48}}{2} \]
\[ x = \frac{-1 \pm \sqrt{49}}{2} \]
\[ x = \frac{-1 \pm 7}{2} \]

This gives us two solutions: \( x = \frac{6}{2} = 3 \) and \( x = \frac{-8}{2} = -4 \). Since the expression involves square roots, \( x \) must be positive. Therefore, \( x = 3 \) is the valid solution.

Numerical verification shows that the sequence converges to 3, further confirming the solution.

Thus, the value of the infinite nested square root expression is:

\[
\boxed{B}
\]"
115,1578,B,20,1.0,"Okay, so I have this problem here: Find the value of the infinite nested square root expression √(12 - √(12 - √(12 - ...))). The options are A) 4, B) 3, C) 2√2, and D) [1 + 3/√11]^2. Hmm, interesting. I remember that these kinds of infinite nested radicals can sometimes be solved by setting them equal to a variable and then solving an equation. Let me try that approach.

Let me denote the entire expression as x. So, x = √(12 - √(12 - √(12 - ...))). But wait, since the expression inside the square root is the same as the entire expression, I can substitute x into itself. That means x = √(12 - x). Is that right? Let me check.

Yes, because the expression under the first square root is 12 minus the same expression, which is x. So, substituting, I get x = √(12 - x). Now, to solve for x, I can square both sides to eliminate the square root. Let's do that.

Squaring both sides: x² = 12 - x. Now, I can rearrange this equation to form a quadratic equation. Let's bring all terms to one side: x² + x - 12 = 0. Okay, so now I have a quadratic equation: x² + x - 12 = 0.

To solve this quadratic equation, I can use the quadratic formula. The quadratic formula is x = [-b ± √(b² - 4ac)] / (2a). In this equation, a = 1, b = 1, and c = -12. Plugging these values into the formula:

x = [-1 ± √(1² - 4*1*(-12))] / (2*1)
x = [-1 ± √(1 + 48)] / 2
x = [-1 ± √49] / 2
x = [-1 ± 7] / 2

So, that gives us two possible solutions: x = (-1 + 7)/2 = 6/2 = 3, and x = (-1 - 7)/2 = -8/2 = -4. But since we're dealing with square roots, the value of x must be positive. So, x = 3 is the valid solution.

Wait, but let me double-check. If x = 3, then plugging back into the original equation: √(12 - 3) = √9 = 3, which is correct. So, x = 3 is indeed the solution.

Looking back at the options, B) 3 is one of them. So, is that the answer? Hmm, but let me make sure I didn't make any mistakes in my reasoning.

I assumed that the entire expression equals x, which is a common technique for infinite nested radicals. Let me verify if that's valid here. The expression is √(12 - √(12 - √(12 - ...))), so each time we take the square root, we subtract the same expression again. So, yes, it's a valid substitution.

Also, when I squared both sides, I got x² = 12 - x, which led me to the quadratic equation. Solving that gave me two roots, but only the positive one was valid in this context. So, that seems correct.

Wait, but let me think again. The expression is √(12 - √(12 - √(12 - ...))). If I start plugging in numbers, does it converge to 3? Let me test it numerically.

Let's compute a few iterations:

First iteration: √12 ≈ 3.464
Second iteration: √(12 - 3.464) ≈ √8.536 ≈ 2.922
Third iteration: √(12 - 2.922) ≈ √9.078 ≈ 3.013
Fourth iteration: √(12 - 3.013) ≈ √8.987 ≈ 2.998
Fifth iteration: √(12 - 2.998) ≈ √9.002 ≈ 3.000

So, it seems to be oscillating around 3, getting closer each time. So, that numerical approach also suggests that the value is 3, which is option B.

But wait, let me check the other options just to be thorough. Option A is 4. If I plug x = 4 into the original equation, √(12 - 4) = √8 ≈ 2.828, which is not equal to 4. So, that's not correct.

Option C is 2√2, which is approximately 2.828. Let's test that: √(12 - 2.828) ≈ √9.172 ≈ 3.028, which is not equal to 2.828. So, that's not correct either.

Option D is [1 + 3/√11]^2. Let me compute that. First, compute 3/√11: √11 is approximately 3.3166, so 3/3.3166 ≈ 0.9045. Then, 1 + 0.9045 ≈ 1.9045. Squaring that gives approximately 3.627. Hmm, that's not 3, so that's not correct either.

So, the only correct answer is B) 3.

But wait, just to make sure, let me think if there's another way this could be approached. Sometimes, with nested radicals, especially infinite ones, there might be more than one solution, but in this case, since we're dealing with square roots, the expression is inherently positive, so the solution must be positive. So, x = 3 is the only valid solution.

Alternatively, I can think about the convergence of the sequence. Let me define a sequence where a₁ = √12, and a_{n+1} = √(12 - a_n). Then, if this sequence converges, its limit would satisfy the equation x = √(12 - x), which is exactly what I did earlier. And as I saw numerically, it converges to 3. So, that's another confirmation.

Therefore, I'm confident that the value of the infinite nested radical is 3, which is option B.

**Final Answer**
\boxed{B}
</think>

Let \( x \) be the value of the infinite nested square root expression \( \sqrt{12 - \sqrt{12 - \sqrt{12 - \cdots}}} \). We can express this as:

\[ x = \sqrt{12 - x} \]

Squaring both sides to eliminate the square root, we get:

\[ x^2 = 12 - x \]

Rearranging this into a standard quadratic equation form, we have:

","\[ x^2 + x - 12 = 0 \]

Using the quadratic formula \( x = \frac{-b \pm \sqrt{b^2 - 4ac}}{2a} \) where \( a = 1 \), \( b = 1 \), and \( c = -12 \), we get:

\[ x = \frac{-1 \pm \sqrt{1 + 48}}{2} \]
\[ x = \frac{-1 \pm \sqrt{49}}{2} \]
\[ x = \frac{-1 \pm 7}{2} \]

This gives us two solutions: \( x = \frac{6}{2} = 3 \) and \( x = \frac{-8}{2} = -4 \). Since \( x \) must be positive, we discard \( x = -4 \).

Thus, the value of the expression is \( x = 3 \).

The correct answer is \(\boxed{B}\)."
116,1593,B,20,1.0,"Okay, so I have this problem here: Find the value of the infinite nested square root expression √(12 - √(12 - √(12 - ...))). The options are A) 4, B) 3, C) 2√2, and D) [1 + 3/√11]^2. Hmm, interesting. I remember that these kinds of infinite nested radicals can sometimes be solved by setting them equal to a variable and then solving an equation. Let me try that approach.

Let me denote the entire expression as x. So, x = √(12 - √(12 - √(12 - ...))). But wait, since the expression inside the square root is the same as the entire expression, I can substitute x into itself. That means x = √(12 - x). Is that right? Let me check.

Yes, because the expression under the first square root is 12 minus the same expression, which is x. So, substituting, I get x = √(12 - x). Now, to solve for x, I can square both sides to eliminate the square root. Let's do that.

Squaring both sides: x² = 12 - x. Now, I can rearrange this equation to form a quadratic equation. Let's bring all terms to one side: x² + x - 12 = 0. Okay, so now I have a quadratic equation: x² + x - 12 = 0.

To solve this quadratic equation, I can use the quadratic formula. The quadratic formula is x = [-b ± √(b² - 4ac)] / (2a). In this equation, a = 1, b = 1, and c = -12. Plugging these values into the formula:

x = [-1 ± √(1² - 4*1*(-12))] / (2*1)
x = [-1 ± √(1 + 48)] / 2
x = [-1 ± √49] / 2
x = [-1 ± 7] / 2

So, that gives us two possible solutions: x = (-1 + 7)/2 = 6/2 = 3, and x = (-1 - 7)/2 = -8/2 = -4. But since we're dealing with square roots, the value of x must be positive. So, x = 3 is the valid solution.

Wait, but let me double-check. If x = 3, then plugging back into the original equation: √(12 - 3) = √9 = 3, which is correct. So, x = 3 is indeed the solution.

Looking back at the options, B) 3 is one of them. So, is that the answer? Hmm, but let me make sure I didn't make any mistakes in my reasoning.

I assumed that the entire expression equals x, which is a common technique for infinite nested radicals. Let me verify if that's valid here. The expression is √(12 - √(12 - √(12 - ...))), so each time we take the square root, we subtract the same expression again. So, yes, it's a valid substitution.

Also, when I squared both sides, I got x² = 12 - x, which led me to the quadratic equation. Solving that gave me two roots, but only the positive one was valid in this context. So, that seems correct.

Wait, but let me think again. The expression is √(12 - √(12 - √(12 - ...))). If I start plugging in numbers, does it converge to 3? Let me test it numerically.

Let's compute a few iterations:

First iteration: √12 ≈ 3.464
Second iteration: √(12 - 3.464) ≈ √8.536 ≈ 2.922
Third iteration: √(12 - 2.922) ≈ √9.078 ≈ 3.013
Fourth iteration: √(12 - 3.013) ≈ √8.987 ≈ 2.998
Fifth iteration: √(12 - 2.998) ≈ √9.002 ≈ 3.000

So, it seems to be oscillating around 3, getting closer each time. So, that numerical approach also suggests that the value is 3, which is option B.

But wait, let me check the other options just to be thorough. Option A is 4. If I plug x = 4 into the original equation, √(12 - 4) = √8 ≈ 2.828, which is not equal to 4. So, that's not correct.

Option C is 2√2, which is approximately 2.828. Let's test that: √(12 - 2.828) ≈ √9.172 ≈ 3.028, which is not equal to 2.828. So, that's not correct either.

Option D is [1 + 3/√11]^2. Let me compute that. First, compute 3/√11: √11 is approximately 3.3166, so 3/3.3166 ≈ 0.9045. Then, 1 + 0.9045 ≈ 1.9045. Squaring that gives approximately 3.627. Hmm, that's not 3, so that's not correct either.

So, the only correct answer is B) 3.

But wait, just to make sure, let me think if there's another way this could be approached. Sometimes, with nested radicals, especially infinite ones, there might be more than one solution, but in this case, since we're dealing with square roots, the expression is inherently positive, so the solution must be positive. So, x = 3 is the only valid solution.

Alternatively, I can think about the convergence of the sequence. Let me define a sequence where a₁ = √12, and a_{n+1} = √(12 - a_n). Then, if this sequence converges, its limit would satisfy the equation x = √(12 - x), which is exactly what I did earlier. And as I saw numerically, it converges to 3. So, that's another confirmation.

Therefore, I'm confident that the value of the infinite nested radical is 3, which is option B.

**Final Answer**
\boxed{B}
</think>

Let \( x \) be the value of the infinite nested square root expression \( \sqrt{12 - \sqrt{12 - \sqrt{12 - \cdots}}} \). We can express this as:

\[ x = \sqrt{12 - x} \]

Squaring both sides to eliminate the square root, we get:

\[ x^2 = 12 - x \]

Rearranging this into a standard quadratic equation form, we have:

\[ x^2 + x - 12 = 0 \]

","Using the quadratic formula \( x = \frac{-b \pm \sqrt{b^2 - 4ac}}{2a} \) where \( a = 1 \), \( b = 1 \), and \( c = -12 \), we get:

\[ x = \frac{-1 \pm \sqrt{1^2 - 4 \cdot 1 \cdot (-12)}}{2 \cdot 1} \]
\[ x = \frac{-1 \pm \sqrt{1 + 48}}{2} \]
\[ x = \frac{-1 \pm \sqrt{49}}{2} \]
\[ x = \frac{-1 \pm 7}{2} \]

This gives us two potential solutions:

\[ x = \frac{-1 + 7}{2} = 3 \quad \text{and} \quad x = \frac{-1 - 7}{2} = -4 \]

Since \( x \) must be positive, we discard \( x = -4 \) and accept \( x = 3 \).

To confirm, we check the numerical convergence of the sequence and find it oscillates around 3, confirming the solution is correct.

Thus, the value of the infinite nested radical is \( 3 \), which corresponds to option B.

\[
\boxed{B}
\]"
117,1650,B,20,1.0,"Okay, so I have this problem here: Find the value of the infinite nested square root expression √(12 - √(12 - √(12 - ...))). The options are A) 4, B) 3, C) 2√2, and D) [1 + 3/√11]^2. Hmm, interesting. I remember that these kinds of infinite nested radicals can sometimes be solved by setting them equal to a variable and then solving an equation. Let me try that approach.

Let me denote the entire expression as x. So, x = √(12 - √(12 - √(12 - ...))). But wait, since the expression inside the square root is the same as the entire expression, I can substitute x into itself. That means x = √(12 - x). Is that right? Let me check.

Yes, because the expression under the first square root is 12 minus the same expression, which is x. So, substituting, I get x = √(12 - x). Now, to solve for x, I can square both sides to eliminate the square root. Let's do that.

Squaring both sides: x² = 12 - x. Now, I can rearrange this equation to form a quadratic equation. Let's bring all terms to one side: x² + x - 12 = 0. Okay, so now I have a quadratic equation: x² + x - 12 = 0.

To solve this quadratic equation, I can use the quadratic formula. The quadratic formula is x = [-b ± √(b² - 4ac)] / (2a). In this equation, a = 1, b = 1, and c = -12. Plugging these values into the formula:

x = [-1 ± √(1² - 4*1*(-12))] / (2*1)
x = [-1 ± √(1 + 48)] / 2
x = [-1 ± √49] / 2
x = [-1 ± 7] / 2

So, that gives us two possible solutions: x = (-1 + 7)/2 = 6/2 = 3, and x = (-1 - 7)/2 = -8/2 = -4. But since we're dealing with square roots, the value of x must be positive. So, x = 3 is the valid solution.

Wait, but let me double-check. If x = 3, then plugging back into the original equation: √(12 - 3) = √9 = 3, which is correct. So, x = 3 is indeed the solution.

Looking back at the options, B) 3 is one of them. So, is that the answer? Hmm, but let me make sure I didn't make any mistakes in my reasoning.

I assumed that the entire expression equals x, which is a common technique for infinite nested radicals. Let me verify if that's valid here. The expression is √(12 - √(12 - √(12 - ...))), so each time we take the square root, we subtract the same expression again. So, yes, it's a valid substitution.

Also, when I squared both sides, I got x² = 12 - x, which led me to the quadratic equation. Solving that gave me two roots, but only the positive one was valid in this context. So, that seems correct.

Wait, but let me think again. The expression is √(12 - √(12 - √(12 - ...))). If I start plugging in numbers, does it converge to 3? Let me test it numerically.

Let's compute a few iterations:

First iteration: √12 ≈ 3.464
Second iteration: √(12 - 3.464) ≈ √8.536 ≈ 2.922
Third iteration: √(12 - 2.922) ≈ √9.078 ≈ 3.013
Fourth iteration: √(12 - 3.013) ≈ √8.987 ≈ 2.998
Fifth iteration: √(12 - 2.998) ≈ √9.002 ≈ 3.000

So, it seems to be oscillating around 3, getting closer each time. So, that numerical approach also suggests that the value is 3, which is option B.

But wait, let me check the other options just to be thorough. Option A is 4. If I plug x = 4 into the original equation, √(12 - 4) = √8 ≈ 2.828, which is not equal to 4. So, that's not correct.

Option C is 2√2, which is approximately 2.828. Let's test that: √(12 - 2.828) ≈ √9.172 ≈ 3.028, which is not equal to 2.828. So, that's not correct either.

Option D is [1 + 3/√11]^2. Let me compute that. First, compute 3/√11: √11 is approximately 3.3166, so 3/3.3166 ≈ 0.9045. Then, 1 + 0.9045 ≈ 1.9045. Squaring that gives approximately 3.627. Hmm, that's not 3, so that's not correct either.

So, the only correct answer is B) 3.

But wait, just to make sure, let me think if there's another way this could be approached. Sometimes, with nested radicals, especially infinite ones, there might be more than one solution, but in this case, since we're dealing with square roots, the expression is inherently positive, so the solution must be positive. So, x = 3 is the only valid solution.

Alternatively, I can think about the convergence of the sequence. Let me define a sequence where a₁ = √12, and a_{n+1} = √(12 - a_n). Then, if this sequence converges, its limit would satisfy the equation x = √(12 - x), which is exactly what I did earlier. And as I saw numerically, it converges to 3. So, that's another confirmation.

Therefore, I'm confident that the value of the infinite nested radical is 3, which is option B.

**Final Answer**
\boxed{B}
</think>

Let \( x \) be the value of the infinite nested square root expression \( \sqrt{12 - \sqrt{12 - \sqrt{12 - \cdots}}} \). We can express this as:

\[ x = \sqrt{12 - x} \]

Squaring both sides to eliminate the square root, we get:

\[ x^2 = 12 - x \]

Rearranging this into a standard quadratic equation form, we have:

\[ x^2 + x - 12 = 0 \]

Using the quadratic formula \( x = \frac{-b \pm \sqrt{b^2 - 4ac}}{2a} \) where \( a = 1 \), \( b = 1 \), and \( c = -12 \), we get:

","\[ x = \frac{-1 \pm \sqrt{1^2 - 4 \cdot 1 \cdot (-12)}}{2 \cdot 1} \]
\[ x = \frac{-1 \pm \sqrt{1 + 48}}{2} \]
\[ x = \frac{-1 \pm \sqrt{49}}{2} \]
\[ x = \frac{-1 \pm 7}{2} \]

This gives us two solutions:

\[ x = \frac{-1 + 7}{2} = 3 \]
\[ x = \frac{-1 - 7}{2} = -4 \]

Since \( x \) must be positive, we discard the negative solution. Therefore, the value of the expression is 3.

Thus, the correct answer is:

\[
\boxed{B}
\]"
118,1687,B,20,1.0,"Okay, so I have this problem here: Find the value of the infinite nested square root expression √(12 - √(12 - √(12 - ...))). The options are A) 4, B) 3, C) 2√2, and D) [1 + 3/√11]^2. Hmm, interesting. I remember that these kinds of infinite nested radicals can sometimes be solved by setting them equal to a variable and then solving an equation. Let me try that approach.

Let me denote the entire expression as x. So, x = √(12 - √(12 - √(12 - ...))). But wait, since the expression inside the square root is the same as the entire expression, I can substitute x into itself. That means x = √(12 - x). Is that right? Let me check.

Yes, because the expression under the first square root is 12 minus the same expression, which is x. So, substituting, I get x = √(12 - x). Now, to solve for x, I can square both sides to eliminate the square root. Let's do that.

Squaring both sides: x² = 12 - x. Now, I can rearrange this equation to form a quadratic equation. Let's bring all terms to one side: x² + x - 12 = 0. Okay, so now I have a quadratic equation: x² + x - 12 = 0.

To solve this quadratic equation, I can use the quadratic formula. The quadratic formula is x = [-b ± √(b² - 4ac)] / (2a). In this equation, a = 1, b = 1, and c = -12. Plugging these values into the formula:

x = [-1 ± √(1² - 4*1*(-12))] / (2*1)
x = [-1 ± √(1 + 48)] / 2
x = [-1 ± √49] / 2
x = [-1 ± 7] / 2

So, that gives us two possible solutions: x = (-1 + 7)/2 = 6/2 = 3, and x = (-1 - 7)/2 = -8/2 = -4. But since we're dealing with square roots, the value of x must be positive. So, x = 3 is the valid solution.

Wait, but let me double-check. If x = 3, then plugging back into the original equation: √(12 - 3) = √9 = 3, which is correct. So, x = 3 is indeed the solution.

Looking back at the options, B) 3 is one of them. So, is that the answer? Hmm, but let me make sure I didn't make any mistakes in my reasoning.

I assumed that the entire expression equals x, which is a common technique for infinite nested radicals. Let me verify if that's valid here. The expression is √(12 - √(12 - √(12 - ...))), so each time we take the square root, we subtract the same expression again. So, yes, it's a valid substitution.

Also, when I squared both sides, I got x² = 12 - x, which led me to the quadratic equation. Solving that gave me two roots, but only the positive one was valid in this context. So, that seems correct.

Wait, but let me think again. The expression is √(12 - √(12 - √(12 - ...))). If I start plugging in numbers, does it converge to 3? Let me test it numerically.

Let's compute a few iterations:

First iteration: √12 ≈ 3.464
Second iteration: √(12 - 3.464) ≈ √8.536 ≈ 2.922
Third iteration: √(12 - 2.922) ≈ √9.078 ≈ 3.013
Fourth iteration: √(12 - 3.013) ≈ √8.987 ≈ 2.998
Fifth iteration: √(12 - 2.998) ≈ √9.002 ≈ 3.000

So, it seems to be oscillating around 3, getting closer each time. So, that numerical approach also suggests that the value is 3, which is option B.

But wait, let me check the other options just to be thorough. Option A is 4. If I plug x = 4 into the original equation, √(12 - 4) = √8 ≈ 2.828, which is not equal to 4. So, that's not correct.

Option C is 2√2, which is approximately 2.828. Let's test that: √(12 - 2.828) ≈ √9.172 ≈ 3.028, which is not equal to 2.828. So, that's not correct either.

Option D is [1 + 3/√11]^2. Let me compute that. First, compute 3/√11: √11 is approximately 3.3166, so 3/3.3166 ≈ 0.9045. Then, 1 + 0.9045 ≈ 1.9045. Squaring that gives approximately 3.627. Hmm, that's not 3, so that's not correct either.

So, the only correct answer is B) 3.

But wait, just to make sure, let me think if there's another way this could be approached. Sometimes, with nested radicals, especially infinite ones, there might be more than one solution, but in this case, since we're dealing with square roots, the expression is inherently positive, so the solution must be positive. So, x = 3 is the only valid solution.

Alternatively, I can think about the convergence of the sequence. Let me define a sequence where a₁ = √12, and a_{n+1} = √(12 - a_n). Then, if this sequence converges, its limit would satisfy the equation x = √(12 - x), which is exactly what I did earlier. And as I saw numerically, it converges to 3. So, that's another confirmation.

Therefore, I'm confident that the value of the infinite nested radical is 3, which is option B.

**Final Answer**
\boxed{B}
</think>

Let \( x \) be the value of the infinite nested square root expression \( \sqrt{12 - \sqrt{12 - \sqrt{12 - \cdots}}} \). We can express this as:

\[ x = \sqrt{12 - x} \]

Squaring both sides to eliminate the square root, we get:

\[ x^2 = 12 - x \]

Rearranging this into a standard quadratic equation form, we have:

\[ x^2 + x - 12 = 0 \]

Using the quadratic formula \( x = \frac{-b \pm \sqrt{b^2 - 4ac}}{2a} \) where \( a = 1 \), \( b = 1 \), and \( c = -12 \), we get:

\[ x = \frac{-1 \pm \sqrt{1^2 - 4 \cdot 1 \cdot (-12)}}{2 \cdot 1} \]
","\[ x = \frac{-1 \pm \sqrt{1 + 48}}{2} \]
\[ x = \frac{-1 \pm \sqrt{49}}{2} \]
\[ x = \frac{-1 \pm 7}{2} \]

This gives us two solutions:

\[ x = \frac{-1 + 7}{2} = 3 \]
\[ x = \frac{-1 - 7}{2} = -4 \]

Since \( x \) must be positive, we discard \( x = -4 \). Thus, the valid solution is:

\[ x = 3 \]

To confirm, we check that plugging \( x = 3 \) back into the original equation satisfies it:

\[ \sqrt{12 - 3} = \sqrt{9} = 3 \]

Numerical iterations also show the sequence converges to 3. Therefore, the value of the infinite nested radical is indeed 3.

\[
\boxed{B}
\]"
119,1710,B,20,1.0,"Okay, so I have this problem here: Find the value of the infinite nested square root expression √(12 - √(12 - √(12 - ...))). The options are A) 4, B) 3, C) 2√2, and D) [1 + 3/√11]^2. Hmm, interesting. I remember that these kinds of infinite nested radicals can sometimes be solved by setting them equal to a variable and then solving an equation. Let me try that approach.

Let me denote the entire expression as x. So, x = √(12 - √(12 - √(12 - ...))). But wait, since the expression inside the square root is the same as the entire expression, I can substitute x into itself. That means x = √(12 - x). Is that right? Let me check.

Yes, because the expression under the first square root is 12 minus the same expression, which is x. So, substituting, I get x = √(12 - x). Now, to solve for x, I can square both sides to eliminate the square root. Let's do that.

Squaring both sides: x² = 12 - x. Now, I can rearrange this equation to form a quadratic equation. Let's bring all terms to one side: x² + x - 12 = 0. Okay, so now I have a quadratic equation: x² + x - 12 = 0.

To solve this quadratic equation, I can use the quadratic formula. The quadratic formula is x = [-b ± √(b² - 4ac)] / (2a). In this equation, a = 1, b = 1, and c = -12. Plugging these values into the formula:

x = [-1 ± √(1² - 4*1*(-12))] / (2*1)
x = [-1 ± √(1 + 48)] / 2
x = [-1 ± √49] / 2
x = [-1 ± 7] / 2

So, that gives us two possible solutions: x = (-1 + 7)/2 = 6/2 = 3, and x = (-1 - 7)/2 = -8/2 = -4. But since we're dealing with square roots, the value of x must be positive. So, x = 3 is the valid solution.

Wait, but let me double-check. If x = 3, then plugging back into the original equation: √(12 - 3) = √9 = 3, which is correct. So, x = 3 is indeed the solution.

Looking back at the options, B) 3 is one of them. So, is that the answer? Hmm, but let me make sure I didn't make any mistakes in my reasoning.

I assumed that the entire expression equals x, which is a common technique for infinite nested radicals. Let me verify if that's valid here. The expression is √(12 - √(12 - √(12 - ...))), so each time we take the square root, we subtract the same expression again. So, yes, it's a valid substitution.

Also, when I squared both sides, I got x² = 12 - x, which led me to the quadratic equation. Solving that gave me two roots, but only the positive one was valid in this context. So, that seems correct.

Wait, but let me think again. The expression is √(12 - √(12 - √(12 - ...))). If I start plugging in numbers, does it converge to 3? Let me test it numerically.

Let's compute a few iterations:

First iteration: √12 ≈ 3.464
Second iteration: √(12 - 3.464) ≈ √8.536 ≈ 2.922
Third iteration: √(12 - 2.922) ≈ √9.078 ≈ 3.013
Fourth iteration: √(12 - 3.013) ≈ √8.987 ≈ 2.998
Fifth iteration: √(12 - 2.998) ≈ √9.002 ≈ 3.000

So, it seems to be oscillating around 3, getting closer each time. So, that numerical approach also suggests that the value is 3, which is option B.

But wait, let me check the other options just to be thorough. Option A is 4. If I plug x = 4 into the original equation, √(12 - 4) = √8 ≈ 2.828, which is not equal to 4. So, that's not correct.

Option C is 2√2, which is approximately 2.828. Let's test that: √(12 - 2.828) ≈ √9.172 ≈ 3.028, which is not equal to 2.828. So, that's not correct either.

Option D is [1 + 3/√11]^2. Let me compute that. First, compute 3/√11: √11 is approximately 3.3166, so 3/3.3166 ≈ 0.9045. Then, 1 + 0.9045 ≈ 1.9045. Squaring that gives approximately 3.627. Hmm, that's not 3, so that's not correct either.

So, the only correct answer is B) 3.

But wait, just to make sure, let me think if there's another way this could be approached. Sometimes, with nested radicals, especially infinite ones, there might be more than one solution, but in this case, since we're dealing with square roots, the expression is inherently positive, so the solution must be positive. So, x = 3 is the only valid solution.

Alternatively, I can think about the convergence of the sequence. Let me define a sequence where a₁ = √12, and a_{n+1} = √(12 - a_n). Then, if this sequence converges, its limit would satisfy the equation x = √(12 - x), which is exactly what I did earlier. And as I saw numerically, it converges to 3. So, that's another confirmation.

Therefore, I'm confident that the value of the infinite nested radical is 3, which is option B.

**Final Answer**
\boxed{B}
</think>

Let \( x \) be the value of the infinite nested square root expression \( \sqrt{12 - \sqrt{12 - \sqrt{12 - \cdots}}} \). We can express this as:

\[ x = \sqrt{12 - x} \]

Squaring both sides to eliminate the square root, we get:

\[ x^2 = 12 - x \]

Rearranging this into a standard quadratic equation form, we have:

\[ x^2 + x - 12 = 0 \]

Using the quadratic formula \( x = \frac{-b \pm \sqrt{b^2 - 4ac}}{2a} \) where \( a = 1 \), \( b = 1 \), and \( c = -12 \), we get:

\[ x = \frac{-1 \pm \sqrt{1^2 - 4 \cdot 1 \cdot (-12)}}{2 \cdot 1} \]
\[ x = \frac{-1 \pm \sqrt{1 + 48}}{2} \]
","\[ x = \frac{-1 \pm 7}{2} \]

This gives us two solutions:

\[ x = \frac{-1 + 7}{2} = 3 \]
\[ x = \frac{-1 - 7}{2} = -4 \]

Since \( x \) must be positive, we discard the negative solution. Therefore, \( x = 3 \).

To verify, we substitute \( x = 3 \) back into the original equation:

\[ \sqrt{12 - 3} = \sqrt{9} = 3 \]

This confirms that \( x = 3 \) is correct. The numerical approach also supports this result, as the sequence converges to 3.

Thus, the value of the infinite nested square root is \( 3 \), which corresponds to option B.

\[
\boxed{B}
\]"
120,1730,B,20,1.0,"Okay, so I have this problem here: Find the value of the infinite nested square root expression √(12 - √(12 - √(12 - ...))). The options are A) 4, B) 3, C) 2√2, and D) [1 + 3/√11]^2. Hmm, interesting. I remember that these kinds of infinite nested radicals can sometimes be solved by setting them equal to a variable and then solving an equation. Let me try that approach.

Let me denote the entire expression as x. So, x = √(12 - √(12 - √(12 - ...))). But wait, since the expression inside the square root is the same as the entire expression, I can substitute x into itself. That means x = √(12 - x). Is that right? Let me check.

Yes, because the expression under the first square root is 12 minus the same expression, which is x. So, substituting, I get x = √(12 - x). Now, to solve for x, I can square both sides to eliminate the square root. Let's do that.

Squaring both sides: x² = 12 - x. Now, I can rearrange this equation to form a quadratic equation. Let's bring all terms to one side: x² + x - 12 = 0. Okay, so now I have a quadratic equation: x² + x - 12 = 0.

To solve this quadratic equation, I can use the quadratic formula. The quadratic formula is x = [-b ± √(b² - 4ac)] / (2a). In this equation, a = 1, b = 1, and c = -12. Plugging these values into the formula:

x = [-1 ± √(1² - 4*1*(-12))] / (2*1)
x = [-1 ± √(1 + 48)] / 2
x = [-1 ± √49] / 2
x = [-1 ± 7] / 2

So, that gives us two possible solutions: x = (-1 + 7)/2 = 6/2 = 3, and x = (-1 - 7)/2 = -8/2 = -4. But since we're dealing with square roots, the value of x must be positive. So, x = 3 is the valid solution.

Wait, but let me double-check. If x = 3, then plugging back into the original equation: √(12 - 3) = √9 = 3, which is correct. So, x = 3 is indeed the solution.

Looking back at the options, B) 3 is one of them. So, is that the answer? Hmm, but let me make sure I didn't make any mistakes in my reasoning.

I assumed that the entire expression equals x, which is a common technique for infinite nested radicals. Let me verify if that's valid here. The expression is √(12 - √(12 - √(12 - ...))), so each time we take the square root, we subtract the same expression again. So, yes, it's a valid substitution.

Also, when I squared both sides, I got x² = 12 - x, which led me to the quadratic equation. Solving that gave me two roots, but only the positive one was valid in this context. So, that seems correct.

Wait, but let me think again. The expression is √(12 - √(12 - √(12 - ...))). If I start plugging in numbers, does it converge to 3? Let me test it numerically.

Let's compute a few iterations:

First iteration: √12 ≈ 3.464
Second iteration: √(12 - 3.464) ≈ √8.536 ≈ 2.922
Third iteration: √(12 - 2.922) ≈ √9.078 ≈ 3.013
Fourth iteration: √(12 - 3.013) ≈ √8.987 ≈ 2.998
Fifth iteration: √(12 - 2.998) ≈ √9.002 ≈ 3.000

So, it seems to be oscillating around 3, getting closer each time. So, that numerical approach also suggests that the value is 3, which is option B.

But wait, let me check the other options just to be thorough. Option A is 4. If I plug x = 4 into the original equation, √(12 - 4) = √8 ≈ 2.828, which is not equal to 4. So, that's not correct.

Option C is 2√2, which is approximately 2.828. Let's test that: √(12 - 2.828) ≈ √9.172 ≈ 3.028, which is not equal to 2.828. So, that's not correct either.

Option D is [1 + 3/√11]^2. Let me compute that. First, compute 3/√11: √11 is approximately 3.3166, so 3/3.3166 ≈ 0.9045. Then, 1 + 0.9045 ≈ 1.9045. Squaring that gives approximately 3.627. Hmm, that's not 3, so that's not correct either.

So, the only correct answer is B) 3.

But wait, just to make sure, let me think if there's another way this could be approached. Sometimes, with nested radicals, especially infinite ones, there might be more than one solution, but in this case, since we're dealing with square roots, the expression is inherently positive, so the solution must be positive. So, x = 3 is the only valid solution.

Alternatively, I can think about the convergence of the sequence. Let me define a sequence where a₁ = √12, and a_{n+1} = √(12 - a_n). Then, if this sequence converges, its limit would satisfy the equation x = √(12 - x), which is exactly what I did earlier. And as I saw numerically, it converges to 3. So, that's another confirmation.

Therefore, I'm confident that the value of the infinite nested radical is 3, which is option B.

**Final Answer**
\boxed{B}
</think>

Let \( x \) be the value of the infinite nested square root expression \( \sqrt{12 - \sqrt{12 - \sqrt{12 - \cdots}}} \). We can express this as:

\[ x = \sqrt{12 - x} \]

Squaring both sides to eliminate the square root, we get:

\[ x^2 = 12 - x \]

Rearranging this into a standard quadratic equation form, we have:

\[ x^2 + x - 12 = 0 \]

Using the quadratic formula \( x = \frac{-b \pm \sqrt{b^2 - 4ac}}{2a} \) where \( a = 1 \), \( b = 1 \), and \( c = -12 \), we get:

\[ x = \frac{-1 \pm \sqrt{1^2 - 4 \cdot 1 \cdot (-12)}}{2 \cdot 1} \]
\[ x = \frac{-1 \pm \sqrt{1 + 48}}{2} \]
\[ x = \frac{-1 \pm \sqrt{49}}{2} \]
","\[ x = \frac{-1 \pm 7}{2} \]

This gives us two solutions: 

\[ x = \frac{-1 + 7}{2} = 3 \]
\[ x = \frac{-1 - 7}{2} = -4 \]

Since \( x \) must be positive, we discard \( x = -4 \). Thus, the value of the expression is 3.

To verify, we can test the numerical approach and find that the sequence converges to 3. Therefore, the value is confirmed to be 3.

The final answer is \(\boxed{B}\)."
121,1746,B,20,1.0,"Okay, so I have this problem here: Find the value of the infinite nested square root expression √(12 - √(12 - √(12 - ...))). The options are A) 4, B) 3, C) 2√2, and D) [1 + 3/√11]^2. Hmm, interesting. I remember that these kinds of infinite nested radicals can sometimes be solved by setting them equal to a variable and then solving an equation. Let me try that approach.

Let me denote the entire expression as x. So, x = √(12 - √(12 - √(12 - ...))). But wait, since the expression inside the square root is the same as the entire expression, I can substitute x into itself. That means x = √(12 - x). Is that right? Let me check.

Yes, because the expression under the first square root is 12 minus the same expression, which is x. So, substituting, I get x = √(12 - x). Now, to solve for x, I can square both sides to eliminate the square root. Let's do that.

Squaring both sides: x² = 12 - x. Now, I can rearrange this equation to form a quadratic equation. Let's bring all terms to one side: x² + x - 12 = 0. Okay, so now I have a quadratic equation: x² + x - 12 = 0.

To solve this quadratic equation, I can use the quadratic formula. The quadratic formula is x = [-b ± √(b² - 4ac)] / (2a). In this equation, a = 1, b = 1, and c = -12. Plugging these values into the formula:

x = [-1 ± √(1² - 4*1*(-12))] / (2*1)
x = [-1 ± √(1 + 48)] / 2
x = [-1 ± √49] / 2
x = [-1 ± 7] / 2

So, that gives us two possible solutions: x = (-1 + 7)/2 = 6/2 = 3, and x = (-1 - 7)/2 = -8/2 = -4. But since we're dealing with square roots, the value of x must be positive. So, x = 3 is the valid solution.

Wait, but let me double-check. If x = 3, then plugging back into the original equation: √(12 - 3) = √9 = 3, which is correct. So, x = 3 is indeed the solution.

Looking back at the options, B) 3 is one of them. So, is that the answer? Hmm, but let me make sure I didn't make any mistakes in my reasoning.

I assumed that the entire expression equals x, which is a common technique for infinite nested radicals. Let me verify if that's valid here. The expression is √(12 - √(12 - √(12 - ...))), so each time we take the square root, we subtract the same expression again. So, yes, it's a valid substitution.

Also, when I squared both sides, I got x² = 12 - x, which led me to the quadratic equation. Solving that gave me two roots, but only the positive one was valid in this context. So, that seems correct.

Wait, but let me think again. The expression is √(12 - √(12 - √(12 - ...))). If I start plugging in numbers, does it converge to 3? Let me test it numerically.

Let's compute a few iterations:

First iteration: √12 ≈ 3.464
Second iteration: √(12 - 3.464) ≈ √8.536 ≈ 2.922
Third iteration: √(12 - 2.922) ≈ √9.078 ≈ 3.013
Fourth iteration: √(12 - 3.013) ≈ √8.987 ≈ 2.998
Fifth iteration: √(12 - 2.998) ≈ √9.002 ≈ 3.000

So, it seems to be oscillating around 3, getting closer each time. So, that numerical approach also suggests that the value is 3, which is option B.

But wait, let me check the other options just to be thorough. Option A is 4. If I plug x = 4 into the original equation, √(12 - 4) = √8 ≈ 2.828, which is not equal to 4. So, that's not correct.

Option C is 2√2, which is approximately 2.828. Let's test that: √(12 - 2.828) ≈ √9.172 ≈ 3.028, which is not equal to 2.828. So, that's not correct either.

Option D is [1 + 3/√11]^2. Let me compute that. First, compute 3/√11: √11 is approximately 3.3166, so 3/3.3166 ≈ 0.9045. Then, 1 + 0.9045 ≈ 1.9045. Squaring that gives approximately 3.627. Hmm, that's not 3, so that's not correct either.

So, the only correct answer is B) 3.

But wait, just to make sure, let me think if there's another way this could be approached. Sometimes, with nested radicals, especially infinite ones, there might be more than one solution, but in this case, since we're dealing with square roots, the expression is inherently positive, so the solution must be positive. So, x = 3 is the only valid solution.

Alternatively, I can think about the convergence of the sequence. Let me define a sequence where a₁ = √12, and a_{n+1} = √(12 - a_n). Then, if this sequence converges, its limit would satisfy the equation x = √(12 - x), which is exactly what I did earlier. And as I saw numerically, it converges to 3. So, that's another confirmation.

Therefore, I'm confident that the value of the infinite nested radical is 3, which is option B.

**Final Answer**
\boxed{B}
</think>

Let \( x \) be the value of the infinite nested square root expression \( \sqrt{12 - \sqrt{12 - \sqrt{12 - \cdots}}} \). We can express this as:

\[ x = \sqrt{12 - x} \]

Squaring both sides to eliminate the square root, we get:

\[ x^2 = 12 - x \]

Rearranging this into a standard quadratic equation form, we have:

\[ x^2 + x - 12 = 0 \]

Using the quadratic formula \( x = \frac{-b \pm \sqrt{b^2 - 4ac}}{2a} \) where \( a = 1 \), \( b = 1 \), and \( c = -12 \), we get:

\[ x = \frac{-1 \pm \sqrt{1^2 - 4 \cdot 1 \cdot (-12)}}{2 \cdot 1} \]
\[ x = \frac{-1 \pm \sqrt{1 + 48}}{2} \]
\[ x = \frac{-1 \pm \sqrt{49}}{2} \]
\[ x = \frac{-1 \pm 7}{2} \]

","This gives us two solutions:

\[ x = \frac{-1 + 7}{2} = 3 \]
\[ x = \frac{-1 - 7}{2} = -4 \]

Since \( x \) must be positive, we discard the negative solution. Thus, \( x = 3 \).

To confirm, we test the numerical value and find that the sequence converges to 3. Therefore, the value of the infinite nested radical is:

\[
\boxed{B}
\]"
122,1752,B,20,1.0,"Okay, so I have this problem here: Find the value of the infinite nested square root expression √(12 - √(12 - √(12 - ...))). The options are A) 4, B) 3, C) 2√2, and D) [1 + 3/√11]^2. Hmm, interesting. I remember that these kinds of infinite nested radicals can sometimes be solved by setting them equal to a variable and then solving an equation. Let me try that approach.

Let me denote the entire expression as x. So, x = √(12 - √(12 - √(12 - ...))). But wait, since the expression inside the square root is the same as the entire expression, I can substitute x into itself. That means x = √(12 - x). Is that right? Let me check.

Yes, because the expression under the first square root is 12 minus the same expression, which is x. So, substituting, I get x = √(12 - x). Now, to solve for x, I can square both sides to eliminate the square root. Let's do that.

Squaring both sides: x² = 12 - x. Now, I can rearrange this equation to form a quadratic equation. Let's bring all terms to one side: x² + x - 12 = 0. Okay, so now I have a quadratic equation: x² + x - 12 = 0.

To solve this quadratic equation, I can use the quadratic formula. The quadratic formula is x = [-b ± √(b² - 4ac)] / (2a). In this equation, a = 1, b = 1, and c = -12. Plugging these values into the formula:

x = [-1 ± √(1² - 4*1*(-12))] / (2*1)
x = [-1 ± √(1 + 48)] / 2
x = [-1 ± √49] / 2
x = [-1 ± 7] / 2

So, that gives us two possible solutions: x = (-1 + 7)/2 = 6/2 = 3, and x = (-1 - 7)/2 = -8/2 = -4. But since we're dealing with square roots, the value of x must be positive. So, x = 3 is the valid solution.

Wait, but let me double-check. If x = 3, then plugging back into the original equation: √(12 - 3) = √9 = 3, which is correct. So, x = 3 is indeed the solution.

Looking back at the options, B) 3 is one of them. So, is that the answer? Hmm, but let me make sure I didn't make any mistakes in my reasoning.

I assumed that the entire expression equals x, which is a common technique for infinite nested radicals. Let me verify if that's valid here. The expression is √(12 - √(12 - √(12 - ...))), so each time we take the square root, we subtract the same expression again. So, yes, it's a valid substitution.

Also, when I squared both sides, I got x² = 12 - x, which led me to the quadratic equation. Solving that gave me two roots, but only the positive one was valid in this context. So, that seems correct.

Wait, but let me think again. The expression is √(12 - √(12 - √(12 - ...))). If I start plugging in numbers, does it converge to 3? Let me test it numerically.

Let's compute a few iterations:

First iteration: √12 ≈ 3.464
Second iteration: √(12 - 3.464) ≈ √8.536 ≈ 2.922
Third iteration: √(12 - 2.922) ≈ √9.078 ≈ 3.013
Fourth iteration: √(12 - 3.013) ≈ √8.987 ≈ 2.998
Fifth iteration: √(12 - 2.998) ≈ √9.002 ≈ 3.000

So, it seems to be oscillating around 3, getting closer each time. So, that numerical approach also suggests that the value is 3, which is option B.

But wait, let me check the other options just to be thorough. Option A is 4. If I plug x = 4 into the original equation, √(12 - 4) = √8 ≈ 2.828, which is not equal to 4. So, that's not correct.

Option C is 2√2, which is approximately 2.828. Let's test that: √(12 - 2.828) ≈ √9.172 ≈ 3.028, which is not equal to 2.828. So, that's not correct either.

Option D is [1 + 3/√11]^2. Let me compute that. First, compute 3/√11: √11 is approximately 3.3166, so 3/3.3166 ≈ 0.9045. Then, 1 + 0.9045 ≈ 1.9045. Squaring that gives approximately 3.627. Hmm, that's not 3, so that's not correct either.

So, the only correct answer is B) 3.

But wait, just to make sure, let me think if there's another way this could be approached. Sometimes, with nested radicals, especially infinite ones, there might be more than one solution, but in this case, since we're dealing with square roots, the expression is inherently positive, so the solution must be positive. So, x = 3 is the only valid solution.

Alternatively, I can think about the convergence of the sequence. Let me define a sequence where a₁ = √12, and a_{n+1} = √(12 - a_n). Then, if this sequence converges, its limit would satisfy the equation x = √(12 - x), which is exactly what I did earlier. And as I saw numerically, it converges to 3. So, that's another confirmation.

Therefore, I'm confident that the value of the infinite nested radical is 3, which is option B.

**Final Answer**
\boxed{B}
</think>

Let \( x \) be the value of the infinite nested square root expression \( \sqrt{12 - \sqrt{12 - \sqrt{12 - \cdots}}} \). We can express this as:

\[ x = \sqrt{12 - x} \]

Squaring both sides to eliminate the square root, we get:

\[ x^2 = 12 - x \]

Rearranging this into a standard quadratic equation form, we have:

\[ x^2 + x - 12 = 0 \]

Using the quadratic formula \( x = \frac{-b \pm \sqrt{b^2 - 4ac}}{2a} \) where \( a = 1 \), \( b = 1 \), and \( c = -12 \), we get:

\[ x = \frac{-1 \pm \sqrt{1^2 - 4 \cdot 1 \cdot (-12)}}{2 \cdot 1} \]
\[ x = \frac{-1 \pm \sqrt{1 + 48}}{2} \]
\[ x = \frac{-1 \pm \sqrt{49}}{2} \]
\[ x = \frac{-1 \pm 7}{2} \]

This gives us two solutions:

","\[ x = \frac{-1 + 7}{2} = 3 \]
\[ x = \frac{-1 - 7}{2} = -4 \]

Since \( x \) must be positive, we discard \( x = -4 \). Thus, the valid solution is \( x = 3 \).

Numerical verification shows that the sequence converges to 3, confirming our solution.

Therefore, the value of the infinite nested square root expression is \(\boxed{B}\)."
123,1770,B,20,1.0,"Okay, so I have this problem here: Find the value of the infinite nested square root expression √(12 - √(12 - √(12 - ...))). The options are A) 4, B) 3, C) 2√2, and D) [1 + 3/√11]^2. Hmm, interesting. I remember that these kinds of infinite nested radicals can sometimes be solved by setting them equal to a variable and then solving an equation. Let me try that approach.

Let me denote the entire expression as x. So, x = √(12 - √(12 - √(12 - ...))). But wait, since the expression inside the square root is the same as the entire expression, I can substitute x into itself. That means x = √(12 - x). Is that right? Let me check.

Yes, because the expression under the first square root is 12 minus the same expression, which is x. So, substituting, I get x = √(12 - x). Now, to solve for x, I can square both sides to eliminate the square root. Let's do that.

Squaring both sides: x² = 12 - x. Now, I can rearrange this equation to form a quadratic equation. Let's bring all terms to one side: x² + x - 12 = 0. Okay, so now I have a quadratic equation: x² + x - 12 = 0.

To solve this quadratic equation, I can use the quadratic formula. The quadratic formula is x = [-b ± √(b² - 4ac)] / (2a). In this equation, a = 1, b = 1, and c = -12. Plugging these values into the formula:

x = [-1 ± √(1² - 4*1*(-12))] / (2*1)
x = [-1 ± √(1 + 48)] / 2
x = [-1 ± √49] / 2
x = [-1 ± 7] / 2

So, that gives us two possible solutions: x = (-1 + 7)/2 = 6/2 = 3, and x = (-1 - 7)/2 = -8/2 = -4. But since we're dealing with square roots, the value of x must be positive. So, x = 3 is the valid solution.

Wait, but let me double-check. If x = 3, then plugging back into the original equation: √(12 - 3) = √9 = 3, which is correct. So, x = 3 is indeed the solution.

Looking back at the options, B) 3 is one of them. So, is that the answer? Hmm, but let me make sure I didn't make any mistakes in my reasoning.

I assumed that the entire expression equals x, which is a common technique for infinite nested radicals. Let me verify if that's valid here. The expression is √(12 - √(12 - √(12 - ...))), so each time we take the square root, we subtract the same expression again. So, yes, it's a valid substitution.

Also, when I squared both sides, I got x² = 12 - x, which led me to the quadratic equation. Solving that gave me two roots, but only the positive one was valid in this context. So, that seems correct.

Wait, but let me think again. The expression is √(12 - √(12 - √(12 - ...))). If I start plugging in numbers, does it converge to 3? Let me test it numerically.

Let's compute a few iterations:

First iteration: √12 ≈ 3.464
Second iteration: √(12 - 3.464) ≈ √8.536 ≈ 2.922
Third iteration: √(12 - 2.922) ≈ √9.078 ≈ 3.013
Fourth iteration: √(12 - 3.013) ≈ √8.987 ≈ 2.998
Fifth iteration: √(12 - 2.998) ≈ √9.002 ≈ 3.000

So, it seems to be oscillating around 3, getting closer each time. So, that numerical approach also suggests that the value is 3, which is option B.

But wait, let me check the other options just to be thorough. Option A is 4. If I plug x = 4 into the original equation, √(12 - 4) = √8 ≈ 2.828, which is not equal to 4. So, that's not correct.

Option C is 2√2, which is approximately 2.828. Let's test that: √(12 - 2.828) ≈ √9.172 ≈ 3.028, which is not equal to 2.828. So, that's not correct either.

Option D is [1 + 3/√11]^2. Let me compute that. First, compute 3/√11: √11 is approximately 3.3166, so 3/3.3166 ≈ 0.9045. Then, 1 + 0.9045 ≈ 1.9045. Squaring that gives approximately 3.627. Hmm, that's not 3, so that's not correct either.

So, the only correct answer is B) 3.

But wait, just to make sure, let me think if there's another way this could be approached. Sometimes, with nested radicals, especially infinite ones, there might be more than one solution, but in this case, since we're dealing with square roots, the expression is inherently positive, so the solution must be positive. So, x = 3 is the only valid solution.

Alternatively, I can think about the convergence of the sequence. Let me define a sequence where a₁ = √12, and a_{n+1} = √(12 - a_n). Then, if this sequence converges, its limit would satisfy the equation x = √(12 - x), which is exactly what I did earlier. And as I saw numerically, it converges to 3. So, that's another confirmation.

Therefore, I'm confident that the value of the infinite nested radical is 3, which is option B.

**Final Answer**
\boxed{B}
</think>

Let \( x \) be the value of the infinite nested square root expression \( \sqrt{12 - \sqrt{12 - \sqrt{12 - \cdots}}} \). We can express this as:

\[ x = \sqrt{12 - x} \]

Squaring both sides to eliminate the square root, we get:

\[ x^2 = 12 - x \]

Rearranging this into a standard quadratic equation form, we have:

\[ x^2 + x - 12 = 0 \]

Using the quadratic formula \( x = \frac{-b \pm \sqrt{b^2 - 4ac}}{2a} \) where \( a = 1 \), \( b = 1 \), and \( c = -12 \), we get:

\[ x = \frac{-1 \pm \sqrt{1^2 - 4 \cdot 1 \cdot (-12)}}{2 \cdot 1} \]
\[ x = \frac{-1 \pm \sqrt{1 + 48}}{2} \]
\[ x = \frac{-1 \pm \sqrt{49}}{2} \]
\[ x = \frac{-1 \pm 7}{2} \]

This gives us two solutions:

\[ x = \frac{-1 + 7}{2} = 3 \]
","\[ x = \frac{-1 - 7}{2} = -4 \]

Since the value of \( x \) must be positive, we discard the negative solution. Thus, \( x = 3 \).

To verify, we check the numerical iterations of the sequence, which oscillate around 3 and confirm that it converges to 3. Therefore, the value of the infinite nested radical is indeed 3.

The correct answer is \(\boxed{B}\)."
124,1788,B,20,1.0,"Okay, so I have this problem here: Find the value of the infinite nested square root expression √(12 - √(12 - √(12 - ...))). The options are A) 4, B) 3, C) 2√2, and D) [1 + 3/√11]^2. Hmm, interesting. I remember that these kinds of infinite nested radicals can sometimes be solved by setting them equal to a variable and then solving an equation. Let me try that approach.

Let me denote the entire expression as x. So, x = √(12 - √(12 - √(12 - ...))). But wait, since the expression inside the square root is the same as the entire expression, I can substitute x into itself. That means x = √(12 - x). Is that right? Let me check.

Yes, because the expression under the first square root is 12 minus the same expression, which is x. So, substituting, I get x = √(12 - x). Now, to solve for x, I can square both sides to eliminate the square root. Let's do that.

Squaring both sides: x² = 12 - x. Now, I can rearrange this equation to form a quadratic equation. Let's bring all terms to one side: x² + x - 12 = 0. Okay, so now I have a quadratic equation: x² + x - 12 = 0.

To solve this quadratic equation, I can use the quadratic formula. The quadratic formula is x = [-b ± √(b² - 4ac)] / (2a). In this equation, a = 1, b = 1, and c = -12. Plugging these values into the formula:

x = [-1 ± √(1² - 4*1*(-12))] / (2*1)
x = [-1 ± √(1 + 48)] / 2
x = [-1 ± √49] / 2
x = [-1 ± 7] / 2

So, that gives us two possible solutions: x = (-1 + 7)/2 = 6/2 = 3, and x = (-1 - 7)/2 = -8/2 = -4. But since we're dealing with square roots, the value of x must be positive. So, x = 3 is the valid solution.

Wait, but let me double-check. If x = 3, then plugging back into the original equation: √(12 - 3) = √9 = 3, which is correct. So, x = 3 is indeed the solution.

Looking back at the options, B) 3 is one of them. So, is that the answer? Hmm, but let me make sure I didn't make any mistakes in my reasoning.

I assumed that the entire expression equals x, which is a common technique for infinite nested radicals. Let me verify if that's valid here. The expression is √(12 - √(12 - √(12 - ...))), so each time we take the square root, we subtract the same expression again. So, yes, it's a valid substitution.

Also, when I squared both sides, I got x² = 12 - x, which led me to the quadratic equation. Solving that gave me two roots, but only the positive one was valid in this context. So, that seems correct.

Wait, but let me think again. The expression is √(12 - √(12 - √(12 - ...))). If I start plugging in numbers, does it converge to 3? Let me test it numerically.

Let's compute a few iterations:

First iteration: √12 ≈ 3.464
Second iteration: √(12 - 3.464) ≈ √8.536 ≈ 2.922
Third iteration: √(12 - 2.922) ≈ √9.078 ≈ 3.013
Fourth iteration: √(12 - 3.013) ≈ √8.987 ≈ 2.998
Fifth iteration: √(12 - 2.998) ≈ √9.002 ≈ 3.000

So, it seems to be oscillating around 3, getting closer each time. So, that numerical approach also suggests that the value is 3, which is option B.

But wait, let me check the other options just to be thorough. Option A is 4. If I plug x = 4 into the original equation, √(12 - 4) = √8 ≈ 2.828, which is not equal to 4. So, that's not correct.

Option C is 2√2, which is approximately 2.828. Let's test that: √(12 - 2.828) ≈ √9.172 ≈ 3.028, which is not equal to 2.828. So, that's not correct either.

Option D is [1 + 3/√11]^2. Let me compute that. First, compute 3/√11: √11 is approximately 3.3166, so 3/3.3166 ≈ 0.9045. Then, 1 + 0.9045 ≈ 1.9045. Squaring that gives approximately 3.627. Hmm, that's not 3, so that's not correct either.

So, the only correct answer is B) 3.

But wait, just to make sure, let me think if there's another way this could be approached. Sometimes, with nested radicals, especially infinite ones, there might be more than one solution, but in this case, since we're dealing with square roots, the expression is inherently positive, so the solution must be positive. So, x = 3 is the only valid solution.

Alternatively, I can think about the convergence of the sequence. Let me define a sequence where a₁ = √12, and a_{n+1} = √(12 - a_n). Then, if this sequence converges, its limit would satisfy the equation x = √(12 - x), which is exactly what I did earlier. And as I saw numerically, it converges to 3. So, that's another confirmation.

Therefore, I'm confident that the value of the infinite nested radical is 3, which is option B.

**Final Answer**
\boxed{B}
</think>

Let \( x \) be the value of the infinite nested square root expression \( \sqrt{12 - \sqrt{12 - \sqrt{12 - \cdots}}} \). We can express this as:

\[ x = \sqrt{12 - x} \]

Squaring both sides to eliminate the square root, we get:

\[ x^2 = 12 - x \]

Rearranging this into a standard quadratic equation form, we have:

\[ x^2 + x - 12 = 0 \]

Using the quadratic formula \( x = \frac{-b \pm \sqrt{b^2 - 4ac}}{2a} \) where \( a = 1 \), \( b = 1 \), and \( c = -12 \), we get:

\[ x = \frac{-1 \pm \sqrt{1^2 - 4 \cdot 1 \cdot (-12)}}{2 \cdot 1} \]
\[ x = \frac{-1 \pm \sqrt{1 + 48}}{2} \]
\[ x = \frac{-1 \pm \sqrt{49}}{2} \]
\[ x = \frac{-1 \pm 7}{2} \]

This gives us two solutions:

\[ x = \frac{-1 + 7}{2} = 3 \]
\[ x = \frac{-1 - 7}{2} = -4 \]

","Since \( x \) must be positive, we discard the negative solution. Thus, \( x = 3 \).

To verify, we substitute \( x = 3 \) back into the original equation and find that it holds true. Additionally, numerical iterations confirm that the sequence converges to 3.

Therefore, the value of the infinite nested square root is:

\[
\boxed{B}
\]"
125,1803,B,20,1.0,"Okay, so I have this problem here: Find the value of the infinite nested square root expression √(12 - √(12 - √(12 - ...))). The options are A) 4, B) 3, C) 2√2, and D) [1 + 3/√11]^2. Hmm, interesting. I remember that these kinds of infinite nested radicals can sometimes be solved by setting them equal to a variable and then solving an equation. Let me try that approach.

Let me denote the entire expression as x. So, x = √(12 - √(12 - √(12 - ...))). But wait, since the expression inside the square root is the same as the entire expression, I can substitute x into itself. That means x = √(12 - x). Is that right? Let me check.

Yes, because the expression under the first square root is 12 minus the same expression, which is x. So, substituting, I get x = √(12 - x). Now, to solve for x, I can square both sides to eliminate the square root. Let's do that.

Squaring both sides: x² = 12 - x. Now, I can rearrange this equation to form a quadratic equation. Let's bring all terms to one side: x² + x - 12 = 0. Okay, so now I have a quadratic equation: x² + x - 12 = 0.

To solve this quadratic equation, I can use the quadratic formula. The quadratic formula is x = [-b ± √(b² - 4ac)] / (2a). In this equation, a = 1, b = 1, and c = -12. Plugging these values into the formula:

x = [-1 ± √(1² - 4*1*(-12))] / (2*1)
x = [-1 ± √(1 + 48)] / 2
x = [-1 ± √49] / 2
x = [-1 ± 7] / 2

So, that gives us two possible solutions: x = (-1 + 7)/2 = 6/2 = 3, and x = (-1 - 7)/2 = -8/2 = -4. But since we're dealing with square roots, the value of x must be positive. So, x = 3 is the valid solution.

Wait, but let me double-check. If x = 3, then plugging back into the original equation: √(12 - 3) = √9 = 3, which is correct. So, x = 3 is indeed the solution.

Looking back at the options, B) 3 is one of them. So, is that the answer? Hmm, but let me make sure I didn't make any mistakes in my reasoning.

I assumed that the entire expression equals x, which is a common technique for infinite nested radicals. Let me verify if that's valid here. The expression is √(12 - √(12 - √(12 - ...))), so each time we take the square root, we subtract the same expression again. So, yes, it's a valid substitution.

Also, when I squared both sides, I got x² = 12 - x, which led me to the quadratic equation. Solving that gave me two roots, but only the positive one was valid in this context. So, that seems correct.

Wait, but let me think again. The expression is √(12 - √(12 - √(12 - ...))). If I start plugging in numbers, does it converge to 3? Let me test it numerically.

Let's compute a few iterations:

First iteration: √12 ≈ 3.464
Second iteration: √(12 - 3.464) ≈ √8.536 ≈ 2.922
Third iteration: √(12 - 2.922) ≈ √9.078 ≈ 3.013
Fourth iteration: √(12 - 3.013) ≈ √8.987 ≈ 2.998
Fifth iteration: √(12 - 2.998) ≈ √9.002 ≈ 3.000

So, it seems to be oscillating around 3, getting closer each time. So, that numerical approach also suggests that the value is 3, which is option B.

But wait, let me check the other options just to be thorough. Option A is 4. If I plug x = 4 into the original equation, √(12 - 4) = √8 ≈ 2.828, which is not equal to 4. So, that's not correct.

Option C is 2√2, which is approximately 2.828. Let's test that: √(12 - 2.828) ≈ √9.172 ≈ 3.028, which is not equal to 2.828. So, that's not correct either.

Option D is [1 + 3/√11]^2. Let me compute that. First, compute 3/√11: √11 is approximately 3.3166, so 3/3.3166 ≈ 0.9045. Then, 1 + 0.9045 ≈ 1.9045. Squaring that gives approximately 3.627. Hmm, that's not 3, so that's not correct either.

So, the only correct answer is B) 3.

But wait, just to make sure, let me think if there's another way this could be approached. Sometimes, with nested radicals, especially infinite ones, there might be more than one solution, but in this case, since we're dealing with square roots, the expression is inherently positive, so the solution must be positive. So, x = 3 is the only valid solution.

Alternatively, I can think about the convergence of the sequence. Let me define a sequence where a₁ = √12, and a_{n+1} = √(12 - a_n). Then, if this sequence converges, its limit would satisfy the equation x = √(12 - x), which is exactly what I did earlier. And as I saw numerically, it converges to 3. So, that's another confirmation.

Therefore, I'm confident that the value of the infinite nested radical is 3, which is option B.

**Final Answer**
\boxed{B}
</think>

Let \( x \) be the value of the infinite nested square root expression \( \sqrt{12 - \sqrt{12 - \sqrt{12 - \cdots}}} \). We can express this as:

\[ x = \sqrt{12 - x} \]

Squaring both sides to eliminate the square root, we get:

\[ x^2 = 12 - x \]

Rearranging this into a standard quadratic equation form, we have:

\[ x^2 + x - 12 = 0 \]

Using the quadratic formula \( x = \frac{-b \pm \sqrt{b^2 - 4ac}}{2a} \) where \( a = 1 \), \( b = 1 \), and \( c = -12 \), we get:

\[ x = \frac{-1 \pm \sqrt{1^2 - 4 \cdot 1 \cdot (-12)}}{2 \cdot 1} \]
\[ x = \frac{-1 \pm \sqrt{1 + 48}}{2} \]
\[ x = \frac{-1 \pm \sqrt{49}}{2} \]
\[ x = \frac{-1 \pm 7}{2} \]

This gives us two solutions:

\[ x = \frac{-1 + 7}{2} = 3 \]
\[ x = \frac{-1 - 7}{2} = -4 \]

Since \( x \) must be positive, we discard the negative solution."," Thus, \( x = 3 \).

To verify, substituting \( x = 3 \) back into the original equation confirms it is correct. Numerical iterations also show the sequence converges to 3.

Thus, the value of the infinite nested radical is \( 3 \), which corresponds to option B.

\[
\boxed{B}
\]"
126,1812,B,20,1.0,"Okay, so I have this problem here: Find the value of the infinite nested square root expression √(12 - √(12 - √(12 - ...))). The options are A) 4, B) 3, C) 2√2, and D) [1 + 3/√11]^2. Hmm, interesting. I remember that these kinds of infinite nested radicals can sometimes be solved by setting them equal to a variable and then solving an equation. Let me try that approach.

Let me denote the entire expression as x. So, x = √(12 - √(12 - √(12 - ...))). But wait, since the expression inside the square root is the same as the entire expression, I can substitute x into itself. That means x = √(12 - x). Is that right? Let me check.

Yes, because the expression under the first square root is 12 minus the same expression, which is x. So, substituting, I get x = √(12 - x). Now, to solve for x, I can square both sides to eliminate the square root. Let's do that.

Squaring both sides: x² = 12 - x. Now, I can rearrange this equation to form a quadratic equation. Let's bring all terms to one side: x² + x - 12 = 0. Okay, so now I have a quadratic equation: x² + x - 12 = 0.

To solve this quadratic equation, I can use the quadratic formula. The quadratic formula is x = [-b ± √(b² - 4ac)] / (2a). In this equation, a = 1, b = 1, and c = -12. Plugging these values into the formula:

x = [-1 ± √(1² - 4*1*(-12))] / (2*1)
x = [-1 ± √(1 + 48)] / 2
x = [-1 ± √49] / 2
x = [-1 ± 7] / 2

So, that gives us two possible solutions: x = (-1 + 7)/2 = 6/2 = 3, and x = (-1 - 7)/2 = -8/2 = -4. But since we're dealing with square roots, the value of x must be positive. So, x = 3 is the valid solution.

Wait, but let me double-check. If x = 3, then plugging back into the original equation: √(12 - 3) = √9 = 3, which is correct. So, x = 3 is indeed the solution.

Looking back at the options, B) 3 is one of them. So, is that the answer? Hmm, but let me make sure I didn't make any mistakes in my reasoning.

I assumed that the entire expression equals x, which is a common technique for infinite nested radicals. Let me verify if that's valid here. The expression is √(12 - √(12 - √(12 - ...))), so each time we take the square root, we subtract the same expression again. So, yes, it's a valid substitution.

Also, when I squared both sides, I got x² = 12 - x, which led me to the quadratic equation. Solving that gave me two roots, but only the positive one was valid in this context. So, that seems correct.

Wait, but let me think again. The expression is √(12 - √(12 - √(12 - ...))). If I start plugging in numbers, does it converge to 3? Let me test it numerically.

Let's compute a few iterations:

First iteration: √12 ≈ 3.464
Second iteration: √(12 - 3.464) ≈ √8.536 ≈ 2.922
Third iteration: √(12 - 2.922) ≈ √9.078 ≈ 3.013
Fourth iteration: √(12 - 3.013) ≈ √8.987 ≈ 2.998
Fifth iteration: √(12 - 2.998) ≈ √9.002 ≈ 3.000

So, it seems to be oscillating around 3, getting closer each time. So, that numerical approach also suggests that the value is 3, which is option B.

But wait, let me check the other options just to be thorough. Option A is 4. If I plug x = 4 into the original equation, √(12 - 4) = √8 ≈ 2.828, which is not equal to 4. So, that's not correct.

Option C is 2√2, which is approximately 2.828. Let's test that: √(12 - 2.828) ≈ √9.172 ≈ 3.028, which is not equal to 2.828. So, that's not correct either.

Option D is [1 + 3/√11]^2. Let me compute that. First, compute 3/√11: √11 is approximately 3.3166, so 3/3.3166 ≈ 0.9045. Then, 1 + 0.9045 ≈ 1.9045. Squaring that gives approximately 3.627. Hmm, that's not 3, so that's not correct either.

So, the only correct answer is B) 3.

But wait, just to make sure, let me think if there's another way this could be approached. Sometimes, with nested radicals, especially infinite ones, there might be more than one solution, but in this case, since we're dealing with square roots, the expression is inherently positive, so the solution must be positive. So, x = 3 is the only valid solution.

Alternatively, I can think about the convergence of the sequence. Let me define a sequence where a₁ = √12, and a_{n+1} = √(12 - a_n). Then, if this sequence converges, its limit would satisfy the equation x = √(12 - x), which is exactly what I did earlier. And as I saw numerically, it converges to 3. So, that's another confirmation.

Therefore, I'm confident that the value of the infinite nested radical is 3, which is option B.

**Final Answer**
\boxed{B}
</think>

Let \( x \) be the value of the infinite nested square root expression \( \sqrt{12 - \sqrt{12 - \sqrt{12 - \cdots}}} \). We can express this as:

\[ x = \sqrt{12 - x} \]

Squaring both sides to eliminate the square root, we get:

\[ x^2 = 12 - x \]

Rearranging this into a standard quadratic equation form, we have:

\[ x^2 + x - 12 = 0 \]

Using the quadratic formula \( x = \frac{-b \pm \sqrt{b^2 - 4ac}}{2a} \) where \( a = 1 \), \( b = 1 \), and \( c = -12 \), we get:

\[ x = \frac{-1 \pm \sqrt{1^2 - 4 \cdot 1 \cdot (-12)}}{2 \cdot 1} \]
\[ x = \frac{-1 \pm \sqrt{1 + 48}}{2} \]
\[ x = \frac{-1 \pm \sqrt{49}}{2} \]
\[ x = \frac{-1 \pm 7}{2} \]

This gives us two solutions:

\[ x = \frac{-1 + 7}{2} = 3 \]
\[ x = \frac{-1 - 7}{2} = -4 \]

Since \( x \) must be positive, we discard the negative solution. Thus, \( x = 3 \).

","To confirm, we tested the numerical value of the expression by iterating and found it converges to 3. Therefore, the value is indeed 3.

\[
\boxed{B}
\]"
127,1830,B,20,1.0,"Okay, so I have this problem here: Find the value of the infinite nested square root expression √(12 - √(12 - √(12 - ...))). The options are A) 4, B) 3, C) 2√2, and D) [1 + 3/√11]^2. Hmm, interesting. I remember that these kinds of infinite nested radicals can sometimes be solved by setting them equal to a variable and then solving an equation. Let me try that approach.

Let me denote the entire expression as x. So, x = √(12 - √(12 - √(12 - ...))). But wait, since the expression inside the square root is the same as the entire expression, I can substitute x into itself. That means x = √(12 - x). Is that right? Let me check.

Yes, because the expression under the first square root is 12 minus the same expression, which is x. So, substituting, I get x = √(12 - x). Now, to solve for x, I can square both sides to eliminate the square root. Let's do that.

Squaring both sides: x² = 12 - x. Now, I can rearrange this equation to form a quadratic equation. Let's bring all terms to one side: x² + x - 12 = 0. Okay, so now I have a quadratic equation: x² + x - 12 = 0.

To solve this quadratic equation, I can use the quadratic formula. The quadratic formula is x = [-b ± √(b² - 4ac)] / (2a). In this equation, a = 1, b = 1, and c = -12. Plugging these values into the formula:

x = [-1 ± √(1² - 4*1*(-12))] / (2*1)
x = [-1 ± √(1 + 48)] / 2
x = [-1 ± √49] / 2
x = [-1 ± 7] / 2

So, that gives us two possible solutions: x = (-1 + 7)/2 = 6/2 = 3, and x = (-1 - 7)/2 = -8/2 = -4. But since we're dealing with square roots, the value of x must be positive. So, x = 3 is the valid solution.

Wait, but let me double-check. If x = 3, then plugging back into the original equation: √(12 - 3) = √9 = 3, which is correct. So, x = 3 is indeed the solution.

Looking back at the options, B) 3 is one of them. So, is that the answer? Hmm, but let me make sure I didn't make any mistakes in my reasoning.

I assumed that the entire expression equals x, which is a common technique for infinite nested radicals. Let me verify if that's valid here. The expression is √(12 - √(12 - √(12 - ...))), so each time we take the square root, we subtract the same expression again. So, yes, it's a valid substitution.

Also, when I squared both sides, I got x² = 12 - x, which led me to the quadratic equation. Solving that gave me two roots, but only the positive one was valid in this context. So, that seems correct.

Wait, but let me think again. The expression is √(12 - √(12 - √(12 - ...))). If I start plugging in numbers, does it converge to 3? Let me test it numerically.

Let's compute a few iterations:

First iteration: √12 ≈ 3.464
Second iteration: √(12 - 3.464) ≈ √8.536 ≈ 2.922
Third iteration: √(12 - 2.922) ≈ √9.078 ≈ 3.013
Fourth iteration: √(12 - 3.013) ≈ √8.987 ≈ 2.998
Fifth iteration: √(12 - 2.998) ≈ √9.002 ≈ 3.000

So, it seems to be oscillating around 3, getting closer each time. So, that numerical approach also suggests that the value is 3, which is option B.

But wait, let me check the other options just to be thorough. Option A is 4. If I plug x = 4 into the original equation, √(12 - 4) = √8 ≈ 2.828, which is not equal to 4. So, that's not correct.

Option C is 2√2, which is approximately 2.828. Let's test that: √(12 - 2.828) ≈ √9.172 ≈ 3.028, which is not equal to 2.828. So, that's not correct either.

Option D is [1 + 3/√11]^2. Let me compute that. First, compute 3/√11: √11 is approximately 3.3166, so 3/3.3166 ≈ 0.9045. Then, 1 + 0.9045 ≈ 1.9045. Squaring that gives approximately 3.627. Hmm, that's not 3, so that's not correct either.

So, the only correct answer is B) 3.

But wait, just to make sure, let me think if there's another way this could be approached. Sometimes, with nested radicals, especially infinite ones, there might be more than one solution, but in this case, since we're dealing with square roots, the expression is inherently positive, so the solution must be positive. So, x = 3 is the only valid solution.

Alternatively, I can think about the convergence of the sequence. Let me define a sequence where a₁ = √12, and a_{n+1} = √(12 - a_n). Then, if this sequence converges, its limit would satisfy the equation x = √(12 - x), which is exactly what I did earlier. And as I saw numerically, it converges to 3. So, that's another confirmation.

Therefore, I'm confident that the value of the infinite nested radical is 3, which is option B.

**Final Answer**
\boxed{B}
</think>

Let \( x \) be the value of the infinite nested square root expression \( \sqrt{12 - \sqrt{12 - \sqrt{12 - \cdots}}} \). We can express this as:

\[ x = \sqrt{12 - x} \]

Squaring both sides to eliminate the square root, we get:

\[ x^2 = 12 - x \]

Rearranging this into a standard quadratic equation form, we have:

\[ x^2 + x - 12 = 0 \]

Using the quadratic formula \( x = \frac{-b \pm \sqrt{b^2 - 4ac}}{2a} \) where \( a = 1 \), \( b = 1 \), and \( c = -12 \), we get:

\[ x = \frac{-1 \pm \sqrt{1^2 - 4 \cdot 1 \cdot (-12)}}{2 \cdot 1} \]
\[ x = \frac{-1 \pm \sqrt{1 + 48}}{2} \]
\[ x = \frac{-1 \pm \sqrt{49}}{2} \]
\[ x = \frac{-1 \pm 7}{2} \]

This gives us two solutions:

\[ x = \frac{-1 + 7}{2} = 3 \]
\[ x = \frac{-1 - 7}{2} = -4 \]

Since \( x \) must be positive, we discard the negative solution. Thus, \( x = 3 \).

To verify, we substitute \( x = 3 \) back into the original equation:

","\[ \sqrt{12 - 3} = \sqrt{9} = 3 \]

This confirms that \( x = 3 \) is correct. Numerical iterations also show that the sequence converges to 3.

Thus, the value of the infinite nested radical is \(\boxed{B}\)."
128,1851,B,20,1.0,"Okay, so I have this problem here: Find the value of the infinite nested square root expression √(12 - √(12 - √(12 - ...))). The options are A) 4, B) 3, C) 2√2, and D) [1 + 3/√11]^2. Hmm, interesting. I remember that these kinds of infinite nested radicals can sometimes be solved by setting them equal to a variable and then solving an equation. Let me try that approach.

Let me denote the entire expression as x. So, x = √(12 - √(12 - √(12 - ...))). But wait, since the expression inside the square root is the same as the entire expression, I can substitute x into itself. That means x = √(12 - x). Is that right? Let me check.

Yes, because the expression under the first square root is 12 minus the same expression, which is x. So, substituting, I get x = √(12 - x). Now, to solve for x, I can square both sides to eliminate the square root. Let's do that.

Squaring both sides: x² = 12 - x. Now, I can rearrange this equation to form a quadratic equation. Let's bring all terms to one side: x² + x - 12 = 0. Okay, so now I have a quadratic equation: x² + x - 12 = 0.

To solve this quadratic equation, I can use the quadratic formula. The quadratic formula is x = [-b ± √(b² - 4ac)] / (2a). In this equation, a = 1, b = 1, and c = -12. Plugging these values into the formula:

x = [-1 ± √(1² - 4*1*(-12))] / (2*1)
x = [-1 ± √(1 + 48)] / 2
x = [-1 ± √49] / 2
x = [-1 ± 7] / 2

So, that gives us two possible solutions: x = (-1 + 7)/2 = 6/2 = 3, and x = (-1 - 7)/2 = -8/2 = -4. But since we're dealing with square roots, the value of x must be positive. So, x = 3 is the valid solution.

Wait, but let me double-check. If x = 3, then plugging back into the original equation: √(12 - 3) = √9 = 3, which is correct. So, x = 3 is indeed the solution.

Looking back at the options, B) 3 is one of them. So, is that the answer? Hmm, but let me make sure I didn't make any mistakes in my reasoning.

I assumed that the entire expression equals x, which is a common technique for infinite nested radicals. Let me verify if that's valid here. The expression is √(12 - √(12 - √(12 - ...))), so each time we take the square root, we subtract the same expression again. So, yes, it's a valid substitution.

Also, when I squared both sides, I got x² = 12 - x, which led me to the quadratic equation. Solving that gave me two roots, but only the positive one was valid in this context. So, that seems correct.

Wait, but let me think again. The expression is √(12 - √(12 - √(12 - ...))). If I start plugging in numbers, does it converge to 3? Let me test it numerically.

Let's compute a few iterations:

First iteration: √12 ≈ 3.464
Second iteration: √(12 - 3.464) ≈ √8.536 ≈ 2.922
Third iteration: √(12 - 2.922) ≈ √9.078 ≈ 3.013
Fourth iteration: √(12 - 3.013) ≈ √8.987 ≈ 2.998
Fifth iteration: √(12 - 2.998) ≈ √9.002 ≈ 3.000

So, it seems to be oscillating around 3, getting closer each time. So, that numerical approach also suggests that the value is 3, which is option B.

But wait, let me check the other options just to be thorough. Option A is 4. If I plug x = 4 into the original equation, √(12 - 4) = √8 ≈ 2.828, which is not equal to 4. So, that's not correct.

Option C is 2√2, which is approximately 2.828. Let's test that: √(12 - 2.828) ≈ √9.172 ≈ 3.028, which is not equal to 2.828. So, that's not correct either.

Option D is [1 + 3/√11]^2. Let me compute that. First, compute 3/√11: √11 is approximately 3.3166, so 3/3.3166 ≈ 0.9045. Then, 1 + 0.9045 ≈ 1.9045. Squaring that gives approximately 3.627. Hmm, that's not 3, so that's not correct either.

So, the only correct answer is B) 3.

But wait, just to make sure, let me think if there's another way this could be approached. Sometimes, with nested radicals, especially infinite ones, there might be more than one solution, but in this case, since we're dealing with square roots, the expression is inherently positive, so the solution must be positive. So, x = 3 is the only valid solution.

Alternatively, I can think about the convergence of the sequence. Let me define a sequence where a₁ = √12, and a_{n+1} = √(12 - a_n). Then, if this sequence converges, its limit would satisfy the equation x = √(12 - x), which is exactly what I did earlier. And as I saw numerically, it converges to 3. So, that's another confirmation.

Therefore, I'm confident that the value of the infinite nested radical is 3, which is option B.

**Final Answer**
\boxed{B}
</think>

Let \( x \) be the value of the infinite nested square root expression \( \sqrt{12 - \sqrt{12 - \sqrt{12 - \cdots}}} \). We can express this as:

\[ x = \sqrt{12 - x} \]

Squaring both sides to eliminate the square root, we get:

\[ x^2 = 12 - x \]

Rearranging this into a standard quadratic equation form, we have:

\[ x^2 + x - 12 = 0 \]

Using the quadratic formula \( x = \frac{-b \pm \sqrt{b^2 - 4ac}}{2a} \) where \( a = 1 \), \( b = 1 \), and \( c = -12 \), we get:

\[ x = \frac{-1 \pm \sqrt{1^2 - 4 \cdot 1 \cdot (-12)}}{2 \cdot 1} \]
\[ x = \frac{-1 \pm \sqrt{1 + 48}}{2} \]
\[ x = \frac{-1 \pm \sqrt{49}}{2} \]
\[ x = \frac{-1 \pm 7}{2} \]

This gives us two solutions:

\[ x = \frac{-1 + 7}{2} = 3 \]
\[ x = \frac{-1 - 7}{2} = -4 \]

Since \( x \) must be positive, we discard the negative solution. Thus, \( x = 3 \).

To verify, we substitute \( x = 3 \) back into the original equation:

\[ \sqrt{12 - 3} = \sqrt{9} = 3 \]

","This confirms that the value is correct. Numerical iterations also show that the sequence converges to 3.

Thus, the value of the infinite nested square root expression is \( 3 \).

\[
\boxed{B}
\]"
129,1867,B,20,1.0,"Okay, so I have this problem here: Find the value of the infinite nested square root expression √(12 - √(12 - √(12 - ...))). The options are A) 4, B) 3, C) 2√2, and D) [1 + 3/√11]^2. Hmm, interesting. I remember that these kinds of infinite nested radicals can sometimes be solved by setting them equal to a variable and then solving an equation. Let me try that approach.

Let me denote the entire expression as x. So, x = √(12 - √(12 - √(12 - ...))). But wait, since the expression inside the square root is the same as the entire expression, I can substitute x into itself. That means x = √(12 - x). Is that right? Let me check.

Yes, because the expression under the first square root is 12 minus the same expression, which is x. So, substituting, I get x = √(12 - x). Now, to solve for x, I can square both sides to eliminate the square root. Let's do that.

Squaring both sides: x² = 12 - x. Now, I can rearrange this equation to form a quadratic equation. Let's bring all terms to one side: x² + x - 12 = 0. Okay, so now I have a quadratic equation: x² + x - 12 = 0.

To solve this quadratic equation, I can use the quadratic formula. The quadratic formula is x = [-b ± √(b² - 4ac)] / (2a). In this equation, a = 1, b = 1, and c = -12. Plugging these values into the formula:

x = [-1 ± √(1² - 4*1*(-12))] / (2*1)
x = [-1 ± √(1 + 48)] / 2
x = [-1 ± √49] / 2
x = [-1 ± 7] / 2

So, that gives us two possible solutions: x = (-1 + 7)/2 = 6/2 = 3, and x = (-1 - 7)/2 = -8/2 = -4. But since we're dealing with square roots, the value of x must be positive. So, x = 3 is the valid solution.

Wait, but let me double-check. If x = 3, then plugging back into the original equation: √(12 - 3) = √9 = 3, which is correct. So, x = 3 is indeed the solution.

Looking back at the options, B) 3 is one of them. So, is that the answer? Hmm, but let me make sure I didn't make any mistakes in my reasoning.

I assumed that the entire expression equals x, which is a common technique for infinite nested radicals. Let me verify if that's valid here. The expression is √(12 - √(12 - √(12 - ...))), so each time we take the square root, we subtract the same expression again. So, yes, it's a valid substitution.

Also, when I squared both sides, I got x² = 12 - x, which led me to the quadratic equation. Solving that gave me two roots, but only the positive one was valid in this context. So, that seems correct.

Wait, but let me think again. The expression is √(12 - √(12 - √(12 - ...))). If I start plugging in numbers, does it converge to 3? Let me test it numerically.

Let's compute a few iterations:

First iteration: √12 ≈ 3.464
Second iteration: √(12 - 3.464) ≈ √8.536 ≈ 2.922
Third iteration: √(12 - 2.922) ≈ √9.078 ≈ 3.013
Fourth iteration: √(12 - 3.013) ≈ √8.987 ≈ 2.998
Fifth iteration: √(12 - 2.998) ≈ √9.002 ≈ 3.000

So, it seems to be oscillating around 3, getting closer each time. So, that numerical approach also suggests that the value is 3, which is option B.

But wait, let me check the other options just to be thorough. Option A is 4. If I plug x = 4 into the original equation, √(12 - 4) = √8 ≈ 2.828, which is not equal to 4. So, that's not correct.

Option C is 2√2, which is approximately 2.828. Let's test that: √(12 - 2.828) ≈ √9.172 ≈ 3.028, which is not equal to 2.828. So, that's not correct either.

Option D is [1 + 3/√11]^2. Let me compute that. First, compute 3/√11: √11 is approximately 3.3166, so 3/3.3166 ≈ 0.9045. Then, 1 + 0.9045 ≈ 1.9045. Squaring that gives approximately 3.627. Hmm, that's not 3, so that's not correct either.

So, the only correct answer is B) 3.

But wait, just to make sure, let me think if there's another way this could be approached. Sometimes, with nested radicals, especially infinite ones, there might be more than one solution, but in this case, since we're dealing with square roots, the expression is inherently positive, so the solution must be positive. So, x = 3 is the only valid solution.

Alternatively, I can think about the convergence of the sequence. Let me define a sequence where a₁ = √12, and a_{n+1} = √(12 - a_n). Then, if this sequence converges, its limit would satisfy the equation x = √(12 - x), which is exactly what I did earlier. And as I saw numerically, it converges to 3. So, that's another confirmation.

Therefore, I'm confident that the value of the infinite nested radical is 3, which is option B.

**Final Answer**
\boxed{B}
</think>

Let \( x \) be the value of the infinite nested square root expression \( \sqrt{12 - \sqrt{12 - \sqrt{12 - \cdots}}} \). We can express this as:

\[ x = \sqrt{12 - x} \]

Squaring both sides to eliminate the square root, we get:

\[ x^2 = 12 - x \]

Rearranging this into a standard quadratic equation form, we have:

\[ x^2 + x - 12 = 0 \]

Using the quadratic formula \( x = \frac{-b \pm \sqrt{b^2 - 4ac}}{2a} \) where \( a = 1 \), \( b = 1 \), and \( c = -12 \), we get:

\[ x = \frac{-1 \pm \sqrt{1^2 - 4 \cdot 1 \cdot (-12)}}{2 \cdot 1} \]
\[ x = \frac{-1 \pm \sqrt{1 + 48}}{2} \]
\[ x = \frac{-1 \pm \sqrt{49}}{2} \]
\[ x = \frac{-1 \pm 7}{2} \]

This gives us two solutions:

\[ x = \frac{-1 + 7}{2} = 3 \]
\[ x = \frac{-1 - 7}{2} = -4 \]

Since \( x \) must be positive, we discard the negative solution. Thus, \( x = 3 \).

To verify, we substitute \( x = 3 \) back into the original equation:

\[ \sqrt{12 - 3} = \sqrt{9} = 3 \]

This confirms that \( x = 3 \) is indeed the correct solution."," Numerical iterations also support this result. Therefore, the value of the infinite nested radical is:

\[
\boxed{B}
\]"
130,1884,B,20,1.0,"Okay, so I have this problem here: Find the value of the infinite nested square root expression √(12 - √(12 - √(12 - ...))). The options are A) 4, B) 3, C) 2√2, and D) [1 + 3/√11]^2. Hmm, interesting. I remember that these kinds of infinite nested radicals can sometimes be solved by setting them equal to a variable and then solving an equation. Let me try that approach.

Let me denote the entire expression as x. So, x = √(12 - √(12 - √(12 - ...))). But wait, since the expression inside the square root is the same as the entire expression, I can substitute x into itself. That means x = √(12 - x). Is that right? Let me check.

Yes, because the expression under the first square root is 12 minus the same expression, which is x. So, substituting, I get x = √(12 - x). Now, to solve for x, I can square both sides to eliminate the square root. Let's do that.

Squaring both sides: x² = 12 - x. Now, I can rearrange this equation to form a quadratic equation. Let's bring all terms to one side: x² + x - 12 = 0. Okay, so now I have a quadratic equation: x² + x - 12 = 0.

To solve this quadratic equation, I can use the quadratic formula. The quadratic formula is x = [-b ± √(b² - 4ac)] / (2a). In this equation, a = 1, b = 1, and c = -12. Plugging these values into the formula:

x = [-1 ± √(1² - 4*1*(-12))] / (2*1)
x = [-1 ± √(1 + 48)] / 2
x = [-1 ± √49] / 2
x = [-1 ± 7] / 2

So, that gives us two possible solutions: x = (-1 + 7)/2 = 6/2 = 3, and x = (-1 - 7)/2 = -8/2 = -4. But since we're dealing with square roots, the value of x must be positive. So, x = 3 is the valid solution.

Wait, but let me double-check. If x = 3, then plugging back into the original equation: √(12 - 3) = √9 = 3, which is correct. So, x = 3 is indeed the solution.

Looking back at the options, B) 3 is one of them. So, is that the answer? Hmm, but let me make sure I didn't make any mistakes in my reasoning.

I assumed that the entire expression equals x, which is a common technique for infinite nested radicals. Let me verify if that's valid here. The expression is √(12 - √(12 - √(12 - ...))), so each time we take the square root, we subtract the same expression again. So, yes, it's a valid substitution.

Also, when I squared both sides, I got x² = 12 - x, which led me to the quadratic equation. Solving that gave me two roots, but only the positive one was valid in this context. So, that seems correct.

Wait, but let me think again. The expression is √(12 - √(12 - √(12 - ...))). If I start plugging in numbers, does it converge to 3? Let me test it numerically.

Let's compute a few iterations:

First iteration: √12 ≈ 3.464
Second iteration: √(12 - 3.464) ≈ √8.536 ≈ 2.922
Third iteration: √(12 - 2.922) ≈ √9.078 ≈ 3.013
Fourth iteration: √(12 - 3.013) ≈ √8.987 ≈ 2.998
Fifth iteration: √(12 - 2.998) ≈ √9.002 ≈ 3.000

So, it seems to be oscillating around 3, getting closer each time. So, that numerical approach also suggests that the value is 3, which is option B.

But wait, let me check the other options just to be thorough. Option A is 4. If I plug x = 4 into the original equation, √(12 - 4) = √8 ≈ 2.828, which is not equal to 4. So, that's not correct.

Option C is 2√2, which is approximately 2.828. Let's test that: √(12 - 2.828) ≈ √9.172 ≈ 3.028, which is not equal to 2.828. So, that's not correct either.

Option D is [1 + 3/√11]^2. Let me compute that. First, compute 3/√11: √11 is approximately 3.3166, so 3/3.3166 ≈ 0.9045. Then, 1 + 0.9045 ≈ 1.9045. Squaring that gives approximately 3.627. Hmm, that's not 3, so that's not correct either.

So, the only correct answer is B) 3.

But wait, just to make sure, let me think if there's another way this could be approached. Sometimes, with nested radicals, especially infinite ones, there might be more than one solution, but in this case, since we're dealing with square roots, the expression is inherently positive, so the solution must be positive. So, x = 3 is the only valid solution.

Alternatively, I can think about the convergence of the sequence. Let me define a sequence where a₁ = √12, and a_{n+1} = √(12 - a_n). Then, if this sequence converges, its limit would satisfy the equation x = √(12 - x), which is exactly what I did earlier. And as I saw numerically, it converges to 3. So, that's another confirmation.

Therefore, I'm confident that the value of the infinite nested radical is 3, which is option B.

**Final Answer**
\boxed{B}
</think>

Let \( x \) be the value of the infinite nested square root expression \( \sqrt{12 - \sqrt{12 - \sqrt{12 - \cdots}}} \). We can express this as:

\[ x = \sqrt{12 - x} \]

Squaring both sides to eliminate the square root, we get:

\[ x^2 = 12 - x \]

Rearranging this into a standard quadratic equation form, we have:

\[ x^2 + x - 12 = 0 \]

Using the quadratic formula \( x = \frac{-b \pm \sqrt{b^2 - 4ac}}{2a} \) where \( a = 1 \), \( b = 1 \), and \( c = -12 \), we get:

\[ x = \frac{-1 \pm \sqrt{1^2 - 4 \cdot 1 \cdot (-12)}}{2 \cdot 1} \]
\[ x = \frac{-1 \pm \sqrt{1 + 48}}{2} \]
\[ x = \frac{-1 \pm \sqrt{49}}{2} \]
\[ x = \frac{-1 \pm 7}{2} \]

This gives us two solutions:

\[ x = \frac{-1 + 7}{2} = 3 \]
\[ x = \frac{-1 - 7}{2} = -4 \]

Since \( x \) must be positive, we discard the negative solution. Thus, \( x = 3 \).

To verify, we substitute \( x = 3 \) back into the original equation:

\[ \sqrt{12 - 3} = \sqrt{9} = 3 \]

This confirms that \( x = 3 \) is indeed the correct solution. Numerical iterations also support this result, showing the expression converges to 3.

","Thus, the value of the infinite nested square root expression is:

\[
\boxed{B}
\]"
131,1897,B,20,1.0,"Okay, so I have this problem here: Find the value of the infinite nested square root expression √(12 - √(12 - √(12 - ...))). The options are A) 4, B) 3, C) 2√2, and D) [1 + 3/√11]^2. Hmm, interesting. I remember that these kinds of infinite nested radicals can sometimes be solved by setting them equal to a variable and then solving an equation. Let me try that approach.

Let me denote the entire expression as x. So, x = √(12 - √(12 - √(12 - ...))). But wait, since the expression inside the square root is the same as the entire expression, I can substitute x into itself. That means x = √(12 - x). Is that right? Let me check.

Yes, because the expression under the first square root is 12 minus the same expression, which is x. So, substituting, I get x = √(12 - x). Now, to solve for x, I can square both sides to eliminate the square root. Let's do that.

Squaring both sides: x² = 12 - x. Now, I can rearrange this equation to form a quadratic equation. Let's bring all terms to one side: x² + x - 12 = 0. Okay, so now I have a quadratic equation: x² + x - 12 = 0.

To solve this quadratic equation, I can use the quadratic formula. The quadratic formula is x = [-b ± √(b² - 4ac)] / (2a). In this equation, a = 1, b = 1, and c = -12. Plugging these values into the formula:

x = [-1 ± √(1² - 4*1*(-12))] / (2*1)
x = [-1 ± √(1 + 48)] / 2
x = [-1 ± √49] / 2
x = [-1 ± 7] / 2

So, that gives us two possible solutions: x = (-1 + 7)/2 = 6/2 = 3, and x = (-1 - 7)/2 = -8/2 = -4. But since we're dealing with square roots, the value of x must be positive. So, x = 3 is the valid solution.

Wait, but let me double-check. If x = 3, then plugging back into the original equation: √(12 - 3) = √9 = 3, which is correct. So, x = 3 is indeed the solution.

Looking back at the options, B) 3 is one of them. So, is that the answer? Hmm, but let me make sure I didn't make any mistakes in my reasoning.

I assumed that the entire expression equals x, which is a common technique for infinite nested radicals. Let me verify if that's valid here. The expression is √(12 - √(12 - √(12 - ...))), so each time we take the square root, we subtract the same expression again. So, yes, it's a valid substitution.

Also, when I squared both sides, I got x² = 12 - x, which led me to the quadratic equation. Solving that gave me two roots, but only the positive one was valid in this context. So, that seems correct.

Wait, but let me think again. The expression is √(12 - √(12 - √(12 - ...))). If I start plugging in numbers, does it converge to 3? Let me test it numerically.

Let's compute a few iterations:

First iteration: √12 ≈ 3.464
Second iteration: √(12 - 3.464) ≈ √8.536 ≈ 2.922
Third iteration: √(12 - 2.922) ≈ √9.078 ≈ 3.013
Fourth iteration: √(12 - 3.013) ≈ √8.987 ≈ 2.998
Fifth iteration: √(12 - 2.998) ≈ √9.002 ≈ 3.000

So, it seems to be oscillating around 3, getting closer each time. So, that numerical approach also suggests that the value is 3, which is option B.

But wait, let me check the other options just to be thorough. Option A is 4. If I plug x = 4 into the original equation, √(12 - 4) = √8 ≈ 2.828, which is not equal to 4. So, that's not correct.

Option C is 2√2, which is approximately 2.828. Let's test that: √(12 - 2.828) ≈ √9.172 ≈ 3.028, which is not equal to 2.828. So, that's not correct either.

Option D is [1 + 3/√11]^2. Let me compute that. First, compute 3/√11: √11 is approximately 3.3166, so 3/3.3166 ≈ 0.9045. Then, 1 + 0.9045 ≈ 1.9045. Squaring that gives approximately 3.627. Hmm, that's not 3, so that's not correct either.

So, the only correct answer is B) 3.

But wait, just to make sure, let me think if there's another way this could be approached. Sometimes, with nested radicals, especially infinite ones, there might be more than one solution, but in this case, since we're dealing with square roots, the expression is inherently positive, so the solution must be positive. So, x = 3 is the only valid solution.

Alternatively, I can think about the convergence of the sequence. Let me define a sequence where a₁ = √12, and a_{n+1} = √(12 - a_n). Then, if this sequence converges, its limit would satisfy the equation x = √(12 - x), which is exactly what I did earlier. And as I saw numerically, it converges to 3. So, that's another confirmation.

Therefore, I'm confident that the value of the infinite nested radical is 3, which is option B.

**Final Answer**
\boxed{B}
</think>

Let \( x \) be the value of the infinite nested square root expression \( \sqrt{12 - \sqrt{12 - \sqrt{12 - \cdots}}} \). We can express this as:

\[ x = \sqrt{12 - x} \]

Squaring both sides to eliminate the square root, we get:

\[ x^2 = 12 - x \]

Rearranging this into a standard quadratic equation form, we have:

\[ x^2 + x - 12 = 0 \]

Using the quadratic formula \( x = \frac{-b \pm \sqrt{b^2 - 4ac}}{2a} \) where \( a = 1 \), \( b = 1 \), and \( c = -12 \), we get:

\[ x = \frac{-1 \pm \sqrt{1^2 - 4 \cdot 1 \cdot (-12)}}{2 \cdot 1} \]
\[ x = \frac{-1 \pm \sqrt{1 + 48}}{2} \]
\[ x = \frac{-1 \pm \sqrt{49}}{2} \]
\[ x = \frac{-1 \pm 7}{2} \]

This gives us two solutions:

\[ x = \frac{-1 + 7}{2} = 3 \]
\[ x = \frac{-1 - 7}{2} = -4 \]

Since \( x \) must be positive, we discard the negative solution. Thus, \( x = 3 \).

To verify, we substitute \( x = 3 \) back into the original equation:

\[ \sqrt{12 - 3} = \sqrt{9} = 3 \]

This confirms that \( x = 3 \) is indeed the correct solution. Numerical iterations also support this result, showing the expression converges to 3.

Thus, the value of the infinite nested square root expression is:

","\[
\boxed{B}
\]"
132,1899,B,20,1.0,"Okay, so I have this problem here: Find the value of the infinite nested square root expression √(12 - √(12 - √(12 - ...))). The options are A) 4, B) 3, C) 2√2, and D) [1 + 3/√11]^2. Hmm, interesting. I remember that these kinds of infinite nested radicals can sometimes be solved by setting them equal to a variable and then solving an equation. Let me try that approach.

Let me denote the entire expression as x. So, x = √(12 - √(12 - √(12 - ...))). But wait, since the expression inside the square root is the same as the entire expression, I can substitute x into itself. That means x = √(12 - x). Is that right? Let me check.

Yes, because the expression under the first square root is 12 minus the same expression, which is x. So, substituting, I get x = √(12 - x). Now, to solve for x, I can square both sides to eliminate the square root. Let's do that.

Squaring both sides: x² = 12 - x. Now, I can rearrange this equation to form a quadratic equation. Let's bring all terms to one side: x² + x - 12 = 0. Okay, so now I have a quadratic equation: x² + x - 12 = 0.

To solve this quadratic equation, I can use the quadratic formula. The quadratic formula is x = [-b ± √(b² - 4ac)] / (2a). In this equation, a = 1, b = 1, and c = -12. Plugging these values into the formula:

x = [-1 ± √(1² - 4*1*(-12))] / (2*1)
x = [-1 ± √(1 + 48)] / 2
x = [-1 ± √49] / 2
x = [-1 ± 7] / 2

So, that gives us two possible solutions: x = (-1 + 7)/2 = 6/2 = 3, and x = (-1 - 7)/2 = -8/2 = -4. But since we're dealing with square roots, the value of x must be positive. So, x = 3 is the valid solution.

Wait, but let me double-check. If x = 3, then plugging back into the original equation: √(12 - 3) = √9 = 3, which is correct. So, x = 3 is indeed the solution.

Looking back at the options, B) 3 is one of them. So, is that the answer? Hmm, but let me make sure I didn't make any mistakes in my reasoning.

I assumed that the entire expression equals x, which is a common technique for infinite nested radicals. Let me verify if that's valid here. The expression is √(12 - √(12 - √(12 - ...))), so each time we take the square root, we subtract the same expression again. So, yes, it's a valid substitution.

Also, when I squared both sides, I got x² = 12 - x, which led me to the quadratic equation. Solving that gave me two roots, but only the positive one was valid in this context. So, that seems correct.

Wait, but let me think again. The expression is √(12 - √(12 - √(12 - ...))). If I start plugging in numbers, does it converge to 3? Let me test it numerically.

Let's compute a few iterations:

First iteration: √12 ≈ 3.464
Second iteration: √(12 - 3.464) ≈ √8.536 ≈ 2.922
Third iteration: √(12 - 2.922) ≈ √9.078 ≈ 3.013
Fourth iteration: √(12 - 3.013) ≈ √8.987 ≈ 2.998
Fifth iteration: √(12 - 2.998) ≈ √9.002 ≈ 3.000

So, it seems to be oscillating around 3, getting closer each time. So, that numerical approach also suggests that the value is 3, which is option B.

But wait, let me check the other options just to be thorough. Option A is 4. If I plug x = 4 into the original equation, √(12 - 4) = √8 ≈ 2.828, which is not equal to 4. So, that's not correct.

Option C is 2√2, which is approximately 2.828. Let's test that: √(12 - 2.828) ≈ √9.172 ≈ 3.028, which is not equal to 2.828. So, that's not correct either.

Option D is [1 + 3/√11]^2. Let me compute that. First, compute 3/√11: √11 is approximately 3.3166, so 3/3.3166 ≈ 0.9045. Then, 1 + 0.9045 ≈ 1.9045. Squaring that gives approximately 3.627. Hmm, that's not 3, so that's not correct either.

So, the only correct answer is B) 3.

But wait, just to make sure, let me think if there's another way this could be approached. Sometimes, with nested radicals, especially infinite ones, there might be more than one solution, but in this case, since we're dealing with square roots, the expression is inherently positive, so the solution must be positive. So, x = 3 is the only valid solution.

Alternatively, I can think about the convergence of the sequence. Let me define a sequence where a₁ = √12, and a_{n+1} = √(12 - a_n). Then, if this sequence converges, its limit would satisfy the equation x = √(12 - x), which is exactly what I did earlier. And as I saw numerically, it converges to 3. So, that's another confirmation.

Therefore, I'm confident that the value of the infinite nested radical is 3, which is option B.

**Final Answer**
\boxed{B}
</think>

Let \( x \) be the value of the infinite nested square root expression \( \sqrt{12 - \sqrt{12 - \sqrt{12 - \cdots}}} \). We can express this as:

\[ x = \sqrt{12 - x} \]

Squaring both sides to eliminate the square root, we get:

\[ x^2 = 12 - x \]

Rearranging this into a standard quadratic equation form, we have:

\[ x^2 + x - 12 = 0 \]

Using the quadratic formula \( x = \frac{-b \pm \sqrt{b^2 - 4ac}}{2a} \) where \( a = 1 \), \( b = 1 \), and \( c = -12 \), we get:

\[ x = \frac{-1 \pm \sqrt{1^2 - 4 \cdot 1 \cdot (-12)}}{2 \cdot 1} \]
\[ x = \frac{-1 \pm \sqrt{1 + 48}}{2} \]
\[ x = \frac{-1 \pm \sqrt{49}}{2} \]
\[ x = \frac{-1 \pm 7}{2} \]

This gives us two solutions:

\[ x = \frac{-1 + 7}{2} = 3 \]
\[ x = \frac{-1 - 7}{2} = -4 \]

Since \( x \) must be positive, we discard the negative solution. Thus, \( x = 3 \).

To verify, we substitute \( x = 3 \) back into the original equation:

\[ \sqrt{12 - 3} = \sqrt{9} = 3 \]

This confirms that \( x = 3 \) is indeed the correct solution. Numerical iterations also support this result, showing the expression converges to 3.

Thus, the value of the infinite nested square root expression is:

\[
","\boxed{B}
\]"
133,1904,B,20,1.0,"Okay, so I have this problem here: Find the value of the infinite nested square root expression √(12 - √(12 - √(12 - ...))). The options are A) 4, B) 3, C) 2√2, and D) [1 + 3/√11]^2. Hmm, interesting. I remember that these kinds of infinite nested radicals can sometimes be solved by setting them equal to a variable and then solving an equation. Let me try that approach.

Let me denote the entire expression as x. So, x = √(12 - √(12 - √(12 - ...))). But wait, since the expression inside the square root is the same as the entire expression, I can substitute x into itself. That means x = √(12 - x). Is that right? Let me check.

Yes, because the expression under the first square root is 12 minus the same expression, which is x. So, substituting, I get x = √(12 - x). Now, to solve for x, I can square both sides to eliminate the square root. Let's do that.

Squaring both sides: x² = 12 - x. Now, I can rearrange this equation to form a quadratic equation. Let's bring all terms to one side: x² + x - 12 = 0. Okay, so now I have a quadratic equation: x² + x - 12 = 0.

To solve this quadratic equation, I can use the quadratic formula. The quadratic formula is x = [-b ± √(b² - 4ac)] / (2a). In this equation, a = 1, b = 1, and c = -12. Plugging these values into the formula:

x = [-1 ± √(1² - 4*1*(-12))] / (2*1)
x = [-1 ± √(1 + 48)] / 2
x = [-1 ± √49] / 2
x = [-1 ± 7] / 2

So, that gives us two possible solutions: x = (-1 + 7)/2 = 6/2 = 3, and x = (-1 - 7)/2 = -8/2 = -4. But since we're dealing with square roots, the value of x must be positive. So, x = 3 is the valid solution.

Wait, but let me double-check. If x = 3, then plugging back into the original equation: √(12 - 3) = √9 = 3, which is correct. So, x = 3 is indeed the solution.

Looking back at the options, B) 3 is one of them. So, is that the answer? Hmm, but let me make sure I didn't make any mistakes in my reasoning.

I assumed that the entire expression equals x, which is a common technique for infinite nested radicals. Let me verify if that's valid here. The expression is √(12 - √(12 - √(12 - ...))), so each time we take the square root, we subtract the same expression again. So, yes, it's a valid substitution.

Also, when I squared both sides, I got x² = 12 - x, which led me to the quadratic equation. Solving that gave me two roots, but only the positive one was valid in this context. So, that seems correct.

Wait, but let me think again. The expression is √(12 - √(12 - √(12 - ...))). If I start plugging in numbers, does it converge to 3? Let me test it numerically.

Let's compute a few iterations:

First iteration: √12 ≈ 3.464
Second iteration: √(12 - 3.464) ≈ √8.536 ≈ 2.922
Third iteration: √(12 - 2.922) ≈ √9.078 ≈ 3.013
Fourth iteration: √(12 - 3.013) ≈ √8.987 ≈ 2.998
Fifth iteration: √(12 - 2.998) ≈ √9.002 ≈ 3.000

So, it seems to be oscillating around 3, getting closer each time. So, that numerical approach also suggests that the value is 3, which is option B.

But wait, let me check the other options just to be thorough. Option A is 4. If I plug x = 4 into the original equation, √(12 - 4) = √8 ≈ 2.828, which is not equal to 4. So, that's not correct.

Option C is 2√2, which is approximately 2.828. Let's test that: √(12 - 2.828) ≈ √9.172 ≈ 3.028, which is not equal to 2.828. So, that's not correct either.

Option D is [1 + 3/√11]^2. Let me compute that. First, compute 3/√11: √11 is approximately 3.3166, so 3/3.3166 ≈ 0.9045. Then, 1 + 0.9045 ≈ 1.9045. Squaring that gives approximately 3.627. Hmm, that's not 3, so that's not correct either.

So, the only correct answer is B) 3.

But wait, just to make sure, let me think if there's another way this could be approached. Sometimes, with nested radicals, especially infinite ones, there might be more than one solution, but in this case, since we're dealing with square roots, the expression is inherently positive, so the solution must be positive. So, x = 3 is the only valid solution.

Alternatively, I can think about the convergence of the sequence. Let me define a sequence where a₁ = √12, and a_{n+1} = √(12 - a_n). Then, if this sequence converges, its limit would satisfy the equation x = √(12 - x), which is exactly what I did earlier. And as I saw numerically, it converges to 3. So, that's another confirmation.

Therefore, I'm confident that the value of the infinite nested radical is 3, which is option B.

**Final Answer**
\boxed{B}
</think>

Let \( x \) be the value of the infinite nested square root expression \( \sqrt{12 - \sqrt{12 - \sqrt{12 - \cdots}}} \). We can express this as:

\[ x = \sqrt{12 - x} ",\]
